1,1,1338.13,416.19,168.13,371.79,0.920,-1,-1,-1
1,2,581.50,444.37,92.54,263.61,0.903,-1,-1,-1
1,3,439.56,444.94,111.60,278.36,0.891,-1,-1,-1
1,4,1444.71,430.38,155.43,335.31,0.884,-1,-1,-1
1,5,730.02,467.19,35.68,101.95,0.795,-1,-1,-1
1,6,1255.30,443.84,37.78,102.79,0.724,-1,-1,-1
1,7,936.80,434.89,35.89,82.86,0.657,-1,-1,-1
1,8,1015.50,424.45,44.94,106.11,0.645,-1,-1,-1
2,1,1341.75,420.12,167.24,369.81,0.920,-1,-1,-1
2,2,581.59,444.58,92.51,263.48,0.893,-1,-1,-1
2,3,441.91,445.88,111.33,277.52,0.885,-1,-1,-1
2,4,1446.86,431.14,156.01,336.96,0.878,-1,-1,-1
2,5,730.82,467.92,35.48,101.34,0.781,-1,-1,-1
2,6,1256.05,444.18,37.77,102.81,0.705,-1,-1,-1
2,7,936.85,435.10,35.81,82.66,0.658,-1,-1,-1
2,8,1013.96,423.25,45.75,107.87,0.684,-1,-1,-1
3,1,1347.12,420.89,168.58,372.31,0.921,-1,-1,-1
3,2,581.54,444.38,92.66,263.69,0.901,-1,-1,-1
3,3,441.64,444.87,112.00,278.71,0.895,-1,-1,-1
3,4,1452.11,431.34,156.12,337.92,0.840,-1,-1,-1
3,5,731.50,468.12,35.29,100.75,0.805,-1,-1,-1
3,6,1255.66,443.55,37.84,103.13,0.682,-1,-1,-1
3,7,936.82,434.97,35.66,82.35,0.656,-1,-1,-1
3,8,1014.03,423.53,45.58,107.14,0.685,-1,-1,-1
4,1,1351.02,419.25,171.64,378.49,0.920,-1,-1,-1
4,2,582.06,443.87,92.96,264.06,0.894,-1,-1,-1
4,3,442.58,446.72,111.58,276.85,0.890,-1,-1,-1
4,4,1459.63,429.75,156.08,339.85,0.831,-1,-1,-1
4,5,731.98,469.79,34.78,99.21,0.785,-1,-1,-1
4,6,1255.76,443.55,37.68,102.85,0.702,-1,-1,-1
4,7,937.01,435.12,35.48,81.91,0.641,-1,-1,-1
4,8,1013.54,422.73,46.31,108.13,0.712,-1,-1,-1
5,1,1355.42,417.88,173.39,381.60,0.927,-1,-1,-1
5,2,582.27,443.80,93.14,264.01,0.899,-1,-1,-1
5,3,444.83,449.83,110.69,273.44,0.899,-1,-1,-1
5,4,1463.78,427.66,155.33,341.86,0.857,-1,-1,-1
5,5,732.23,470.08,34.59,98.52,0.800,-1,-1,-1
5,6,1255.57,443.76,37.53,102.60,0.693,-1,-1,-1
5,7,936.63,435.14,35.49,81.90,0.677,-1,-1,-1
5,8,1012.99,422.38,46.85,108.52,0.695,-1,-1,-1
6,1,1360.79,416.91,173.87,383.07,0.919,-1,-1,-1
6,2,582.67,443.79,93.42,264.33,0.903,-1,-1,-1
6,3,444.81,448.43,112.16,275.32,0.900,-1,-1,-1
6,4,1471.23,426.45,154.58,343.28,0.855,-1,-1,-1
6,5,732.32,469.88,34.85,99.11,0.791,-1,-1,-1
6,6,1255.42,444.16,37.33,102.30,0.685,-1,-1,-1
6,7,936.61,434.75,35.69,82.35,0.628,-1,-1,-1
6,8,1012.66,421.44,47.60,109.36,0.689,-1,-1,-1
6,9,1104.12,434.34,34.97,114.47,0.583,-1,-1,-1
7,1,1364.35,414.68,173.46,385.21,0.909,-1,-1,-1
7,2,582.71,443.34,93.77,264.72,0.905,-1,-1,-1
7,3,446.21,448.96,113.09,275.52,0.910,-1,-1,-1
7,4,1477.93,425.17,154.31,344.78,0.845,-1,-1,-1
7,5,732.23,470.37,35.19,99.86,0.791,-1,-1,-1
7,6,1255.51,443.97,37.20,102.25,0.690,-1,-1,-1
7,7,936.22,434.59,35.88,82.80,0.645,-1,-1,-1
7,8,1012.95,421.84,47.23,108.29,0.679,-1,-1,-1
8,1,1371.56,412.61,172.53,387.52,0.895,-1,-1,-1
8,2,582.58,442.86,94.21,265.22,0.910,-1,-1,-1
8,3,446.55,449.51,113.98,274.96,0.911,-1,-1,-1
8,4,1486.59,424.15,154.20,345.53,0.860,-1,-1,-1
8,5,732.14,469.03,36.07,102.43,0.766,-1,-1,-1
8,6,1255.06,443.78,37.20,102.19,0.722,-1,-1,-1
8,7,935.79,434.62,35.88,82.98,0.659,-1,-1,-1
8,8,1013.41,422.07,47.15,108.23,0.625,-1,-1,-1
9,1,1382.42,410.88,170.23,388.93,0.882,-1,-1,-1
9,2,582.25,442.67,94.38,265.44,0.910,-1,-1,-1
9,3,446.74,449.02,115.33,275.77,0.911,-1,-1,-1
9,4,1490.95,422.80,153.86,346.67,0.834,-1,-1,-1
9,5,731.44,468.77,36.43,103.61,0.775,-1,-1,-1
9,6,1254.64,442.78,37.49,102.90,0.734,-1,-1,-1
9,7,934.96,434.40,36.08,83.58,0.634,-1,-1,-1
9,8,1014.28,423.66,46.29,106.42,0.626,-1,-1,-1
9,10,1376.01,435.76,47.18,125.05,0.647,-1,-1,-1
10,1,1393.08,409.71,167.23,389.88,0.872,-1,-1,-1
10,2,582.40,442.79,94.56,265.45,0.909,-1,-1,-1
10,3,446.88,447.09,116.93,277.80,0.913,-1,-1,-1
10,4,1503.90,421.89,152.96,348.81,0.794,-1,-1,-1
10,5,730.97,467.39,36.76,104.71,0.804,-1,-1,-1
10,6,1254.35,442.56,37.49,102.93,0.726,-1,-1,-1
10,7,934.75,434.34,36.29,83.96,0.659,-1,-1,-1
10,8,1015.51,425.62,45.34,104.44,0.583,-1,-1,-1
10,10,1377.37,435.77,47.29,125.23,0.617,-1,-1,-1
11,1,1403.49,409.10,164.34,390.80,0.882,-1,-1,-1
11,2,582.33,442.85,94.74,265.51,0.908,-1,-1,-1
11,3,446.94,445.98,118.13,279.20,0.913,-1,-1,-1
11,4,1511.38,422.04,149.40,349.47,0.809,-1,-1,-1
11,5,731.32,469.31,36.30,103.48,0.815,-1,-1,-1
11,6,1254.34,443.03,37.31,102.40,0.749,-1,-1,-1
11,7,934.50,434.50,36.15,83.68,0.620,-1,-1,-1
11,8,1015.73,427.15,44.64,102.74,0.606,-1,-1,-1
11,10,1381.60,437.66,46.21,122.14,0.538,-1,-1,-1
11,11,656.90,456.40,66.60,185.10,0.632,-1,-1,-1
12,1,1418.47,417.16,158.33,383.05,0.867,-1,-1,-1
12,2,582.22,442.81,94.91,265.52,0.909,-1,-1,-1
12,3,446.40,446.21,118.93,279.54,0.905,-1,-1,-1
12,4,1527.86,421.70,150.37,354.06,0.829,-1,-1,-1
12,5,730.84,469.95,36.44,103.88,0.817,-1,-1,-1
12,6,1254.63,442.77,37.32,102.57,0.738,-1,-1,-1
12,7,934.13,434.62,36.13,83.73,0.625,-1,-1,-1
12,10,1384.76,436.74,46.00,121.04,0.541,-1,-1,-1
12,11,658.00,459.49,66.28,184.53,0.559,-1,-1,-1
13,1,1430.19,416.56,155.37,383.24,0.835,-1,-1,-1
13,2,582.06,442.52,95.17,265.81,0.908,-1,-1,-1
13,3,446.51,445.86,119.89,280.60,0.900,-1,-1,-1
13,4,1537.34,421.14,150.92,356.67,0.837,-1,-1,-1
13,5,729.73,470.01,36.78,104.75,0.810,-1,-1,-1
13,6,1254.88,442.51,37.41,102.79,0.714,-1,-1,-1
13,7,933.88,434.73,36.11,83.74,0.645,-1,-1,-1
13,11,663.17,458.49,61.97,172.77,0.597,-1,-1,-1
14,1,1439.68,414.16,154.88,386.42,0.849,-1,-1,-1
14,2,581.97,442.62,95.29,265.89,0.905,-1,-1,-1
14,3,446.53,446.14,120.51,281.30,0.889,-1,-1,-1
14,4,1545.26,421.09,153.66,364.14,0.837,-1,-1,-1
14,5,729.75,470.74,36.59,104.25,0.791,-1,-1,-1
14,6,1254.66,442.13,37.53,103.26,0.661,-1,-1,-1
14,7,934.05,434.67,36.17,84.04,0.617,-1,-1,-1
14,11,667.02,458.65,55.56,154.62,0.522,-1,-1,-1
15,1,1449.36,420.48,152.49,381.04,0.855,-1,-1,-1
15,2,581.26,442.79,95.16,265.60,0.911,-1,-1,-1
15,3,447.58,446.92,121.16,282.37,0.894,-1,-1,-1
15,4,1556.11,422.83,154.71,366.14,0.847,-1,-1,-1
15,5,729.84,471.07,36.35,103.45,0.763,-1,-1,-1
15,6,1254.52,442.46,37.29,102.87,0.705,-1,-1,-1
15,7,934.07,434.85,36.01,83.62,0.673,-1,-1,-1
15,11,670.43,460.90,52.82,146.45,0.579,-1,-1,-1
16,1,1462.03,418.32,157.54,387.61,0.857,-1,-1,-1
16,2,580.90,442.76,95.10,265.73,0.913,-1,-1,-1
16,3,448.09,447.66,121.61,282.91,0.893,-1,-1,-1
16,4,1570.31,424.24,156.17,368.06,0.868,-1,-1,-1
16,5,729.58,470.88,36.57,104.06,0.758,-1,-1,-1
16,6,1254.43,441.74,37.46,103.64,0.692,-1,-1,-1
16,7,933.75,434.76,36.00,83.59,0.657,-1,-1,-1
16,11,669.66,454.28,54.18,149.94,0.518,-1,-1,-1
17,1,1472.09,413.12,165.41,396.30,0.864,-1,-1,-1
17,2,580.64,442.56,95.10,266.05,0.916,-1,-1,-1
17,3,448.97,450.30,121.32,281.78,0.888,-1,-1,-1
17,4,1579.69,424.52,159.02,372.77,0.864,-1,-1,-1
17,5,728.25,471.76,36.61,103.72,0.762,-1,-1,-1
17,6,1253.86,442.58,36.93,102.57,0.721,-1,-1,-1
17,7,933.49,434.66,36.13,84.03,0.626,-1,-1,-1
17,11,673.56,467.27,49.15,134.40,0.534,-1,-1,-1
18,1,1480.64,411.96,172.69,399.84,0.909,-1,-1,-1
18,2,580.84,442.57,95.18,266.15,0.919,-1,-1,-1
18,3,447.46,448.04,122.19,285.06,0.888,-1,-1,-1
18,4,1585.15,426.95,160.28,372.37,0.838,-1,-1,-1
18,5,727.51,471.92,36.92,104.32,0.738,-1,-1,-1
18,6,1253.48,443.20,36.66,102.04,0.674,-1,-1,-1
18,7,933.03,434.65,35.94,83.82,0.649,-1,-1,-1
18,10,1402.10,426.92,48.65,130.94,0.525,-1,-1,-1
19,1,1484.86,411.40,180.07,403.13,0.912,-1,-1,-1
19,2,582.16,442.51,95.36,266.10,0.919,-1,-1,-1
19,3,447.16,447.23,122.66,286.53,0.894,-1,-1,-1
19,4,1589.42,428.23,161.09,372.38,0.833,-1,-1,-1
19,5,726.85,471.68,37.14,104.49,0.728,-1,-1,-1
19,6,1253.11,444.01,36.15,100.89,0.725,-1,-1,-1
19,7,932.95,434.75,35.71,83.59,0.641,-1,-1,-1
19,10,1403.78,426.18,47.90,132.07,0.557,-1,-1,-1
20,1,1488.38,411.84,187.59,406.31,0.920,-1,-1,-1
20,2,584.11,442.39,95.74,266.27,0.921,-1,-1,-1
20,3,448.62,446.28,122.77,287.81,0.891,-1,-1,-1
20,4,1597.71,434.30,158.26,366.19,0.638,-1,-1,-1
20,5,725.83,470.89,37.33,103.33,0.712,-1,-1,-1
20,6,1252.78,444.47,35.93,100.18,0.717,-1,-1,-1
20,7,932.75,435.06,35.51,83.49,0.637,-1,-1,-1
21,1,1489.29,411.61,195.39,410.30,0.910,-1,-1,-1
21,2,585.08,442.23,96.44,266.76,0.925,-1,-1,-1
21,3,449.96,445.45,122.58,288.72,0.897,-1,-1,-1
21,4,1610.32,429.49,158.08,370.87,0.801,-1,-1,-1
21,5,725.52,471.17,37.21,100.57,0.668,-1,-1,-1
21,6,1252.29,444.53,36.05,100.14,0.728,-1,-1,-1
21,7,932.45,434.96,35.09,83.09,0.599,-1,-1,-1
22,1,1490.49,411.19,202.11,413.00,0.924,-1,-1,-1
22,2,585.94,442.12,97.44,267.39,0.927,-1,-1,-1
22,3,452.41,444.93,122.09,289.30,0.897,-1,-1,-1
22,4,1619.38,427.55,156.28,372.73,0.825,-1,-1,-1
22,5,725.41,471.65,37.10,96.93,0.664,-1,-1,-1
22,6,1252.09,444.07,36.38,100.97,0.718,-1,-1,-1
22,7,932.23,435.11,35.00,83.44,0.613,-1,-1,-1
22,10,1415.75,429.08,46.74,128.51,0.519,-1,-1,-1
23,1,1492.31,410.90,206.90,413.83,0.914,-1,-1,-1
23,2,586.58,442.33,98.34,267.75,0.924,-1,-1,-1
23,3,454.95,445.24,121.26,288.88,0.894,-1,-1,-1
23,4,1629.83,426.22,155.25,374.61,0.860,-1,-1,-1
23,5,724.20,472.01,38.78,98.63,0.683,-1,-1,-1
23,6,1251.76,444.48,36.50,100.71,0.728,-1,-1,-1
23,7,931.94,435.31,34.65,83.24,0.551,-1,-1,-1
23,10,1421.23,432.22,47.32,125.80,0.660,-1,-1,-1
23,9,1103.22,439.45,33.31,108.98,0.511,-1,-1,-1
24,1,1493.36,409.70,211.40,416.23,0.929,-1,-1,-1
24,2,586.99,442.31,99.06,267.92,0.924,-1,-1,-1
24,3,459.02,444.60,121.06,289.57,0.906,-1,-1,-1
24,4,1640.44,422.22,154.96,378.64,0.858,-1,-1,-1
24,5,723.35,473.02,40.48,100.03,0.690,-1,-1,-1
24,6,1251.17,443.66,37.00,101.72,0.702,-1,-1,-1
24,7,932.12,435.34,34.40,83.19,0.531,-1,-1,-1
24,10,1422.83,432.47,49.01,125.80,0.663,-1,-1,-1
25,1,1495.63,408.09,214.71,418.47,0.925,-1,-1,-1
25,2,587.27,442.61,99.73,268.47,0.919,-1,-1,-1
25,3,462.41,443.90,120.66,290.30,0.914,-1,-1,-1
25,4,1650.04,419.99,153.91,381.66,0.841,-1,-1,-1
25,5,722.31,473.23,42.18,101.42,0.694,-1,-1,-1
25,6,1250.83,444.44,37.14,101.06,0.785,-1,-1,-1
25,7,932.43,435.62,34.09,82.74,0.549,-1,-1,-1
25,10,1424.60,435.99,49.19,121.55,0.660,-1,-1,-1
26,1,1500.29,406.42,216.37,420.70,0.929,-1,-1,-1
26,2,588.06,442.80,99.76,268.06,0.916,-1,-1,-1
26,3,464.82,444.85,119.63,289.47,0.909,-1,-1,-1
26,4,1652.72,417.75,151.00,384.05,0.842,-1,-1,-1
26,5,721.21,466.24,46.05,109.50,0.687,-1,-1,-1
26,6,1250.91,445.00,37.23,100.31,0.798,-1,-1,-1
26,10,1425.55,436.05,51.15,121.77,0.730,-1,-1,-1
27,1,1507.56,403.81,216.34,423.59,0.934,-1,-1,-1
27,2,587.99,442.68,99.81,268.31,0.912,-1,-1,-1
27,3,466.98,444.23,119.16,290.09,0.909,-1,-1,-1
27,4,1660.50,422.01,146.47,379.51,0.828,-1,-1,-1
27,5,721.99,465.32,46.46,108.88,0.690,-1,-1,-1
27,6,1250.68,445.09,37.39,100.30,0.765,-1,-1,-1
27,10,1425.87,434.06,53.08,123.17,0.741,-1,-1,-1
27,7,931.22,435.29,33.98,82.83,0.516,-1,-1,-1
28,1,1517.39,401.17,214.55,426.70,0.927,-1,-1,-1
28,2,588.93,442.86,99.86,269.06,0.914,-1,-1,-1
28,3,468.24,443.70,118.93,291.07,0.908,-1,-1,-1
28,4,1677.40,414.81,149.16,386.10,0.870,-1,-1,-1
28,5,721.84,463.85,47.09,109.08,0.710,-1,-1,-1
28,6,1250.53,445.30,37.47,99.95,0.749,-1,-1,-1
28,10,1426.97,433.11,54.57,124.21,0.811,-1,-1,-1
28,7,931.07,435.36,34.07,83.15,0.513,-1,-1,-1
29,1,1528.34,398.02,210.92,429.59,0.915,-1,-1,-1
29,2,590.80,442.73,99.58,269.39,0.892,-1,-1,-1
29,3,469.78,442.32,119.07,292.92,0.912,-1,-1,-1
29,4,1689.13,413.60,152.14,388.20,0.875,-1,-1,-1
29,5,721.25,465.43,47.31,108.16,0.710,-1,-1,-1
29,6,1250.32,445.44,37.49,99.80,0.735,-1,-1,-1
29,10,1428.93,433.13,55.22,124.35,0.798,-1,-1,-1
29,7,930.77,435.35,34.23,83.42,0.519,-1,-1,-1
30,1,1545.96,396.62,206.39,432.47,0.872,-1,-1,-1
30,2,592.64,442.69,98.88,269.57,0.896,-1,-1,-1
30,3,470.94,441.49,118.98,294.14,0.913,-1,-1,-1
30,4,1693.30,413.81,155.46,390.76,0.888,-1,-1,-1
30,5,719.85,464.78,47.86,108.71,0.672,-1,-1,-1
30,6,1250.11,445.20,37.38,99.61,0.706,-1,-1,-1
30,10,1431.02,432.18,55.16,124.43,0.820,-1,-1,-1
30,7,930.23,435.13,34.42,83.91,0.519,-1,-1,-1
31,1,1566.51,394.78,204.31,438.05,0.879,-1,-1,-1
31,2,594.96,442.88,98.52,269.83,0.880,-1,-1,-1
31,3,472.26,441.65,118.50,294.37,0.912,-1,-1,-1
31,4,1706.89,413.83,161.70,394.30,0.879,-1,-1,-1
31,5,719.39,463.83,48.58,110.13,0.718,-1,-1,-1
31,6,1250.16,445.56,37.31,98.86,0.736,-1,-1,-1
31,10,1434.11,431.64,54.77,124.79,0.729,-1,-1,-1
31,7,930.61,435.05,34.87,84.54,0.556,-1,-1,-1
32,1,1583.88,394.60,203.44,443.43,0.916,-1,-1,-1
32,2,597.16,443.07,97.89,269.62,0.876,-1,-1,-1
32,3,473.42,442.44,118.19,294.91,0.904,-1,-1,-1
32,4,1723.21,415.21,167.40,395.39,0.895,-1,-1,-1
32,5,719.02,469.32,46.32,104.20,0.688,-1,-1,-1
32,6,1250.26,445.69,37.32,98.52,0.756,-1,-1,-1
32,10,1439.47,431.28,53.64,125.27,0.733,-1,-1,-1
32,7,931.00,435.11,34.90,84.21,0.512,-1,-1,-1
33,1,1594.51,394.77,204.13,450.64,0.908,-1,-1,-1
33,2,599.03,442.80,97.72,270.04,0.853,-1,-1,-1
33,3,473.35,442.42,118.40,296.50,0.904,-1,-1,-1
33,4,1728.73,409.39,174.06,402.96,0.903,-1,-1,-1
33,5,717.29,467.40,46.87,106.59,0.656,-1,-1,-1
33,6,1250.03,445.53,37.45,98.64,0.749,-1,-1,-1
33,10,1443.22,430.61,52.33,126.18,0.747,-1,-1,-1
33,7,931.19,435.22,35.11,84.35,0.552,-1,-1,-1
34,1,1605.59,395.40,205.25,456.61,0.901,-1,-1,-1
34,2,600.95,442.46,97.38,270.64,0.858,-1,-1,-1
34,3,472.85,441.73,119.45,301.11,0.902,-1,-1,-1
34,4,1739.35,412.23,175.07,402.95,0.842,-1,-1,-1
34,5,716.69,472.87,44.57,102.39,0.627,-1,-1,-1
34,6,1250.07,445.61,37.66,98.81,0.740,-1,-1,-1
34,10,1447.00,430.26,50.71,126.43,0.758,-1,-1,-1
34,17,679.20,464.27,49.51,189.98,0.582,-1,-1,-1
35,1,1618.87,397.09,203.47,451.84,0.890,-1,-1,-1
35,2,601.64,442.30,97.02,270.93,0.851,-1,-1,-1
35,3,471.74,441.66,119.89,304.26,0.904,-1,-1,-1
35,4,1746.18,422.25,173.57,398.51,0.802,-1,-1,-1
35,5,717.33,476.22,42.78,98.87,0.620,-1,-1,-1
35,6,1250.14,445.14,37.98,99.42,0.754,-1,-1,-1
35,10,1449.88,430.48,48.92,125.92,0.758,-1,-1,-1
35,17,675.40,459.93,51.24,196.19,0.609,-1,-1,-1
35,18,573.67,449.99,39.12,136.87,0.535,-1,-1,-1
36,1,1632.08,398.03,209.84,461.23,0.926,-1,-1,-1
36,2,602.43,442.26,96.77,271.16,0.847,-1,-1,-1
36,3,471.59,441.70,120.32,306.97,0.889,-1,-1,-1
36,4,1758.05,417.30,161.95,405.17,0.842,-1,-1,-1
36,5,716.63,469.61,45.31,106.17,0.657,-1,-1,-1
36,6,1249.96,444.65,38.30,100.26,0.731,-1,-1,-1
36,10,1453.71,430.27,47.76,126.53,0.796,-1,-1,-1
36,17,675.54,457.61,52.32,199.55,0.533,-1,-1,-1
36,18,574.20,449.32,39.44,137.65,0.566,-1,-1,-1
36,7,929.86,434.89,34.89,84.16,0.527,-1,-1,-1
37,1,1644.81,399.63,216.04,465.35,0.896,-1,-1,-1
37,2,604.16,441.84,96.47,271.38,0.853,-1,-1,-1
37,3,473.58,441.32,119.58,306.19,0.881,-1,-1,-1
37,4,1765.39,417.19,154.61,408.99,0.863,-1,-1,-1
37,5,716.76,469.57,44.87,106.16,0.633,-1,-1,-1
37,6,1250.46,444.33,38.26,100.41,0.714,-1,-1,-1
37,10,1457.85,430.03,46.87,126.48,0.784,-1,-1,-1
37,17,676.43,456.55,53.05,200.84,0.535,-1,-1,-1
37,18,573.05,447.62,40.32,140.14,0.608,-1,-1,-1
37,7,929.90,434.75,34.81,84.10,0.513,-1,-1,-1
38,1,1651.90,400.00,223.03,469.94,0.892,-1,-1,-1
38,2,605.28,442.02,95.52,270.96,0.873,-1,-1,-1
38,3,474.64,441.53,119.36,305.17,0.872,-1,-1,-1
38,4,1774.31,415.86,145.69,408.52,0.853,-1,-1,-1
38,5,717.05,467.91,45.29,108.30,0.553,-1,-1,-1
38,6,1251.38,443.53,38.24,100.98,0.746,-1,-1,-1
38,10,1460.47,429.65,46.38,126.52,0.807,-1,-1,-1
38,17,684.47,456.86,53.57,200.77,0.519,-1,-1,-1
38,18,572.45,447.44,40.60,140.61,0.581,-1,-1,-1
38,7,930.47,434.58,35.02,84.70,0.545,-1,-1,-1
39,1,1657.77,401.76,228.75,469.86,0.911,-1,-1,-1
39,2,606.01,441.88,94.71,270.93,0.889,-1,-1,-1
39,3,475.15,441.51,118.62,303.15,0.891,-1,-1,-1
39,4,1785.79,415.85,134.21,408.51,0.833,-1,-1,-1
39,5,714.68,460.84,47.32,114.59,0.508,-1,-1,-1
39,6,1251.90,442.74,38.30,101.59,0.743,-1,-1,-1
39,10,1463.36,429.67,46.39,126.23,0.813,-1,-1,-1
39,17,687.29,457.46,53.98,200.68,0.509,-1,-1,-1
39,18,573.04,447.48,40.72,140.58,0.582,-1,-1,-1
39,7,930.60,434.65,35.14,84.86,0.573,-1,-1,-1
40,1,1657.47,402.08,235.99,475.58,0.920,-1,-1,-1
40,2,607.47,441.98,93.95,271.13,0.887,-1,-1,-1
40,3,475.44,442.04,119.20,304.70,0.884,-1,-1,-1
40,4,1797.23,421.60,122.77,401.46,0.825,-1,-1,-1
40,5,717.71,460.52,46.65,115.75,0.552,-1,-1,-1
40,6,1252.48,441.95,38.31,102.48,0.737,-1,-1,-1
40,10,1465.64,430.02,46.95,126.14,0.823,-1,-1,-1
40,17,688.54,458.77,54.37,201.30,0.503,-1,-1,-1
40,18,573.60,447.46,40.89,140.66,0.651,-1,-1,-1
40,7,930.49,434.64,35.20,85.15,0.586,-1,-1,-1
41,1,1657.16,401.99,242.61,480.93,0.922,-1,-1,-1
41,2,609.26,442.21,93.22,270.93,0.898,-1,-1,-1
41,3,476.00,442.32,119.25,305.19,0.886,-1,-1,-1
41,4,1805.00,419.84,115.00,402.67,0.769,-1,-1,-1
41,5,720.83,459.03,46.13,117.01,0.566,-1,-1,-1
41,6,1253.01,442.05,37.98,102.22,0.761,-1,-1,-1
41,10,1465.84,431.02,47.11,124.87,0.802,-1,-1,-1
41,18,572.30,445.84,41.39,142.19,0.548,-1,-1,-1
41,7,930.54,434.58,35.31,85.10,0.596,-1,-1,-1
42,1,1657.53,398.78,248.05,485.88,0.921,-1,-1,-1
42,2,610.94,442.59,92.61,270.47,0.896,-1,-1,-1
42,3,475.23,443.24,120.48,309.06,0.878,-1,-1,-1
42,4,1811.39,409.27,108.61,415.00,0.755,-1,-1,-1
42,6,1253.36,441.65,37.86,102.62,0.743,-1,-1,-1
42,10,1467.35,431.52,47.42,124.29,0.785,-1,-1,-1
42,7,930.68,434.72,35.18,84.85,0.592,-1,-1,-1
42,8,1007.24,444.61,36.99,81.40,0.538,-1,-1,-1
43,1,1661.07,395.87,251.61,489.98,0.935,-1,-1,-1
43,2,612.02,443.11,91.87,269.70,0.901,-1,-1,-1
43,3,473.53,443.54,121.77,313.52,0.887,-1,-1,-1
43,4,1817.57,396.99,102.43,427.24,0.631,-1,-1,-1
43,6,1253.48,441.74,37.35,101.95,0.735,-1,-1,-1
43,10,1470.15,431.63,47.71,123.93,0.758,-1,-1,-1
43,7,930.63,434.55,35.05,84.74,0.603,-1,-1,-1
43,8,1007.01,445.82,36.53,78.91,0.577,-1,-1,-1
44,1,1668.16,394.02,251.84,492.63,0.943,-1,-1,-1
44,2,612.91,443.28,91.42,269.38,0.897,-1,-1,-1
44,3,472.83,443.54,122.57,316.61,0.897,-1,-1,-1
44,6,1253.80,442.20,36.97,101.44,0.778,-1,-1,-1
44,10,1471.82,431.50,47.83,123.78,0.747,-1,-1,-1
44,7,930.79,434.74,34.61,83.99,0.598,-1,-1,-1
44,9,1088.27,447.44,45.71,145.34,0.518,-1,-1,-1
44,17,691.96,456.96,55.52,206.14,0.686,-1,-1,-1
45,1,1678.26,391.14,241.74,496.00,0.943,-1,-1,-1
45,2,614.53,443.66,91.32,268.89,0.891,-1,-1,-1
45,3,472.71,443.16,123.00,318.60,0.899,-1,-1,-1
45,6,1254.40,441.31,37.00,102.32,0.762,-1,-1,-1
45,10,1475.25,431.08,47.45,123.71,0.752,-1,-1,-1
45,7,930.66,434.90,34.32,83.65,0.597,-1,-1,-1
45,9,1087.41,446.46,47.00,147.46,0.516,-1,-1,-1
45,17,690.76,456.31,55.46,207.21,0.505,-1,-1,-1
45,8,1008.39,449.22,35.55,74.39,0.613,-1,-1,-1
46,1,1689.99,388.33,230.01,499.37,0.924,-1,-1,-1
46,2,615.01,443.21,91.40,269.44,0.903,-1,-1,-1
46,3,471.47,442.40,123.32,320.50,0.894,-1,-1,-1
46,6,1255.07,441.07,36.87,102.68,0.750,-1,-1,-1
46,10,1479.84,431.64,45.98,122.71,0.715,-1,-1,-1
46,7,930.43,434.89,34.15,83.56,0.605,-1,-1,-1
46,9,1086.63,445.78,48.06,149.51,0.590,-1,-1,-1
46,17,694.52,456.08,55.35,207.52,0.613,-1,-1,-1
46,8,1008.38,449.20,35.81,73.61,0.598,-1,-1,-1
47,1,1704.00,385.42,216.00,502.47,0.903,-1,-1,-1
47,2,615.47,443.05,91.27,269.56,0.903,-1,-1,-1
47,3,470.31,441.64,123.30,321.55,0.896,-1,-1,-1
47,6,1255.84,440.88,36.80,102.89,0.742,-1,-1,-1
47,10,1483.65,431.16,44.30,121.89,0.681,-1,-1,-1
47,7,930.43,434.98,34.07,83.69,0.607,-1,-1,-1
47,9,1086.73,445.73,48.17,149.07,0.554,-1,-1,-1
47,17,696.84,455.91,55.22,207.73,0.668,-1,-1,-1
47,8,1007.73,448.51,37.23,75.70,0.580,-1,-1,-1
47,18,576.10,446.10,41.79,141.83,0.525,-1,-1,-1
48,1,1727.09,384.07,192.91,504.33,0.876,-1,-1,-1
48,2,616.26,442.88,91.39,269.52,0.906,-1,-1,-1
48,3,470.10,440.67,123.14,322.62,0.892,-1,-1,-1
48,6,1256.67,440.55,36.84,103.32,0.735,-1,-1,-1
48,10,1487.62,431.15,42.85,121.82,0.668,-1,-1,-1
48,7,930.94,435.18,33.93,83.63,0.571,-1,-1,-1
48,17,697.68,455.59,55.09,208.26,0.712,-1,-1,-1
48,8,1007.94,447.47,38.47,77.26,0.574,-1,-1,-1
48,5,734.04,457.34,40.52,103.97,0.598,-1,-1,-1
49,1,1743.38,382.94,176.62,505.51,0.905,-1,-1,-1
49,2,617.49,443.11,91.38,269.24,0.907,-1,-1,-1
49,3,470.07,439.67,122.90,323.65,0.899,-1,-1,-1
49,6,1257.68,440.47,36.82,103.64,0.741,-1,-1,-1
49,7,931.24,435.25,33.65,83.55,0.594,-1,-1,-1
49,17,698.01,455.88,54.79,207.90,0.723,-1,-1,-1
49,8,1008.13,447.15,39.26,77.87,0.562,-1,-1,-1
49,5,735.77,457.05,39.52,101.84,0.636,-1,-1,-1
49,18,576.44,446.11,42.51,141.82,0.551,-1,-1,-1
50,1,1757.44,382.14,162.56,506.42,0.881,-1,-1,-1
50,2,618.99,442.86,91.74,269.53,0.902,-1,-1,-1
50,3,469.99,439.62,122.29,323.62,0.897,-1,-1,-1
50,6,1257.71,440.81,36.49,103.32,0.724,-1,-1,-1
50,7,932.04,435.26,33.91,84.24,0.589,-1,-1,-1
50,17,699.09,454.63,54.86,209.16,0.677,-1,-1,-1
50,8,1007.64,446.34,40.43,78.96,0.621,-1,-1,-1
50,5,737.83,456.72,39.23,102.03,0.617,-1,-1,-1
50,18,578.07,443.43,43.93,144.58,0.567,-1,-1,-1
51,1,1768.16,381.56,151.84,506.91,0.866,-1,-1,-1
51,2,619.82,443.09,91.93,269.46,0.906,-1,-1,-1
51,3,470.21,439.53,121.81,323.59,0.904,-1,-1,-1
51,6,1258.10,440.22,36.41,103.49,0.749,-1,-1,-1
51,7,931.97,435.28,33.58,83.81,0.621,-1,-1,-1
51,17,699.03,454.98,54.85,208.66,0.687,-1,-1,-1
51,8,1007.43,446.31,40.98,79.23,0.601,-1,-1,-1
51,5,738.83,456.64,39.20,103.23,0.635,-1,-1,-1
51,10,1501.11,440.88,39.40,111.82,0.521,-1,-1,-1
52,1,1776.21,381.13,143.79,507.04,0.853,-1,-1,-1
52,2,620.29,443.14,92.08,269.66,0.905,-1,-1,-1
52,3,470.17,439.55,121.28,323.51,0.904,-1,-1,-1
52,6,1258.21,440.58,36.20,103.18,0.716,-1,-1,-1
52,7,932.21,435.40,32.93,82.81,0.597,-1,-1,-1
52,17,696.47,453.62,55.19,209.97,0.747,-1,-1,-1
52,8,1007.34,445.45,42.48,81.33,0.567,-1,-1,-1
52,5,740.02,456.52,38.90,103.27,0.577,-1,-1,-1
52,18,583.62,441.60,44.96,146.50,0.524,-1,-1,-1
53,1,1782.64,384.45,137.36,503.56,0.858,-1,-1,-1
53,2,620.46,443.04,92.13,269.87,0.908,-1,-1,-1
53,3,470.14,438.87,121.10,324.28,0.909,-1,-1,-1
53,6,1258.51,441.42,35.89,102.22,0.729,-1,-1,-1
53,7,931.96,435.46,32.73,82.58,0.574,-1,-1,-1
53,17,696.28,453.15,55.99,210.57,0.734,-1,-1,-1
53,8,1006.71,445.49,42.94,81.30,0.529,-1,-1,-1
53,5,741.27,457.17,37.90,101.13,0.602,-1,-1,-1
53,9,1098.90,439.24,36.44,111.58,0.520,-1,-1,-1
54,1,1787.41,388.09,132.59,499.99,0.800,-1,-1,-1
54,2,620.98,442.90,92.26,270.46,0.909,-1,-1,-1
54,3,470.30,438.78,121.01,324.78,0.907,-1,-1,-1
54,6,1258.68,442.59,35.53,100.91,0.742,-1,-1,-1
54,7,932.22,435.44,32.68,82.73,0.549,-1,-1,-1
54,17,696.52,453.30,56.74,210.89,0.726,-1,-1,-1
54,5,742.19,457.12,37.96,102.22,0.604,-1,-1,-1
54,9,1099.38,437.40,36.22,109.91,0.506,-1,-1,-1
54,10,1508.30,435.51,43.18,117.14,0.574,-1,-1,-1
54,18,579.77,442.82,44.96,145.29,0.524,-1,-1,-1
55,1,1792.42,394.45,127.58,493.84,0.764,-1,-1,-1
55,2,621.21,442.67,92.26,271.12,0.912,-1,-1,-1
55,3,470.47,438.42,120.90,325.30,0.905,-1,-1,-1
55,6,1258.94,442.62,35.55,100.79,0.744,-1,-1,-1
55,7,932.47,435.40,32.45,82.50,0.503,-1,-1,-1
55,17,697.03,453.54,57.58,211.69,0.753,-1,-1,-1
55,5,742.97,458.05,37.81,101.99,0.551,-1,-1,-1
55,9,1099.23,437.24,36.20,108.92,0.501,-1,-1,-1
55,10,1508.74,435.55,45.51,117.30,0.562,-1,-1,-1
55,18,586.12,448.92,43.26,139.03,0.551,-1,-1,-1
56,1,1799.14,417.91,120.86,470.40,0.672,-1,-1,-1
56,2,621.74,442.42,92.60,271.80,0.911,-1,-1,-1
56,3,471.05,438.19,120.63,325.18,0.898,-1,-1,-1
56,6,1259.37,442.61,35.47,100.40,0.726,-1,-1,-1
56,7,932.57,435.48,32.31,82.47,0.548,-1,-1,-1
56,17,697.86,453.02,58.82,213.62,0.772,-1,-1,-1
56,5,743.47,456.98,38.18,103.61,0.543,-1,-1,-1
56,18,583.26,445.59,44.45,142.25,0.561,-1,-1,-1
57,1,1799.13,401.17,120.87,487.14,0.539,-1,-1,-1
57,2,622.55,442.29,92.85,272.26,0.914,-1,-1,-1
57,3,471.62,437.85,120.79,325.52,0.904,-1,-1,-1
57,6,1259.45,441.96,35.73,100.96,0.746,-1,-1,-1
57,7,933.02,435.28,32.29,82.60,0.543,-1,-1,-1
57,17,697.99,452.26,59.60,214.92,0.768,-1,-1,-1
57,5,744.41,458.47,38.21,103.85,0.589,-1,-1,-1
57,18,587.59,447.12,43.94,140.35,0.570,-1,-1,-1
57,9,1099.42,437.84,36.34,108.55,0.517,-1,-1,-1
57,10,1527.44,444.76,40.76,106.57,0.632,-1,-1,-1
58,2,623.22,442.42,93.18,272.90,0.914,-1,-1,-1
58,3,472.69,438.23,120.58,325.04,0.906,-1,-1,-1
58,6,1259.71,442.83,35.55,100.22,0.773,-1,-1,-1
58,7,932.64,435.32,32.55,83.15,0.563,-1,-1,-1
58,5,744.67,460.92,37.82,102.64,0.635,-1,-1,-1
58,18,588.73,448.45,43.77,139.09,0.562,-1,-1,-1
58,10,1532.61,448.27,38.81,102.54,0.627,-1,-1,-1
59,2,623.81,442.44,93.52,273.69,0.906,-1,-1,-1
59,3,474.62,438.25,120.71,324.34,0.909,-1,-1,-1
59,6,1260.04,443.61,35.30,99.41,0.772,-1,-1,-1
59,7,932.67,435.33,32.65,83.04,0.606,-1,-1,-1
59,5,745.47,460.41,37.99,102.84,0.572,-1,-1,-1
59,18,588.59,449.42,43.52,138.14,0.552,-1,-1,-1
59,10,1535.60,451.10,37.60,100.14,0.597,-1,-1,-1
59,8,1003.40,446.41,39.72,77.80,0.549,-1,-1,-1
59,17,699.42,451.85,60.06,216.25,0.692,-1,-1,-1
60,2,623.69,442.20,93.80,274.43,0.909,-1,-1,-1
60,3,477.74,439.61,121.12,322.72,0.912,-1,-1,-1
60,6,1260.03,443.21,35.57,99.77,0.763,-1,-1,-1
60,7,932.80,435.32,32.81,83.16,0.632,-1,-1,-1
60,5,746.48,461.20,37.90,102.32,0.506,-1,-1,-1
60,10,1536.38,450.75,37.73,100.67,0.604,-1,-1,-1
60,8,1003.29,445.63,39.03,78.57,0.605,-1,-1,-1
60,17,701.15,454.06,60.10,215.58,0.732,-1,-1,-1
61,2,623.13,442.52,94.23,275.09,0.905,-1,-1,-1
61,3,480.09,440.48,122.70,322.31,0.914,-1,-1,-1
61,6,1259.51,443.69,35.41,99.12,0.727,-1,-1,-1
61,7,932.82,434.93,32.71,83.37,0.560,-1,-1,-1
61,8,1003.35,444.88,38.69,79.68,0.567,-1,-1,-1
61,17,701.13,453.43,60.79,218.38,0.734,-1,-1,-1
62,2,620.99,442.76,95.26,278.53,0.894,-1,-1,-1
62,3,483.17,442.39,124.96,321.79,0.913,-1,-1,-1
62,6,1259.13,444.03,35.44,99.04,0.707,-1,-1,-1
62,8,1003.45,445.62,37.57,78.73,0.613,-1,-1,-1
62,17,702.25,453.99,61.10,218.41,0.808,-1,-1,-1
62,5,747.33,461.63,38.16,102.72,0.536,-1,-1,-1
62,10,1534.83,447.78,38.74,103.56,0.535,-1,-1,-1
63,2,619.04,443.23,95.93,280.41,0.903,-1,-1,-1
63,3,490.08,442.08,128.18,322.62,0.888,-1,-1,-1
63,6,1258.79,445.22,35.16,98.00,0.694,-1,-1,-1
63,8,1003.82,445.69,37.22,79.02,0.517,-1,-1,-1
63,17,702.43,455.21,61.50,218.28,0.809,-1,-1,-1
63,10,1527.58,436.20,42.43,115.28,0.567,-1,-1,-1
64,2,617.67,443.72,96.29,281.67,0.906,-1,-1,-1
64,3,494.70,443.17,131.45,322.83,0.886,-1,-1,-1
64,6,1258.45,446.06,34.90,97.01,0.700,-1,-1,-1
64,17,701.20,455.84,62.14,218.73,0.824,-1,-1,-1
64,10,1526.10,431.24,43.50,120.27,0.505,-1,-1,-1
64,7,932.06,435.50,32.44,82.69,0.517,-1,-1,-1
64,5,752.29,471.04,35.17,94.17,0.526,-1,-1,-1
65,2,616.70,444.13,96.51,282.64,0.911,-1,-1,-1
65,3,498.45,443.23,132.13,322.37,0.855,-1,-1,-1
65,6,1258.15,446.81,34.76,96.52,0.677,-1,-1,-1
65,17,701.01,455.20,63.08,220.52,0.841,-1,-1,-1
65,7,931.87,435.14,32.61,83.17,0.581,-1,-1,-1
65,9,1098.68,439.62,36.82,109.78,0.532,-1,-1,-1
65,8,1002.83,444.63,37.20,80.00,0.589,-1,-1,-1
66,2,616.25,444.46,97.08,285.05,0.910,-1,-1,-1
66,3,500.03,443.32,134.94,323.48,0.899,-1,-1,-1
66,6,1258.05,446.98,34.72,96.27,0.687,-1,-1,-1
66,17,702.13,458.11,62.95,218.05,0.844,-1,-1,-1
66,7,931.53,435.06,32.65,83.32,0.571,-1,-1,-1
66,22,1034.31,451.03,31.09,78.32,0.575,-1,-1,-1
66,9,1098.33,439.31,37.22,110.05,0.609,-1,-1,-1
66,8,1002.04,444.07,36.83,80.67,0.624,-1,-1,-1
66,10,1534.70,429.99,43.17,121.58,0.557,-1,-1,-1
67,2,616.15,444.28,97.62,286.82,0.911,-1,-1,-1
67,3,500.81,443.31,136.91,323.77,0.897,-1,-1,-1
67,6,1258.29,447.37,34.57,95.75,0.710,-1,-1,-1
67,17,701.62,460.49,62.65,215.83,0.841,-1,-1,-1
67,7,931.53,435.19,32.53,82.97,0.584,-1,-1,-1
67,22,1034.65,448.20,32.18,81.10,0.603,-1,-1,-1
67,9,1097.97,438.82,37.35,110.13,0.549,-1,-1,-1
67,8,1001.92,443.79,36.36,80.71,0.621,-1,-1,-1
67,10,1537.96,433.47,41.60,117.66,0.546,-1,-1,-1
68,2,615.70,443.98,98.15,288.07,0.918,-1,-1,-1
68,3,500.98,444.69,137.88,322.65,0.905,-1,-1,-1
68,6,1258.51,447.94,34.46,95.31,0.741,-1,-1,-1
68,17,702.31,460.38,63.42,216.41,0.870,-1,-1,-1
68,7,932.01,435.48,32.41,82.77,0.538,-1,-1,-1
68,22,1035.24,448.49,32.12,80.80,0.525,-1,-1,-1
68,9,1099.29,441.25,36.59,107.76,0.557,-1,-1,-1
68,8,1001.86,442.90,36.06,81.28,0.592,-1,-1,-1
68,10,1540.06,432.61,41.34,118.09,0.591,-1,-1,-1
69,2,615.49,444.01,98.13,287.63,0.911,-1,-1,-1
69,3,501.78,444.07,138.82,323.34,0.905,-1,-1,-1
69,6,1258.63,448.15,34.46,95.13,0.728,-1,-1,-1
69,17,702.13,458.60,64.24,218.24,0.872,-1,-1,-1
69,7,932.40,435.60,32.42,82.76,0.527,-1,-1,-1
69,9,1099.55,442.33,36.34,106.57,0.562,-1,-1,-1
69,8,1002.52,442.57,35.94,81.87,0.635,-1,-1,-1
69,10,1540.44,431.02,41.68,119.39,0.569,-1,-1,-1
70,2,614.78,443.95,98.29,287.71,0.918,-1,-1,-1
70,3,501.54,443.51,139.79,323.92,0.905,-1,-1,-1
70,6,1258.51,447.91,34.55,95.38,0.740,-1,-1,-1
70,17,702.66,457.95,64.62,218.46,0.864,-1,-1,-1
70,7,932.45,435.63,32.48,82.88,0.549,-1,-1,-1
70,9,1099.43,442.06,36.55,106.87,0.577,-1,-1,-1
70,8,1003.19,443.08,35.54,81.39,0.653,-1,-1,-1
70,10,1541.50,429.43,42.36,121.33,0.615,-1,-1,-1
71,2,614.35,443.42,98.53,287.93,0.919,-1,-1,-1
71,3,502.80,442.64,140.34,325.00,0.905,-1,-1,-1
71,6,1258.59,448.25,34.51,95.17,0.733,-1,-1,-1
71,17,702.28,456.19,65.42,220.52,0.868,-1,-1,-1
71,7,932.67,435.57,32.61,83.13,0.507,-1,-1,-1
71,9,1100.04,444.57,35.69,104.16,0.520,-1,-1,-1
71,8,1003.72,443.16,35.15,81.03,0.587,-1,-1,-1
71,10,1543.31,428.81,42.44,121.94,0.624,-1,-1,-1
72,2,613.04,442.20,98.98,289.10,0.916,-1,-1,-1
72,3,504.11,441.64,140.71,326.09,0.904,-1,-1,-1
72,6,1258.49,448.39,34.53,95.03,0.747,-1,-1,-1
72,17,702.38,456.22,65.96,220.45,0.869,-1,-1,-1
72,7,932.68,435.50,32.64,83.08,0.532,-1,-1,-1
72,9,1099.74,442.93,36.27,105.92,0.562,-1,-1,-1
72,8,1003.51,443.37,35.05,80.74,0.583,-1,-1,-1
72,10,1543.64,428.28,42.23,121.96,0.638,-1,-1,-1
73,2,613.24,441.90,98.83,289.03,0.915,-1,-1,-1
73,3,504.74,440.46,140.92,327.49,0.909,-1,-1,-1
73,6,1258.56,448.44,34.53,94.93,0.736,-1,-1,-1
73,17,703.61,457.23,66.39,219.30,0.851,-1,-1,-1
73,9,1099.49,442.92,36.27,105.61,0.605,-1,-1,-1
73,8,1003.42,443.54,34.79,79.99,0.574,-1,-1,-1
73,10,1544.97,428.12,42.02,121.86,0.570,-1,-1,-1
74,2,614.82,441.77,98.51,288.95,0.915,-1,-1,-1
74,3,507.65,440.00,140.27,328.12,0.889,-1,-1,-1
74,6,1258.55,448.41,34.74,95.32,0.725,-1,-1,-1
74,17,704.16,457.84,66.78,218.53,0.845,-1,-1,-1
74,8,1003.09,443.38,34.76,79.81,0.590,-1,-1,-1
74,7,932.29,435.66,32.46,82.74,0.509,-1,-1,-1
75,2,615.68,441.74,97.76,289.03,0.910,-1,-1,-1
75,3,511.00,440.50,138.67,327.65,0.905,-1,-1,-1
75,6,1258.27,448.12,34.83,95.75,0.738,-1,-1,-1
75,17,704.93,458.79,67.07,216.91,0.844,-1,-1,-1
75,8,1003.42,443.50,34.38,79.12,0.520,-1,-1,-1
75,25,494.65,453.68,33.89,62.01,0.507,-1,-1,-1
75,7,932.03,435.51,32.30,82.64,0.513,-1,-1,-1
76,2,617.01,441.80,97.02,289.18,0.909,-1,-1,-1
76,3,514.53,440.93,137.00,327.38,0.890,-1,-1,-1
76,6,1258.24,448.25,34.81,95.70,0.740,-1,-1,-1
76,17,705.73,461.27,67.05,214.46,0.846,-1,-1,-1
76,8,1003.57,445.00,33.99,78.35,0.582,-1,-1,-1
76,9,1100.61,442.18,36.20,106.20,0.505,-1,-1,-1
77,2,617.96,441.84,95.93,288.84,0.905,-1,-1,-1
77,3,517.21,441.32,135.16,327.11,0.890,-1,-1,-1
77,6,1258.27,448.25,34.84,95.73,0.732,-1,-1,-1
77,17,707.14,459.62,68.69,216.27,0.854,-1,-1,-1
77,8,1003.12,445.15,34.04,78.37,0.568,-1,-1,-1
77,27,509.32,446.01,81.74,273.15,0.553,-1,-1,-1
77,9,1100.88,441.89,36.03,106.47,0.522,-1,-1,-1
78,2,618.90,441.82,94.83,289.27,0.894,-1,-1,-1
78,3,518.36,441.46,133.88,326.88,0.895,-1,-1,-1
78,6,1258.58,447.66,35.11,95.99,0.719,-1,-1,-1
78,17,711.30,461.23,70.25,214.87,0.891,-1,-1,-1
78,8,1003.62,445.70,34.18,78.11,0.684,-1,-1,-1
78,7,932.29,436.01,32.07,82.40,0.513,-1,-1,-1
79,2,619.78,441.63,93.69,289.65,0.884,-1,-1,-1
79,3,524.96,441.37,131.72,327.77,0.862,-1,-1,-1
79,6,1259.24,446.94,35.60,96.56,0.719,-1,-1,-1
79,17,713.94,461.05,72.62,215.38,0.896,-1,-1,-1
79,8,1003.68,446.71,34.22,77.30,0.714,-1,-1,-1
79,7,932.29,435.95,32.12,82.54,0.505,-1,-1,-1
79,25,493.76,452.79,35.64,65.20,0.506,-1,-1,-1
79,27,512.89,444.55,84.37,282.34,0.748,-1,-1,-1
80,2,621.72,441.59,92.27,288.73,0.876,-1,-1,-1
80,3,528.47,440.44,130.61,330.59,0.857,-1,-1,-1
80,6,1259.43,446.44,35.93,96.93,0.718,-1,-1,-1
80,17,716.99,461.29,75.21,215.74,0.916,-1,-1,-1
80,8,1003.66,446.66,34.52,77.44,0.687,-1,-1,-1
80,7,932.09,435.77,32.21,82.87,0.519,-1,-1,-1
80,27,513.27,444.36,85.39,287.13,0.739,-1,-1,-1
81,2,624.34,441.62,90.60,286.82,0.878,-1,-1,-1
81,3,532.28,439.76,129.90,334.85,0.856,-1,-1,-1
81,6,1259.49,446.15,36.10,97.07,0.716,-1,-1,-1
81,17,718.69,460.24,77.84,217.21,0.913,-1,-1,-1
81,8,1003.42,446.49,34.82,77.46,0.689,-1,-1,-1
81,7,931.95,435.82,32.09,82.62,0.522,-1,-1,-1
81,27,513.38,444.52,86.19,291.71,0.746,-1,-1,-1
81,25,493.36,453.68,35.62,65.07,0.531,-1,-1,-1
82,2,625.89,441.13,90.02,288.29,0.879,-1,-1,-1
82,3,534.63,439.97,128.46,336.62,0.845,-1,-1,-1
82,6,1259.69,446.91,35.86,96.17,0.714,-1,-1,-1
82,17,721.85,464.80,78.76,212.97,0.906,-1,-1,-1
82,8,1003.73,446.74,35.18,77.80,0.713,-1,-1,-1
82,7,932.32,435.58,32.36,83.23,0.556,-1,-1,-1
82,27,514.68,444.46,86.52,295.02,0.731,-1,-1,-1
82,25,494.04,453.82,35.73,65.34,0.545,-1,-1,-1
83,2,627.35,441.11,89.44,289.35,0.877,-1,-1,-1
83,3,534.50,440.26,128.40,339.95,0.845,-1,-1,-1
83,6,1259.56,445.76,36.35,97.33,0.740,-1,-1,-1
83,17,722.45,465.19,80.84,213.38,0.911,-1,-1,-1
83,8,1004.34,447.05,35.03,76.97,0.735,-1,-1,-1
83,7,932.74,435.27,32.58,83.67,0.592,-1,-1,-1
83,27,514.22,444.14,87.16,298.95,0.758,-1,-1,-1
83,25,494.39,454.06,35.82,65.31,0.519,-1,-1,-1
83,9,1101.95,442.45,35.39,105.32,0.520,-1,-1,-1
84,2,628.95,440.96,89.34,290.88,0.891,-1,-1,-1
84,3,539.58,440.25,127.20,343.39,0.823,-1,-1,-1
84,6,1259.88,444.86,36.78,98.41,0.742,-1,-1,-1
84,17,722.52,464.26,83.03,214.75,0.911,-1,-1,-1
84,8,1004.85,446.62,35.24,76.99,0.716,-1,-1,-1
84,7,932.95,434.89,32.54,83.44,0.616,-1,-1,-1
84,27,513.20,444.16,87.11,299.79,0.788,-1,-1,-1
84,25,494.65,454.33,36.11,65.62,0.524,-1,-1,-1
84,9,1102.21,443.15,35.22,104.60,0.543,-1,-1,-1
85,2,630.07,441.09,88.74,291.16,0.880,-1,-1,-1
85,3,542.93,440.71,125.32,344.13,0.811,-1,-1,-1
85,6,1260.29,445.15,36.74,98.17,0.732,-1,-1,-1
85,17,722.57,461.94,85.17,217.44,0.917,-1,-1,-1
85,8,1004.68,446.93,35.20,76.66,0.711,-1,-1,-1
85,7,933.18,435.19,32.44,82.93,0.606,-1,-1,-1
85,27,511.25,444.37,86.97,299.26,0.799,-1,-1,-1
85,9,1099.46,448.94,34.84,99.72,0.501,-1,-1,-1
86,2,633.96,441.11,89.00,291.73,0.881,-1,-1,-1
86,3,545.60,440.86,123.35,343.52,0.816,-1,-1,-1
86,6,1259.97,445.17,36.71,98.17,0.720,-1,-1,-1
86,17,722.28,457.51,87.90,222.51,0.916,-1,-1,-1
86,8,1004.38,447.81,34.78,75.72,0.678,-1,-1,-1
86,7,933.19,435.23,32.64,83.12,0.632,-1,-1,-1
86,27,510.59,445.20,87.25,300.46,0.811,-1,-1,-1
86,9,1100.45,448.35,35.30,100.07,0.559,-1,-1,-1
87,2,635.48,441.51,89.27,292.31,0.882,-1,-1,-1
87,3,545.70,441.35,122.18,342.06,0.826,-1,-1,-1
87,6,1260.09,444.66,36.86,98.68,0.734,-1,-1,-1
87,17,722.88,455.93,89.23,224.41,0.916,-1,-1,-1
87,8,1004.84,447.83,34.70,75.65,0.675,-1,-1,-1
87,7,932.95,435.13,32.56,82.98,0.622,-1,-1,-1
87,27,510.61,445.83,87.43,301.96,0.811,-1,-1,-1
87,25,492.54,452.70,36.52,66.76,0.507,-1,-1,-1
88,2,637.24,441.64,89.72,292.81,0.887,-1,-1,-1
88,3,542.99,441.49,122.69,341.83,0.863,-1,-1,-1
88,6,1259.86,445.62,36.28,97.59,0.675,-1,-1,-1
88,17,723.95,455.66,89.97,224.92,0.915,-1,-1,-1
88,8,1004.79,447.40,34.79,76.12,0.640,-1,-1,-1
88,7,933.04,435.19,32.49,82.72,0.614,-1,-1,-1
88,27,509.89,446.91,87.42,301.72,0.791,-1,-1,-1
89,2,639.17,441.41,90.33,293.63,0.888,-1,-1,-1
89,3,542.54,442.12,122.99,340.89,0.862,-1,-1,-1
89,6,1259.83,445.22,36.25,97.79,0.658,-1,-1,-1
89,17,725.48,454.19,91.12,226.63,0.908,-1,-1,-1
89,8,1004.58,446.87,34.84,76.68,0.623,-1,-1,-1
89,7,933.14,435.21,32.62,82.92,0.593,-1,-1,-1
89,27,509.62,446.93,87.52,301.72,0.796,-1,-1,-1
90,2,640.25,441.45,90.86,293.45,0.897,-1,-1,-1
90,3,542.41,442.91,123.27,340.78,0.861,-1,-1,-1
90,6,1259.85,444.95,36.17,97.84,0.679,-1,-1,-1
90,17,727.02,455.60,90.69,224.90,0.897,-1,-1,-1
90,8,1004.88,446.47,34.78,77.17,0.578,-1,-1,-1
90,7,933.31,435.27,32.94,83.35,0.629,-1,-1,-1
90,27,511.74,446.44,87.21,302.22,0.790,-1,-1,-1
90,9,1084.97,456.52,48.29,134.83,0.683,-1,-1,-1
90,25,494.03,454.27,35.33,64.34,0.516,-1,-1,-1
91,2,641.60,441.96,91.48,292.84,0.897,-1,-1,-1
91,3,542.64,443.02,123.92,341.48,0.862,-1,-1,-1
91,6,1259.71,444.50,36.26,98.40,0.693,-1,-1,-1
91,17,728.33,452.33,91.90,227.65,0.893,-1,-1,-1
91,8,1004.06,446.97,34.71,77.35,0.591,-1,-1,-1
91,7,933.45,435.17,33.35,84.28,0.629,-1,-1,-1
91,27,512.82,446.14,86.77,302.25,0.796,-1,-1,-1
91,9,1082.93,456.33,50.56,139.19,0.588,-1,-1,-1
91,25,494.72,454.79,34.97,63.91,0.537,-1,-1,-1
92,2,641.92,442.75,92.68,293.66,0.887,-1,-1,-1
92,3,542.28,443.08,125.15,343.97,0.856,-1,-1,-1
92,6,1259.13,444.67,36.17,98.36,0.707,-1,-1,-1
92,17,730.39,453.64,91.19,226.36,0.880,-1,-1,-1
92,8,1004.60,446.98,34.33,76.99,0.578,-1,-1,-1
92,7,933.34,435.19,33.42,84.22,0.580,-1,-1,-1
92,27,512.82,445.94,86.68,302.56,0.805,-1,-1,-1
92,25,494.38,454.69,35.50,65.10,0.542,-1,-1,-1
93,2,641.35,442.95,93.75,294.41,0.894,-1,-1,-1
93,3,541.39,443.51,126.08,347.16,0.862,-1,-1,-1
93,6,1258.56,444.40,36.27,98.53,0.698,-1,-1,-1
93,17,732.45,449.37,92.31,230.96,0.892,-1,-1,-1
93,8,1004.54,446.58,34.74,78.16,0.602,-1,-1,-1
93,7,933.18,435.27,33.49,84.11,0.610,-1,-1,-1
93,27,512.90,446.37,86.50,302.21,0.791,-1,-1,-1
93,25,493.38,454.76,35.47,65.33,0.551,-1,-1,-1
94,2,640.92,443.18,94.72,295.80,0.899,-1,-1,-1
94,3,540.75,443.69,127.14,351.11,0.856,-1,-1,-1
94,6,1258.44,444.57,36.16,98.23,0.703,-1,-1,-1
94,17,735.46,449.55,91.60,230.63,0.890,-1,-1,-1
94,8,1004.47,446.69,34.45,78.02,0.551,-1,-1,-1
94,7,933.30,435.31,33.58,84.01,0.602,-1,-1,-1
94,27,513.44,446.54,86.31,302.17,0.792,-1,-1,-1
94,25,492.29,454.99,35.52,65.78,0.505,-1,-1,-1
95,2,641.10,443.70,95.21,296.13,0.899,-1,-1,-1
95,3,540.61,443.71,128.66,356.09,0.866,-1,-1,-1
95,6,1257.60,444.45,36.50,98.54,0.749,-1,-1,-1
95,17,737.95,449.85,90.98,230.93,0.890,-1,-1,-1
95,8,1004.50,447.61,33.83,76.82,0.662,-1,-1,-1
95,7,933.14,435.66,33.39,83.37,0.588,-1,-1,-1
95,27,512.32,446.46,86.28,302.16,0.786,-1,-1,-1
96,2,641.58,443.61,95.78,296.99,0.897,-1,-1,-1
96,3,540.65,444.09,129.69,359.65,0.856,-1,-1,-1
96,6,1256.64,444.43,36.84,98.76,0.751,-1,-1,-1
96,17,740.65,449.82,90.28,231.61,0.889,-1,-1,-1
96,8,1004.16,448.02,33.31,76.16,0.643,-1,-1,-1
96,7,932.85,435.76,33.44,83.30,0.606,-1,-1,-1
96,27,512.02,446.63,86.04,301.75,0.792,-1,-1,-1
96,30,1103.18,444.21,33.90,103.92,0.580,-1,-1,-1
97,2,642.66,443.27,96.18,297.60,0.898,-1,-1,-1
97,3,539.97,443.87,130.00,361.46,0.867,-1,-1,-1
97,6,1255.96,444.52,37.08,98.72,0.760,-1,-1,-1
97,17,742.36,450.14,89.85,232.44,0.885,-1,-1,-1
97,8,1003.82,448.54,32.88,75.53,0.660,-1,-1,-1
97,7,932.93,435.79,33.51,83.29,0.632,-1,-1,-1
97,27,512.03,446.53,85.78,301.73,0.795,-1,-1,-1
97,30,1103.23,445.18,33.54,102.78,0.620,-1,-1,-1
98,2,644.09,442.46,96.48,298.13,0.909,-1,-1,-1
98,3,539.89,443.20,130.05,362.34,0.870,-1,-1,-1
98,6,1255.53,444.39,37.40,98.83,0.785,-1,-1,-1
98,17,743.92,449.49,89.68,234.58,0.884,-1,-1,-1
98,8,1003.59,448.69,32.68,75.33,0.700,-1,-1,-1
98,7,932.95,435.99,33.47,82.79,0.647,-1,-1,-1
98,27,511.42,446.13,85.88,302.14,0.792,-1,-1,-1
98,30,1102.24,441.90,34.69,106.21,0.629,-1,-1,-1
99,2,646.01,441.67,96.95,298.72,0.911,-1,-1,-1
99,3,539.04,442.16,130.34,363.71,0.872,-1,-1,-1
99,6,1255.61,444.70,37.37,98.30,0.775,-1,-1,-1
99,17,745.88,451.12,88.76,233.95,0.874,-1,-1,-1
99,8,1003.96,448.73,32.58,74.76,0.702,-1,-1,-1
99,7,933.30,435.95,33.48,82.59,0.666,-1,-1,-1
99,27,510.55,446.04,86.52,302.31,0.790,-1,-1,-1
99,30,1101.96,441.68,35.03,107.05,0.701,-1,-1,-1
100,2,648.38,441.13,97.30,299.24,0.912,-1,-1,-1
100,3,539.14,440.92,130.40,364.76,0.870,-1,-1,-1
100,6,1255.13,444.69,37.57,98.37,0.762,-1,-1,-1
100,17,748.43,451.52,88.74,235.39,0.871,-1,-1,-1
100,8,1003.91,448.39,32.71,75.10,0.689,-1,-1,-1
100,7,933.74,435.65,33.54,82.61,0.657,-1,-1,-1
100,27,507.72,445.55,87.29,302.56,0.801,-1,-1,-1
100,30,1103.16,444.45,34.10,104.12,0.585,-1,-1,-1
101,2,650.53,440.56,98.19,299.74,0.911,-1,-1,-1
101,3,540.00,439.93,130.43,365.93,0.858,-1,-1,-1
101,6,1254.16,444.67,37.82,98.55,0.747,-1,-1,-1
101,17,750.98,452.09,88.29,236.40,0.874,-1,-1,-1
101,8,1003.46,448.62,32.41,74.30,0.688,-1,-1,-1
101,7,933.94,435.97,33.46,82.14,0.699,-1,-1,-1
101,27,506.37,445.32,88.48,303.00,0.807,-1,-1,-1
101,30,1103.88,444.87,33.92,103.72,0.579,-1,-1,-1
102,2,652.57,440.24,99.05,300.10,0.911,-1,-1,-1
102,3,541.82,439.34,130.12,366.54,0.855,-1,-1,-1
102,6,1253.55,445.22,37.63,98.01,0.756,-1,-1,-1
102,17,753.43,452.77,87.79,236.69,0.885,-1,-1,-1
102,8,1003.55,448.21,32.63,74.62,0.709,-1,-1,-1
102,7,934.12,436.12,33.52,81.90,0.719,-1,-1,-1
102,27,505.83,445.08,90.15,303.29,0.835,-1,-1,-1
102,30,1103.94,444.50,34.08,104.47,0.597,-1,-1,-1
103,2,654.12,439.96,99.90,300.53,0.916,-1,-1,-1
103,3,542.21,439.25,129.81,366.26,0.854,-1,-1,-1
103,6,1253.56,445.16,37.58,97.99,0.765,-1,-1,-1
103,17,754.52,453.68,87.29,236.38,0.875,-1,-1,-1
103,8,1003.45,447.38,33.07,75.67,0.664,-1,-1,-1
103,7,934.26,436.07,33.50,81.79,0.704,-1,-1,-1
103,27,504.88,444.61,91.90,303.72,0.830,-1,-1,-1
103,30,1103.06,443.28,34.43,105.57,0.679,-1,-1,-1
104,2,655.40,439.61,100.45,301.11,0.917,-1,-1,-1
104,3,544.03,438.47,129.22,366.90,0.823,-1,-1,-1
104,6,1253.51,444.99,37.74,98.34,0.711,-1,-1,-1
104,17,755.61,453.72,87.27,237.69,0.877,-1,-1,-1
104,8,1003.16,447.26,33.12,76.03,0.651,-1,-1,-1
104,7,934.27,436.26,33.63,81.71,0.674,-1,-1,-1
104,27,505.13,444.45,93.16,304.11,0.810,-1,-1,-1
104,30,1102.70,442.21,34.71,106.55,0.597,-1,-1,-1
105,2,657.75,440.09,100.95,301.11,0.924,-1,-1,-1
105,3,542.72,437.78,129.53,367.46,0.856,-1,-1,-1
105,6,1252.76,444.93,37.61,98.46,0.705,-1,-1,-1
105,17,757.92,454.99,87.15,238.22,0.881,-1,-1,-1
105,8,1002.94,447.09,33.18,76.45,0.642,-1,-1,-1
105,7,933.62,436.34,33.41,81.04,0.683,-1,-1,-1
105,27,506.69,444.56,93.69,304.06,0.757,-1,-1,-1
105,30,1103.44,443.58,34.05,104.83,0.607,-1,-1,-1
106,2,659.21,440.02,101.59,301.58,0.922,-1,-1,-1
106,3,542.79,437.13,129.78,368.18,0.862,-1,-1,-1
106,6,1252.32,444.78,37.66,98.56,0.734,-1,-1,-1
106,17,759.04,455.81,87.13,238.56,0.882,-1,-1,-1
106,8,1003.01,446.50,33.51,77.47,0.693,-1,-1,-1
106,7,933.53,436.51,33.38,80.74,0.694,-1,-1,-1
106,27,507.79,443.90,94.12,304.46,0.751,-1,-1,-1
106,30,1103.65,443.78,33.84,104.52,0.528,-1,-1,-1
107,2,661.66,439.38,102.57,302.75,0.924,-1,-1,-1
107,3,542.68,436.10,130.80,369.73,0.880,-1,-1,-1
107,6,1251.15,444.79,37.42,98.49,0.702,-1,-1,-1
107,17,759.60,456.09,87.23,239.49,0.884,-1,-1,-1
107,8,1003.45,446.47,33.32,77.20,0.616,-1,-1,-1
107,7,933.80,436.51,33.78,81.43,0.725,-1,-1,-1
107,27,509.19,443.73,94.47,304.80,0.661,-1,-1,-1
107,30,1103.48,442.83,34.22,105.77,0.534,-1,-1,-1
108,2,662.39,439.05,103.55,304.60,0.923,-1,-1,-1
108,3,542.79,436.21,131.42,370.08,0.881,-1,-1,-1
108,6,1250.96,444.99,37.23,98.29,0.714,-1,-1,-1
108,17,760.27,455.81,87.52,240.53,0.888,-1,-1,-1
108,8,1003.74,446.73,33.50,77.57,0.612,-1,-1,-1
108,7,933.75,436.51,34.13,81.80,0.705,-1,-1,-1
108,27,509.78,444.12,94.57,304.44,0.631,-1,-1,-1
109,2,662.68,438.70,104.39,306.44,0.919,-1,-1,-1
109,3,544.65,436.26,131.91,370.52,0.864,-1,-1,-1
109,6,1250.60,445.52,36.98,97.75,0.734,-1,-1,-1
109,17,759.97,455.17,87.90,241.52,0.892,-1,-1,-1
109,8,1004.16,447.87,32.89,76.21,0.631,-1,-1,-1
109,7,933.44,436.38,34.33,82.05,0.711,-1,-1,-1
109,27,509.43,445.83,94.37,302.92,0.652,-1,-1,-1
109,30,1102.36,439.52,35.30,108.62,0.523,-1,-1,-1
110,2,662.75,438.66,104.95,308.40,0.917,-1,-1,-1
110,3,545.20,436.30,132.93,370.43,0.886,-1,-1,-1
110,6,1250.18,445.04,37.06,98.13,0.725,-1,-1,-1
110,17,760.79,455.31,88.00,241.40,0.902,-1,-1,-1
110,7,933.15,436.21,34.41,82.23,0.727,-1,-1,-1
110,27,518.44,448.53,91.20,298.52,0.559,-1,-1,-1
110,30,1101.00,437.33,36.08,110.65,0.584,-1,-1,-1
111,2,664.04,438.75,105.47,309.49,0.918,-1,-1,-1
111,3,545.36,436.64,134.11,370.96,0.899,-1,-1,-1
111,6,1249.35,444.99,37.12,98.28,0.726,-1,-1,-1
111,17,760.84,456.49,87.94,240.45,0.901,-1,-1,-1
111,7,933.33,436.14,34.61,82.58,0.717,-1,-1,-1
111,30,1100.47,436.88,36.40,111.23,0.597,-1,-1,-1
111,8,1003.96,449.95,31.75,73.70,0.617,-1,-1,-1
112,2,665.84,438.37,106.24,310.84,0.918,-1,-1,-1
112,3,547.00,436.36,135.70,372.97,0.889,-1,-1,-1
112,6,1248.19,445.43,37.15,97.91,0.702,-1,-1,-1
112,17,761.47,456.48,87.85,240.39,0.898,-1,-1,-1
112,7,933.29,436.23,34.95,83.07,0.757,-1,-1,-1
112,30,1100.59,437.96,36.15,110.26,0.592,-1,-1,-1
112,8,1004.37,450.48,31.63,73.38,0.628,-1,-1,-1
112,27,524.06,447.09,89.66,301.11,0.590,-1,-1,-1
113,2,666.43,438.27,107.05,312.89,0.914,-1,-1,-1
113,3,546.86,436.21,137.22,375.15,0.887,-1,-1,-1
113,6,1247.15,445.50,37.36,97.76,0.750,-1,-1,-1
113,17,762.27,455.27,87.85,241.58,0.894,-1,-1,-1
113,7,933.46,436.36,34.67,82.29,0.742,-1,-1,-1
113,30,1101.35,438.47,36.19,110.73,0.525,-1,-1,-1
113,8,1005.02,451.07,31.23,72.58,0.605,-1,-1,-1
113,27,524.42,445.52,88.17,302.47,0.606,-1,-1,-1
114,2,665.63,438.11,107.29,315.00,0.915,-1,-1,-1
114,3,549.86,435.77,137.59,375.94,0.856,-1,-1,-1
114,6,1246.74,445.78,37.26,97.37,0.712,-1,-1,-1
114,17,762.61,454.02,88.28,243.15,0.896,-1,-1,-1
114,7,933.82,436.31,34.84,82.52,0.747,-1,-1,-1
114,30,1101.31,437.36,36.67,112.66,0.531,-1,-1,-1
114,8,1005.88,450.70,31.63,73.44,0.533,-1,-1,-1
114,27,526.90,445.18,86.22,303.01,0.597,-1,-1,-1
114,31,746.18,452.49,34.84,62.22,0.508,-1,-1,-1
115,2,666.60,437.75,107.04,316.09,0.909,-1,-1,-1
115,3,549.30,435.07,138.59,376.46,0.899,-1,-1,-1
115,6,1246.08,446.23,37.18,96.71,0.701,-1,-1,-1
115,17,764.31,455.00,87.57,241.78,0.887,-1,-1,-1
115,7,934.65,436.26,35.09,82.63,0.758,-1,-1,-1
115,8,1006.32,450.15,32.10,74.46,0.517,-1,-1,-1
116,2,667.70,438.00,106.72,317.16,0.913,-1,-1,-1
116,3,548.92,435.05,139.17,376.08,0.893,-1,-1,-1
116,6,1243.96,445.11,37.33,97.34,0.734,-1,-1,-1
116,17,765.90,453.37,88.17,243.17,0.900,-1,-1,-1
116,7,935.29,436.38,35.20,82.61,0.760,-1,-1,-1
116,8,1005.86,450.26,31.96,73.77,0.528,-1,-1,-1
117,2,667.99,438.66,106.24,317.45,0.912,-1,-1,-1
117,3,549.27,434.66,140.11,376.65,0.894,-1,-1,-1
117,6,1242.44,445.02,37.13,97.41,0.748,-1,-1,-1
117,17,766.89,451.79,88.93,245.24,0.900,-1,-1,-1
117,7,935.61,436.24,35.30,82.57,0.737,-1,-1,-1
117,30,1090.32,433.16,48.43,149.54,0.567,-1,-1,-1
118,2,666.95,439.18,105.52,318.18,0.910,-1,-1,-1
118,3,548.38,435.94,141.08,376.99,0.902,-1,-1,-1
118,6,1240.85,445.41,36.91,97.28,0.711,-1,-1,-1
118,17,767.74,452.24,89.13,245.47,0.899,-1,-1,-1
118,7,936.06,436.66,35.63,82.91,0.749,-1,-1,-1
118,8,1007.11,450.41,32.01,73.31,0.600,-1,-1,-1
119,2,668.00,439.92,105.06,319.76,0.906,-1,-1,-1
119,3,544.43,437.34,143.39,380.71,0.905,-1,-1,-1
119,6,1239.70,444.98,36.85,98.10,0.679,-1,-1,-1
119,17,769.48,452.20,89.85,246.39,0.909,-1,-1,-1
119,7,936.27,436.84,35.71,82.73,0.725,-1,-1,-1
119,8,1007.85,449.56,32.58,74.12,0.574,-1,-1,-1
119,30,1096.86,438.61,39.50,120.57,0.544,-1,-1,-1
120,2,670.78,440.52,104.86,320.52,0.905,-1,-1,-1
120,3,544.45,439.77,144.72,382.38,0.890,-1,-1,-1
120,6,1239.21,445.68,36.39,97.84,0.664,-1,-1,-1
120,17,771.66,452.04,90.80,246.67,0.913,-1,-1,-1
120,7,936.56,436.90,35.66,82.04,0.729,-1,-1,-1
120,8,1007.80,449.15,32.82,74.59,0.581,-1,-1,-1
120,30,1099.03,440.08,36.62,110.47,0.574,-1,-1,-1
121,2,672.64,440.72,104.61,321.42,0.906,-1,-1,-1
121,3,545.87,440.99,145.50,384.53,0.882,-1,-1,-1
121,6,1238.72,446.84,35.53,96.67,0.664,-1,-1,-1
121,17,774.13,452.55,92.01,246.38,0.914,-1,-1,-1
121,7,937.33,436.95,36.00,81.59,0.741,-1,-1,-1
121,8,1007.88,448.99,32.98,74.86,0.543,-1,-1,-1
122,2,675.31,440.18,104.42,322.42,0.906,-1,-1,-1
122,3,547.67,441.33,146.20,386.78,0.885,-1,-1,-1
122,6,1237.82,446.98,34.99,96.46,0.681,-1,-1,-1
122,17,776.69,453.52,93.47,246.22,0.906,-1,-1,-1
122,7,938.02,437.12,36.34,81.48,0.758,-1,-1,-1
122,8,1008.11,449.06,32.98,74.66,0.516,-1,-1,-1
123,2,677.42,439.55,104.36,323.37,0.905,-1,-1,-1
123,3,547.70,441.16,147.23,389.09,0.895,-1,-1,-1
123,6,1237.73,447.95,34.28,95.51,0.583,-1,-1,-1
123,17,778.72,453.94,95.17,246.11,0.909,-1,-1,-1
123,7,939.18,437.43,37.65,83.75,0.659,-1,-1,-1
123,8,1006.46,448.32,33.88,75.23,0.611,-1,-1,-1
124,2,678.69,438.02,104.13,324.73,0.904,-1,-1,-1
124,3,551.36,440.77,147.65,391.29,0.910,-1,-1,-1
124,6,1236.87,450.36,33.40,92.91,0.653,-1,-1,-1
124,17,782.81,454.73,96.22,246.04,0.906,-1,-1,-1
124,7,940.10,436.79,38.83,85.64,0.730,-1,-1,-1
124,8,1006.00,448.48,34.00,74.50,0.532,-1,-1,-1
125,2,679.82,437.20,103.58,325.60,0.896,-1,-1,-1
125,3,552.81,440.16,148.04,393.06,0.904,-1,-1,-1
125,6,1235.89,451.75,33.23,91.72,0.643,-1,-1,-1
125,17,784.74,456.05,96.73,245.82,0.911,-1,-1,-1
125,7,940.89,436.63,39.47,86.26,0.557,-1,-1,-1
126,2,681.10,436.69,102.92,325.96,0.897,-1,-1,-1
126,3,552.92,439.00,149.15,394.83,0.904,-1,-1,-1
126,6,1234.45,450.72,33.87,93.03,0.659,-1,-1,-1
126,17,784.95,456.27,97.62,247.46,0.907,-1,-1,-1
126,7,940.85,436.67,40.11,86.76,0.505,-1,-1,-1
127,2,682.71,435.93,102.81,326.77,0.895,-1,-1,-1
127,3,556.60,437.82,149.51,396.41,0.897,-1,-1,-1
127,6,1231.13,449.68,35.28,94.82,0.705,-1,-1,-1
127,17,784.73,455.41,98.80,249.96,0.908,-1,-1,-1
127,7,942.34,437.12,39.97,86.07,0.634,-1,-1,-1
127,30,1082.45,440.20,51.42,153.59,0.632,-1,-1,-1
128,2,685.63,435.65,103.52,327.24,0.906,-1,-1,-1
128,3,559.70,437.63,149.72,396.53,0.892,-1,-1,-1
128,6,1228.28,450.51,36.06,94.22,0.658,-1,-1,-1
128,17,785.61,454.24,99.38,251.80,0.902,-1,-1,-1
128,7,943.71,437.22,40.00,85.83,0.684,-1,-1,-1
128,37,840.78,441.68,49.76,131.88,0.567,-1,-1,-1
128,30,1082.37,443.89,52.15,152.86,0.674,-1,-1,-1
129,2,685.66,435.22,103.65,328.02,0.892,-1,-1,-1
129,3,562.82,437.17,149.91,397.09,0.895,-1,-1,-1
129,6,1226.53,451.62,36.66,93.11,0.665,-1,-1,-1
129,17,787.67,456.14,98.56,250.77,0.911,-1,-1,-1
129,7,945.54,437.00,39.95,85.88,0.711,-1,-1,-1
129,30,1083.15,446.62,52.78,150.86,0.710,-1,-1,-1
130,2,684.09,435.20,103.24,328.08,0.892,-1,-1,-1
130,3,565.09,436.51,150.14,397.58,0.892,-1,-1,-1
130,6,1225.10,453.98,36.86,90.97,0.503,-1,-1,-1
130,17,789.26,456.02,98.29,250.97,0.905,-1,-1,-1
130,7,946.92,436.52,39.89,86.11,0.688,-1,-1,-1
130,30,1084.70,453.70,52.37,143.91,0.775,-1,-1,-1
131,2,685.56,434.88,102.89,328.18,0.901,-1,-1,-1
131,3,567.01,435.10,150.40,398.64,0.895,-1,-1,-1
131,6,1225.49,454.05,37.67,91.07,0.569,-1,-1,-1
131,17,791.21,455.06,98.30,252.06,0.901,-1,-1,-1
131,7,948.12,436.41,40.03,86.77,0.698,-1,-1,-1
131,30,1084.96,454.32,52.96,142.45,0.715,-1,-1,-1
132,2,686.33,434.83,102.19,328.02,0.897,-1,-1,-1
132,3,569.36,433.68,150.58,400.09,0.894,-1,-1,-1
132,6,1224.56,454.54,38.48,90.81,0.569,-1,-1,-1
132,17,792.31,452.71,99.29,254.49,0.898,-1,-1,-1
132,7,949.45,436.50,39.57,86.32,0.636,-1,-1,-1
132,30,1085.12,452.98,53.77,143.44,0.531,-1,-1,-1
133,2,687.52,434.34,101.61,328.29,0.894,-1,-1,-1
133,3,570.10,432.82,150.83,401.43,0.897,-1,-1,-1
133,6,1223.40,452.94,39.71,92.37,0.628,-1,-1,-1
133,17,794.73,453.99,98.61,253.19,0.886,-1,-1,-1
133,7,949.68,436.59,39.39,86.47,0.669,-1,-1,-1
133,30,1084.44,449.72,55.17,146.34,0.556,-1,-1,-1
133,8,1006.48,449.67,33.66,73.56,0.607,-1,-1,-1
134,2,689.32,433.73,101.37,328.75,0.895,-1,-1,-1
134,3,570.13,432.99,151.01,402.41,0.904,-1,-1,-1
134,6,1221.86,449.07,41.48,96.03,0.579,-1,-1,-1
134,17,796.76,450.98,100.14,256.62,0.897,-1,-1,-1
134,7,949.82,436.42,39.81,87.80,0.698,-1,-1,-1
134,30,1082.74,450.24,55.40,145.64,0.598,-1,-1,-1
134,8,1005.99,449.97,33.37,72.81,0.619,-1,-1,-1
135,2,690.40,432.98,101.00,328.96,0.900,-1,-1,-1
135,3,570.05,433.34,152.19,406.52,0.905,-1,-1,-1
135,6,1220.82,447.79,42.20,97.57,0.636,-1,-1,-1
135,17,796.37,450.60,100.02,256.90,0.880,-1,-1,-1
135,7,950.53,436.19,40.08,88.73,0.686,-1,-1,-1
135,30,1081.50,459.94,52.40,136.66,0.514,-1,-1,-1
135,8,1005.26,449.77,33.00,72.68,0.540,-1,-1,-1
136,2,692.51,432.81,100.58,328.78,0.904,-1,-1,-1
136,3,570.12,432.89,153.85,412.81,0.900,-1,-1,-1
136,6,1219.47,446.39,42.63,98.99,0.582,-1,-1,-1
136,17,796.28,449.89,99.60,257.12,0.878,-1,-1,-1
136,7,951.15,436.19,39.95,88.82,0.674,-1,-1,-1
136,30,1081.36,458.91,53.20,137.57,0.638,-1,-1,-1
136,8,1004.79,449.32,32.89,73.03,0.515,-1,-1,-1
137,2,694.43,432.50,99.93,328.77,0.906,-1,-1,-1
137,3,569.92,433.04,155.43,419.19,0.899,-1,-1,-1
137,6,1217.70,445.57,42.28,99.79,0.585,-1,-1,-1
137,17,798.84,450.09,98.90,256.74,0.892,-1,-1,-1
137,7,953.15,436.67,39.62,88.35,0.680,-1,-1,-1
137,30,1080.98,457.90,53.80,138.40,0.658,-1,-1,-1
137,8,1004.40,449.32,32.50,72.85,0.550,-1,-1,-1
138,2,696.99,432.20,99.94,329.46,0.914,-1,-1,-1
138,3,569.67,432.76,157.08,426.32,0.896,-1,-1,-1
138,6,1216.09,444.85,41.88,100.46,0.562,-1,-1,-1
138,17,800.64,449.01,98.73,258.30,0.902,-1,-1,-1
138,7,953.71,436.94,39.66,89.14,0.707,-1,-1,-1
138,8,1005.66,448.89,32.53,73.37,0.583,-1,-1,-1
139,2,699.20,431.92,100.32,329.63,0.912,-1,-1,-1
139,3,570.07,433.05,156.88,428.22,0.901,-1,-1,-1
139,6,1215.51,444.28,41.39,100.72,0.592,-1,-1,-1
139,17,804.62,449.71,98.19,258.42,0.904,-1,-1,-1
139,7,955.01,437.52,38.56,86.98,0.640,-1,-1,-1
139,8,1006.73,448.45,32.68,73.86,0.593,-1,-1,-1
140,2,700.92,431.68,101.22,330.46,0.913,-1,-1,-1
140,3,570.37,431.82,156.71,429.64,0.884,-1,-1,-1
140,6,1214.30,444.71,40.55,100.21,0.643,-1,-1,-1
140,17,806.34,449.64,98.41,261.71,0.896,-1,-1,-1
140,7,956.59,437.65,38.75,87.72,0.644,-1,-1,-1
141,2,703.01,431.64,102.69,331.57,0.918,-1,-1,-1
141,3,569.39,431.27,156.67,430.89,0.895,-1,-1,-1
141,6,1212.86,445.26,40.01,100.35,0.685,-1,-1,-1
141,17,808.31,448.88,97.91,263.91,0.893,-1,-1,-1
141,7,958.50,437.80,38.52,87.15,0.609,-1,-1,-1
141,42,481.01,457.43,44.60,115.27,0.534,-1,-1,-1
141,8,1007.20,448.46,32.95,74.38,0.566,-1,-1,-1
142,2,704.83,432.14,104.39,332.22,0.927,-1,-1,-1
142,3,570.28,431.60,156.25,431.69,0.905,-1,-1,-1
142,6,1211.47,445.51,39.27,99.83,0.705,-1,-1,-1
142,17,808.95,447.04,98.59,268.82,0.897,-1,-1,-1
142,7,959.16,437.95,38.93,87.75,0.555,-1,-1,-1
142,30,1080.04,461.48,52.51,134.41,0.562,-1,-1,-1
143,2,706.23,432.44,106.39,332.46,0.923,-1,-1,-1
143,3,570.68,432.01,156.23,433.80,0.900,-1,-1,-1
143,6,1210.34,445.95,38.50,99.15,0.716,-1,-1,-1
143,17,809.95,444.57,99.02,273.90,0.890,-1,-1,-1
143,7,959.45,438.58,38.55,86.24,0.506,-1,-1,-1
143,42,479.74,458.89,43.46,112.05,0.553,-1,-1,-1
144,2,707.82,433.35,108.35,332.07,0.922,-1,-1,-1
144,3,570.65,433.89,156.13,436.06,0.905,-1,-1,-1
144,6,1207.85,445.65,38.18,100.09,0.619,-1,-1,-1
144,17,811.57,445.08,96.92,272.38,0.869,-1,-1,-1
144,7,959.14,439.44,38.65,86.26,0.501,-1,-1,-1
144,43,875.07,438.49,79.78,238.54,0.751,-1,-1,-1
144,42,479.24,458.44,42.46,108.90,0.607,-1,-1,-1
145,2,710.02,433.91,110.70,332.33,0.917,-1,-1,-1
145,3,567.93,434.79,156.34,438.04,0.905,-1,-1,-1
145,6,1205.75,445.35,38.01,100.87,0.664,-1,-1,-1
145,17,814.52,445.93,95.06,270.46,0.881,-1,-1,-1
145,7,959.23,439.82,38.71,85.84,0.528,-1,-1,-1
145,43,876.90,438.29,79.85,238.80,0.772,-1,-1,-1
145,42,477.98,457.59,44.78,114.39,0.655,-1,-1,-1
145,30,1081.51,462.48,52.19,132.85,0.630,-1,-1,-1
146,2,711.50,434.40,113.41,333.18,0.925,-1,-1,-1
146,3,567.68,435.35,156.55,441.10,0.894,-1,-1,-1
146,6,1203.25,444.21,37.95,101.53,0.650,-1,-1,-1
146,17,817.58,446.79,93.77,270.22,0.888,-1,-1,-1
146,7,959.08,439.70,38.97,86.29,0.606,-1,-1,-1
146,43,877.32,435.55,80.62,241.57,0.758,-1,-1,-1
146,42,476.48,458.70,45.21,115.02,0.616,-1,-1,-1
146,8,1006.30,448.85,33.41,75.46,0.600,-1,-1,-1
147,2,712.48,435.02,115.71,334.31,0.927,-1,-1,-1
147,3,563.87,435.30,157.85,446.10,0.894,-1,-1,-1
147,6,1201.65,443.49,37.88,101.50,0.678,-1,-1,-1
147,17,821.34,449.64,92.34,269.74,0.875,-1,-1,-1
147,7,960.11,440.45,40.31,88.66,0.620,-1,-1,-1
147,43,879.44,435.24,80.54,241.79,0.813,-1,-1,-1
147,42,476.03,456.78,46.63,118.11,0.584,-1,-1,-1
147,8,1006.43,448.82,33.28,75.19,0.540,-1,-1,-1
147,30,1079.05,476.74,47.19,119.40,0.519,-1,-1,-1
148,2,713.57,435.80,117.12,334.16,0.931,-1,-1,-1
148,3,559.01,434.38,159.84,452.47,0.905,-1,-1,-1
148,6,1200.59,444.07,37.48,100.57,0.691,-1,-1,-1
148,17,824.74,452.17,91.47,270.18,0.878,-1,-1,-1
148,7,960.26,441.01,40.46,88.55,0.589,-1,-1,-1
148,43,882.82,435.49,80.39,241.94,0.826,-1,-1,-1
148,30,1078.21,476.37,47.66,120.15,0.592,-1,-1,-1
149,2,715.01,436.64,118.38,334.85,0.928,-1,-1,-1
149,3,554.71,433.94,161.02,455.59,0.916,-1,-1,-1
149,6,1199.27,444.94,37.16,99.53,0.691,-1,-1,-1
149,17,826.76,452.04,90.93,271.46,0.881,-1,-1,-1
149,7,960.96,442.36,38.86,84.22,0.505,-1,-1,-1
149,43,885.19,436.04,80.11,241.76,0.818,-1,-1,-1
149,30,1077.38,472.35,49.22,124.59,0.569,-1,-1,-1
149,8,1005.57,448.73,33.60,75.42,0.527,-1,-1,-1
150,2,715.67,436.58,119.73,336.93,0.930,-1,-1,-1
150,3,551.63,431.27,162.77,459.82,0.912,-1,-1,-1
150,6,1198.07,445.30,37.30,99.52,0.714,-1,-1,-1
150,17,828.36,451.92,90.97,274.40,0.887,-1,-1,-1
150,43,886.24,435.68,79.99,241.98,0.836,-1,-1,-1
150,30,1077.25,472.96,49.06,124.07,0.553,-1,-1,-1
150,46,499.81,453.78,39.00,105.24,0.527,-1,-1,-1
151,2,715.84,435.24,120.55,338.92,0.928,-1,-1,-1
151,3,549.65,429.20,164.15,462.37,0.909,-1,-1,-1
151,6,1197.05,445.66,37.22,99.00,0.715,-1,-1,-1
151,17,829.55,452.93,90.56,275.49,0.889,-1,-1,-1
151,43,889.30,434.17,80.30,243.54,0.853,-1,-1,-1
151,30,1076.51,476.05,48.37,121.43,0.533,-1,-1,-1
151,46,500.18,454.00,39.09,105.50,0.548,-1,-1,-1
151,48,1125.31,453.69,37.41,88.99,0.559,-1,-1,-1
151,42,470.25,459.63,45.27,115.97,0.580,-1,-1,-1
152,2,716.20,434.44,120.97,340.07,0.923,-1,-1,-1
152,3,546.88,427.58,165.28,463.90,0.906,-1,-1,-1
152,6,1196.52,447.19,36.73,97.36,0.749,-1,-1,-1
152,17,830.66,454.77,89.68,274.67,0.885,-1,-1,-1
152,43,889.34,433.67,80.40,244.22,0.838,-1,-1,-1
152,30,1075.32,458.83,54.76,137.65,0.521,-1,-1,-1
152,46,500.49,453.86,39.22,105.81,0.506,-1,-1,-1
152,48,1126.70,455.62,36.59,87.14,0.596,-1,-1,-1
152,42,469.69,459.80,44.94,115.89,0.507,-1,-1,-1
153,2,717.24,433.45,121.20,341.06,0.921,-1,-1,-1
153,3,543.68,426.87,165.70,464.98,0.916,-1,-1,-1
153,6,1195.53,447.60,36.79,97.24,0.739,-1,-1,-1
153,17,831.41,453.96,89.59,275.75,0.882,-1,-1,-1
153,43,890.61,432.89,80.37,245.03,0.842,-1,-1,-1
153,30,1074.63,470.52,50.51,126.15,0.546,-1,-1,-1
153,48,1128.15,458.88,35.37,84.31,0.618,-1,-1,-1
154,2,718.79,432.82,121.13,341.68,0.917,-1,-1,-1
154,3,540.80,426.34,166.01,465.48,0.914,-1,-1,-1
154,6,1194.67,448.89,36.27,95.89,0.719,-1,-1,-1
154,17,832.49,453.23,89.19,276.25,0.893,-1,-1,-1
154,43,892.07,432.14,80.37,246.23,0.872,-1,-1,-1
154,30,1072.99,475.60,49.02,121.37,0.568,-1,-1,-1
154,48,1128.91,460.53,34.76,82.91,0.650,-1,-1,-1
154,46,499.71,452.51,39.70,107.14,0.523,-1,-1,-1
155,2,720.75,432.12,120.99,342.33,0.917,-1,-1,-1
155,3,538.37,426.21,166.22,465.78,0.913,-1,-1,-1
155,6,1193.75,448.46,36.47,96.47,0.719,-1,-1,-1
155,17,833.98,451.26,89.39,278.35,0.891,-1,-1,-1
155,43,893.79,432.24,80.62,248.26,0.865,-1,-1,-1
155,30,1072.23,477.93,48.32,118.79,0.539,-1,-1,-1
155,48,1129.32,458.95,35.21,84.42,0.634,-1,-1,-1
155,49,667.50,450.94,68.20,336.44,0.599,-1,-1,-1
155,42,466.98,456.80,45.07,118.12,0.517,-1,-1,-1
156,2,722.96,431.51,120.62,342.86,0.918,-1,-1,-1
156,3,536.37,426.41,166.40,465.31,0.906,-1,-1,-1
156,6,1193.44,449.32,36.35,96.37,0.736,-1,-1,-1
156,17,835.16,449.56,89.64,280.23,0.894,-1,-1,-1
156,43,894.82,432.38,80.99,251.59,0.862,-1,-1,-1
156,30,1072.11,480.66,47.47,115.69,0.504,-1,-1,-1
156,49,666.96,446.70,68.91,339.86,0.658,-1,-1,-1
157,2,725.44,431.35,120.65,343.11,0.918,-1,-1,-1
157,3,533.24,426.22,166.59,465.37,0.916,-1,-1,-1
157,6,1192.59,448.56,36.49,97.22,0.683,-1,-1,-1
157,17,837.22,448.55,89.49,281.07,0.890,-1,-1,-1
157,43,897.36,433.53,80.66,252.11,0.868,-1,-1,-1
157,30,1070.64,477.20,48.94,118.89,0.515,-1,-1,-1
157,49,666.21,442.82,70.10,345.26,0.829,-1,-1,-1
158,2,728.84,431.23,121.18,343.06,0.914,-1,-1,-1
158,3,532.17,425.91,166.58,465.38,0.914,-1,-1,-1
158,6,1192.32,449.02,36.14,96.97,0.657,-1,-1,-1
158,17,839.48,445.72,89.91,283.66,0.894,-1,-1,-1
158,43,900.34,434.93,80.20,250.95,0.866,-1,-1,-1
158,30,1070.83,480.32,48.04,116.06,0.608,-1,-1,-1
158,49,667.31,441.00,71.00,348.04,0.862,-1,-1,-1
158,42,466.24,455.66,44.51,118.72,0.531,-1,-1,-1
159,2,732.44,430.78,121.56,343.47,0.913,-1,-1,-1
159,3,533.93,425.99,166.83,465.45,0.904,-1,-1,-1
159,6,1191.79,448.58,36.02,97.45,0.571,-1,-1,-1
159,17,841.22,446.48,89.18,282.93,0.887,-1,-1,-1
159,43,903.60,435.78,80.63,250.68,0.826,-1,-1,-1
159,30,1071.50,481.04,47.79,115.01,0.542,-1,-1,-1
159,49,668.50,440.36,71.83,349.36,0.866,-1,-1,-1
159,42,465.99,452.80,45.01,122.43,0.617,-1,-1,-1
159,46,498.95,448.73,40.73,109.95,0.523,-1,-1,-1
160,2,734.75,431.33,121.24,343.05,0.920,-1,-1,-1
160,3,532.96,425.89,167.00,465.51,0.908,-1,-1,-1
160,17,842.89,446.56,88.43,282.71,0.893,-1,-1,-1
160,43,907.08,436.11,81.29,250.52,0.857,-1,-1,-1
160,30,1071.46,481.35,47.99,114.88,0.555,-1,-1,-1
160,49,669.35,440.42,72.51,349.63,0.865,-1,-1,-1
160,42,465.97,452.51,44.26,122.57,0.640,-1,-1,-1
161,2,736.92,431.11,121.27,343.43,0.920,-1,-1,-1
161,3,532.55,426.13,167.07,465.23,0.912,-1,-1,-1
161,17,845.60,446.02,88.06,282.19,0.897,-1,-1,-1
161,43,910.73,436.87,82.18,251.27,0.858,-1,-1,-1
161,30,1071.57,481.70,48.15,114.49,0.559,-1,-1,-1
161,49,669.44,440.69,73.48,351.02,0.857,-1,-1,-1
161,42,466.15,453.74,43.03,120.78,0.578,-1,-1,-1
161,48,1131.72,445.99,39.81,97.56,0.502,-1,-1,-1
161,6,1189.26,450.77,34.54,95.00,0.542,-1,-1,-1
161,46,498.73,450.02,40.02,107.92,0.553,-1,-1,-1
162,2,738.87,431.18,121.10,343.75,0.917,-1,-1,-1
162,3,532.60,425.93,167.72,465.92,0.906,-1,-1,-1
162,17,847.64,445.29,88.07,283.44,0.901,-1,-1,-1
162,43,913.82,438.42,82.73,251.84,0.822,-1,-1,-1
162,30,1073.03,481.74,48.21,114.23,0.574,-1,-1,-1
162,49,669.88,441.45,74.78,355.05,0.850,-1,-1,-1
162,42,466.63,454.54,42.43,120.43,0.560,-1,-1,-1
162,6,1188.71,452.06,33.14,92.86,0.511,-1,-1,-1
162,46,499.50,450.07,40.07,107.89,0.567,-1,-1,-1
163,2,740.23,431.79,120.69,343.61,0.916,-1,-1,-1
163,3,533.76,425.80,168.25,465.86,0.904,-1,-1,-1
163,17,851.72,445.09,88.84,284.65,0.904,-1,-1,-1
163,43,917.45,439.27,83.21,253.30,0.797,-1,-1,-1
163,30,1072.76,481.66,48.83,114.85,0.500,-1,-1,-1
163,49,670.81,442.85,75.50,357.33,0.837,-1,-1,-1
163,42,467.02,453.92,42.24,121.20,0.644,-1,-1,-1
163,6,1187.79,451.43,32.60,93.47,0.533,-1,-1,-1
163,46,501.16,447.83,40.87,110.13,0.532,-1,-1,-1
163,48,1135.27,442.48,40.48,100.92,0.542,-1,-1,-1
164,2,743.19,432.80,119.94,342.65,0.910,-1,-1,-1
164,3,534.71,425.44,169.64,466.91,0.911,-1,-1,-1
164,17,856.34,446.23,90.19,284.69,0.913,-1,-1,-1
164,43,920.72,439.07,83.13,254.35,0.839,-1,-1,-1
164,49,672.53,443.16,76.64,360.63,0.827,-1,-1,-1
164,42,466.85,453.09,42.13,122.12,0.631,-1,-1,-1
164,6,1186.23,451.11,32.22,94.18,0.513,-1,-1,-1
164,46,501.52,448.01,40.69,109.68,0.517,-1,-1,-1
164,48,1140.38,440.23,41.56,103.44,0.582,-1,-1,-1
164,8,1000.58,449.12,31.94,74.05,0.510,-1,-1,-1
165,2,745.62,433.03,120.18,344.38,0.909,-1,-1,-1
165,3,537.46,424.81,172.33,470.33,0.912,-1,-1,-1
165,17,862.11,445.92,92.92,286.31,0.914,-1,-1,-1
165,43,922.77,438.41,83.17,256.05,0.854,-1,-1,-1
165,49,674.91,443.27,76.77,357.74,0.838,-1,-1,-1
165,42,468.06,455.08,40.96,119.63,0.506,-1,-1,-1
165,48,1141.94,438.33,42.10,105.67,0.587,-1,-1,-1
166,2,747.20,433.20,120.58,346.10,0.908,-1,-1,-1
166,3,538.98,425.14,174.74,473.60,0.907,-1,-1,-1
166,17,866.48,446.77,95.20,285.61,0.921,-1,-1,-1
166,43,924.22,437.81,83.18,257.26,0.872,-1,-1,-1
166,49,675.46,443.52,77.94,359.20,0.856,-1,-1,-1
166,42,468.85,456.95,40.09,117.83,0.558,-1,-1,-1
166,48,1143.14,437.94,41.86,105.55,0.580,-1,-1,-1
166,8,1000.38,447.86,31.17,74.18,0.545,-1,-1,-1
167,2,748.87,432.81,120.90,347.84,0.908,-1,-1,-1
167,3,541.17,424.66,177.51,475.99,0.916,-1,-1,-1
167,17,870.62,445.73,98.33,287.11,0.923,-1,-1,-1
167,43,926.36,437.31,82.62,257.76,0.886,-1,-1,-1
167,49,675.57,443.78,78.04,357.72,0.830,-1,-1,-1
167,42,469.51,458.06,39.61,116.91,0.587,-1,-1,-1
167,48,1144.23,438.10,41.71,105.50,0.611,-1,-1,-1
167,8,1000.20,447.55,30.79,74.31,0.518,-1,-1,-1
168,2,749.16,434.09,121.31,350.67,0.906,-1,-1,-1
168,3,544.30,425.06,179.06,473.89,0.922,-1,-1,-1
168,17,873.92,444.78,101.25,288.32,0.926,-1,-1,-1
168,43,929.09,436.13,82.54,259.06,0.891,-1,-1,-1
168,49,674.05,444.45,78.30,357.13,0.850,-1,-1,-1
168,42,468.37,455.49,39.92,119.22,0.622,-1,-1,-1
168,48,1145.20,438.98,41.41,104.68,0.667,-1,-1,-1
168,8,999.54,447.09,30.81,75.02,0.594,-1,-1,-1
168,30,1074.49,438.81,64.16,157.40,0.589,-1,-1,-1
168,6,1181.38,449.61,32.84,96.40,0.517,-1,-1,-1
168,46,502.09,454.97,38.02,103.16,0.503,-1,-1,-1
169,2,749.65,434.61,121.99,353.45,0.903,-1,-1,-1
169,3,547.66,424.57,181.58,473.02,0.926,-1,-1,-1
169,17,875.59,444.91,103.91,289.06,0.921,-1,-1,-1
169,43,932.01,436.46,81.91,259.07,0.867,-1,-1,-1
169,49,676.29,444.84,78.88,357.37,0.845,-1,-1,-1
169,42,468.13,454.88,39.75,119.91,0.649,-1,-1,-1
169,48,1145.81,438.16,41.59,105.32,0.667,-1,-1,-1
169,46,501.25,455.03,37.76,103.61,0.585,-1,-1,-1
170,2,751.69,434.86,121.96,354.83,0.906,-1,-1,-1
170,3,551.29,425.27,184.20,472.19,0.930,-1,-1,-1
170,17,876.93,446.23,106.31,289.42,0.926,-1,-1,-1
170,43,934.38,435.52,81.73,260.15,0.879,-1,-1,-1
170,49,677.31,444.54,79.10,358.45,0.837,-1,-1,-1
170,42,467.88,455.17,39.21,119.68,0.657,-1,-1,-1
170,48,1146.58,438.84,41.14,104.41,0.636,-1,-1,-1
170,46,500.73,455.94,36.86,102.52,0.546,-1,-1,-1
170,30,1074.70,437.11,62.84,158.62,0.578,-1,-1,-1
171,2,753.40,434.87,121.51,355.47,0.908,-1,-1,-1
171,3,555.14,425.26,187.00,473.04,0.924,-1,-1,-1
171,17,878.22,447.25,108.22,289.47,0.926,-1,-1,-1
171,43,939.22,434.13,81.58,262.04,0.852,-1,-1,-1
171,49,678.50,444.17,79.62,361.64,0.816,-1,-1,-1
171,42,468.08,455.01,38.75,119.90,0.665,-1,-1,-1
171,48,1147.32,438.48,41.11,104.75,0.634,-1,-1,-1
171,46,500.93,456.00,36.37,102.59,0.541,-1,-1,-1
171,30,1075.54,437.69,61.04,157.64,0.582,-1,-1,-1
172,2,756.76,435.03,121.14,355.47,0.906,-1,-1,-1
172,3,558.78,426.13,190.72,474.33,0.927,-1,-1,-1
172,17,877.79,447.57,109.92,290.52,0.923,-1,-1,-1
172,43,944.18,434.49,80.80,260.71,0.828,-1,-1,-1
172,49,679.48,444.45,80.35,365.81,0.818,-1,-1,-1
172,42,468.43,456.91,37.75,118.27,0.705,-1,-1,-1
172,48,1147.84,439.98,40.37,103.23,0.568,-1,-1,-1
172,46,502.77,456.12,36.10,102.61,0.558,-1,-1,-1
172,30,1076.39,439.87,59.23,155.40,0.573,-1,-1,-1
172,6,1175.58,450.33,33.37,95.57,0.521,-1,-1,-1
173,2,759.79,434.92,121.20,355.97,0.900,-1,-1,-1
173,3,558.32,426.70,194.91,478.00,0.933,-1,-1,-1
173,17,876.95,447.21,111.85,291.87,0.920,-1,-1,-1
173,43,945.86,431.18,81.37,263.40,0.860,-1,-1,-1
173,49,683.10,444.02,80.53,367.38,0.795,-1,-1,-1
173,42,468.53,457.41,37.32,117.92,0.704,-1,-1,-1
173,48,1148.09,439.81,40.31,103.58,0.596,-1,-1,-1
173,46,503.89,455.59,36.36,103.68,0.642,-1,-1,-1
173,30,1077.21,442.35,57.60,153.08,0.615,-1,-1,-1
174,2,761.58,435.89,121.85,357.57,0.902,-1,-1,-1
174,3,559.81,427.61,198.14,479.92,0.932,-1,-1,-1
174,17,876.86,446.36,113.31,293.05,0.915,-1,-1,-1
174,43,948.32,430.47,81.42,263.29,0.871,-1,-1,-1
174,49,686.01,443.99,80.60,368.74,0.676,-1,-1,-1
174,42,468.92,458.20,36.89,117.04,0.736,-1,-1,-1
174,48,1148.36,439.69,40.23,104.09,0.538,-1,-1,-1
174,46,504.51,455.72,36.29,103.50,0.627,-1,-1,-1
174,30,1077.25,445.35,56.24,150.50,0.623,-1,-1,-1
174,6,1168.19,451.35,36.13,95.77,0.622,-1,-1,-1
175,2,763.38,436.63,121.95,359.44,0.894,-1,-1,-1
175,3,564.15,428.54,200.31,480.94,0.920,-1,-1,-1
175,17,877.31,445.96,114.20,293.50,0.916,-1,-1,-1
175,43,953.08,430.58,81.47,262.81,0.862,-1,-1,-1
175,49,689.40,443.50,80.32,369.58,0.601,-1,-1,-1
175,42,468.96,458.04,36.71,117.07,0.714,-1,-1,-1
175,46,503.11,456.18,36.29,103.37,0.603,-1,-1,-1
175,30,1077.22,447.00,55.42,149.18,0.581,-1,-1,-1
175,6,1162.93,448.61,39.44,98.48,0.643,-1,-1,-1
176,2,763.85,437.18,121.45,361.60,0.893,-1,-1,-1
176,3,565.26,428.20,202.16,482.87,0.931,-1,-1,-1
176,17,878.19,444.96,114.86,294.59,0.916,-1,-1,-1
176,43,959.25,431.04,82.18,262.76,0.888,-1,-1,-1
176,42,469.15,459.12,36.14,116.06,0.757,-1,-1,-1
176,46,502.09,455.49,36.31,103.71,0.673,-1,-1,-1
176,30,1078.22,445.39,55.47,150.72,0.597,-1,-1,-1
176,6,1161.70,449.22,40.99,97.59,0.690,-1,-1,-1
177,2,765.17,437.88,120.99,362.56,0.886,-1,-1,-1
177,3,569.29,427.88,202.68,484.73,0.927,-1,-1,-1
177,17,879.48,444.27,115.16,295.36,0.910,-1,-1,-1
177,43,964.57,432.38,83.33,262.85,0.874,-1,-1,-1
177,42,468.89,459.09,36.14,116.68,0.783,-1,-1,-1
177,46,501.93,454.97,36.59,104.25,0.675,-1,-1,-1
177,30,1077.46,451.65,53.18,144.44,0.601,-1,-1,-1
177,6,1160.28,447.45,43.22,99.45,0.776,-1,-1,-1
178,2,766.95,438.10,120.15,362.91,0.890,-1,-1,-1
178,3,571.14,427.44,203.05,486.43,0.932,-1,-1,-1
178,17,882.74,443.94,114.90,295.98,0.905,-1,-1,-1
178,43,970.28,432.15,85.05,263.72,0.865,-1,-1,-1
178,42,468.27,459.34,35.76,116.21,0.768,-1,-1,-1
178,46,500.19,453.72,36.68,105.22,0.662,-1,-1,-1
178,6,1157.55,444.51,45.42,102.68,0.775,-1,-1,-1
179,2,768.79,437.37,119.67,363.88,0.881,-1,-1,-1
179,3,573.33,426.71,202.72,487.64,0.927,-1,-1,-1
179,17,886.48,443.74,114.31,296.30,0.906,-1,-1,-1
179,43,975.22,437.83,85.38,259.09,0.856,-1,-1,-1
179,42,467.52,459.83,35.81,116.18,0.768,-1,-1,-1
179,46,500.00,453.21,36.76,105.74,0.645,-1,-1,-1
179,6,1156.62,443.55,46.23,103.43,0.779,-1,-1,-1
180,2,771.84,436.62,119.36,365.01,0.894,-1,-1,-1
180,3,575.34,425.50,202.33,489.37,0.924,-1,-1,-1
180,17,889.94,443.74,113.49,296.29,0.906,-1,-1,-1
180,43,978.44,439.02,87.28,259.67,0.869,-1,-1,-1
180,42,467.24,461.14,35.64,114.95,0.797,-1,-1,-1
180,46,500.54,453.46,36.75,105.90,0.652,-1,-1,-1
180,6,1155.60,442.60,46.88,104.17,0.789,-1,-1,-1
180,51,570.11,457.83,41.56,91.78,0.544,-1,-1,-1
181,2,774.28,435.88,119.00,365.20,0.893,-1,-1,-1
181,3,578.19,423.45,202.26,491.72,0.923,-1,-1,-1
181,17,896.23,445.70,111.33,294.43,0.897,-1,-1,-1
181,43,978.92,439.58,88.97,260.49,0.884,-1,-1,-1
181,42,466.99,461.53,35.68,114.39,0.796,-1,-1,-1
181,46,500.78,453.52,36.66,106.01,0.636,-1,-1,-1
181,6,1154.89,442.74,46.72,103.97,0.794,-1,-1,-1
181,51,570.91,458.38,44.21,97.55,0.582,-1,-1,-1
181,52,413.79,465.81,39.69,103.51,0.508,-1,-1,-1
182,2,776.56,434.92,119.04,367.01,0.906,-1,-1,-1
182,3,580.84,422.73,201.91,492.64,0.924,-1,-1,-1
182,17,901.18,444.50,110.17,296.19,0.909,-1,-1,-1
182,43,978.92,440.18,90.23,262.20,0.866,-1,-1,-1
182,42,466.24,461.95,35.67,113.60,0.799,-1,-1,-1
182,46,500.01,453.22,36.49,105.97,0.622,-1,-1,-1
182,6,1153.66,442.99,46.28,103.79,0.791,-1,-1,-1
182,51,570.56,457.09,49.21,108.60,0.633,-1,-1,-1
182,52,412.82,466.46,38.27,99.72,0.527,-1,-1,-1
183,2,778.85,434.22,118.90,368.02,0.909,-1,-1,-1
183,3,584.18,421.55,201.81,493.82,0.912,-1,-1,-1
183,17,905.57,442.43,109.28,298.96,0.910,-1,-1,-1
183,43,981.60,441.75,90.65,262.11,0.858,-1,-1,-1
183,42,466.45,462.48,35.72,112.77,0.794,-1,-1,-1
183,46,498.02,454.19,35.80,104.57,0.567,-1,-1,-1
183,51,569.64,457.53,52.28,115.47,0.683,-1,-1,-1
184,2,780.50,433.60,119.05,368.77,0.898,-1,-1,-1
184,3,589.71,420.51,200.61,494.84,0.906,-1,-1,-1
184,17,909.86,441.21,107.92,301.05,0.905,-1,-1,-1
184,43,983.56,441.35,90.92,262.93,0.828,-1,-1,-1
184,42,466.03,462.85,35.95,112.37,0.788,-1,-1,-1
184,46,498.39,453.77,35.95,105.30,0.636,-1,-1,-1
184,51,568.70,462.10,54.26,120.14,0.700,-1,-1,-1
184,30,1077.23,446.84,55.26,149.94,0.529,-1,-1,-1
184,6,1152.03,444.91,45.06,101.70,0.788,-1,-1,-1
185,2,783.27,433.48,118.70,369.11,0.902,-1,-1,-1
185,3,594.25,419.81,198.59,495.49,0.908,-1,-1,-1
185,17,913.29,440.48,106.91,304.20,0.894,-1,-1,-1
185,43,985.41,433.91,93.19,270.76,0.795,-1,-1,-1
185,42,466.71,463.67,36.05,111.44,0.785,-1,-1,-1
185,46,498.67,453.31,35.98,105.67,0.613,-1,-1,-1
185,51,566.11,460.40,61.86,137.73,0.751,-1,-1,-1
185,6,1151.77,444.80,44.92,101.81,0.758,-1,-1,-1
186,2,785.71,433.54,118.62,369.23,0.904,-1,-1,-1
186,3,598.17,419.77,196.28,495.51,0.907,-1,-1,-1
186,17,916.47,441.60,105.87,306.98,0.897,-1,-1,-1
186,43,990.12,440.58,90.93,264.26,0.822,-1,-1,-1
186,42,467.16,463.54,36.41,111.77,0.772,-1,-1,-1
186,46,497.77,453.64,35.65,105.08,0.528,-1,-1,-1
186,51,563.47,455.53,67.47,151.51,0.779,-1,-1,-1
186,6,1152.55,445.60,45.00,101.14,0.768,-1,-1,-1
186,52,413.06,466.24,37.98,98.45,0.501,-1,-1,-1
187,2,788.41,433.41,118.86,369.59,0.901,-1,-1,-1
187,3,602.66,419.63,194.20,496.05,0.904,-1,-1,-1
187,17,920.85,441.93,105.18,309.53,0.893,-1,-1,-1
187,43,992.87,443.17,89.73,261.70,0.807,-1,-1,-1
187,42,467.17,463.60,36.70,111.52,0.763,-1,-1,-1
187,46,503.25,452.59,36.61,107.58,0.677,-1,-1,-1
187,51,563.93,455.76,69.12,155.91,0.799,-1,-1,-1
187,6,1154.40,446.51,45.48,100.14,0.787,-1,-1,-1
188,2,790.38,432.98,119.21,370.44,0.905,-1,-1,-1
188,3,606.56,417.74,193.80,500.74,0.902,-1,-1,-1
188,17,926.59,442.85,103.71,308.16,0.891,-1,-1,-1
188,43,993.02,427.07,94.44,277.99,0.836,-1,-1,-1
188,42,465.71,463.07,37.14,112.22,0.738,-1,-1,-1
188,46,505.68,450.94,37.50,110.01,0.582,-1,-1,-1
188,51,563.39,454.20,70.82,160.74,0.805,-1,-1,-1
188,6,1154.67,445.21,47.11,101.62,0.795,-1,-1,-1
189,2,792.26,432.42,119.29,370.75,0.907,-1,-1,-1
189,3,609.57,416.66,194.75,508.28,0.910,-1,-1,-1
189,17,933.33,443.88,103.32,307.38,0.910,-1,-1,-1
189,43,994.61,420.18,95.76,285.22,0.856,-1,-1,-1
189,42,466.24,462.98,37.46,112.42,0.767,-1,-1,-1
189,46,501.81,451.37,37.04,108.54,0.518,-1,-1,-1
189,51,563.71,454.03,72.14,164.64,0.806,-1,-1,-1
189,6,1155.08,444.36,48.61,102.78,0.769,-1,-1,-1
190,2,794.16,431.98,119.29,371.04,0.911,-1,-1,-1
190,3,611.20,416.40,196.89,518.88,0.906,-1,-1,-1
190,17,940.69,444.87,103.14,305.42,0.916,-1,-1,-1
190,43,998.18,420.26,94.47,285.19,0.835,-1,-1,-1
190,42,465.67,461.76,37.86,113.77,0.745,-1,-1,-1
190,46,498.13,452.28,36.04,106.26,0.513,-1,-1,-1
190,51,563.78,453.33,71.92,165.19,0.819,-1,-1,-1
190,6,1154.45,444.82,49.33,102.33,0.759,-1,-1,-1
190,30,1096.32,438.80,42.33,116.81,0.531,-1,-1,-1
191,2,795.28,431.84,118.71,370.74,0.908,-1,-1,-1
191,3,614.49,416.78,196.90,524.55,0.912,-1,-1,-1
191,17,945.30,445.50,103.67,305.06,0.909,-1,-1,-1
191,43,1003.80,427.16,91.71,278.10,0.845,-1,-1,-1
191,42,464.11,462.03,37.72,113.57,0.775,-1,-1,-1
191,46,497.17,451.84,36.22,107.05,0.665,-1,-1,-1
191,51,563.56,453.45,71.57,165.62,0.833,-1,-1,-1
191,6,1153.13,444.91,50.04,102.33,0.730,-1,-1,-1
191,30,1098.82,439.11,39.74,112.43,0.619,-1,-1,-1
192,2,797.25,431.71,118.14,369.65,0.914,-1,-1,-1
192,3,616.85,417.07,197.09,530.82,0.914,-1,-1,-1
192,17,948.27,447.65,104.62,305.19,0.913,-1,-1,-1
192,43,1008.35,431.76,89.94,273.76,0.824,-1,-1,-1
192,42,463.56,461.85,37.95,113.72,0.786,-1,-1,-1
192,46,497.47,451.64,36.48,107.61,0.631,-1,-1,-1
192,51,563.79,453.19,71.00,165.10,0.833,-1,-1,-1
192,6,1151.07,444.42,51.06,103.03,0.747,-1,-1,-1
192,30,1098.99,438.65,38.60,110.87,0.528,-1,-1,-1
192,52,413.13,466.11,39.54,102.26,0.552,-1,-1,-1
193,2,800.17,431.81,117.53,368.32,0.911,-1,-1,-1
193,3,619.33,416.66,196.24,535.69,0.915,-1,-1,-1
193,17,949.36,446.10,106.98,309.20,0.915,-1,-1,-1
193,43,1014.27,436.68,88.32,269.56,0.813,-1,-1,-1
193,42,462.73,461.63,38.17,113.91,0.766,-1,-1,-1
193,46,496.69,451.81,36.38,107.40,0.599,-1,-1,-1
193,51,563.87,453.17,70.68,165.73,0.836,-1,-1,-1
193,6,1148.17,444.01,51.56,103.52,0.697,-1,-1,-1
194,2,803.17,432.03,118.14,369.71,0.918,-1,-1,-1
194,3,622.25,417.16,195.06,540.53,0.911,-1,-1,-1
194,17,949.15,446.04,108.60,311.39,0.897,-1,-1,-1
194,43,1016.54,437.76,88.55,271.78,0.810,-1,-1,-1
194,42,461.65,460.53,38.69,115.13,0.791,-1,-1,-1
194,46,497.55,452.86,36.20,106.76,0.653,-1,-1,-1
194,51,564.39,453.07,70.08,165.23,0.833,-1,-1,-1
194,6,1149.43,444.65,52.02,102.83,0.683,-1,-1,-1
194,30,1100.42,438.58,37.37,108.68,0.531,-1,-1,-1
194,52,413.44,465.69,39.89,103.14,0.525,-1,-1,-1
195,2,805.87,431.77,119.06,370.64,0.910,-1,-1,-1
195,3,624.52,416.90,194.37,546.77,0.899,-1,-1,-1
195,17,949.83,446.36,110.34,313.28,0.897,-1,-1,-1
195,43,1020.79,436.86,89.31,274.83,0.833,-1,-1,-1
195,42,460.99,460.03,39.01,115.59,0.744,-1,-1,-1
195,51,564.18,452.18,69.79,165.72,0.830,-1,-1,-1
195,6,1141.74,447.16,49.54,100.16,0.558,-1,-1,-1
195,30,1101.42,438.65,36.71,108.72,0.545,-1,-1,-1
196,2,811.69,432.15,120.77,370.68,0.928,-1,-1,-1
196,3,628.73,416.47,192.11,547.46,0.902,-1,-1,-1
196,17,950.62,446.60,111.60,314.27,0.884,-1,-1,-1
196,43,1025.75,433.95,90.69,278.55,0.852,-1,-1,-1
196,42,460.64,461.52,38.67,114.11,0.763,-1,-1,-1
196,51,564.51,453.66,68.66,164.00,0.828,-1,-1,-1
196,6,1137.52,448.22,47.85,99.18,0.649,-1,-1,-1
196,30,1101.83,439.38,35.62,106.82,0.562,-1,-1,-1
196,56,1172.46,446.64,40.08,99.71,0.553,-1,-1,-1
196,46,492.52,454.81,34.93,104.16,0.534,-1,-1,-1
197,2,817.29,432.97,123.38,371.25,0.932,-1,-1,-1
197,3,633.02,416.37,189.64,547.93,0.896,-1,-1,-1
197,17,952.78,446.57,112.02,314.62,0.892,-1,-1,-1
197,43,1029.78,436.58,90.45,277.35,0.810,-1,-1,-1
197,42,460.05,461.74,38.60,113.77,0.720,-1,-1,-1
197,51,564.83,454.04,68.28,163.87,0.824,-1,-1,-1
197,6,1136.77,447.50,47.40,100.08,0.673,-1,-1,-1
197,30,1101.64,441.16,34.78,104.56,0.597,-1,-1,-1
197,56,1173.20,447.47,39.67,98.70,0.582,-1,-1,-1
197,46,491.06,455.60,34.28,103.13,0.566,-1,-1,-1
198,2,823.04,433.52,126.15,371.36,0.933,-1,-1,-1
198,3,637.41,416.42,186.92,545.87,0.870,-1,-1,-1
198,17,956.79,446.48,111.70,314.75,0.882,-1,-1,-1
198,43,1034.50,437.63,90.92,277.14,0.853,-1,-1,-1
198,42,459.68,461.19,38.78,113.91,0.688,-1,-1,-1
198,51,565.39,449.94,69.38,168.11,0.799,-1,-1,-1
198,6,1136.87,447.02,46.72,100.57,0.646,-1,-1,-1
198,30,1102.68,443.10,33.93,101.80,0.574,-1,-1,-1
198,56,1175.23,447.77,39.55,98.57,0.524,-1,-1,-1
198,57,1673.30,427.15,111.98,207.59,0.520,-1,-1,-1
199,2,827.49,433.87,129.39,371.72,0.931,-1,-1,-1
199,3,644.79,417.10,184.15,544.67,0.852,-1,-1,-1
199,17,960.42,447.06,110.79,314.02,0.867,-1,-1,-1
199,43,1038.51,438.04,91.78,277.88,0.847,-1,-1,-1
199,42,458.24,462.03,38.79,113.16,0.738,-1,-1,-1
199,51,566.62,447.79,69.76,169.83,0.823,-1,-1,-1
199,6,1137.25,445.13,46.90,102.73,0.698,-1,-1,-1
199,30,1101.26,441.40,34.77,103.36,0.581,-1,-1,-1
199,56,1176.81,446.49,39.89,99.85,0.620,-1,-1,-1
199,58,509.44,453.03,40.57,107.84,0.613,-1,-1,-1
200,2,830.33,434.70,132.69,371.97,0.934,-1,-1,-1
200,3,651.21,417.89,182.42,545.23,0.855,-1,-1,-1
200,17,965.79,446.05,109.91,314.82,0.880,-1,-1,-1
200,43,1042.07,437.91,92.70,279.79,0.852,-1,-1,-1
200,42,458.47,464.14,38.24,111.03,0.634,-1,-1,-1
200,51,567.14,447.95,69.63,170.00,0.828,-1,-1,-1
200,6,1136.29,442.56,47.34,105.32,0.695,-1,-1,-1
200,30,1101.52,439.02,34.68,102.93,0.518,-1,-1,-1
200,56,1177.44,447.57,39.16,98.43,0.546,-1,-1,-1
200,58,509.84,454.31,40.11,106.66,0.584,-1,-1,-1
200,46,486.46,456.22,33.97,102.46,0.581,-1,-1,-1
200,57,1672.97,426.89,112.22,208.09,0.543,-1,-1,-1
201,2,831.73,435.14,135.44,374.10,0.935,-1,-1,-1
201,3,654.48,418.95,181.11,544.79,0.862,-1,-1,-1
201,17,970.90,443.84,109.26,317.14,0.887,-1,-1,-1
201,43,1044.85,438.30,93.56,281.47,0.848,-1,-1,-1
201,42,457.51,462.57,38.91,112.26,0.650,-1,-1,-1
201,51,568.31,448.90,69.48,169.69,0.846,-1,-1,-1
201,6,1135.38,441.90,47.13,106.31,0.751,-1,-1,-1
201,56,1178.25,446.54,39.37,99.72,0.554,-1,-1,-1
201,58,508.95,454.90,39.91,106.20,0.637,-1,-1,-1
201,46,485.62,456.44,33.53,101.30,0.528,-1,-1,-1
202,2,831.93,435.59,137.30,375.62,0.935,-1,-1,-1
202,3,657.45,419.10,180.84,546.59,0.872,-1,-1,-1
202,17,976.19,443.68,107.67,317.31,0.881,-1,-1,-1
202,43,1047.11,438.78,93.78,281.93,0.853,-1,-1,-1
202,42,456.70,464.27,38.63,110.77,0.632,-1,-1,-1
202,51,569.94,450.20,69.23,168.05,0.844,-1,-1,-1
202,6,1134.93,441.64,47.04,107.27,0.727,-1,-1,-1
202,56,1180.09,447.47,38.38,97.91,0.617,-1,-1,-1
202,58,509.24,455.12,39.66,105.70,0.646,-1,-1,-1
202,46,485.49,456.57,33.32,100.91,0.571,-1,-1,-1
203,2,831.60,435.29,139.15,377.49,0.934,-1,-1,-1
203,3,656.21,419.43,181.96,549.44,0.878,-1,-1,-1
203,17,981.21,444.44,105.88,316.64,0.888,-1,-1,-1
203,43,1050.13,437.19,94.29,284.24,0.863,-1,-1,-1
203,42,455.33,464.22,38.97,110.34,0.618,-1,-1,-1
203,51,570.26,445.65,71.43,173.30,0.846,-1,-1,-1
203,6,1135.11,439.00,47.23,109.65,0.695,-1,-1,-1
203,56,1181.45,446.92,38.47,98.84,0.558,-1,-1,-1
203,58,507.57,454.08,40.03,107.00,0.564,-1,-1,-1
203,46,485.55,455.93,33.39,101.60,0.512,-1,-1,-1
204,2,832.14,434.67,140.53,378.67,0.931,-1,-1,-1
204,3,659.00,419.71,183.44,555.27,0.907,-1,-1,-1
204,17,985.86,444.24,104.53,317.25,0.893,-1,-1,-1
204,43,1053.94,435.52,94.10,286.27,0.854,-1,-1,-1
204,42,455.00,463.54,39.48,111.04,0.674,-1,-1,-1
204,51,571.41,446.68,71.19,172.86,0.845,-1,-1,-1
204,6,1134.26,439.85,45.78,107.73,0.620,-1,-1,-1
204,56,1183.55,447.44,38.13,98.37,0.653,-1,-1,-1
205,2,832.80,433.48,141.95,379.99,0.932,-1,-1,-1
205,3,661.14,419.17,184.80,561.76,0.911,-1,-1,-1
205,17,990.48,444.42,103.13,317.14,0.890,-1,-1,-1
205,43,1057.73,435.31,93.14,286.36,0.835,-1,-1,-1
205,42,452.04,464.09,40.05,110.92,0.566,-1,-1,-1
205,51,570.89,441.48,73.27,178.99,0.846,-1,-1,-1
205,6,1131.72,440.22,44.63,106.98,0.557,-1,-1,-1
205,56,1185.94,448.35,37.99,97.95,0.602,-1,-1,-1
206,2,833.13,431.90,143.31,381.72,0.920,-1,-1,-1
206,3,662.70,418.40,186.39,568.99,0.914,-1,-1,-1
206,17,996.48,443.27,102.73,318.57,0.887,-1,-1,-1
206,43,1060.95,433.77,92.98,288.06,0.872,-1,-1,-1
206,51,573.54,445.37,71.67,175.58,0.856,-1,-1,-1
206,6,1131.91,440.59,43.53,106.10,0.504,-1,-1,-1
206,56,1187.20,447.92,38.14,98.41,0.690,-1,-1,-1
206,46,484.01,458.01,33.51,101.73,0.528,-1,-1,-1
207,2,835.16,431.04,144.09,382.73,0.913,-1,-1,-1
207,3,664.99,417.41,186.73,573.11,0.912,-1,-1,-1
207,17,1005.03,443.30,103.47,319.00,0.901,-1,-1,-1
207,43,1065.09,432.68,92.69,290.18,0.873,-1,-1,-1
207,51,574.79,444.33,71.70,176.90,0.848,-1,-1,-1
207,56,1188.95,447.68,38.44,98.87,0.663,-1,-1,-1
207,58,507.39,454.19,39.67,106.79,0.526,-1,-1,-1
207,42,448.62,465.03,40.37,110.36,0.539,-1,-1,-1
208,2,839.14,430.57,145.30,383.17,0.906,-1,-1,-1
208,3,668.46,416.47,186.13,574.94,0.899,-1,-1,-1
208,17,1014.95,443.65,105.33,318.66,0.905,-1,-1,-1
208,43,1068.86,430.98,92.14,292.30,0.846,-1,-1,-1
208,51,577.77,449.28,69.47,172.39,0.846,-1,-1,-1
208,56,1190.08,447.04,38.41,98.90,0.708,-1,-1,-1
208,58,507.50,454.23,39.35,106.52,0.663,-1,-1,-1
208,42,446.90,464.46,40.86,111.04,0.516,-1,-1,-1
208,46,484.98,458.22,33.45,101.29,0.528,-1,-1,-1
209,2,841.02,430.21,145.71,383.46,0.899,-1,-1,-1
209,3,670.95,412.80,186.19,579.81,0.895,-1,-1,-1
209,17,1023.99,443.34,108.39,319.03,0.915,-1,-1,-1
209,43,1073.53,429.53,91.37,293.45,0.833,-1,-1,-1
209,51,580.32,452.59,67.92,168.96,0.855,-1,-1,-1
209,56,1190.52,446.22,38.75,99.87,0.726,-1,-1,-1
209,58,508.56,454.32,39.23,106.68,0.680,-1,-1,-1
209,42,445.71,463.45,41.46,112.13,0.500,-1,-1,-1
209,46,484.40,458.54,33.28,100.29,0.538,-1,-1,-1
210,2,843.18,429.05,146.12,384.38,0.910,-1,-1,-1
210,3,675.36,410.39,185.03,581.71,0.891,-1,-1,-1
210,17,1031.82,444.64,111.88,317.84,0.925,-1,-1,-1
210,43,1081.64,428.38,84.49,271.78,0.755,-1,-1,-1
210,51,581.25,450.16,68.44,171.04,0.844,-1,-1,-1
210,56,1191.20,446.54,38.94,100.19,0.723,-1,-1,-1
210,58,508.54,454.31,38.95,106.62,0.686,-1,-1,-1
210,42,442.34,464.60,41.55,111.50,0.621,-1,-1,-1
211,2,848.09,428.52,146.85,384.89,0.905,-1,-1,-1
211,3,676.88,409.83,184.10,581.96,0.894,-1,-1,-1
211,17,1037.47,446.06,115.94,316.51,0.934,-1,-1,-1
211,43,1086.57,429.23,82.09,264.91,0.755,-1,-1,-1
211,51,583.42,450.81,68.24,170.45,0.845,-1,-1,-1
211,56,1192.56,447.57,38.65,99.40,0.690,-1,-1,-1
211,58,508.98,454.25,38.75,106.83,0.712,-1,-1,-1
211,42,440.30,464.74,41.61,111.35,0.707,-1,-1,-1
212,2,852.79,428.50,146.55,385.07,0.899,-1,-1,-1
212,3,679.93,409.05,183.13,582.61,0.895,-1,-1,-1
212,17,1040.08,446.84,120.34,316.50,0.934,-1,-1,-1
212,43,1090.37,428.69,84.37,274.82,0.809,-1,-1,-1
212,51,585.82,449.72,68.64,171.59,0.841,-1,-1,-1
212,56,1194.21,449.17,38.20,98.19,0.680,-1,-1,-1
212,58,509.95,454.22,38.36,106.60,0.708,-1,-1,-1
212,42,439.40,464.87,41.50,110.40,0.659,-1,-1,-1
213,2,860.80,428.71,145.66,385.00,0.902,-1,-1,-1
213,3,683.84,409.60,181.77,581.64,0.878,-1,-1,-1
213,17,1039.80,447.95,124.59,316.71,0.932,-1,-1,-1
213,43,1095.55,430.74,85.53,281.15,0.760,-1,-1,-1
213,51,588.06,449.75,68.99,171.65,0.858,-1,-1,-1
213,56,1194.83,448.80,38.17,97.86,0.649,-1,-1,-1
213,58,509.86,454.19,38.17,106.64,0.719,-1,-1,-1
213,42,438.20,465.77,41.38,108.99,0.684,-1,-1,-1
214,2,867.11,428.40,144.71,385.81,0.911,-1,-1,-1
214,3,688.48,409.60,180.47,581.19,0.884,-1,-1,-1
214,17,1038.69,448.06,129.61,318.95,0.934,-1,-1,-1
214,43,1103.62,432.28,86.24,283.49,0.654,-1,-1,-1
214,51,589.47,447.57,69.84,173.52,0.840,-1,-1,-1
214,56,1195.67,448.47,38.37,98.12,0.619,-1,-1,-1
214,58,509.82,453.57,38.21,107.41,0.714,-1,-1,-1
214,42,437.86,464.75,41.78,109.62,0.698,-1,-1,-1
214,59,1022.38,443.79,43.88,86.45,0.577,-1,-1,-1
215,2,870.10,427.78,144.07,389.01,0.914,-1,-1,-1
215,3,688.04,408.90,180.76,581.79,0.864,-1,-1,-1
215,17,1037.58,448.07,134.14,321.25,0.928,-1,-1,-1
215,43,1111.94,431.08,87.84,287.77,0.726,-1,-1,-1
215,51,591.23,448.64,69.56,172.62,0.841,-1,-1,-1
215,56,1196.97,447.62,38.44,98.36,0.646,-1,-1,-1
215,58,509.43,453.54,38.06,107.56,0.691,-1,-1,-1
215,42,437.57,465.80,41.68,108.39,0.668,-1,-1,-1
216,2,874.78,427.63,143.44,391.11,0.915,-1,-1,-1
216,3,690.65,407.64,181.30,583.02,0.862,-1,-1,-1
216,17,1037.45,448.13,138.03,322.84,0.926,-1,-1,-1
216,43,1121.61,433.14,88.84,287.38,0.640,-1,-1,-1
216,51,593.61,452.01,68.94,169.99,0.850,-1,-1,-1
216,56,1198.34,446.56,39.29,100.41,0.599,-1,-1,-1
216,58,509.77,453.20,38.12,107.82,0.715,-1,-1,-1
216,42,437.28,464.81,42.43,109.62,0.684,-1,-1,-1
216,59,1027.63,440.32,47.31,93.21,0.525,-1,-1,-1
217,2,878.00,427.73,143.10,393.58,0.916,-1,-1,-1
217,3,692.10,407.01,182.43,583.64,0.860,-1,-1,-1
217,17,1038.63,449.88,140.00,321.61,0.913,-1,-1,-1
217,43,1128.71,430.85,91.68,291.89,0.615,-1,-1,-1
217,51,594.65,453.81,68.91,168.81,0.851,-1,-1,-1
217,56,1201.31,446.67,39.75,100.83,0.609,-1,-1,-1
217,58,509.60,453.02,38.16,107.98,0.702,-1,-1,-1
217,42,435.52,464.81,43.19,110.13,0.692,-1,-1,-1
217,59,1027.19,439.62,59.26,117.39,0.654,-1,-1,-1
218,2,880.31,428.04,142.21,394.51,0.914,-1,-1,-1
218,3,692.31,405.76,184.28,585.14,0.880,-1,-1,-1
218,17,1039.00,445.63,143.43,326.14,0.910,-1,-1,-1
218,43,1135.45,430.25,93.67,294.69,0.701,-1,-1,-1
218,51,596.55,453.63,69.45,169.83,0.855,-1,-1,-1
218,56,1202.84,447.22,39.78,99.98,0.624,-1,-1,-1
218,58,509.23,453.12,38.21,107.87,0.731,-1,-1,-1
218,42,433.95,465.64,43.80,109.52,0.652,-1,-1,-1
218,59,1028.45,438.77,64.45,128.36,0.602,-1,-1,-1
219,2,882.71,428.18,142.27,398.45,0.911,-1,-1,-1
219,3,695.27,406.24,186.60,585.04,0.895,-1,-1,-1
219,17,1040.14,443.70,145.19,327.85,0.911,-1,-1,-1
219,51,597.08,454.33,69.56,170.18,0.842,-1,-1,-1
219,56,1204.16,447.06,40.28,100.97,0.635,-1,-1,-1
219,58,508.60,452.64,38.50,108.29,0.746,-1,-1,-1
219,42,433.06,466.43,44.36,108.74,0.622,-1,-1,-1
219,59,1028.24,438.66,67.51,135.83,0.569,-1,-1,-1
220,2,884.02,428.24,142.54,403.33,0.915,-1,-1,-1
220,3,707.05,405.93,187.77,585.29,0.877,-1,-1,-1
220,17,1042.96,444.15,145.28,327.39,0.879,-1,-1,-1
220,51,597.53,454.27,69.31,169.68,0.843,-1,-1,-1
220,56,1206.00,447.53,40.56,100.84,0.582,-1,-1,-1
220,58,508.24,452.18,38.81,108.98,0.745,-1,-1,-1
220,42,432.58,465.72,45.19,109.20,0.651,-1,-1,-1
220,59,1029.40,438.89,67.70,137.69,0.567,-1,-1,-1
221,2,885.64,428.18,142.19,406.77,0.914,-1,-1,-1
221,3,716.96,405.36,189.58,585.80,0.892,-1,-1,-1
221,17,1049.64,442.64,144.84,329.30,0.898,-1,-1,-1
221,51,599.03,454.25,68.43,168.29,0.836,-1,-1,-1
221,56,1209.43,449.66,40.29,98.18,0.530,-1,-1,-1
221,58,508.11,452.56,38.68,108.41,0.747,-1,-1,-1
221,42,433.21,467.39,44.97,107.47,0.645,-1,-1,-1
221,59,1035.26,440.29,58.22,118.35,0.570,-1,-1,-1
221,43,1146.72,431.37,94.46,297.31,0.688,-1,-1,-1
222,2,887.89,428.07,141.78,409.79,0.911,-1,-1,-1
222,3,725.23,404.19,193.75,586.95,0.898,-1,-1,-1
222,17,1057.13,440.73,143.33,331.14,0.900,-1,-1,-1
222,51,598.72,454.20,68.20,169.23,0.838,-1,-1,-1
222,56,1213.23,448.84,40.79,97.62,0.527,-1,-1,-1
222,58,507.25,451.31,39.22,109.87,0.743,-1,-1,-1
222,42,432.56,466.98,45.71,108.24,0.625,-1,-1,-1
222,59,1040.60,441.79,50.83,102.88,0.506,-1,-1,-1
222,43,1151.65,430.66,93.80,299.14,0.816,-1,-1,-1
223,2,890.73,428.51,140.60,410.65,0.914,-1,-1,-1
223,3,735.73,403.71,199.01,587.82,0.896,-1,-1,-1
223,17,1066.20,440.17,140.55,332.63,0.907,-1,-1,-1
223,51,600.02,453.77,67.59,169.91,0.837,-1,-1,-1
223,56,1216.02,448.85,41.47,97.87,0.595,-1,-1,-1
223,58,506.87,451.00,39.38,110.11,0.734,-1,-1,-1
223,42,432.11,469.73,45.56,105.64,0.648,-1,-1,-1
223,59,1042.92,443.28,49.03,98.83,0.504,-1,-1,-1
223,43,1156.10,434.60,91.13,295.36,0.742,-1,-1,-1
224,2,893.64,429.45,139.30,411.32,0.916,-1,-1,-1
224,3,746.46,403.67,203.81,587.94,0.926,-1,-1,-1
224,17,1074.60,439.69,137.03,333.93,0.897,-1,-1,-1
224,51,601.12,454.64,67.22,170.73,0.836,-1,-1,-1
224,56,1218.30,448.87,41.67,98.52,0.587,-1,-1,-1
224,58,506.74,449.84,39.95,111.36,0.736,-1,-1,-1
224,42,431.44,470.90,46.15,104.54,0.623,-1,-1,-1
224,59,1044.50,442.90,52.12,104.96,0.525,-1,-1,-1
224,43,1158.84,431.80,90.16,298.47,0.719,-1,-1,-1
224,61,680.04,480.16,44.69,109.63,0.547,-1,-1,-1
225,2,895.29,429.55,138.40,413.89,0.914,-1,-1,-1
225,3,755.12,403.51,209.88,588.84,0.928,-1,-1,-1
225,17,1081.92,438.90,133.96,336.33,0.884,-1,-1,-1
225,51,602.02,454.64,67.10,172.73,0.846,-1,-1,-1
225,56,1220.26,449.80,40.82,97.40,0.536,-1,-1,-1
225,58,506.61,450.25,39.86,110.90,0.721,-1,-1,-1
225,42,429.27,470.00,47.36,105.82,0.683,-1,-1,-1
225,59,1044.22,443.01,55.64,112.52,0.531,-1,-1,-1
225,43,1167.17,439.01,86.36,291.05,0.697,-1,-1,-1
225,61,679.34,480.81,47.20,115.74,0.537,-1,-1,-1
225,62,571.28,454.27,27.33,67.23,0.526,-1,-1,-1
226,2,898.39,429.70,137.56,415.03,0.908,-1,-1,-1
226,3,762.59,403.37,216.33,589.25,0.919,-1,-1,-1
226,17,1089.25,445.37,128.64,332.33,0.892,-1,-1,-1
226,51,602.64,454.32,66.58,173.80,0.847,-1,-1,-1
226,58,505.86,449.22,40.26,111.96,0.702,-1,-1,-1
226,42,427.62,470.32,47.49,105.23,0.683,-1,-1,-1
226,43,1169.02,431.30,86.96,298.89,0.787,-1,-1,-1
226,62,572.86,453.95,27.53,67.67,0.525,-1,-1,-1
227,2,900.07,429.74,136.41,415.41,0.909,-1,-1,-1
227,3,767.73,403.45,222.84,589.12,0.927,-1,-1,-1
227,17,1094.29,442.75,127.17,337.68,0.894,-1,-1,-1
227,51,603.55,454.59,65.63,173.66,0.852,-1,-1,-1
227,58,505.93,450.31,39.89,110.93,0.697,-1,-1,-1
227,42,427.42,472.66,46.73,103.06,0.631,-1,-1,-1
227,43,1173.65,427.62,86.59,302.63,0.825,-1,-1,-1
227,62,572.73,453.58,27.72,68.16,0.556,-1,-1,-1
228,2,901.84,428.98,135.63,416.26,0.903,-1,-1,-1
228,3,770.07,404.32,229.50,590.11,0.927,-1,-1,-1
228,17,1098.18,440.30,126.15,344.88,0.905,-1,-1,-1
228,51,604.07,454.08,64.92,174.39,0.850,-1,-1,-1
228,58,506.30,451.38,39.52,109.82,0.695,-1,-1,-1
228,42,427.21,472.79,47.12,103.11,0.682,-1,-1,-1
228,43,1177.39,425.18,86.05,305.26,0.836,-1,-1,-1
228,62,573.17,454.15,27.44,67.49,0.540,-1,-1,-1
228,59,1047.76,441.88,56.37,116.11,0.543,-1,-1,-1
229,2,903.26,428.06,135.29,417.34,0.910,-1,-1,-1
229,3,775.40,404.14,235.01,591.04,0.926,-1,-1,-1
229,17,1105.32,440.19,124.28,347.48,0.889,-1,-1,-1
229,51,604.78,453.85,64.22,174.34,0.839,-1,-1,-1
229,58,506.79,451.94,39.25,109.15,0.675,-1,-1,-1
229,42,426.53,472.09,47.89,103.95,0.682,-1,-1,-1
229,43,1182.47,424.27,85.34,306.22,0.860,-1,-1,-1
229,62,573.61,454.39,27.34,67.31,0.504,-1,-1,-1
229,59,1048.91,441.31,56.68,118.69,0.571,-1,-1,-1
230,2,905.31,426.96,135.79,418.71,0.906,-1,-1,-1
230,3,780.21,405.23,238.85,591.40,0.925,-1,-1,-1
230,17,1115.08,441.32,123.17,347.05,0.903,-1,-1,-1
230,51,607.42,452.88,64.18,175.42,0.811,-1,-1,-1
230,58,506.88,451.91,39.26,109.04,0.684,-1,-1,-1
230,42,426.15,472.86,47.58,103.08,0.690,-1,-1,-1
230,43,1187.25,423.82,84.34,306.60,0.810,-1,-1,-1
230,59,1049.24,441.25,57.48,121.74,0.627,-1,-1,-1
231,2,909.48,426.18,135.75,419.67,0.911,-1,-1,-1
231,3,782.42,405.97,242.17,590.90,0.927,-1,-1,-1
231,17,1126.17,441.76,122.87,345.39,0.913,-1,-1,-1
231,51,609.54,451.92,64.32,176.17,0.839,-1,-1,-1
231,58,507.17,452.83,38.97,108.01,0.699,-1,-1,-1
231,42,425.84,473.11,47.46,102.67,0.624,-1,-1,-1
231,43,1191.18,422.89,83.61,308.07,0.728,-1,-1,-1
231,59,1051.53,442.15,57.75,123.69,0.624,-1,-1,-1
231,61,680.17,482.87,46.02,111.79,0.521,-1,-1,-1
232,2,912.71,425.96,135.62,420.25,0.906,-1,-1,-1
232,3,784.76,407.80,244.26,589.11,0.919,-1,-1,-1
232,17,1134.11,442.12,123.82,345.66,0.920,-1,-1,-1
232,51,611.70,453.43,63.48,174.37,0.834,-1,-1,-1
232,58,507.56,452.88,38.91,107.77,0.645,-1,-1,-1
232,42,424.43,471.74,48.08,104.13,0.613,-1,-1,-1
232,43,1194.76,422.94,84.00,315.13,0.732,-1,-1,-1
232,61,678.86,482.86,47.93,116.79,0.515,-1,-1,-1
233,2,915.37,425.59,135.41,420.63,0.906,-1,-1,-1
233,3,784.41,407.38,247.14,590.95,0.922,-1,-1,-1
233,17,1137.79,442.21,125.24,346.97,0.919,-1,-1,-1
233,51,612.76,454.53,62.86,172.67,0.832,-1,-1,-1
233,58,507.73,452.33,39.16,108.47,0.695,-1,-1,-1
233,42,423.02,471.30,47.97,104.40,0.582,-1,-1,-1
233,43,1200.32,424.81,82.81,315.76,0.631,-1,-1,-1
233,65,724.87,432.91,148.03,427.15,0.780,-1,-1,-1
233,62,572.34,454.69,27.22,66.83,0.532,-1,-1,-1
233,59,1054.66,442.34,65.31,141.41,0.515,-1,-1,-1
234,2,917.76,425.50,134.70,420.47,0.902,-1,-1,-1
234,3,786.15,407.28,248.53,590.59,0.917,-1,-1,-1
234,17,1139.15,442.41,127.19,349.76,0.912,-1,-1,-1
234,51,614.33,456.56,62.18,170.18,0.845,-1,-1,-1
234,58,507.58,451.96,39.29,108.86,0.708,-1,-1,-1
234,42,422.16,472.06,47.24,103.53,0.619,-1,-1,-1
234,43,1207.96,424.97,82.99,317.31,0.691,-1,-1,-1
234,65,723.49,433.45,148.03,428.16,0.790,-1,-1,-1
234,62,572.27,454.91,27.44,67.43,0.512,-1,-1,-1
234,59,1056.11,442.17,67.98,149.38,0.553,-1,-1,-1
235,2,919.60,425.25,133.68,420.65,0.906,-1,-1,-1
235,3,787.91,406.74,249.51,590.81,0.924,-1,-1,-1
235,17,1140.05,443.36,129.67,353.89,0.916,-1,-1,-1
235,51,616.01,455.97,62.49,171.14,0.858,-1,-1,-1
235,58,507.55,450.97,39.57,109.86,0.728,-1,-1,-1
235,42,420.71,471.72,47.09,103.84,0.619,-1,-1,-1
235,43,1215.27,424.91,83.55,318.46,0.787,-1,-1,-1
235,65,729.01,434.32,147.61,428.26,0.793,-1,-1,-1
235,62,572.91,454.73,27.32,67.21,0.529,-1,-1,-1
235,59,1058.80,442.35,68.40,152.80,0.541,-1,-1,-1
236,2,924.69,424.81,132.64,421.05,0.900,-1,-1,-1
236,3,787.88,406.39,250.20,590.89,0.908,-1,-1,-1
236,17,1141.20,443.00,131.59,356.92,0.915,-1,-1,-1
236,51,618.03,455.65,62.64,171.64,0.855,-1,-1,-1
236,58,507.10,451.40,39.28,109.46,0.687,-1,-1,-1
236,42,419.29,469.39,47.86,106.33,0.679,-1,-1,-1
236,43,1222.32,425.29,84.18,319.57,0.778,-1,-1,-1
236,65,728.93,434.57,147.24,428.95,0.773,-1,-1,-1
236,62,573.10,454.70,27.36,67.35,0.523,-1,-1,-1
236,59,1060.68,442.41,68.05,154.49,0.581,-1,-1,-1
237,2,930.01,424.12,131.67,421.72,0.884,-1,-1,-1
237,3,789.07,403.95,250.93,593.12,0.906,-1,-1,-1
237,17,1142.05,442.67,132.94,358.63,0.913,-1,-1,-1
237,51,617.81,452.65,63.63,174.79,0.832,-1,-1,-1
237,58,506.55,450.03,39.59,110.84,0.684,-1,-1,-1
237,42,418.28,467.46,48.05,108.07,0.664,-1,-1,-1
237,43,1229.00,426.24,84.67,320.98,0.736,-1,-1,-1
237,65,723.54,435.52,146.92,428.61,0.782,-1,-1,-1
237,62,572.55,454.41,27.73,68.46,0.517,-1,-1,-1
237,59,1062.74,441.58,67.46,155.83,0.591,-1,-1,-1
238,2,936.24,423.50,130.03,420.31,0.845,-1,-1,-1
238,3,790.47,402.40,251.21,594.58,0.915,-1,-1,-1
238,17,1144.53,441.77,133.43,360.00,0.904,-1,-1,-1
238,51,621.96,453.80,63.94,174.38,0.849,-1,-1,-1
238,58,506.14,449.70,39.54,110.85,0.687,-1,-1,-1
238,42,417.58,465.94,48.23,109.79,0.670,-1,-1,-1
238,43,1233.94,427.61,84.87,322.16,0.812,-1,-1,-1
238,65,736.36,436.02,145.95,428.16,0.792,-1,-1,-1
238,62,571.61,454.17,28.03,69.07,0.554,-1,-1,-1
238,59,1064.36,441.88,66.60,155.91,0.613,-1,-1,-1
239,2,941.49,422.62,129.04,421.89,0.866,-1,-1,-1
239,3,789.72,401.11,251.75,595.44,0.908,-1,-1,-1
239,17,1149.12,440.49,133.26,361.48,0.893,-1,-1,-1
239,51,627.87,457.95,64.06,170.70,0.867,-1,-1,-1
239,58,506.20,449.62,39.47,110.88,0.688,-1,-1,-1
239,42,417.02,466.46,47.29,109.20,0.641,-1,-1,-1
239,43,1237.70,428.42,84.30,322.61,0.799,-1,-1,-1
239,65,739.77,436.53,144.13,428.40,0.769,-1,-1,-1
239,62,572.69,454.43,27.90,68.73,0.509,-1,-1,-1
239,59,1065.13,441.23,65.68,156.16,0.602,-1,-1,-1
239,46,476.98,484.50,29.10,78.68,0.522,-1,-1,-1
240,2,947.25,422.30,126.77,420.53,0.824,-1,-1,-1
240,3,794.99,403.51,249.84,593.35,0.904,-1,-1,-1
240,17,1153.07,439.19,132.70,363.09,0.872,-1,-1,-1
240,51,630.92,457.73,65.64,171.34,0.874,-1,-1,-1
240,58,506.12,449.71,39.42,110.91,0.717,-1,-1,-1
240,42,415.81,466.18,46.70,109.26,0.605,-1,-1,-1
240,43,1240.13,428.55,83.37,323.21,0.760,-1,-1,-1
240,65,740.25,437.13,142.87,428.64,0.775,-1,-1,-1
240,62,573.16,454.28,27.64,67.88,0.526,-1,-1,-1
240,59,1065.64,440.05,64.85,156.18,0.614,-1,-1,-1
241,2,951.19,422.05,125.41,422.16,0.844,-1,-1,-1
241,3,801.16,403.48,248.30,594.53,0.929,-1,-1,-1
241,17,1159.89,437.79,131.02,364.75,0.883,-1,-1,-1
241,51,632.85,456.80,67.61,172.98,0.905,-1,-1,-1
241,58,505.92,449.69,39.44,110.98,0.721,-1,-1,-1
241,42,414.87,464.92,46.53,111.02,0.644,-1,-1,-1
241,43,1243.60,427.83,82.05,324.22,0.799,-1,-1,-1
241,65,744.52,437.27,141.49,429.16,0.786,-1,-1,-1
241,62,573.43,454.46,27.46,67.21,0.534,-1,-1,-1
241,59,1065.88,440.55,63.96,155.64,0.594,-1,-1,-1
242,2,955.38,421.00,123.94,423.12,0.824,-1,-1,-1
242,3,808.92,403.90,246.00,596.05,0.921,-1,-1,-1
242,17,1168.58,436.78,128.29,365.44,0.898,-1,-1,-1
242,51,633.58,456.96,68.66,172.95,0.905,-1,-1,-1
242,58,506.67,449.97,39.25,110.89,0.702,-1,-1,-1
242,42,414.65,463.55,46.30,112.50,0.645,-1,-1,-1
242,43,1247.55,426.56,80.64,325.80,0.789,-1,-1,-1
242,65,749.00,437.48,140.26,430.16,0.811,-1,-1,-1
242,62,573.10,454.30,27.45,67.17,0.572,-1,-1,-1
242,59,1066.10,442.25,61.71,151.69,0.539,-1,-1,-1
243,2,961.18,420.21,122.13,423.62,0.795,-1,-1,-1
243,3,817.34,403.25,243.83,599.01,0.912,-1,-1,-1
243,17,1175.86,435.12,126.50,366.84,0.890,-1,-1,-1
243,51,634.04,457.50,69.17,173.10,0.894,-1,-1,-1
243,58,506.82,449.77,39.29,111.16,0.686,-1,-1,-1
243,42,415.07,462.19,46.10,113.86,0.635,-1,-1,-1
243,43,1250.75,425.14,79.16,327.11,0.798,-1,-1,-1
243,65,754.34,436.98,139.19,430.86,0.830,-1,-1,-1
243,62,572.48,454.27,27.47,66.98,0.555,-1,-1,-1
244,2,968.42,419.89,119.22,423.44,0.705,-1,-1,-1
244,3,826.70,402.40,241.65,603.08,0.897,-1,-1,-1
244,17,1185.31,434.04,125.19,367.91,0.887,-1,-1,-1
244,51,634.57,460.32,68.79,170.96,0.894,-1,-1,-1
244,58,507.18,449.92,39.15,110.97,0.670,-1,-1,-1
244,42,414.98,461.77,45.76,114.14,0.658,-1,-1,-1
244,43,1256.48,423.47,78.35,329.49,0.758,-1,-1,-1
244,65,760.30,436.55,138.55,431.63,0.832,-1,-1,-1
244,62,572.12,454.41,27.31,66.61,0.541,-1,-1,-1
245,2,976.20,417.91,116.28,424.34,0.616,-1,-1,-1
245,3,836.67,400.99,240.28,612.82,0.889,-1,-1,-1
245,17,1192.71,433.51,124.31,369.09,0.885,-1,-1,-1
245,51,634.70,461.06,68.95,170.71,0.879,-1,-1,-1
245,58,507.58,449.99,39.03,110.81,0.694,-1,-1,-1
245,42,414.47,461.34,45.15,114.38,0.625,-1,-1,-1
245,43,1262.22,421.01,77.77,331.67,0.700,-1,-1,-1
245,65,768.19,436.11,139.84,435.96,0.850,-1,-1,-1
245,62,571.50,454.44,27.17,66.32,0.553,-1,-1,-1
246,2,981.04,416.63,114.96,428.04,0.657,-1,-1,-1
246,3,848.02,399.87,238.92,621.70,0.888,-1,-1,-1
246,17,1200.13,434.16,123.08,368.34,0.880,-1,-1,-1
246,51,634.52,459.56,69.56,172.05,0.877,-1,-1,-1
246,58,507.68,450.43,38.87,110.39,0.668,-1,-1,-1
246,42,415.46,461.31,44.63,113.88,0.637,-1,-1,-1
246,43,1267.41,419.59,77.06,333.90,0.603,-1,-1,-1
246,65,774.05,436.05,141.45,440.48,0.865,-1,-1,-1
246,62,572.37,454.67,26.97,65.99,0.530,-1,-1,-1
247,2,984.81,414.89,113.63,429.00,0.626,-1,-1,-1
247,3,858.61,400.41,236.76,627.13,0.884,-1,-1,-1
247,17,1207.81,434.82,122.83,367.80,0.902,-1,-1,-1
247,51,634.30,457.26,70.54,174.74,0.873,-1,-1,-1
247,58,506.80,449.02,39.32,111.78,0.708,-1,-1,-1
247,42,414.78,459.72,44.69,115.33,0.720,-1,-1,-1
247,43,1272.21,419.19,75.76,334.11,0.559,-1,-1,-1
247,65,776.86,435.62,142.16,442.60,0.873,-1,-1,-1
247,62,571.06,455.40,26.37,64.41,0.532,-1,-1,-1
247,46,465.96,453.18,40.30,110.31,0.599,-1,-1,-1
248,3,871.69,402.78,236.09,631.21,0.894,-1,-1,-1
248,17,1218.00,436.02,123.96,367.46,0.927,-1,-1,-1
248,51,634.79,455.43,71.01,176.56,0.882,-1,-1,-1
248,58,506.76,450.00,39.06,110.87,0.729,-1,-1,-1
248,42,414.92,459.43,44.13,115.07,0.700,-1,-1,-1
248,65,778.43,434.73,142.42,444.15,0.875,-1,-1,-1
248,62,570.56,455.46,26.22,64.15,0.527,-1,-1,-1
248,46,465.54,451.45,40.63,111.43,0.545,-1,-1,-1
249,3,881.58,402.35,236.03,636.23,0.893,-1,-1,-1
249,17,1228.71,436.68,126.74,367.11,0.937,-1,-1,-1
249,51,636.39,454.56,71.06,177.50,0.862,-1,-1,-1
249,58,507.02,450.01,39.03,110.90,0.691,-1,-1,-1
249,42,414.89,460.45,43.22,113.82,0.696,-1,-1,-1
249,65,779.52,433.10,142.59,445.86,0.882,-1,-1,-1
249,62,570.84,455.88,26.01,63.67,0.533,-1,-1,-1
249,46,465.44,450.78,40.78,111.92,0.510,-1,-1,-1
249,61,686.14,479.68,46.63,118.38,0.501,-1,-1,-1
250,3,891.24,400.76,234.56,641.04,0.876,-1,-1,-1
250,17,1238.29,437.44,131.61,367.41,0.937,-1,-1,-1
250,51,640.11,455.03,70.44,177.12,0.847,-1,-1,-1
250,58,507.59,452.32,38.28,108.73,0.702,-1,-1,-1
250,42,413.89,459.94,43.07,114.31,0.648,-1,-1,-1
250,65,781.81,432.46,142.30,447.20,0.894,-1,-1,-1
250,62,571.21,455.73,26.04,63.72,0.523,-1,-1,-1
250,66,723.11,473.52,54.26,120.96,0.606,-1,-1,-1
250,2,993.70,416.07,116.52,432.89,0.537,-1,-1,-1
251,3,896.28,399.54,232.67,644.09,0.871,-1,-1,-1
251,17,1245.86,438.30,137.17,367.03,0.942,-1,-1,-1
251,51,646.12,454.03,70.92,178.13,0.836,-1,-1,-1
251,58,507.34,452.91,38.06,108.03,0.692,-1,-1,-1
251,42,412.92,459.85,42.71,114.13,0.647,-1,-1,-1
251,65,783.77,432.06,141.87,448.52,0.902,-1,-1,-1
251,62,572.39,456.03,25.86,63.36,0.517,-1,-1,-1
251,2,999.22,422.13,115.88,425.27,0.520,-1,-1,-1
252,3,900.42,398.32,229.43,644.80,0.888,-1,-1,-1
252,17,1250.01,439.46,143.23,366.49,0.940,-1,-1,-1
252,51,649.43,453.82,71.13,178.43,0.847,-1,-1,-1
252,58,506.79,452.19,38.43,108.79,0.709,-1,-1,-1
252,42,412.93,460.02,42.40,113.91,0.656,-1,-1,-1
252,65,788.71,431.75,141.32,449.24,0.884,-1,-1,-1
252,62,572.94,456.54,25.65,62.86,0.540,-1,-1,-1
252,43,1309.70,418.93,78.69,333.91,0.584,-1,-1,-1
252,66,725.13,473.91,50.47,112.42,0.515,-1,-1,-1
253,3,908.18,398.83,226.56,644.16,0.919,-1,-1,-1
253,17,1250.85,440.91,148.88,366.96,0.935,-1,-1,-1
253,51,651.55,455.30,70.65,177.31,0.837,-1,-1,-1
253,58,506.83,453.24,38.37,107.56,0.755,-1,-1,-1
253,42,411.46,461.07,42.37,113.19,0.705,-1,-1,-1
253,65,791.64,431.56,140.06,449.40,0.888,-1,-1,-1
253,62,574.44,456.51,25.96,63.31,0.547,-1,-1,-1
253,43,1317.89,418.34,81.87,335.14,0.588,-1,-1,-1
253,66,725.61,474.39,50.44,112.16,0.626,-1,-1,-1
253,59,1100.93,443.36,46.04,111.08,0.509,-1,-1,-1
253,46,465.78,454.45,39.31,105.58,0.573,-1,-1,-1
254,3,913.09,399.38,223.43,643.64,0.917,-1,-1,-1
254,17,1250.32,440.78,154.74,368.82,0.938,-1,-1,-1
254,51,653.04,455.14,70.49,177.29,0.840,-1,-1,-1
254,58,507.06,453.75,38.39,106.96,0.736,-1,-1,-1
254,42,410.23,460.45,42.87,113.95,0.706,-1,-1,-1
254,65,795.94,431.14,138.53,449.10,0.865,-1,-1,-1
254,62,574.32,455.97,26.22,63.87,0.564,-1,-1,-1
254,43,1327.55,419.88,85.12,333.52,0.557,-1,-1,-1
254,66,726.37,475.10,49.36,109.47,0.675,-1,-1,-1
254,67,1820.44,403.53,99.56,376.75,0.566,-1,-1,-1
254,46,465.40,454.45,39.57,105.01,0.554,-1,-1,-1
255,3,916.39,400.28,220.53,642.92,0.917,-1,-1,-1
255,17,1249.26,440.23,160.74,372.32,0.937,-1,-1,-1
255,51,654.44,455.12,70.62,177.83,0.842,-1,-1,-1
255,58,507.36,453.20,38.59,107.41,0.742,-1,-1,-1
255,42,409.02,462.76,42.51,111.79,0.696,-1,-1,-1
255,65,800.09,430.94,137.66,450.34,0.861,-1,-1,-1
255,62,573.33,455.43,26.46,64.47,0.580,-1,-1,-1
255,66,726.30,476.09,49.62,109.78,0.697,-1,-1,-1
255,67,1806.54,394.09,113.46,385.34,0.807,-1,-1,-1
255,46,465.00,456.43,39.72,104.73,0.631,-1,-1,-1
255,59,1103.27,443.36,47.30,111.81,0.575,-1,-1,-1
256,3,921.23,400.63,218.25,643.01,0.915,-1,-1,-1
256,17,1247.29,434.61,167.71,380.05,0.929,-1,-1,-1
256,51,656.56,455.74,70.78,177.49,0.865,-1,-1,-1
256,58,506.90,452.36,39.00,108.22,0.748,-1,-1,-1
256,42,406.47,464.19,42.87,110.99,0.716,-1,-1,-1
256,65,802.08,430.49,137.15,453.39,0.846,-1,-1,-1
256,62,573.10,455.31,26.41,64.26,0.596,-1,-1,-1
256,66,727.48,476.89,50.32,111.02,0.722,-1,-1,-1
256,67,1801.80,400.30,115.18,378.59,0.872,-1,-1,-1
256,46,464.57,455.80,40.38,106.46,0.652,-1,-1,-1
257,3,926.15,398.55,217.65,644.80,0.912,-1,-1,-1
257,17,1246.62,430.48,172.69,384.86,0.937,-1,-1,-1
257,51,657.94,456.90,70.67,176.91,0.871,-1,-1,-1
257,58,506.32,452.48,39.23,108.11,0.758,-1,-1,-1
257,42,405.36,463.60,43.78,111.94,0.756,-1,-1,-1
257,65,802.27,430.35,138.42,460.18,0.827,-1,-1,-1
257,62,572.26,455.18,26.45,64.27,0.582,-1,-1,-1
257,66,728.42,477.40,50.66,111.60,0.728,-1,-1,-1
257,67,1800.72,397.87,116.99,384.62,0.871,-1,-1,-1
257,46,464.32,455.59,40.52,107.14,0.675,-1,-1,-1
257,59,1105.97,444.87,47.95,109.30,0.540,-1,-1,-1
258,3,931.78,397.43,218.05,646.14,0.898,-1,-1,-1
258,17,1248.19,427.43,175.90,387.99,0.935,-1,-1,-1
258,51,659.09,457.10,71.11,177.86,0.863,-1,-1,-1
258,58,506.95,453.09,39.28,107.72,0.762,-1,-1,-1
258,42,404.27,463.97,43.81,110.98,0.739,-1,-1,-1
258,65,802.78,429.84,139.77,467.51,0.833,-1,-1,-1
258,62,572.21,455.06,26.55,64.49,0.539,-1,-1,-1
258,66,726.72,477.09,53.34,117.50,0.774,-1,-1,-1
258,67,1798.05,398.93,117.06,383.68,0.901,-1,-1,-1
258,46,464.81,458.00,39.47,104.41,0.560,-1,-1,-1
258,59,1106.63,443.49,50.41,111.34,0.617,-1,-1,-1
259,3,926.48,396.33,215.77,647.63,0.857,-1,-1,-1
259,17,1254.09,426.19,177.09,389.39,0.929,-1,-1,-1
259,51,660.70,457.50,71.03,177.29,0.846,-1,-1,-1
259,58,507.06,452.99,39.47,107.87,0.732,-1,-1,-1
259,42,403.22,464.62,44.17,110.60,0.685,-1,-1,-1
259,65,803.20,429.64,140.28,474.05,0.838,-1,-1,-1
259,62,571.10,454.66,26.73,64.92,0.524,-1,-1,-1
259,66,726.85,476.95,53.87,119.12,0.761,-1,-1,-1
259,67,1791.87,400.31,117.22,380.59,0.917,-1,-1,-1
259,46,465.01,458.63,39.10,103.40,0.540,-1,-1,-1
259,59,1106.62,443.99,52.01,111.77,0.625,-1,-1,-1
260,3,926.30,395.91,213.22,648.03,0.864,-1,-1,-1
260,17,1260.53,427.08,176.25,388.95,0.904,-1,-1,-1
260,51,662.68,457.70,70.97,177.20,0.840,-1,-1,-1
260,58,506.28,452.57,39.95,108.36,0.733,-1,-1,-1
260,42,401.89,463.17,45.10,112.01,0.673,-1,-1,-1
260,65,805.73,429.59,141.38,483.53,0.855,-1,-1,-1
260,62,572.00,454.83,26.61,64.76,0.504,-1,-1,-1
260,66,727.11,476.07,54.63,121.17,0.742,-1,-1,-1
260,67,1778.73,400.48,119.50,378.38,0.920,-1,-1,-1
260,46,464.45,459.18,39.04,102.41,0.506,-1,-1,-1
261,3,924.14,396.23,209.88,647.48,0.901,-1,-1,-1
261,17,1269.25,427.01,174.34,388.91,0.886,-1,-1,-1
261,51,663.78,457.71,71.36,178.29,0.844,-1,-1,-1
261,58,505.80,452.59,40.27,108.36,0.683,-1,-1,-1
261,42,400.42,463.45,45.46,111.63,0.663,-1,-1,-1
261,65,806.46,429.88,140.88,488.02,0.839,-1,-1,-1
261,66,726.78,475.25,54.85,121.85,0.697,-1,-1,-1
261,67,1759.00,397.18,125.66,381.15,0.927,-1,-1,-1
261,68,1281.97,434.31,53.64,116.89,0.583,-1,-1,-1
261,59,1105.40,445.08,52.10,111.06,0.544,-1,-1,-1
262,3,924.88,396.68,206.82,646.69,0.890,-1,-1,-1
262,17,1281.11,426.08,171.56,389.77,0.891,-1,-1,-1
262,51,665.34,459.33,70.83,176.41,0.827,-1,-1,-1
262,58,505.79,454.00,40.04,107.01,0.693,-1,-1,-1
262,42,398.73,463.67,45.65,110.83,0.612,-1,-1,-1
262,65,807.50,430.44,140.47,491.14,0.828,-1,-1,-1
262,66,727.26,475.59,54.65,121.45,0.657,-1,-1,-1
262,67,1739.87,401.12,131.65,377.00,0.940,-1,-1,-1
262,69,1040.53,433.81,83.84,167.06,0.509,-1,-1,-1
262,59,1104.38,441.12,54.50,116.73,0.553,-1,-1,-1
263,3,926.20,396.57,203.82,646.74,0.906,-1,-1,-1
263,17,1291.19,424.05,168.54,391.79,0.876,-1,-1,-1
263,51,665.71,457.85,71.19,177.89,0.805,-1,-1,-1
263,58,505.42,454.54,40.24,106.52,0.722,-1,-1,-1
263,42,398.01,463.83,45.95,109.96,0.637,-1,-1,-1
263,65,811.96,431.03,139.33,491.75,0.828,-1,-1,-1
263,66,728.03,475.22,54.02,120.07,0.659,-1,-1,-1
263,67,1726.54,409.37,137.27,367.89,0.949,-1,-1,-1
263,59,1103.73,440.58,54.11,117.10,0.515,-1,-1,-1
263,68,1289.90,441.51,49.85,108.86,0.521,-1,-1,-1
264,3,928.88,396.20,200.94,647.00,0.903,-1,-1,-1
264,17,1302.56,425.19,164.90,392.30,0.871,-1,-1,-1
264,51,667.86,457.28,71.56,179.87,0.818,-1,-1,-1
264,58,505.05,453.98,40.67,107.02,0.704,-1,-1,-1
264,42,398.72,463.07,45.73,108.00,0.551,-1,-1,-1
264,65,808.99,430.97,140.35,492.18,0.810,-1,-1,-1
264,66,728.31,475.85,53.36,118.26,0.659,-1,-1,-1
264,67,1716.59,413.79,144.24,362.80,0.948,-1,-1,-1
264,46,460.72,453.84,40.72,107.15,0.525,-1,-1,-1
265,3,931.58,396.55,197.95,646.51,0.888,-1,-1,-1
265,17,1315.19,426.23,161.00,393.69,0.869,-1,-1,-1
265,51,669.38,455.59,72.18,182.43,0.809,-1,-1,-1
265,58,505.23,455.04,40.47,105.90,0.716,-1,-1,-1
265,42,397.31,462.31,47.11,109.98,0.648,-1,-1,-1
265,65,813.40,430.54,140.79,492.79,0.821,-1,-1,-1
265,66,729.68,476.72,53.06,117.61,0.588,-1,-1,-1
265,67,1706.09,417.45,151.20,358.64,0.942,-1,-1,-1
265,46,460.17,454.35,40.13,106.20,0.520,-1,-1,-1
265,69,1045.78,428.84,85.07,169.76,0.506,-1,-1,-1
266,3,934.65,397.39,195.38,646.09,0.878,-1,-1,-1
266,17,1325.22,428.22,158.12,397.64,0.867,-1,-1,-1
266,51,670.36,454.14,72.52,184.09,0.819,-1,-1,-1
266,58,505.70,455.60,40.45,105.35,0.735,-1,-1,-1
266,42,396.55,462.15,48.28,111.59,0.665,-1,-1,-1
266,65,818.52,430.24,140.75,493.02,0.835,-1,-1,-1
266,66,731.67,476.72,51.94,115.73,0.557,-1,-1,-1
266,67,1695.17,419.53,157.38,355.75,0.936,-1,-1,-1
266,46,460.01,456.17,39.60,104.73,0.515,-1,-1,-1
266,69,1050.23,433.54,83.38,166.19,0.609,-1,-1,-1
266,62,574.70,456.27,25.78,62.87,0.510,-1,-1,-1
266,59,1112.02,444.88,48.56,106.95,0.539,-1,-1,-1
267,3,937.78,397.97,193.05,645.29,0.873,-1,-1,-1
267,17,1334.83,434.55,153.49,394.57,0.874,-1,-1,-1
267,51,670.19,452.98,72.96,185.77,0.828,-1,-1,-1
267,58,505.30,456.05,40.67,105.10,0.714,-1,-1,-1
267,42,396.03,462.31,48.71,111.56,0.689,-1,-1,-1
267,65,815.65,429.36,140.82,493.74,0.823,-1,-1,-1
267,66,732.98,476.49,50.91,114.08,0.511,-1,-1,-1
267,67,1686.13,421.01,160.00,348.28,0.928,-1,-1,-1
267,46,460.55,460.44,38.45,100.81,0.512,-1,-1,-1
267,59,1114.11,444.84,47.28,106.17,0.578,-1,-1,-1
268,3,939.27,398.39,190.70,644.39,0.863,-1,-1,-1
268,17,1346.77,437.56,152.52,395.29,0.895,-1,-1,-1
268,51,671.77,453.01,71.53,181.33,0.800,-1,-1,-1
268,58,504.99,455.21,41.16,106.05,0.667,-1,-1,-1
268,42,394.46,461.50,49.67,112.78,0.644,-1,-1,-1
268,65,807.66,428.91,142.09,494.14,0.836,-1,-1,-1
268,66,734.03,476.46,50.34,113.08,0.570,-1,-1,-1
268,67,1672.57,420.45,159.42,339.32,0.927,-1,-1,-1
268,46,460.11,467.29,36.79,94.81,0.520,-1,-1,-1
268,59,1116.33,442.67,47.21,108.50,0.589,-1,-1,-1
269,3,940.17,398.02,188.50,644.74,0.889,-1,-1,-1
269,17,1359.06,435.72,154.47,398.74,0.910,-1,-1,-1
269,51,677.05,453.00,65.40,159.81,0.725,-1,-1,-1
269,58,505.23,455.29,41.23,106.04,0.712,-1,-1,-1
269,42,393.36,461.62,49.71,112.52,0.724,-1,-1,-1
269,65,807.02,428.00,143.72,495.16,0.833,-1,-1,-1
269,67,1659.43,417.85,159.66,337.74,0.924,-1,-1,-1
269,46,458.98,466.97,37.21,95.10,0.530,-1,-1,-1
269,59,1118.24,441.21,47.26,110.79,0.576,-1,-1,-1
270,3,941.69,397.84,186.63,645.25,0.870,-1,-1,-1
270,17,1370.31,438.16,156.84,397.76,0.919,-1,-1,-1
270,51,675.95,451.46,64.50,154.28,0.767,-1,-1,-1
270,58,505.05,455.17,41.41,106.22,0.716,-1,-1,-1
270,42,392.96,461.89,49.97,112.67,0.694,-1,-1,-1
270,65,806.01,427.55,146.22,495.65,0.840,-1,-1,-1
270,67,1646.10,415.23,158.29,338.63,0.920,-1,-1,-1
270,46,458.15,467.57,37.23,94.38,0.543,-1,-1,-1
270,59,1119.71,439.85,46.80,112.50,0.539,-1,-1,-1
270,69,1056.81,424.78,89.32,176.98,0.518,-1,-1,-1
271,3,943.11,399.10,184.29,644.22,0.880,-1,-1,-1
271,17,1378.30,438.43,161.03,399.06,0.935,-1,-1,-1
271,51,678.97,451.36,63.85,150.79,0.728,-1,-1,-1
271,58,504.89,455.06,41.45,106.18,0.691,-1,-1,-1
271,42,392.58,461.21,50.48,113.49,0.691,-1,-1,-1
271,65,805.36,427.19,148.04,496.15,0.830,-1,-1,-1
271,67,1634.35,412.41,155.02,340.14,0.895,-1,-1,-1
271,46,457.41,465.02,38.36,96.87,0.529,-1,-1,-1
272,3,948.16,398.95,183.16,644.13,0.868,-1,-1,-1
272,17,1382.40,438.69,165.64,401.04,0.938,-1,-1,-1
272,51,682.21,451.65,65.28,152.43,0.692,-1,-1,-1
272,58,504.41,455.17,41.50,106.06,0.687,-1,-1,-1
272,42,392.45,461.15,50.73,113.78,0.686,-1,-1,-1
272,65,810.16,427.01,149.17,496.25,0.820,-1,-1,-1
272,67,1616.20,409.76,150.69,342.39,0.837,-1,-1,-1
272,46,456.82,462.36,39.16,98.99,0.505,-1,-1,-1
272,69,1062.09,421.81,92.21,181.94,0.528,-1,-1,-1
273,3,951.56,398.17,182.17,644.85,0.861,-1,-1,-1
273,17,1382.76,439.27,170.98,405.13,0.936,-1,-1,-1
273,51,678.17,451.76,74.43,176.14,0.799,-1,-1,-1
273,58,504.21,455.39,41.34,105.72,0.663,-1,-1,-1
273,42,391.79,460.89,50.87,114.09,0.726,-1,-1,-1
273,65,818.64,426.55,149.40,496.48,0.833,-1,-1,-1
273,67,1604.17,408.52,145.98,343.94,0.835,-1,-1,-1
273,69,1064.54,422.64,92.00,180.88,0.502,-1,-1,-1
274,3,956.99,397.48,182.28,645.45,0.851,-1,-1,-1
274,17,1383.86,440.02,176.38,409.27,0.936,-1,-1,-1
274,51,680.01,450.80,77.94,186.11,0.804,-1,-1,-1
274,58,505.36,455.19,41.46,105.85,0.676,-1,-1,-1
274,42,391.20,460.34,51.32,114.93,0.747,-1,-1,-1
274,65,823.04,426.12,149.88,496.82,0.854,-1,-1,-1
274,67,1591.39,408.72,142.81,343.41,0.863,-1,-1,-1
274,69,1066.23,421.68,92.87,181.98,0.534,-1,-1,-1
275,3,958.10,396.82,181.35,645.56,0.858,-1,-1,-1
275,17,1384.87,438.74,180.20,412.74,0.932,-1,-1,-1
275,51,685.78,449.57,79.27,189.88,0.797,-1,-1,-1
275,58,505.30,455.56,41.67,105.77,0.701,-1,-1,-1
275,42,391.05,460.29,51.49,115.11,0.778,-1,-1,-1
275,65,823.05,426.02,150.14,496.59,0.852,-1,-1,-1
275,67,1578.26,410.84,141.71,341.39,0.913,-1,-1,-1
275,69,1067.69,421.48,93.73,183.27,0.564,-1,-1,-1
276,3,958.68,395.83,180.61,646.35,0.865,-1,-1,-1
276,17,1386.23,433.94,183.79,418.26,0.923,-1,-1,-1
276,51,693.89,449.75,78.88,190.75,0.821,-1,-1,-1
276,58,504.66,455.85,41.68,105.46,0.694,-1,-1,-1
276,42,390.28,459.34,52.19,116.54,0.768,-1,-1,-1
276,65,819.59,425.98,150.37,496.68,0.859,-1,-1,-1
276,67,1566.67,412.42,142.55,340.39,0.922,-1,-1,-1
276,69,1069.90,421.05,93.37,182.45,0.577,-1,-1,-1
276,46,455.95,463.13,38.58,97.56,0.528,-1,-1,-1
277,3,960.37,395.81,179.50,646.38,0.863,-1,-1,-1
277,17,1389.98,428.85,186.05,423.65,0.905,-1,-1,-1
277,51,698.68,449.07,79.10,192.14,0.807,-1,-1,-1
277,58,504.40,455.87,41.59,105.37,0.688,-1,-1,-1
277,42,389.44,459.31,52.34,116.60,0.760,-1,-1,-1
277,65,816.48,425.64,150.76,496.84,0.874,-1,-1,-1
277,67,1555.33,414.97,144.70,337.40,0.926,-1,-1,-1
277,69,1071.83,420.35,93.27,182.70,0.559,-1,-1,-1
278,3,963.99,396.53,178.40,645.50,0.888,-1,-1,-1
278,17,1404.32,425.89,189.79,426.64,0.894,-1,-1,-1
278,51,702.94,448.94,79.21,193.34,0.865,-1,-1,-1
278,58,504.19,455.98,41.26,104.93,0.686,-1,-1,-1
278,42,388.87,459.18,52.31,116.58,0.752,-1,-1,-1
278,65,817.53,425.10,150.14,497.10,0.868,-1,-1,-1
278,67,1550.78,417.84,146.39,333.70,0.928,-1,-1,-1
278,69,1074.16,421.20,93.29,183.61,0.667,-1,-1,-1
278,68,1330.33,445.19,45.14,104.56,0.504,-1,-1,-1
279,3,966.57,397.41,176.84,644.70,0.867,-1,-1,-1
279,17,1415.20,424.15,188.88,428.40,0.858,-1,-1,-1
279,51,706.85,449.96,79.03,192.80,0.854,-1,-1,-1
279,58,503.47,455.49,41.33,105.35,0.685,-1,-1,-1
279,42,386.94,458.78,52.53,117.25,0.776,-1,-1,-1
279,65,816.05,424.40,150.19,497.27,0.871,-1,-1,-1
279,67,1548.20,420.26,147.55,330.25,0.924,-1,-1,-1
279,69,1075.21,420.23,93.58,185.14,0.700,-1,-1,-1
279,68,1331.75,444.62,42.91,104.40,0.514,-1,-1,-1
280,3,969.24,398.74,175.71,643.19,0.879,-1,-1,-1
280,17,1425.04,424.25,183.43,428.49,0.865,-1,-1,-1
280,51,709.11,451.20,79.01,191.78,0.859,-1,-1,-1
280,58,503.22,455.06,41.27,105.67,0.655,-1,-1,-1
280,42,386.30,458.72,52.53,117.37,0.752,-1,-1,-1
280,65,817.60,423.95,150.13,497.49,0.882,-1,-1,-1
280,67,1549.46,420.94,147.17,328.71,0.903,-1,-1,-1
280,69,1076.55,419.70,93.36,185.83,0.678,-1,-1,-1
280,68,1334.21,444.54,41.11,104.04,0.549,-1,-1,-1
281,3,971.13,400.21,173.97,641.90,0.887,-1,-1,-1
281,17,1434.80,423.73,178.49,429.07,0.868,-1,-1,-1
281,51,712.93,453.57,79.22,190.19,0.846,-1,-1,-1
281,58,503.15,455.10,41.15,105.65,0.668,-1,-1,-1
281,42,385.68,459.25,52.43,116.88,0.758,-1,-1,-1
281,65,821.44,423.45,150.62,497.77,0.876,-1,-1,-1
281,67,1547.63,421.97,145.16,325.39,0.902,-1,-1,-1
281,69,1078.95,418.95,93.62,187.89,0.610,-1,-1,-1
281,68,1337.65,444.94,39.67,103.67,0.542,-1,-1,-1
282,3,973.00,399.71,172.98,642.46,0.894,-1,-1,-1
282,17,1442.25,420.24,174.73,432.50,0.862,-1,-1,-1
282,51,715.22,454.92,79.48,188.66,0.853,-1,-1,-1
282,58,503.73,454.32,41.29,106.71,0.658,-1,-1,-1
282,42,383.80,459.59,52.01,116.67,0.724,-1,-1,-1
282,65,824.61,423.28,151.55,498.32,0.878,-1,-1,-1
282,67,1541.54,421.78,141.66,321.22,0.862,-1,-1,-1
282,69,1081.27,419.31,92.95,187.93,0.648,-1,-1,-1
282,68,1339.72,443.84,38.94,104.48,0.583,-1,-1,-1
283,3,974.14,399.23,171.81,642.94,0.882,-1,-1,-1
283,17,1451.77,418.31,171.32,434.45,0.853,-1,-1,-1
283,51,717.00,454.41,80.59,189.40,0.885,-1,-1,-1
283,58,503.98,454.07,41.22,107.18,0.642,-1,-1,-1
283,42,382.97,459.48,51.59,116.79,0.715,-1,-1,-1
283,65,826.23,423.36,153.62,497.85,0.897,-1,-1,-1
283,69,1082.40,419.35,92.26,188.10,0.611,-1,-1,-1
283,68,1341.46,443.40,38.41,105.13,0.604,-1,-1,-1
284,3,974.61,399.66,170.78,642.71,0.870,-1,-1,-1
284,17,1467.24,424.43,166.74,427.56,0.876,-1,-1,-1
284,51,718.33,453.32,81.76,190.19,0.880,-1,-1,-1
284,58,504.24,454.21,40.82,106.52,0.593,-1,-1,-1
284,42,382.60,459.62,51.16,116.74,0.717,-1,-1,-1
284,65,828.67,423.31,156.96,497.87,0.909,-1,-1,-1
284,69,1084.40,424.58,88.96,182.84,0.542,-1,-1,-1
284,68,1343.07,443.62,37.83,105.28,0.656,-1,-1,-1
285,3,977.09,400.33,169.87,642.45,0.850,-1,-1,-1
285,17,1476.63,426.83,163.26,424.52,0.896,-1,-1,-1
285,51,718.67,451.47,83.11,192.65,0.875,-1,-1,-1
285,58,503.90,454.75,40.34,105.82,0.575,-1,-1,-1
285,42,381.42,459.59,50.82,116.72,0.705,-1,-1,-1
285,65,833.52,423.75,160.00,496.93,0.902,-1,-1,-1
285,69,1086.23,423.94,88.32,183.77,0.537,-1,-1,-1
285,68,1345.17,443.02,37.71,106.08,0.670,-1,-1,-1
285,70,1462.58,413.93,100.02,223.05,0.507,-1,-1,-1
286,3,982.26,400.89,168.71,641.93,0.844,-1,-1,-1
286,17,1490.20,428.90,163.18,424.07,0.916,-1,-1,-1
286,51,719.84,449.34,84.36,195.30,0.884,-1,-1,-1
286,58,503.66,454.10,40.40,106.58,0.581,-1,-1,-1
286,42,380.04,459.29,50.48,116.74,0.710,-1,-1,-1
286,65,838.22,423.96,162.96,496.73,0.902,-1,-1,-1
286,69,1087.77,423.39,87.79,185.29,0.504,-1,-1,-1
286,68,1348.21,442.11,38.00,107.30,0.630,-1,-1,-1
287,3,984.04,401.01,168.11,641.98,0.831,-1,-1,-1
287,17,1504.39,429.64,166.22,424.04,0.912,-1,-1,-1
287,51,721.17,447.71,85.22,197.57,0.885,-1,-1,-1
287,58,502.94,452.37,40.99,108.50,0.635,-1,-1,-1
287,42,379.21,459.60,50.14,116.50,0.727,-1,-1,-1
287,65,837.49,424.61,166.20,495.98,0.915,-1,-1,-1
287,68,1349.24,442.16,37.67,106.97,0.595,-1,-1,-1
288,3,987.16,400.20,168.29,642.69,0.823,-1,-1,-1
288,17,1516.60,429.76,171.99,426.31,0.918,-1,-1,-1
288,51,722.64,446.36,85.94,199.82,0.888,-1,-1,-1
288,58,503.22,454.65,40.12,106.05,0.634,-1,-1,-1
288,42,378.45,459.52,49.86,116.54,0.728,-1,-1,-1
288,65,838.47,424.69,168.87,495.78,0.904,-1,-1,-1
288,68,1352.35,441.53,38.40,107.39,0.592,-1,-1,-1
288,46,449.59,454.47,38.77,101.96,0.502,-1,-1,-1
288,67,1456.55,416.32,153.35,365.83,0.555,-1,-1,-1
289,3,987.98,400.42,168.13,642.46,0.844,-1,-1,-1
289,17,1526.59,430.18,178.59,427.93,0.929,-1,-1,-1
289,51,725.34,445.39,86.28,201.44,0.862,-1,-1,-1
289,58,503.26,454.00,40.43,106.81,0.637,-1,-1,-1
289,42,378.84,459.05,50.05,116.97,0.733,-1,-1,-1
289,65,839.65,424.37,171.15,496.41,0.900,-1,-1,-1
289,68,1354.48,442.44,39.27,106.55,0.576,-1,-1,-1
289,71,668.21,475.83,61.94,112.00,0.582,-1,-1,-1
289,70,1440.51,419.15,133.59,302.94,0.651,-1,-1,-1
290,3,991.01,400.49,167.08,642.46,0.865,-1,-1,-1
290,17,1530.84,431.21,186.17,430.92,0.934,-1,-1,-1
290,51,728.28,444.98,85.62,201.45,0.875,-1,-1,-1
290,58,503.38,453.32,40.63,107.44,0.699,-1,-1,-1
290,42,378.44,458.87,49.77,117.00,0.738,-1,-1,-1
290,65,840.13,424.29,172.59,496.50,0.907,-1,-1,-1
290,68,1357.18,442.54,40.35,106.27,0.581,-1,-1,-1
290,71,668.23,476.10,61.50,111.16,0.670,-1,-1,-1
290,70,1435.98,421.01,133.91,303.77,0.693,-1,-1,-1
291,3,994.07,401.05,165.98,641.84,0.859,-1,-1,-1
291,17,1532.38,431.87,193.82,434.19,0.936,-1,-1,-1
291,51,731.15,444.88,84.92,201.55,0.873,-1,-1,-1
291,58,503.44,453.28,40.68,107.28,0.673,-1,-1,-1
291,42,378.56,459.09,49.51,116.63,0.721,-1,-1,-1
291,65,839.99,424.65,173.57,496.10,0.915,-1,-1,-1
291,68,1358.27,443.62,41.43,105.55,0.602,-1,-1,-1
291,71,667.27,474.51,63.60,115.14,0.687,-1,-1,-1
291,70,1424.34,424.42,131.70,296.86,0.745,-1,-1,-1
291,59,1153.16,440.46,43.82,110.53,0.536,-1,-1,-1
291,67,1453.41,421.91,143.98,364.35,0.549,-1,-1,-1
292,3,997.20,400.00,165.91,642.62,0.866,-1,-1,-1
292,17,1531.56,433.33,200.48,435.61,0.928,-1,-1,-1
292,51,734.13,445.39,83.57,200.60,0.864,-1,-1,-1
292,58,503.10,452.77,41.00,107.69,0.656,-1,-1,-1
292,42,378.18,459.16,49.32,116.29,0.716,-1,-1,-1
292,65,841.00,424.89,174.12,495.95,0.916,-1,-1,-1
292,68,1358.81,443.63,42.57,105.59,0.531,-1,-1,-1
292,71,668.81,476.24,62.68,113.55,0.664,-1,-1,-1
292,70,1410.34,425.45,129.45,290.39,0.725,-1,-1,-1
292,59,1154.85,440.23,42.70,110.83,0.544,-1,-1,-1
292,67,1469.71,417.73,144.24,370.76,0.543,-1,-1,-1
293,3,998.99,400.62,165.27,641.84,0.865,-1,-1,-1
293,17,1531.07,433.17,207.99,440.45,0.932,-1,-1,-1
293,51,736.05,445.56,82.62,200.47,0.847,-1,-1,-1
293,58,502.24,451.42,41.62,109.23,0.667,-1,-1,-1
293,42,377.78,460.01,48.69,115.26,0.689,-1,-1,-1
293,65,842.21,424.63,174.61,496.40,0.918,-1,-1,-1
293,71,669.63,477.48,62.03,112.67,0.619,-1,-1,-1
293,70,1403.74,426.49,129.23,287.93,0.843,-1,-1,-1
293,59,1156.35,440.13,42.04,110.59,0.553,-1,-1,-1
294,3,1001.66,400.34,165.11,641.93,0.874,-1,-1,-1
294,17,1529.29,432.00,214.23,444.80,0.932,-1,-1,-1
294,51,738.36,445.93,82.33,200.16,0.835,-1,-1,-1
294,58,502.42,452.25,41.57,108.55,0.687,-1,-1,-1
294,42,377.34,459.72,48.79,115.63,0.721,-1,-1,-1
294,65,843.78,423.93,174.77,496.81,0.921,-1,-1,-1
294,71,671.74,477.60,62.16,113.38,0.676,-1,-1,-1
294,70,1402.48,426.59,129.74,286.33,0.902,-1,-1,-1
294,59,1157.98,440.46,41.13,109.97,0.546,-1,-1,-1
295,3,1002.22,399.90,164.82,642.01,0.875,-1,-1,-1
295,17,1530.49,430.18,219.05,448.50,0.931,-1,-1,-1
295,51,739.94,446.22,81.97,201.02,0.804,-1,-1,-1
295,58,501.74,452.52,41.68,108.17,0.672,-1,-1,-1
295,42,377.15,459.66,48.70,115.81,0.678,-1,-1,-1
295,65,844.79,422.72,175.21,498.45,0.919,-1,-1,-1
295,71,672.58,479.88,61.55,112.84,0.695,-1,-1,-1
295,70,1401.83,426.71,130.98,285.72,0.906,-1,-1,-1
295,59,1159.95,441.42,40.45,108.74,0.515,-1,-1,-1
295,68,1362.78,443.41,43.96,106.54,0.562,-1,-1,-1
296,3,1002.14,399.93,164.13,640.60,0.875,-1,-1,-1
296,17,1533.47,428.64,222.20,450.99,0.922,-1,-1,-1
296,51,741.27,446.21,81.77,202.17,0.796,-1,-1,-1
296,58,501.71,453.51,41.51,107.05,0.680,-1,-1,-1
296,42,377.07,459.40,48.68,116.27,0.705,-1,-1,-1
296,65,846.32,421.71,175.06,499.89,0.919,-1,-1,-1
296,71,671.92,478.05,62.32,115.19,0.674,-1,-1,-1
296,70,1402.41,426.79,132.48,285.69,0.918,-1,-1,-1
296,59,1160.97,441.09,40.71,108.83,0.565,-1,-1,-1
297,3,1003.45,400.46,163.59,639.60,0.864,-1,-1,-1
297,17,1538.59,426.57,223.87,453.19,0.904,-1,-1,-1
297,51,749.86,446.91,80.89,203.11,0.801,-1,-1,-1
297,58,501.28,451.77,42.31,108.96,0.621,-1,-1,-1
297,42,377.32,459.67,48.37,116.04,0.672,-1,-1,-1
297,65,848.91,421.23,174.31,500.70,0.914,-1,-1,-1
297,71,672.75,478.49,61.35,114.42,0.652,-1,-1,-1
297,70,1399.98,426.71,133.27,286.05,0.912,-1,-1,-1
297,59,1162.40,441.48,41.22,107.50,0.541,-1,-1,-1
298,3,1004.44,400.71,163.18,638.48,0.861,-1,-1,-1
298,17,1540.49,427.46,224.54,452.30,0.860,-1,-1,-1
298,51,753.66,448.08,79.64,202.35,0.792,-1,-1,-1
298,58,500.84,450.90,42.82,109.98,0.652,-1,-1,-1
298,42,377.62,459.83,48.14,116.04,0.725,-1,-1,-1
298,65,852.37,420.97,173.27,501.83,0.901,-1,-1,-1
298,71,671.23,477.23,61.30,114.74,0.700,-1,-1,-1
298,70,1395.39,428.17,131.60,283.35,0.912,-1,-1,-1
298,59,1163.66,441.84,42.07,106.61,0.599,-1,-1,-1
298,73,1564.00,417.16,83.99,235.27,0.581,-1,-1,-1
299,3,1004.93,400.44,162.82,637.97,0.878,-1,-1,-1
299,17,1551.87,427.06,222.73,452.72,0.854,-1,-1,-1
299,51,758.60,447.16,78.92,203.41,0.826,-1,-1,-1
299,58,501.11,451.53,42.71,109.58,0.610,-1,-1,-1
299,42,377.70,459.41,47.99,116.31,0.682,-1,-1,-1
299,65,855.10,420.91,172.10,503.99,0.898,-1,-1,-1
299,71,671.26,478.00,61.44,115.71,0.678,-1,-1,-1
299,70,1392.11,445.81,121.97,264.61,0.889,-1,-1,-1
299,59,1164.30,442.14,42.81,105.88,0.533,-1,-1,-1
300,3,1007.22,400.52,161.96,634.40,0.874,-1,-1,-1
300,17,1564.04,424.89,220.43,454.73,0.848,-1,-1,-1
300,51,761.77,444.62,79.02,206.14,0.829,-1,-1,-1
300,58,501.71,453.28,42.01,107.69,0.624,-1,-1,-1
300,42,377.79,459.86,47.47,115.40,0.535,-1,-1,-1
300,65,856.49,420.71,171.42,507.12,0.893,-1,-1,-1
300,71,672.67,478.95,60.74,115.39,0.643,-1,-1,-1
300,70,1377.94,429.09,126.17,280.89,0.900,-1,-1,-1
300,59,1165.62,442.71,44.11,106.17,0.508,-1,-1,-1
300,73,1576.52,413.57,84.54,236.58,0.515,-1,-1,-1
301,3,1009.60,400.16,161.47,630.68,0.871,-1,-1,-1
301,17,1583.09,421.68,217.05,458.38,0.857,-1,-1,-1
301,51,766.88,444.92,78.44,206.79,0.849,-1,-1,-1
301,58,501.41,454.03,41.68,106.99,0.629,-1,-1,-1
301,42,377.67,459.57,47.55,116.16,0.660,-1,-1,-1
301,65,858.61,420.83,170.68,511.07,0.875,-1,-1,-1
301,71,673.37,478.74,59.47,114.23,0.603,-1,-1,-1
301,70,1365.25,419.47,125.89,289.77,0.892,-1,-1,-1
301,59,1166.49,444.40,44.56,104.73,0.501,-1,-1,-1
301,75,737.25,470.62,41.62,128.55,0.632,-1,-1,-1
301,73,1562.16,410.88,118.47,333.32,0.752,-1,-1,-1
302,3,1011.78,400.09,161.60,627.18,0.867,-1,-1,-1
302,17,1597.64,424.28,211.26,457.21,0.849,-1,-1,-1
302,51,771.03,445.82,78.08,205.88,0.851,-1,-1,-1
302,58,501.63,454.51,41.45,106.93,0.650,-1,-1,-1
302,42,377.84,459.74,47.37,116.26,0.673,-1,-1,-1
302,65,859.92,420.67,170.70,518.19,0.865,-1,-1,-1
302,71,672.95,480.64,57.89,111.80,0.656,-1,-1,-1
302,70,1355.60,420.82,121.83,288.42,0.883,-1,-1,-1
302,59,1167.75,445.56,44.97,104.00,0.510,-1,-1,-1
302,75,736.75,471.07,41.49,128.00,0.670,-1,-1,-1
302,73,1561.85,408.04,134.53,380.96,0.831,-1,-1,-1
303,3,1011.37,399.83,162.48,624.80,0.873,-1,-1,-1
303,17,1613.58,418.74,209.97,467.75,0.855,-1,-1,-1
303,51,773.35,447.50,77.99,205.86,0.837,-1,-1,-1
303,58,501.22,454.48,41.37,107.09,0.642,-1,-1,-1
303,42,377.90,460.31,46.83,115.63,0.678,-1,-1,-1
303,65,858.23,420.49,170.79,523.40,0.880,-1,-1,-1
303,71,672.57,481.41,57.16,111.28,0.653,-1,-1,-1
303,70,1345.83,421.71,118.63,287.12,0.900,-1,-1,-1
303,75,736.60,471.87,41.18,126.77,0.646,-1,-1,-1
303,73,1565.01,405.81,141.09,403.48,0.671,-1,-1,-1
304,3,1013.63,400.03,163.88,623.95,0.883,-1,-1,-1
304,17,1624.51,413.71,207.97,477.45,0.868,-1,-1,-1
304,51,775.49,448.10,78.10,205.99,0.827,-1,-1,-1
304,58,501.23,454.68,41.20,106.99,0.664,-1,-1,-1
304,42,378.07,460.64,46.54,115.39,0.682,-1,-1,-1
304,65,858.29,420.31,170.46,527.23,0.890,-1,-1,-1
304,71,672.57,480.24,57.20,111.99,0.674,-1,-1,-1
304,70,1336.09,425.02,115.82,283.64,0.901,-1,-1,-1
304,75,736.82,472.54,40.93,125.31,0.660,-1,-1,-1
304,73,1573.06,404.14,143.37,415.19,0.589,-1,-1,-1
305,3,1017.49,399.99,165.96,622.98,0.889,-1,-1,-1
305,17,1634.72,411.24,209.29,491.99,0.866,-1,-1,-1
305,51,775.77,446.68,79.11,208.58,0.854,-1,-1,-1
305,58,501.46,455.18,40.94,106.66,0.617,-1,-1,-1
305,42,377.72,460.41,46.60,115.70,0.714,-1,-1,-1
305,65,861.33,420.23,169.02,528.35,0.895,-1,-1,-1
305,71,672.36,480.58,56.95,112.04,0.668,-1,-1,-1
305,70,1327.27,424.47,115.47,283.30,0.919,-1,-1,-1
305,75,737.23,472.98,40.72,123.67,0.705,-1,-1,-1
305,73,1583.74,403.68,142.37,418.21,0.621,-1,-1,-1
306,3,1022.74,399.99,168.73,621.37,0.909,-1,-1,-1
306,17,1648.95,410.83,208.47,498.09,0.900,-1,-1,-1
306,51,776.88,446.97,78.97,209.14,0.849,-1,-1,-1
306,58,501.11,455.78,40.51,105.80,0.607,-1,-1,-1
306,42,377.91,460.46,46.49,115.68,0.685,-1,-1,-1
306,65,863.47,420.25,167.45,529.09,0.895,-1,-1,-1
306,71,672.31,480.11,57.09,112.57,0.648,-1,-1,-1
306,70,1319.37,424.80,116.20,282.67,0.924,-1,-1,-1
306,75,737.23,475.06,40.21,121.02,0.615,-1,-1,-1
306,73,1592.25,404.75,140.41,416.21,0.741,-1,-1,-1
306,59,1180.66,445.95,44.23,102.52,0.525,-1,-1,-1
307,3,1026.44,400.03,172.15,619.60,0.910,-1,-1,-1
307,17,1671.22,415.36,210.21,498.64,0.903,-1,-1,-1
307,51,778.74,446.38,78.99,209.97,0.844,-1,-1,-1
307,58,500.73,455.60,40.49,105.96,0.641,-1,-1,-1
307,42,378.20,460.60,46.22,115.43,0.684,-1,-1,-1
307,65,865.51,419.49,166.24,530.05,0.899,-1,-1,-1
307,71,672.06,481.27,56.35,111.33,0.629,-1,-1,-1
307,70,1312.99,426.42,117.30,280.89,0.923,-1,-1,-1
307,75,737.40,475.87,40.57,120.80,0.676,-1,-1,-1
307,73,1600.57,405.00,138.99,415.02,0.728,-1,-1,-1
307,77,0.00,400.03,121.62,460.81,0.773,-1,-1,-1
307,59,1183.20,444.14,44.48,104.07,0.532,-1,-1,-1
308,3,1030.96,400.16,176.15,616.72,0.919,-1,-1,-1
308,17,1687.11,424.31,211.36,492.27,0.914,-1,-1,-1
308,51,781.99,447.14,78.09,208.99,0.827,-1,-1,-1
308,58,500.21,455.63,40.62,105.99,0.678,-1,-1,-1
308,42,378.74,460.47,46.07,115.51,0.720,-1,-1,-1
308,65,865.72,418.94,165.40,530.73,0.910,-1,-1,-1
308,71,671.95,482.44,55.97,111.05,0.616,-1,-1,-1
308,70,1306.99,426.94,119.10,279.96,0.935,-1,-1,-1
308,75,737.79,477.00,41.05,120.68,0.683,-1,-1,-1
308,73,1606.61,405.13,138.59,414.02,0.697,-1,-1,-1
308,77,0.08,399.08,122.00,461.75,0.832,-1,-1,-1
308,59,1186.69,443.68,44.52,104.63,0.537,-1,-1,-1
309,3,1035.18,399.34,180.54,615.57,0.936,-1,-1,-1
309,17,1690.42,424.61,215.59,495.79,0.912,-1,-1,-1
309,51,786.38,446.82,77.92,209.11,0.809,-1,-1,-1
309,58,499.51,455.84,40.72,105.60,0.683,-1,-1,-1
309,42,378.88,460.67,45.91,115.34,0.753,-1,-1,-1
309,65,867.07,418.71,164.31,530.94,0.912,-1,-1,-1
309,71,671.85,483.06,55.65,110.50,0.647,-1,-1,-1
309,70,1300.73,428.18,120.73,277.58,0.931,-1,-1,-1
309,75,737.79,477.28,41.22,119.65,0.740,-1,-1,-1
309,73,1616.46,406.13,139.39,413.15,0.789,-1,-1,-1
309,77,0.00,398.65,121.71,462.08,0.893,-1,-1,-1
309,59,1189.21,443.09,44.49,105.47,0.563,-1,-1,-1
310,3,1037.01,398.96,184.76,613.80,0.934,-1,-1,-1
310,17,1690.83,425.92,220.15,500.97,0.931,-1,-1,-1
310,51,790.59,445.30,78.18,210.60,0.821,-1,-1,-1
310,58,498.45,456.31,40.76,105.23,0.704,-1,-1,-1
310,42,378.07,461.20,45.53,114.62,0.749,-1,-1,-1
310,65,869.40,418.44,163.02,531.42,0.899,-1,-1,-1
310,71,671.36,481.46,56.26,111.82,0.686,-1,-1,-1
310,70,1293.60,428.80,121.94,274.72,0.931,-1,-1,-1
310,75,737.19,476.01,41.60,119.17,0.749,-1,-1,-1
310,73,1623.17,406.43,140.55,412.10,0.821,-1,-1,-1
310,77,0.00,397.31,121.75,462.92,0.904,-1,-1,-1
310,59,1191.44,445.75,43.30,102.65,0.531,-1,-1,-1
311,3,1036.18,399.67,188.98,612.27,0.937,-1,-1,-1
311,17,1689.19,427.06,224.57,506.39,0.935,-1,-1,-1
311,51,794.51,444.63,77.83,211.24,0.839,-1,-1,-1
311,58,497.68,456.30,41.05,105.56,0.698,-1,-1,-1
311,42,377.79,461.65,45.33,114.18,0.722,-1,-1,-1
311,65,869.61,418.49,162.22,531.62,0.908,-1,-1,-1
311,71,672.51,481.25,55.99,111.80,0.619,-1,-1,-1
311,70,1284.75,428.59,122.29,270.55,0.920,-1,-1,-1
311,75,736.75,475.06,42.38,120.20,0.751,-1,-1,-1
311,73,1625.02,407.02,141.39,410.59,0.881,-1,-1,-1
311,77,0.00,396.21,120.97,462.03,0.912,-1,-1,-1
311,59,1193.00,446.73,42.50,101.62,0.510,-1,-1,-1
312,3,1035.61,399.42,192.78,612.12,0.935,-1,-1,-1
312,17,1688.38,426.68,228.07,510.77,0.938,-1,-1,-1
312,51,796.18,445.16,77.07,210.73,0.841,-1,-1,-1
312,58,496.04,456.76,41.15,105.00,0.711,-1,-1,-1
312,42,377.62,461.70,45.23,114.11,0.743,-1,-1,-1
312,65,869.35,418.57,161.77,531.61,0.907,-1,-1,-1
312,71,672.21,481.63,55.95,111.79,0.688,-1,-1,-1
312,70,1275.34,427.88,120.47,264.61,0.919,-1,-1,-1
312,75,737.46,475.89,41.34,115.99,0.736,-1,-1,-1
312,73,1628.72,410.02,142.11,406.82,0.877,-1,-1,-1
312,77,1.22,395.29,122.67,463.43,0.909,-1,-1,-1
312,59,1193.82,447.82,42.05,101.34,0.562,-1,-1,-1
313,3,1034.08,398.61,196.90,613.42,0.935,-1,-1,-1
313,17,1689.01,426.60,229.91,512.66,0.938,-1,-1,-1
313,51,799.50,444.27,77.71,211.79,0.843,-1,-1,-1
313,58,495.98,456.83,41.49,105.16,0.730,-1,-1,-1
313,42,377.80,461.71,45.10,114.20,0.742,-1,-1,-1
313,65,868.33,418.87,161.38,531.11,0.906,-1,-1,-1
313,71,673.13,481.73,55.52,111.06,0.615,-1,-1,-1
313,70,1267.20,428.29,118.88,261.85,0.905,-1,-1,-1
313,75,737.00,475.88,42.11,117.33,0.743,-1,-1,-1
313,73,1632.03,409.67,144.47,406.96,0.866,-1,-1,-1
313,77,8.55,395.13,124.24,465.44,0.916,-1,-1,-1
313,59,1194.21,447.95,42.06,101.36,0.598,-1,-1,-1
314,3,1033.89,397.74,200.11,614.24,0.932,-1,-1,-1
314,17,1692.88,424.18,227.12,515.38,0.857,-1,-1,-1
314,51,800.92,444.80,77.59,211.10,0.826,-1,-1,-1
314,58,495.15,456.84,41.93,105.35,0.717,-1,-1,-1
314,42,377.88,461.71,45.10,114.34,0.757,-1,-1,-1
314,65,868.78,418.62,161.30,531.23,0.902,-1,-1,-1
314,71,673.46,481.12,55.56,111.53,0.652,-1,-1,-1
314,70,1260.50,427.37,116.99,262.39,0.879,-1,-1,-1
314,75,736.26,476.23,42.81,118.38,0.733,-1,-1,-1
314,73,1637.14,410.97,147.37,406.08,0.840,-1,-1,-1
314,77,19.22,396.56,125.92,463.29,0.921,-1,-1,-1
314,59,1193.72,447.88,42.30,102.13,0.581,-1,-1,-1
315,3,1034.60,397.79,202.33,613.90,0.934,-1,-1,-1
315,17,1695.81,422.25,224.19,518.10,0.931,-1,-1,-1
315,51,801.78,444.07,78.38,212.68,0.842,-1,-1,-1
315,58,495.13,456.78,42.25,105.41,0.703,-1,-1,-1
315,42,378.08,461.53,45.09,114.54,0.704,-1,-1,-1
315,65,867.58,418.48,161.50,531.42,0.902,-1,-1,-1
315,71,672.40,480.94,55.27,110.87,0.632,-1,-1,-1
315,70,1255.75,426.13,114.73,264.09,0.879,-1,-1,-1
315,75,735.24,476.59,42.88,117.25,0.713,-1,-1,-1
315,73,1641.94,411.49,149.80,404.82,0.842,-1,-1,-1
315,77,37.33,397.33,129.66,462.21,0.936,-1,-1,-1
315,59,1194.18,447.48,42.80,103.50,0.601,-1,-1,-1
315,68,1417.98,438.24,43.42,110.22,0.559,-1,-1,-1
316,3,1036.46,397.39,204.01,614.82,0.930,-1,-1,-1
316,17,1702.64,419.73,217.36,521.63,0.903,-1,-1,-1
316,51,800.59,445.40,78.34,211.18,0.838,-1,-1,-1
316,58,494.83,456.81,42.59,105.44,0.714,-1,-1,-1
316,42,378.29,461.38,45.08,114.63,0.683,-1,-1,-1
316,65,868.37,418.45,161.85,531.29,0.892,-1,-1,-1
316,71,671.38,481.12,55.17,110.59,0.648,-1,-1,-1
316,70,1251.94,427.45,110.25,261.81,0.867,-1,-1,-1
316,75,734.48,476.72,43.33,117.09,0.688,-1,-1,-1
316,73,1650.73,408.23,154.29,408.79,0.852,-1,-1,-1
316,77,55.81,399.25,135.50,460.00,0.926,-1,-1,-1
316,59,1194.99,446.94,43.09,104.48,0.584,-1,-1,-1
316,68,1422.06,438.54,42.09,110.07,0.579,-1,-1,-1
317,3,1038.44,397.07,205.05,615.32,0.931,-1,-1,-1
317,17,1717.73,418.61,202.27,522.44,0.807,-1,-1,-1
317,51,799.58,444.21,79.05,212.34,0.845,-1,-1,-1
317,58,493.26,456.54,43.18,105.86,0.718,-1,-1,-1
317,42,378.45,461.28,45.15,114.75,0.647,-1,-1,-1
317,65,869.76,418.60,162.35,531.11,0.900,-1,-1,-1
317,71,671.09,483.07,54.45,109.05,0.674,-1,-1,-1
317,70,1249.26,426.25,106.76,261.43,0.870,-1,-1,-1
317,75,734.06,476.13,44.23,119.03,0.655,-1,-1,-1
317,73,1660.66,404.99,157.91,411.36,0.823,-1,-1,-1
317,77,68.55,400.18,143.51,458.28,0.937,-1,-1,-1
317,59,1195.66,446.78,43.64,106.05,0.587,-1,-1,-1
317,68,1424.82,437.89,41.81,110.97,0.580,-1,-1,-1
318,3,1039.80,397.55,205.52,614.94,0.924,-1,-1,-1
318,17,1733.86,416.64,186.14,524.17,0.798,-1,-1,-1
318,51,798.84,444.08,79.18,212.44,0.848,-1,-1,-1
318,58,492.56,456.28,43.72,106.24,0.721,-1,-1,-1
318,42,378.51,461.35,45.19,114.79,0.624,-1,-1,-1
318,65,870.03,418.83,163.03,530.71,0.909,-1,-1,-1
318,71,670.65,483.14,54.43,109.08,0.649,-1,-1,-1
318,70,1244.31,426.64,104.12,259.92,0.872,-1,-1,-1
318,75,733.08,475.36,44.71,119.09,0.693,-1,-1,-1
318,73,1671.32,403.97,159.38,413.52,0.741,-1,-1,-1
318,77,76.17,401.29,152.96,456.96,0.942,-1,-1,-1
318,59,1197.59,447.05,43.33,105.80,0.562,-1,-1,-1
318,68,1429.87,437.98,41.37,110.86,0.580,-1,-1,-1
319,3,1041.14,398.64,205.57,613.97,0.930,-1,-1,-1
319,17,1759.75,413.63,160.25,527.51,0.786,-1,-1,-1
319,51,801.53,444.61,78.72,212.08,0.818,-1,-1,-1
319,58,491.87,456.09,44.10,106.42,0.709,-1,-1,-1
319,42,378.39,461.25,45.36,114.94,0.615,-1,-1,-1
319,65,870.11,418.92,163.72,530.56,0.908,-1,-1,-1
319,71,670.44,482.80,54.47,109.18,0.623,-1,-1,-1
319,70,1239.15,428.41,102.45,257.91,0.863,-1,-1,-1
319,75,732.50,474.85,45.44,119.74,0.691,-1,-1,-1
319,73,1688.04,398.46,166.01,437.08,0.744,-1,-1,-1
319,77,79.60,402.77,162.96,455.08,0.946,-1,-1,-1
319,59,1200.38,447.61,42.98,104.94,0.579,-1,-1,-1
319,68,1432.79,437.99,41.65,110.70,0.613,-1,-1,-1
320,3,1042.40,399.00,205.51,613.65,0.928,-1,-1,-1
320,17,1775.53,409.82,144.47,531.11,0.765,-1,-1,-1
320,51,805.81,445.56,78.04,210.86,0.798,-1,-1,-1
320,58,491.65,456.00,44.31,106.57,0.711,-1,-1,-1
320,42,378.33,461.31,45.30,114.73,0.631,-1,-1,-1
320,65,869.69,419.32,164.24,529.86,0.901,-1,-1,-1
320,71,670.90,482.84,54.33,108.95,0.636,-1,-1,-1
320,70,1232.18,428.40,103.24,258.27,0.857,-1,-1,-1
320,75,732.46,474.16,46.11,120.94,0.697,-1,-1,-1
320,73,1695.40,394.68,167.20,444.15,0.846,-1,-1,-1
320,77,81.01,404.89,172.71,452.48,0.950,-1,-1,-1
320,59,1202.67,448.44,42.72,104.22,0.523,-1,-1,-1
320,68,1436.64,438.08,41.89,111.20,0.589,-1,-1,-1
321,3,1043.90,399.58,205.23,613.22,0.923,-1,-1,-1
321,17,1789.66,412.50,130.34,528.54,0.690,-1,-1,-1
321,51,812.25,446.94,76.49,209.35,0.807,-1,-1,-1
321,58,491.17,455.65,44.25,106.79,0.703,-1,-1,-1
321,42,378.34,461.25,45.14,114.66,0.634,-1,-1,-1
321,65,868.77,419.64,165.15,529.58,0.909,-1,-1,-1
321,71,671.13,481.62,54.93,110.34,0.604,-1,-1,-1
321,70,1228.59,429.13,103.89,258.07,0.850,-1,-1,-1
321,75,732.33,473.00,46.75,122.69,0.690,-1,-1,-1
321,73,1706.03,394.42,168.66,453.41,0.843,-1,-1,-1
321,77,78.98,406.16,181.98,450.11,0.948,-1,-1,-1
321,59,1205.50,448.67,42.59,103.86,0.526,-1,-1,-1
321,68,1439.82,439.24,41.77,110.20,0.596,-1,-1,-1
322,3,1045.71,399.58,204.88,613.22,0.923,-1,-1,-1
322,17,1802.51,415.40,117.49,525.98,0.646,-1,-1,-1
322,51,816.59,447.95,75.54,208.40,0.815,-1,-1,-1
322,58,490.85,455.59,44.10,106.78,0.700,-1,-1,-1
322,42,378.34,461.36,45.08,114.64,0.642,-1,-1,-1
322,65,868.15,419.90,165.77,529.43,0.904,-1,-1,-1
322,71,671.85,482.03,54.69,110.06,0.604,-1,-1,-1
322,70,1227.59,431.27,103.65,255.73,0.832,-1,-1,-1
322,75,732.38,472.90,47.17,123.86,0.721,-1,-1,-1
322,73,1717.17,394.07,167.60,457.47,0.818,-1,-1,-1
322,77,77.99,406.15,190.84,447.07,0.947,-1,-1,-1
322,59,1206.54,448.90,42.20,103.21,0.503,-1,-1,-1
322,68,1440.91,439.09,42.60,110.34,0.620,-1,-1,-1
323,3,1047.26,400.35,204.08,612.52,0.920,-1,-1,-1
323,51,819.91,448.38,75.09,207.73,0.801,-1,-1,-1
323,58,489.48,455.97,44.30,107.03,0.752,-1,-1,-1
323,42,377.80,461.50,45.24,114.80,0.724,-1,-1,-1
323,65,868.28,420.10,166.36,529.24,0.905,-1,-1,-1
323,71,672.25,478.55,55.96,113.06,0.562,-1,-1,-1
323,70,1229.96,452.13,96.73,234.02,0.794,-1,-1,-1
323,75,731.97,472.18,47.79,125.37,0.768,-1,-1,-1
323,73,1728.95,393.75,165.34,458.59,0.832,-1,-1,-1
323,77,77.45,406.72,198.91,443.36,0.951,-1,-1,-1
323,68,1443.55,439.39,43.59,109.79,0.671,-1,-1,-1
324,3,1048.69,400.38,203.26,612.28,0.925,-1,-1,-1
324,51,823.03,448.17,75.10,207.86,0.783,-1,-1,-1
324,58,489.35,455.36,44.45,107.53,0.751,-1,-1,-1
324,42,377.95,461.56,45.11,114.62,0.749,-1,-1,-1
324,65,869.36,420.47,166.70,529.01,0.896,-1,-1,-1
324,71,672.31,478.29,56.03,113.72,0.544,-1,-1,-1
324,70,1224.58,440.68,101.83,245.51,0.850,-1,-1,-1
324,75,731.90,471.94,47.77,125.54,0.753,-1,-1,-1
324,73,1740.70,393.66,163.18,458.66,0.796,-1,-1,-1
324,77,76.07,406.79,206.25,441.12,0.950,-1,-1,-1
324,68,1445.25,439.76,44.93,109.11,0.718,-1,-1,-1
325,3,1051.11,400.27,202.35,612.29,0.924,-1,-1,-1
325,51,825.98,448.20,75.23,207.78,0.766,-1,-1,-1
325,58,489.31,454.68,44.62,108.25,0.754,-1,-1,-1
325,42,378.07,461.52,45.04,114.60,0.750,-1,-1,-1
325,65,869.80,420.65,166.86,528.63,0.898,-1,-1,-1
325,71,674.30,478.57,55.65,113.70,0.568,-1,-1,-1
325,70,1221.84,438.54,102.35,246.77,0.800,-1,-1,-1
325,75,732.10,471.68,47.85,125.79,0.767,-1,-1,-1
325,73,1751.94,393.84,161.73,459.65,0.842,-1,-1,-1
325,77,77.86,405.23,212.54,440.26,0.948,-1,-1,-1
325,68,1447.02,440.22,46.12,108.25,0.766,-1,-1,-1
326,3,1052.28,399.00,201.85,613.80,0.926,-1,-1,-1
326,51,828.76,445.31,76.56,211.41,0.683,-1,-1,-1
326,58,489.24,454.23,44.66,108.77,0.732,-1,-1,-1
326,42,378.15,461.50,45.09,114.86,0.687,-1,-1,-1
326,65,870.20,420.73,167.13,528.70,0.885,-1,-1,-1
326,71,673.40,481.62,54.52,111.09,0.667,-1,-1,-1
326,70,1217.97,453.65,93.96,225.68,0.645,-1,-1,-1
326,75,732.37,473.32,47.08,123.52,0.754,-1,-1,-1
326,73,1753.55,394.65,166.45,513.91,0.815,-1,-1,-1
326,77,84.23,404.37,216.19,438.97,0.946,-1,-1,-1
326,68,1447.09,440.06,47.12,107.54,0.756,-1,-1,-1
327,3,1052.83,398.52,201.28,614.51,0.922,-1,-1,-1
327,51,845.62,443.82,59.53,161.93,0.599,-1,-1,-1
327,58,488.83,454.29,44.43,108.44,0.720,-1,-1,-1
327,42,378.43,461.61,45.13,114.75,0.682,-1,-1,-1
327,65,870.61,420.91,167.43,528.60,0.866,-1,-1,-1
327,71,673.65,481.55,54.20,110.87,0.609,-1,-1,-1
327,75,732.30,474.03,46.72,122.48,0.767,-1,-1,-1
327,73,1754.60,395.28,165.40,532.81,0.805,-1,-1,-1
327,77,92.54,402.96,217.00,435.94,0.947,-1,-1,-1
327,68,1448.03,440.62,48.20,106.31,0.768,-1,-1,-1
327,59,1203.51,433.99,70.75,178.12,0.608,-1,-1,-1
328,3,1053.24,397.69,200.71,615.29,0.922,-1,-1,-1
328,51,855.26,444.33,52.52,141.86,0.575,-1,-1,-1
328,58,488.38,454.57,44.15,108.08,0.720,-1,-1,-1
328,42,378.32,461.61,45.24,114.89,0.772,-1,-1,-1
328,65,872.28,421.05,167.21,528.51,0.884,-1,-1,-1
328,71,674.40,481.44,53.82,110.43,0.663,-1,-1,-1
328,75,732.90,474.58,46.08,120.68,0.771,-1,-1,-1
328,73,1763.56,393.34,156.44,489.69,0.846,-1,-1,-1
328,77,104.29,401.78,214.22,429.45,0.943,-1,-1,-1
328,68,1449.96,440.89,49.12,106.64,0.736,-1,-1,-1
328,59,1201.23,431.50,82.23,211.06,0.556,-1,-1,-1
329,3,1053.37,397.75,199.99,615.39,0.915,-1,-1,-1
329,58,488.62,454.09,43.13,105.61,0.688,-1,-1,-1
329,42,378.57,461.75,45.11,114.54,0.744,-1,-1,-1
329,65,873.00,421.15,167.18,528.73,0.890,-1,-1,-1
329,71,674.37,480.75,53.71,110.54,0.633,-1,-1,-1
329,75,733.26,475.82,45.83,119.84,0.773,-1,-1,-1
329,73,1767.15,393.42,152.85,469.73,0.880,-1,-1,-1
329,77,117.68,401.24,210.45,425.38,0.942,-1,-1,-1
329,68,1451.02,440.59,49.82,106.83,0.707,-1,-1,-1
329,59,1197.75,427.63,73.88,192.14,0.564,-1,-1,-1
330,3,1053.89,397.35,199.34,615.61,0.918,-1,-1,-1
330,58,489.11,454.38,42.24,103.37,0.677,-1,-1,-1
330,42,379.10,461.84,44.92,114.02,0.667,-1,-1,-1
330,65,869.90,421.18,168.06,528.57,0.893,-1,-1,-1
330,71,674.72,480.70,53.52,110.23,0.622,-1,-1,-1
330,75,733.85,477.02,45.22,118.03,0.779,-1,-1,-1
330,73,1768.42,394.91,151.58,461.26,0.863,-1,-1,-1
330,77,132.43,400.57,205.48,423.38,0.935,-1,-1,-1
330,68,1453.74,439.77,49.87,107.45,0.675,-1,-1,-1
330,59,1199.81,426.49,59.26,151.80,0.553,-1,-1,-1
331,3,1054.71,397.52,198.32,615.16,0.926,-1,-1,-1
331,58,488.85,454.25,41.57,101.92,0.662,-1,-1,-1
331,42,379.11,461.96,44.90,113.69,0.700,-1,-1,-1
331,65,870.41,421.22,168.32,528.36,0.895,-1,-1,-1
331,71,674.93,479.76,53.68,110.71,0.646,-1,-1,-1
331,75,733.87,477.66,44.92,117.13,0.786,-1,-1,-1
331,73,1769.25,396.99,150.75,457.14,0.859,-1,-1,-1
331,77,148.15,399.24,199.66,423.42,0.910,-1,-1,-1
331,68,1457.10,438.44,49.27,108.56,0.679,-1,-1,-1
332,3,1055.82,397.77,197.50,614.97,0.925,-1,-1,-1
332,58,487.51,453.85,42.86,105.79,0.681,-1,-1,-1
332,42,378.89,461.83,45.16,114.27,0.732,-1,-1,-1
332,65,872.83,421.03,168.47,528.35,0.906,-1,-1,-1
332,71,674.70,479.97,53.70,111.00,0.643,-1,-1,-1
332,75,734.45,477.28,44.27,115.27,0.769,-1,-1,-1
332,73,1769.63,399.37,150.37,454.27,0.810,-1,-1,-1
332,77,170.14,398.97,193.01,422.99,0.882,-1,-1,-1
332,68,1460.36,437.38,48.79,109.79,0.725,-1,-1,-1
333,3,1058.44,398.87,196.59,613.69,0.918,-1,-1,-1
333,58,488.38,453.96,42.89,106.70,0.686,-1,-1,-1
333,42,379.36,461.54,45.33,114.68,0.739,-1,-1,-1
333,65,873.09,421.23,168.73,528.58,0.908,-1,-1,-1
333,71,673.77,481.26,53.47,109.86,0.715,-1,-1,-1
333,75,735.10,476.99,44.11,114.32,0.755,-1,-1,-1
333,73,1770.13,400.09,149.87,453.47,0.790,-1,-1,-1
333,77,189.06,398.93,188.19,423.60,0.862,-1,-1,-1
333,68,1464.92,436.97,47.98,109.94,0.676,-1,-1,-1
334,3,1059.30,399.34,195.83,613.02,0.923,-1,-1,-1
334,58,489.54,454.29,41.83,104.42,0.631,-1,-1,-1
334,42,379.58,461.48,45.40,114.88,0.682,-1,-1,-1
334,65,873.94,420.84,169.11,528.81,0.909,-1,-1,-1
334,71,673.64,481.88,53.85,110.04,0.702,-1,-1,-1
334,75,735.58,478.01,44.25,114.29,0.755,-1,-1,-1
334,73,1772.16,403.38,147.84,450.16,0.747,-1,-1,-1
334,77,204.17,398.44,185.08,424.53,0.867,-1,-1,-1
334,68,1468.16,436.49,47.48,110.60,0.600,-1,-1,-1
335,3,1059.20,399.11,195.28,613.28,0.925,-1,-1,-1
335,58,487.67,454.32,42.69,107.06,0.711,-1,-1,-1
335,42,379.69,461.59,45.33,114.81,0.737,-1,-1,-1
335,65,873.35,421.10,168.95,528.70,0.902,-1,-1,-1
335,71,672.72,482.34,53.94,109.73,0.730,-1,-1,-1
335,75,734.88,477.91,44.80,115.04,0.774,-1,-1,-1
335,73,1779.27,421.14,140.73,432.11,0.632,-1,-1,-1
335,77,216.17,398.46,182.74,424.54,0.888,-1,-1,-1
335,68,1470.62,436.74,46.57,110.51,0.591,-1,-1,-1
335,79,3.39,444.40,129.28,338.28,0.771,-1,-1,-1
336,3,1059.74,398.32,195.30,614.25,0.917,-1,-1,-1
336,58,486.72,453.92,43.03,108.39,0.698,-1,-1,-1
336,42,379.39,461.76,45.24,114.31,0.707,-1,-1,-1
336,65,874.79,420.92,169.03,528.61,0.907,-1,-1,-1
336,71,673.54,480.17,54.43,110.60,0.720,-1,-1,-1
336,75,733.75,477.82,45.30,115.86,0.766,-1,-1,-1
336,77,224.88,398.55,182.25,424.87,0.869,-1,-1,-1
336,68,1472.33,437.03,45.59,110.20,0.597,-1,-1,-1
336,79,5.68,444.71,130.10,339.78,0.842,-1,-1,-1
337,3,1059.66,397.75,195.54,615.09,0.910,-1,-1,-1
337,58,486.38,453.81,42.76,108.32,0.673,-1,-1,-1
337,42,379.00,462.14,45.21,113.68,0.668,-1,-1,-1
337,65,875.38,420.78,168.94,528.41,0.914,-1,-1,-1
337,71,673.60,478.83,55.46,112.09,0.734,-1,-1,-1
337,75,733.38,477.96,45.48,115.86,0.779,-1,-1,-1
337,77,231.85,399.06,183.59,424.50,0.899,-1,-1,-1
337,68,1475.64,437.17,45.34,110.07,0.562,-1,-1,-1
337,79,7.63,445.80,130.85,340.50,0.904,-1,-1,-1
337,59,1190.84,418.01,75.90,185.91,0.510,-1,-1,-1
338,3,1060.47,397.30,195.84,615.40,0.907,-1,-1,-1
338,58,486.19,453.75,42.41,108.08,0.653,-1,-1,-1
338,42,378.53,462.25,45.26,113.25,0.679,-1,-1,-1
338,65,876.20,420.62,168.88,528.22,0.915,-1,-1,-1
338,71,674.05,479.59,55.73,112.30,0.753,-1,-1,-1
338,75,732.82,478.46,45.41,115.01,0.791,-1,-1,-1
338,77,243.59,399.42,185.31,423.80,0.907,-1,-1,-1
338,68,1478.82,436.51,45.48,110.66,0.543,-1,-1,-1
338,79,8.72,445.70,131.46,340.38,0.917,-1,-1,-1
339,3,1062.72,396.72,196.94,615.91,0.901,-1,-1,-1
339,58,488.40,454.35,39.37,100.03,0.562,-1,-1,-1
339,42,378.45,462.29,45.26,112.72,0.624,-1,-1,-1
339,65,878.22,420.71,168.82,528.04,0.910,-1,-1,-1
339,71,674.99,479.44,55.88,112.98,0.714,-1,-1,-1
339,75,732.55,478.61,45.38,114.16,0.784,-1,-1,-1
339,77,251.51,402.98,186.40,419.97,0.897,-1,-1,-1
339,68,1482.97,437.31,45.76,109.91,0.561,-1,-1,-1
339,79,8.91,445.15,132.38,340.74,0.916,-1,-1,-1
340,3,1063.57,397.32,197.38,615.24,0.903,-1,-1,-1
340,42,378.52,462.16,45.40,112.82,0.540,-1,-1,-1
340,65,878.49,420.95,168.40,527.66,0.910,-1,-1,-1
340,71,675.06,479.29,56.23,113.91,0.744,-1,-1,-1
340,75,732.10,478.51,45.39,113.32,0.792,-1,-1,-1
340,77,255.71,404.19,188.96,418.44,0.919,-1,-1,-1
340,68,1486.04,437.27,46.52,109.70,0.590,-1,-1,-1
340,79,8.69,443.66,133.89,342.44,0.922,-1,-1,-1
341,3,1065.10,396.49,198.45,616.34,0.904,-1,-1,-1
341,42,378.52,462.21,45.60,112.85,0.609,-1,-1,-1
341,65,879.13,421.28,168.16,527.21,0.907,-1,-1,-1
341,71,675.57,480.29,55.74,113.06,0.749,-1,-1,-1
341,75,731.94,478.19,46.63,116.19,0.801,-1,-1,-1
341,77,256.55,400.62,193.36,422.02,0.926,-1,-1,-1
341,68,1487.88,436.57,47.71,110.17,0.562,-1,-1,-1
341,79,8.63,441.81,135.01,343.00,0.937,-1,-1,-1
342,3,1065.64,395.93,198.86,616.74,0.900,-1,-1,-1
342,65,881.59,421.43,168.02,527.02,0.909,-1,-1,-1
342,71,674.48,480.44,55.67,112.84,0.731,-1,-1,-1
342,75,732.62,478.15,46.81,116.38,0.801,-1,-1,-1
342,77,259.25,406.71,193.59,415.83,0.937,-1,-1,-1
342,68,1488.92,437.73,48.21,108.83,0.507,-1,-1,-1
342,79,8.32,440.77,136.12,342.99,0.935,-1,-1,-1
342,59,1192.59,414.97,101.92,245.84,0.502,-1,-1,-1
343,3,1067.30,396.75,199.20,615.90,0.896,-1,-1,-1
343,65,884.24,421.76,167.96,526.68,0.908,-1,-1,-1
343,71,674.39,481.82,55.17,111.21,0.748,-1,-1,-1
343,75,733.28,477.90,46.74,115.94,0.795,-1,-1,-1
343,77,259.99,408.16,195.63,414.08,0.945,-1,-1,-1
343,68,1488.96,437.29,49.36,109.14,0.543,-1,-1,-1
343,79,5.97,439.76,140.68,352.91,0.905,-1,-1,-1
344,3,1066.59,396.08,199.43,616.48,0.901,-1,-1,-1
344,65,886.21,421.96,167.59,526.23,0.900,-1,-1,-1
344,71,673.78,481.71,55.57,111.44,0.758,-1,-1,-1
344,75,733.17,477.56,47.19,116.38,0.820,-1,-1,-1
344,77,259.99,408.13,197.69,413.26,0.947,-1,-1,-1
344,79,6.23,438.73,141.21,352.27,0.932,-1,-1,-1
345,3,1067.27,396.19,199.76,616.44,0.903,-1,-1,-1
345,65,886.63,422.06,166.98,526.28,0.897,-1,-1,-1
345,71,674.11,480.24,56.21,112.26,0.759,-1,-1,-1
345,75,733.34,477.40,47.51,116.52,0.825,-1,-1,-1
345,77,261.53,407.44,199.51,413.52,0.948,-1,-1,-1
345,79,10.30,438.02,140.91,350.61,0.905,-1,-1,-1
345,58,483.79,453.10,43.11,108.86,0.544,-1,-1,-1
346,3,1068.05,396.09,200.08,616.32,0.898,-1,-1,-1
346,65,887.82,422.21,165.90,525.98,0.892,-1,-1,-1
346,71,673.70,480.12,56.15,111.71,0.738,-1,-1,-1
346,75,733.03,477.03,48.19,117.73,0.827,-1,-1,-1
346,77,265.54,407.47,199.25,411.64,0.948,-1,-1,-1
346,79,24.90,437.52,138.21,347.31,0.876,-1,-1,-1
346,58,483.49,452.78,43.83,110.12,0.565,-1,-1,-1
347,3,1068.48,395.56,200.60,616.82,0.905,-1,-1,-1
347,65,888.64,422.20,164.98,525.85,0.894,-1,-1,-1
347,71,673.08,481.17,55.51,109.70,0.737,-1,-1,-1
347,75,732.95,476.78,48.67,118.63,0.823,-1,-1,-1
347,77,271.55,405.03,198.74,412.36,0.942,-1,-1,-1
347,79,40.45,436.68,136.56,346.19,0.866,-1,-1,-1
347,58,483.20,452.92,44.13,110.30,0.527,-1,-1,-1
348,3,1068.84,395.22,201.00,617.28,0.904,-1,-1,-1
348,65,889.94,422.19,164.24,526.32,0.901,-1,-1,-1
348,71,672.69,480.10,55.76,109.95,0.721,-1,-1,-1
348,75,732.39,475.36,49.21,119.69,0.823,-1,-1,-1
348,77,280.47,403.54,195.81,410.69,0.941,-1,-1,-1
348,79,54.70,436.24,135.58,347.01,0.884,-1,-1,-1
348,58,482.71,452.82,44.11,110.37,0.523,-1,-1,-1
348,68,1498.57,430.52,50.97,115.26,0.564,-1,-1,-1
349,3,1069.44,395.51,201.60,617.19,0.908,-1,-1,-1
349,65,891.21,422.08,163.59,526.48,0.902,-1,-1,-1
349,71,672.53,479.61,56.09,110.53,0.713,-1,-1,-1
349,75,732.07,474.61,49.01,119.45,0.814,-1,-1,-1
349,77,289.57,401.42,190.93,406.85,0.939,-1,-1,-1
349,79,64.30,436.31,134.77,346.52,0.867,-1,-1,-1
349,58,481.50,451.48,44.47,111.84,0.598,-1,-1,-1
350,3,1069.20,395.22,202.24,617.21,0.911,-1,-1,-1
350,65,893.09,422.11,162.95,526.58,0.901,-1,-1,-1
350,71,672.85,477.75,56.62,111.43,0.716,-1,-1,-1
350,75,732.06,474.31,48.59,118.80,0.805,-1,-1,-1
350,77,300.46,397.80,186.09,406.36,0.929,-1,-1,-1
350,79,75.16,436.44,135.69,346.27,0.900,-1,-1,-1
350,58,480.77,450.14,44.73,113.11,0.628,-1,-1,-1
350,68,1504.69,431.37,49.30,114.47,0.508,-1,-1,-1
351,3,1068.60,394.89,202.93,617.69,0.908,-1,-1,-1
351,65,891.76,422.13,161.57,526.31,0.897,-1,-1,-1
351,71,672.79,478.61,56.38,110.71,0.752,-1,-1,-1
351,75,732.44,473.98,48.41,119.08,0.808,-1,-1,-1
351,77,314.46,396.72,179.07,404.37,0.908,-1,-1,-1
351,79,89.29,437.65,137.83,344.73,0.926,-1,-1,-1
351,58,480.77,450.47,44.06,112.71,0.632,-1,-1,-1
351,68,1508.76,431.45,48.09,114.59,0.527,-1,-1,-1
352,3,1068.17,393.84,203.60,618.63,0.913,-1,-1,-1
352,65,894.20,422.14,160.87,525.81,0.894,-1,-1,-1
352,71,673.25,480.22,54.67,106.63,0.734,-1,-1,-1
352,75,732.34,475.11,47.95,118.40,0.809,-1,-1,-1
352,77,327.60,397.03,172.39,403.75,0.870,-1,-1,-1
352,79,100.52,440.10,141.25,341.83,0.910,-1,-1,-1
352,58,480.48,450.75,43.55,112.27,0.685,-1,-1,-1
353,3,1068.04,393.43,204.26,619.23,0.910,-1,-1,-1
353,65,893.72,422.03,160.26,526.26,0.898,-1,-1,-1
353,71,673.78,478.99,55.50,108.04,0.708,-1,-1,-1
353,75,731.86,474.93,48.18,119.41,0.810,-1,-1,-1
353,77,340.27,397.62,166.88,404.47,0.846,-1,-1,-1
353,79,106.72,440.41,146.44,341.35,0.924,-1,-1,-1
353,58,479.82,450.52,43.37,112.51,0.587,-1,-1,-1
353,81,2.84,447.05,68.15,409.83,0.712,-1,-1,-1
354,3,1068.83,393.73,204.68,618.77,0.904,-1,-1,-1
354,65,895.03,422.18,159.18,523.79,0.897,-1,-1,-1
354,71,673.60,479.02,56.09,108.96,0.713,-1,-1,-1
354,75,731.86,475.95,48.19,119.66,0.817,-1,-1,-1
354,77,352.27,398.15,161.77,403.11,0.872,-1,-1,-1
354,79,111.91,441.29,151.15,339.73,0.940,-1,-1,-1
354,58,478.43,450.48,43.22,112.50,0.601,-1,-1,-1
354,81,6.82,444.00,68.95,412.59,0.820,-1,-1,-1
355,3,1069.08,393.52,205.40,618.84,0.907,-1,-1,-1
355,65,896.65,422.14,159.24,523.51,0.889,-1,-1,-1
355,71,673.05,480.01,56.24,108.64,0.738,-1,-1,-1
355,75,732.29,477.82,47.64,117.99,0.807,-1,-1,-1
355,77,362.58,399.23,158.41,400.86,0.879,-1,-1,-1
355,79,113.53,441.58,156.52,339.72,0.940,-1,-1,-1
355,58,477.36,449.76,43.39,113.06,0.608,-1,-1,-1
355,81,15.98,447.80,69.38,408.61,0.849,-1,-1,-1
355,70,1051.00,437.91,79.87,210.45,0.596,-1,-1,-1
356,3,1069.84,392.63,206.45,619.47,0.927,-1,-1,-1
356,65,897.57,422.13,158.59,521.34,0.891,-1,-1,-1
356,71,673.26,480.07,56.39,108.19,0.761,-1,-1,-1
356,75,732.81,479.17,46.81,115.67,0.801,-1,-1,-1
356,77,373.89,400.14,157.31,399.18,0.882,-1,-1,-1
356,79,117.76,441.21,159.78,337.63,0.941,-1,-1,-1
356,58,476.30,449.52,43.71,113.14,0.571,-1,-1,-1
356,81,33.63,447.45,72.40,408.97,0.899,-1,-1,-1
356,70,1049.36,438.01,75.07,210.02,0.675,-1,-1,-1
357,3,1069.12,393.42,206.57,618.80,0.918,-1,-1,-1
357,65,898.31,422.34,157.96,520.80,0.885,-1,-1,-1
357,71,673.75,479.62,56.96,108.18,0.757,-1,-1,-1
357,75,733.00,479.22,46.32,114.40,0.794,-1,-1,-1
357,77,386.91,399.89,158.22,399.16,0.880,-1,-1,-1
357,79,125.68,441.34,159.56,331.13,0.922,-1,-1,-1
357,81,49.62,444.50,77.80,411.13,0.942,-1,-1,-1
357,70,1049.02,433.12,74.38,214.59,0.684,-1,-1,-1
358,3,1069.10,392.94,207.36,619.39,0.916,-1,-1,-1
358,65,899.45,421.93,156.80,517.86,0.883,-1,-1,-1
358,71,672.92,477.93,58.53,110.59,0.750,-1,-1,-1
358,75,732.10,477.49,47.47,117.32,0.786,-1,-1,-1
358,77,396.59,401.70,158.80,396.72,0.901,-1,-1,-1
358,79,131.92,441.21,158.66,325.51,0.922,-1,-1,-1
358,81,58.25,445.80,83.95,409.46,0.945,-1,-1,-1
358,70,1046.90,430.18,73.36,216.74,0.697,-1,-1,-1
359,3,1068.95,393.33,207.85,619.05,0.908,-1,-1,-1
359,65,901.37,421.94,156.48,517.43,0.898,-1,-1,-1
359,71,672.63,478.43,58.09,108.79,0.760,-1,-1,-1
359,75,731.86,476.60,48.09,119.17,0.798,-1,-1,-1
359,77,406.30,402.07,161.61,396.49,0.925,-1,-1,-1
359,79,137.82,440.51,158.10,323.95,0.919,-1,-1,-1
359,81,61.90,447.16,91.12,407.96,0.946,-1,-1,-1
359,70,1043.21,430.53,71.31,215.02,0.612,-1,-1,-1
360,3,1068.49,393.38,208.56,619.33,0.908,-1,-1,-1
360,65,904.29,421.96,155.77,515.91,0.887,-1,-1,-1
360,71,671.99,477.39,59.55,111.89,0.702,-1,-1,-1
360,75,732.04,476.35,47.45,117.17,0.786,-1,-1,-1
360,77,410.98,403.84,164.05,394.28,0.924,-1,-1,-1
360,79,142.47,439.93,157.77,323.83,0.914,-1,-1,-1
360,81,62.67,447.52,99.09,407.32,0.944,-1,-1,-1
360,70,1038.72,427.30,70.80,219.02,0.556,-1,-1,-1
361,3,1067.39,393.44,209.06,619.17,0.908,-1,-1,-1
361,65,905.52,421.30,155.37,515.77,0.885,-1,-1,-1
361,71,669.48,477.85,59.75,112.29,0.707,-1,-1,-1
361,75,731.30,475.69,48.39,119.24,0.797,-1,-1,-1
361,77,413.34,404.81,167.22,393.46,0.931,-1,-1,-1
361,79,146.29,438.78,157.92,326.48,0.883,-1,-1,-1
361,81,60.84,447.09,107.69,407.66,0.946,-1,-1,-1
361,70,1034.09,429.70,68.44,216.17,0.511,-1,-1,-1
362,3,1067.40,394.98,209.06,617.58,0.909,-1,-1,-1
362,65,908.94,420.91,155.66,515.59,0.885,-1,-1,-1
362,71,668.93,474.24,61.37,115.02,0.688,-1,-1,-1
362,75,731.48,476.34,48.44,119.01,0.803,-1,-1,-1
362,77,414.44,405.44,170.44,393.05,0.936,-1,-1,-1
362,79,152.91,437.31,156.08,327.10,0.891,-1,-1,-1
362,81,58.50,446.62,116.58,408.43,0.945,-1,-1,-1
362,70,1032.83,440.09,64.47,205.83,0.503,-1,-1,-1
363,3,1067.21,395.01,209.38,617.49,0.904,-1,-1,-1
363,65,912.68,419.85,155.92,515.53,0.888,-1,-1,-1
363,71,672.64,469.70,63.33,119.92,0.688,-1,-1,-1
363,75,731.20,476.00,48.63,119.08,0.791,-1,-1,-1
363,77,412.30,406.20,173.47,392.06,0.932,-1,-1,-1
363,79,161.14,436.29,152.59,327.12,0.890,-1,-1,-1
363,81,54.76,445.99,125.34,409.25,0.949,-1,-1,-1
364,3,1069.37,395.44,209.86,616.67,0.906,-1,-1,-1
364,65,915.08,420.28,155.73,515.27,0.891,-1,-1,-1
364,71,671.19,471.86,63.20,119.49,0.683,-1,-1,-1
364,75,731.87,477.13,48.69,119.02,0.791,-1,-1,-1
364,77,413.47,407.30,176.08,391.05,0.941,-1,-1,-1
364,79,171.60,435.30,148.34,328.17,0.887,-1,-1,-1
364,81,51.09,445.17,133.60,409.35,0.951,-1,-1,-1
365,3,1073.38,396.45,211.42,615.69,0.886,-1,-1,-1
365,65,917.67,420.88,155.66,515.02,0.886,-1,-1,-1
365,71,674.06,474.13,61.82,117.25,0.700,-1,-1,-1
365,75,731.66,478.16,48.69,118.87,0.807,-1,-1,-1
365,77,413.48,409.33,178.15,388.87,0.942,-1,-1,-1
365,79,182.65,435.56,143.56,328.15,0.870,-1,-1,-1
365,81,48.27,443.65,141.00,407.94,0.944,-1,-1,-1
366,3,1072.38,396.77,212.60,615.28,0.897,-1,-1,-1
366,65,919.93,420.17,156.20,515.74,0.905,-1,-1,-1
366,71,673.57,475.97,60.65,114.00,0.691,-1,-1,-1
366,75,731.51,477.92,48.29,117.68,0.783,-1,-1,-1
366,77,414.50,410.33,179.47,385.51,0.943,-1,-1,-1
366,79,192.95,435.09,139.81,328.48,0.873,-1,-1,-1
366,81,48.00,443.06,146.83,404.41,0.926,-1,-1,-1
367,3,1073.80,395.71,214.68,616.25,0.883,-1,-1,-1
367,65,922.65,419.29,156.59,516.74,0.904,-1,-1,-1
367,71,679.00,475.90,59.08,112.95,0.736,-1,-1,-1
367,75,731.02,478.96,47.76,116.54,0.796,-1,-1,-1
367,77,415.11,410.75,180.42,382.27,0.946,-1,-1,-1
367,79,203.60,434.27,137.71,329.60,0.880,-1,-1,-1
367,81,54.32,442.40,148.87,396.30,0.918,-1,-1,-1
367,42,376.53,461.58,47.18,114.81,0.667,-1,-1,-1
368,3,1074.63,396.02,216.33,615.67,0.878,-1,-1,-1
368,65,924.42,418.28,156.85,517.72,0.912,-1,-1,-1
368,71,680.54,475.17,58.31,112.86,0.734,-1,-1,-1
368,75,731.06,479.86,46.59,113.47,0.770,-1,-1,-1
368,77,415.33,409.17,182.35,382.42,0.945,-1,-1,-1
368,79,217.37,434.51,137.13,329.36,0.902,-1,-1,-1
368,81,67.19,440.69,147.80,387.05,0.919,-1,-1,-1
368,42,375.93,461.54,48.18,114.95,0.660,-1,-1,-1
369,3,1075.57,396.73,218.15,614.85,0.881,-1,-1,-1
369,65,925.69,416.98,157.01,518.71,0.909,-1,-1,-1
369,71,679.49,473.33,58.75,114.75,0.710,-1,-1,-1
369,75,730.90,479.76,46.43,113.16,0.772,-1,-1,-1
369,77,417.11,406.23,184.29,384.68,0.946,-1,-1,-1
369,79,231.13,435.15,137.81,329.26,0.923,-1,-1,-1
369,81,81.98,439.49,146.71,383.46,0.896,-1,-1,-1
369,42,375.31,461.33,48.52,114.89,0.689,-1,-1,-1
370,3,1078.27,397.15,220.90,614.46,0.881,-1,-1,-1
370,65,927.68,415.24,157.11,520.21,0.908,-1,-1,-1
370,71,680.78,474.68,57.37,113.66,0.667,-1,-1,-1
370,75,730.71,478.90,46.30,112.90,0.762,-1,-1,-1
370,77,420.41,405.69,183.86,383.54,0.948,-1,-1,-1
370,79,243.38,435.44,139.46,328.83,0.928,-1,-1,-1
370,81,99.70,437.33,145.03,384.68,0.876,-1,-1,-1
370,42,374.94,461.37,48.80,114.86,0.712,-1,-1,-1
371,3,1076.14,396.92,222.63,614.43,0.881,-1,-1,-1
371,65,929.50,414.12,157.00,521.49,0.912,-1,-1,-1
371,71,679.93,471.28,58.37,117.58,0.588,-1,-1,-1
371,75,730.11,478.21,46.63,113.80,0.774,-1,-1,-1
371,77,426.71,404.23,181.47,380.61,0.948,-1,-1,-1
371,79,251.56,436.64,141.72,327.88,0.926,-1,-1,-1
371,81,114.22,436.75,142.27,384.49,0.876,-1,-1,-1
371,42,374.85,461.13,49.03,115.00,0.711,-1,-1,-1
372,3,1075.88,397.15,224.47,614.42,0.879,-1,-1,-1
372,65,931.37,413.73,156.71,522.01,0.909,-1,-1,-1
372,71,678.25,466.20,59.74,121.76,0.639,-1,-1,-1
372,75,730.26,476.82,46.78,114.36,0.753,-1,-1,-1
372,77,434.21,403.65,177.44,375.75,0.941,-1,-1,-1
372,79,256.71,438.37,144.06,325.67,0.934,-1,-1,-1
372,81,127.67,436.58,139.86,383.22,0.883,-1,-1,-1
372,42,374.34,460.63,49.40,115.57,0.701,-1,-1,-1
373,3,1073.52,397.17,225.50,614.56,0.892,-1,-1,-1
373,65,933.95,413.31,156.42,522.67,0.910,-1,-1,-1
373,71,680.76,470.19,56.25,116.05,0.624,-1,-1,-1
373,75,730.72,477.70,46.29,113.47,0.724,-1,-1,-1
373,77,444.94,402.48,172.96,372.25,0.931,-1,-1,-1
373,79,262.15,439.86,144.80,322.67,0.921,-1,-1,-1
373,81,145.71,439.39,138.88,378.85,0.911,-1,-1,-1
373,42,375.67,460.85,49.33,115.58,0.741,-1,-1,-1
374,3,1072.66,397.26,226.58,614.71,0.895,-1,-1,-1
374,65,936.21,413.43,155.98,522.82,0.916,-1,-1,-1
374,71,684.95,475.70,52.87,111.18,0.602,-1,-1,-1
374,75,731.04,477.07,46.56,114.57,0.723,-1,-1,-1
374,77,458.12,401.86,168.92,370.16,0.912,-1,-1,-1
374,79,268.73,440.80,142.30,312.28,0.899,-1,-1,-1
374,81,161.51,440.29,140.06,376.54,0.917,-1,-1,-1
374,42,376.80,461.25,49.10,114.92,0.756,-1,-1,-1
374,86,1253.74,446.47,40.92,95.37,0.540,-1,-1,-1
375,3,1073.53,397.39,227.70,614.55,0.895,-1,-1,-1
375,65,938.92,413.46,155.69,522.57,0.912,-1,-1,-1
375,71,685.65,475.07,50.85,108.36,0.639,-1,-1,-1
375,75,731.28,477.64,46.38,114.34,0.711,-1,-1,-1
375,77,470.05,401.55,165.87,369.15,0.886,-1,-1,-1
375,79,275.79,440.89,140.54,306.92,0.899,-1,-1,-1
375,81,175.08,441.17,143.74,375.28,0.921,-1,-1,-1
375,42,377.06,461.17,49.16,114.63,0.779,-1,-1,-1
375,86,1254.30,447.58,40.32,93.97,0.512,-1,-1,-1
375,87,1.11,442.36,57.49,372.53,0.610,-1,-1,-1
375,88,417.63,457.84,43.24,111.32,0.556,-1,-1,-1
376,3,1077.22,397.22,229.96,614.52,0.895,-1,-1,-1
376,65,940.81,413.25,155.33,522.59,0.912,-1,-1,-1
376,71,685.28,474.12,51.54,111.39,0.657,-1,-1,-1
376,75,731.21,477.23,46.80,116.09,0.727,-1,-1,-1
376,77,477.37,401.87,163.74,368.76,0.885,-1,-1,-1
376,79,280.15,440.33,139.61,305.03,0.901,-1,-1,-1
376,81,181.23,441.80,148.14,375.09,0.936,-1,-1,-1
376,42,377.13,461.40,49.21,114.05,0.710,-1,-1,-1
376,87,6.11,434.58,58.76,378.71,0.715,-1,-1,-1
377,3,1073.37,396.79,230.76,615.04,0.906,-1,-1,-1
377,65,941.62,413.94,155.13,522.43,0.912,-1,-1,-1
377,71,687.16,475.10,50.31,110.44,0.622,-1,-1,-1
377,75,731.69,477.77,44.53,110.29,0.684,-1,-1,-1
377,77,484.18,401.26,162.85,369.20,0.858,-1,-1,-1
377,79,283.16,439.58,139.25,305.38,0.879,-1,-1,-1
377,81,186.48,445.12,152.66,371.88,0.932,-1,-1,-1
377,42,377.33,461.14,49.81,114.55,0.685,-1,-1,-1
377,87,20.64,430.14,60.56,380.72,0.825,-1,-1,-1
378,3,1073.62,395.92,232.34,615.94,0.895,-1,-1,-1
378,65,944.01,415.83,154.49,520.74,0.914,-1,-1,-1
378,71,686.97,472.39,51.23,114.05,0.687,-1,-1,-1
378,75,731.93,478.08,43.03,106.48,0.692,-1,-1,-1
378,77,488.62,400.78,162.28,369.87,0.879,-1,-1,-1
378,79,290.05,437.88,137.82,306.73,0.873,-1,-1,-1
378,81,187.10,444.88,158.47,372.17,0.937,-1,-1,-1
378,42,377.40,461.12,50.47,115.53,0.641,-1,-1,-1
378,87,36.26,428.39,63.78,381.67,0.880,-1,-1,-1
379,3,1071.65,395.90,232.81,615.80,0.910,-1,-1,-1
379,65,945.82,416.67,154.38,520.22,0.919,-1,-1,-1
379,71,687.76,473.21,49.69,112.04,0.622,-1,-1,-1
379,75,732.36,480.54,41.67,101.85,0.747,-1,-1,-1
379,77,497.03,400.55,160.73,369.86,0.881,-1,-1,-1
379,79,294.56,437.16,135.94,307.47,0.873,-1,-1,-1
379,81,186.48,446.02,163.33,371.03,0.941,-1,-1,-1
379,42,377.07,460.76,50.71,116.08,0.533,-1,-1,-1
379,87,46.16,430.92,67.73,378.64,0.909,-1,-1,-1
380,3,1071.14,395.52,233.40,616.10,0.903,-1,-1,-1
380,65,948.25,417.21,154.60,519.76,0.916,-1,-1,-1
380,71,686.79,474.44,49.19,111.71,0.690,-1,-1,-1
380,75,732.01,481.22,42.20,102.39,0.743,-1,-1,-1
380,77,506.11,401.68,159.34,368.88,0.889,-1,-1,-1
380,79,299.38,435.74,133.97,309.53,0.855,-1,-1,-1
380,81,185.32,444.99,168.78,371.69,0.945,-1,-1,-1
380,87,51.49,433.58,72.83,375.40,0.936,-1,-1,-1
381,3,1075.14,395.41,235.04,616.21,0.887,-1,-1,-1
381,65,951.47,417.11,155.15,520.10,0.906,-1,-1,-1
381,71,686.80,475.05,49.04,112.19,0.713,-1,-1,-1
381,75,731.92,482.13,42.69,102.81,0.759,-1,-1,-1
381,77,514.12,403.12,157.47,367.52,0.897,-1,-1,-1
381,79,305.61,435.07,131.42,310.82,0.857,-1,-1,-1
381,81,184.96,443.93,173.01,370.67,0.943,-1,-1,-1
381,87,50.74,436.12,78.16,372.56,0.943,-1,-1,-1
382,3,1072.30,395.73,234.46,615.86,0.910,-1,-1,-1
382,65,953.07,417.41,155.51,519.82,0.896,-1,-1,-1
382,71,686.36,472.89,49.66,114.38,0.722,-1,-1,-1
382,75,733.09,481.66,43.72,104.92,0.747,-1,-1,-1
382,77,524.98,404.74,154.94,365.63,0.890,-1,-1,-1
382,79,314.64,434.72,128.50,310.94,0.844,-1,-1,-1
382,81,191.04,446.93,173.72,364.95,0.932,-1,-1,-1
382,87,51.11,437.98,84.50,370.93,0.942,-1,-1,-1
382,58,470.44,452.68,42.11,108.50,0.546,-1,-1,-1
383,3,1070.88,396.40,233.69,615.25,0.922,-1,-1,-1
383,65,953.95,417.53,156.04,519.66,0.900,-1,-1,-1
383,71,686.11,471.74,49.99,116.39,0.730,-1,-1,-1
383,75,733.54,480.75,43.97,104.78,0.738,-1,-1,-1
383,77,531.17,406.33,153.82,363.98,0.903,-1,-1,-1
383,79,324.90,433.74,126.27,311.63,0.844,-1,-1,-1
383,81,197.72,445.87,174.95,364.81,0.937,-1,-1,-1
383,87,52.91,439.04,92.00,370.22,0.949,-1,-1,-1
384,3,1072.24,396.81,233.45,614.82,0.920,-1,-1,-1
384,65,954.49,416.74,156.50,520.54,0.888,-1,-1,-1
384,71,685.97,472.09,49.41,116.12,0.727,-1,-1,-1
384,75,732.50,479.92,46.01,109.42,0.747,-1,-1,-1
384,77,536.49,407.21,152.86,362.66,0.917,-1,-1,-1
384,79,333.67,433.98,124.76,311.11,0.864,-1,-1,-1
384,81,203.23,444.77,173.55,360.43,0.931,-1,-1,-1
384,87,53.46,439.84,99.98,369.28,0.950,-1,-1,-1
384,58,470.09,453.79,41.40,107.27,0.522,-1,-1,-1
385,3,1072.64,396.63,233.02,614.75,0.912,-1,-1,-1
385,65,955.59,415.75,157.01,521.43,0.885,-1,-1,-1
385,71,683.80,473.76,49.29,116.00,0.719,-1,-1,-1
385,75,732.08,478.59,47.39,113.17,0.768,-1,-1,-1
385,77,540.16,408.36,152.04,361.73,0.923,-1,-1,-1
385,79,344.07,434.11,123.46,311.25,0.894,-1,-1,-1
385,81,211.30,443.18,171.74,358.14,0.932,-1,-1,-1
385,87,52.69,439.67,108.49,369.53,0.950,-1,-1,-1
386,3,1073.12,396.22,232.82,615.12,0.911,-1,-1,-1
386,65,957.32,416.11,157.42,520.56,0.883,-1,-1,-1
386,71,686.58,474.99,47.37,112.42,0.639,-1,-1,-1
386,75,731.46,476.80,48.17,115.25,0.753,-1,-1,-1
386,77,543.44,409.61,151.04,360.50,0.933,-1,-1,-1
386,79,358.37,435.01,123.77,310.22,0.912,-1,-1,-1
386,81,222.82,443.37,168.06,356.26,0.915,-1,-1,-1
386,87,49.96,437.83,116.81,370.10,0.948,-1,-1,-1
387,3,1074.15,396.22,232.71,615.45,0.908,-1,-1,-1
387,65,957.69,417.10,157.54,519.60,0.880,-1,-1,-1
387,71,685.75,475.68,47.55,113.78,0.638,-1,-1,-1
387,75,729.45,474.88,49.75,119.19,0.740,-1,-1,-1
387,77,545.05,409.90,150.51,359.94,0.935,-1,-1,-1
387,79,371.36,436.60,125.58,308.69,0.918,-1,-1,-1
387,81,234.77,440.92,164.41,357.91,0.896,-1,-1,-1
387,87,46.64,436.38,124.24,369.88,0.948,-1,-1,-1
387,70,944.25,436.26,47.68,142.41,0.669,-1,-1,-1
388,3,1075.77,395.56,234.01,616.01,0.908,-1,-1,-1
388,65,955.49,417.11,156.96,519.67,0.867,-1,-1,-1
388,71,686.56,474.63,47.90,114.66,0.658,-1,-1,-1
388,75,728.92,473.00,50.22,121.16,0.776,-1,-1,-1
388,77,546.21,410.28,149.57,358.36,0.939,-1,-1,-1
388,79,382.16,439.54,128.06,305.33,0.914,-1,-1,-1
388,81,248.19,441.43,158.25,357.19,0.868,-1,-1,-1
388,87,46.43,435.23,130.48,369.61,0.937,-1,-1,-1
389,3,1074.99,395.75,235.77,615.70,0.907,-1,-1,-1
389,65,955.40,417.46,156.36,518.98,0.863,-1,-1,-1
389,71,685.61,473.19,48.54,116.37,0.670,-1,-1,-1
389,75,727.43,471.87,51.24,124.04,0.801,-1,-1,-1
389,77,547.56,410.97,148.45,356.33,0.940,-1,-1,-1
389,79,387.18,440.24,131.46,304.01,0.921,-1,-1,-1
389,81,257.10,440.74,153.51,357.89,0.799,-1,-1,-1
389,87,52.14,434.84,133.68,365.76,0.930,-1,-1,-1
390,3,1070.82,395.86,237.68,615.44,0.907,-1,-1,-1
390,65,955.69,417.82,155.90,518.87,0.857,-1,-1,-1
390,71,684.12,472.28,48.75,117.08,0.642,-1,-1,-1
390,75,727.09,471.18,51.74,125.79,0.793,-1,-1,-1
390,77,549.66,409.53,148.16,358.00,0.930,-1,-1,-1
390,79,389.38,440.55,135.34,303.45,0.926,-1,-1,-1
390,81,270.98,440.84,148.01,357.70,0.807,-1,-1,-1
390,87,55.71,433.35,136.98,365.41,0.919,-1,-1,-1
390,70,928.14,434.67,54.18,152.07,0.601,-1,-1,-1
391,3,1069.65,395.77,239.43,615.19,0.922,-1,-1,-1
391,65,956.20,418.11,155.13,518.35,0.857,-1,-1,-1
391,71,684.43,472.34,47.58,114.31,0.641,-1,-1,-1
391,75,727.22,470.35,50.56,122.97,0.780,-1,-1,-1
391,77,555.25,408.02,143.78,350.07,0.915,-1,-1,-1
391,79,396.19,441.06,135.19,297.96,0.908,-1,-1,-1
391,81,278.97,440.20,144.73,358.41,0.797,-1,-1,-1
391,87,66.08,432.47,137.93,365.35,0.860,-1,-1,-1
391,90,1066.24,431.33,66.21,130.19,0.608,-1,-1,-1
391,70,919.48,435.36,57.12,152.63,0.527,-1,-1,-1
392,3,1069.07,395.56,241.10,615.50,0.916,-1,-1,-1
392,65,957.00,418.18,154.70,518.22,0.849,-1,-1,-1
392,71,684.15,470.11,48.11,115.71,0.652,-1,-1,-1
392,75,726.95,469.27,50.81,123.71,0.785,-1,-1,-1
392,77,562.41,407.64,141.01,348.97,0.910,-1,-1,-1
392,79,402.85,442.23,135.18,293.16,0.901,-1,-1,-1
392,81,291.56,439.80,144.13,358.89,0.810,-1,-1,-1
392,87,77.77,432.05,137.74,365.25,0.829,-1,-1,-1
392,90,1067.22,430.57,65.90,129.44,0.664,-1,-1,-1
392,70,915.42,435.86,59.14,153.12,0.559,-1,-1,-1
393,3,1068.16,395.73,242.05,615.35,0.921,-1,-1,-1
393,65,957.56,417.89,154.47,518.67,0.854,-1,-1,-1
393,71,682.75,467.63,48.99,118.86,0.611,-1,-1,-1
393,75,726.45,467.58,51.05,124.53,0.794,-1,-1,-1
393,77,568.71,406.87,136.43,343.89,0.919,-1,-1,-1
393,79,407.35,441.63,135.89,292.47,0.897,-1,-1,-1
393,81,306.53,440.75,144.93,357.78,0.871,-1,-1,-1
393,87,78.01,432.31,139.45,364.92,0.864,-1,-1,-1
393,90,1067.80,430.23,65.35,128.31,0.578,-1,-1,-1
393,70,916.89,436.40,62.99,167.77,0.737,-1,-1,-1
394,3,1067.50,395.75,243.30,615.53,0.912,-1,-1,-1
394,65,958.26,417.98,154.64,518.53,0.851,-1,-1,-1
394,71,683.14,470.48,47.03,114.43,0.561,-1,-1,-1
394,75,724.93,467.41,52.39,128.42,0.797,-1,-1,-1
394,77,575.15,407.20,132.62,341.14,0.911,-1,-1,-1
394,79,411.70,441.20,135.69,291.81,0.900,-1,-1,-1
394,81,317.07,441.84,146.35,356.58,0.902,-1,-1,-1
394,87,85.70,432.48,140.26,365.21,0.846,-1,-1,-1
394,90,1072.82,430.76,64.77,126.62,0.651,-1,-1,-1
394,70,915.63,437.23,63.92,173.90,0.807,-1,-1,-1
395,3,1066.27,395.92,243.79,615.52,0.925,-1,-1,-1
395,65,958.84,418.38,153.49,517.89,0.855,-1,-1,-1
395,75,723.54,467.00,53.16,131.11,0.795,-1,-1,-1
395,77,579.73,406.07,130.58,340.66,0.898,-1,-1,-1
395,79,417.93,439.77,134.74,292.47,0.869,-1,-1,-1
395,81,323.31,445.39,147.44,353.23,0.911,-1,-1,-1
395,87,95.65,432.64,140.64,364.54,0.831,-1,-1,-1
395,90,1078.33,430.82,64.62,125.60,0.666,-1,-1,-1
395,70,914.73,437.98,63.33,176.07,0.825,-1,-1,-1
396,3,1065.68,396.90,243.99,614.71,0.928,-1,-1,-1
396,65,959.41,418.26,152.93,518.31,0.853,-1,-1,-1
396,75,723.40,466.32,52.08,128.66,0.785,-1,-1,-1
396,77,584.83,404.86,128.93,340.48,0.888,-1,-1,-1
396,79,421.29,440.67,132.97,291.69,0.867,-1,-1,-1
396,81,326.41,448.98,148.35,349.72,0.931,-1,-1,-1
396,87,114.93,433.29,140.15,363.90,0.862,-1,-1,-1
396,90,1083.65,430.88,63.18,121.93,0.570,-1,-1,-1
396,70,913.16,438.89,62.56,176.25,0.844,-1,-1,-1
397,3,1066.16,396.86,244.19,615.57,0.930,-1,-1,-1
397,65,959.11,417.70,152.07,519.07,0.863,-1,-1,-1
397,75,721.67,466.29,51.89,127.81,0.801,-1,-1,-1
397,77,590.53,406.46,127.73,338.98,0.906,-1,-1,-1
397,79,427.09,444.52,129.53,288.32,0.854,-1,-1,-1
397,81,327.31,450.84,149.90,347.34,0.937,-1,-1,-1
397,87,130.47,433.58,140.97,363.44,0.899,-1,-1,-1
397,70,911.00,439.43,61.86,176.58,0.840,-1,-1,-1
398,3,1066.78,397.37,243.69,615.84,0.931,-1,-1,-1
398,65,960.24,417.54,151.10,519.47,0.859,-1,-1,-1
398,75,720.84,465.66,52.46,129.28,0.795,-1,-1,-1
398,77,595.13,406.57,127.60,339.53,0.904,-1,-1,-1
398,79,431.31,442.98,127.64,289.57,0.875,-1,-1,-1
398,81,326.86,450.29,152.07,346.96,0.929,-1,-1,-1
398,87,144.15,435.12,142.93,362.02,0.915,-1,-1,-1
398,70,908.99,439.34,61.08,177.42,0.830,-1,-1,-1
399,3,1066.41,398.10,242.86,615.37,0.918,-1,-1,-1
399,65,962.38,418.05,149.44,518.90,0.848,-1,-1,-1
399,75,720.01,465.78,53.97,133.57,0.810,-1,-1,-1
399,77,600.13,404.27,128.05,340.41,0.919,-1,-1,-1
399,79,437.54,442.00,124.70,290.55,0.879,-1,-1,-1
399,81,326.77,449.76,154.47,346.86,0.937,-1,-1,-1
399,87,150.90,436.04,145.92,360.93,0.899,-1,-1,-1
399,70,907.11,439.75,60.10,176.56,0.817,-1,-1,-1
400,3,1066.49,397.47,242.43,616.40,0.922,-1,-1,-1
400,65,965.28,418.50,147.70,518.48,0.853,-1,-1,-1
400,75,718.41,465.19,54.37,134.61,0.804,-1,-1,-1
400,77,606.20,404.10,129.61,340.45,0.911,-1,-1,-1
400,79,443.58,437.32,123.62,295.14,0.843,-1,-1,-1
400,81,327.04,447.75,156.35,347.02,0.927,-1,-1,-1
400,87,156.86,436.39,149.96,359.96,0.922,-1,-1,-1
400,70,905.27,439.28,59.75,176.42,0.805,-1,-1,-1
401,3,1066.49,397.46,241.57,617.19,0.923,-1,-1,-1
401,65,965.47,418.56,146.52,518.40,0.854,-1,-1,-1
401,75,716.58,464.81,53.74,132.56,0.795,-1,-1,-1
401,77,614.28,404.67,131.95,340.56,0.920,-1,-1,-1
401,79,453.70,444.35,117.50,287.90,0.812,-1,-1,-1
401,81,331.80,445.54,156.85,347.25,0.927,-1,-1,-1
401,87,158.55,437.94,153.47,358.22,0.929,-1,-1,-1
401,70,904.87,440.38,58.21,171.39,0.791,-1,-1,-1
401,86,1245.48,447.36,38.33,90.82,0.501,-1,-1,-1
402,3,1064.29,397.59,239.24,617.49,0.917,-1,-1,-1
402,65,965.16,419.05,145.34,517.81,0.857,-1,-1,-1
402,75,715.21,464.37,54.20,133.64,0.790,-1,-1,-1
402,77,624.56,405.18,133.74,339.85,0.925,-1,-1,-1
402,79,464.06,441.98,115.97,290.21,0.849,-1,-1,-1
402,81,338.35,449.24,154.20,342.53,0.914,-1,-1,-1
402,87,164.03,439.14,157.86,356.49,0.937,-1,-1,-1
402,70,902.13,442.40,58.08,170.53,0.798,-1,-1,-1
402,86,1245.64,447.51,37.87,90.82,0.520,-1,-1,-1
403,3,1064.11,396.89,236.90,618.25,0.917,-1,-1,-1
403,65,966.69,419.53,143.99,517.45,0.852,-1,-1,-1
403,75,712.94,463.42,56.81,141.42,0.777,-1,-1,-1
403,77,631.22,406.42,136.00,338.53,0.935,-1,-1,-1
403,79,476.97,439.72,115.86,291.91,0.845,-1,-1,-1
403,81,345.56,447.86,150.10,335.43,0.909,-1,-1,-1
403,87,165.39,439.48,162.32,355.97,0.938,-1,-1,-1
403,70,900.79,443.47,57.78,170.15,0.789,-1,-1,-1
403,86,1245.00,447.41,37.38,91.19,0.545,-1,-1,-1
404,3,1064.29,395.82,234.89,620.06,0.915,-1,-1,-1
404,65,967.96,419.49,142.68,517.29,0.848,-1,-1,-1
404,75,710.69,460.57,58.46,146.70,0.781,-1,-1,-1
404,77,636.66,407.82,138.42,337.54,0.925,-1,-1,-1
404,79,488.16,437.85,117.65,293.87,0.891,-1,-1,-1
404,81,353.59,443.34,147.67,335.03,0.902,-1,-1,-1
404,87,167.33,438.63,165.95,355.22,0.938,-1,-1,-1
404,70,898.38,450.96,55.31,162.96,0.789,-1,-1,-1
404,86,1244.05,447.51,37.15,91.19,0.567,-1,-1,-1
405,3,1063.65,394.71,232.01,621.35,0.917,-1,-1,-1
405,65,968.91,419.67,141.34,517.05,0.852,-1,-1,-1
405,75,710.81,460.04,58.39,148.58,0.770,-1,-1,-1
405,77,641.09,407.79,140.71,337.50,0.930,-1,-1,-1
405,79,499.88,438.12,119.34,292.91,0.912,-1,-1,-1
405,81,365.33,446.92,141.60,328.40,0.891,-1,-1,-1
405,87,167.28,436.74,169.49,355.59,0.942,-1,-1,-1
405,70,894.53,447.24,56.54,166.28,0.817,-1,-1,-1
405,86,1243.10,446.85,37.20,92.45,0.524,-1,-1,-1
406,3,1063.02,393.65,229.40,622.95,0.911,-1,-1,-1
406,65,970.31,419.65,140.01,516.96,0.857,-1,-1,-1
406,75,711.37,457.29,57.93,150.45,0.712,-1,-1,-1
406,77,644.21,408.30,142.43,336.97,0.939,-1,-1,-1
406,79,507.59,440.25,120.97,290.69,0.907,-1,-1,-1
406,81,377.18,443.07,137.12,328.48,0.865,-1,-1,-1
406,87,170.63,435.99,171.18,355.71,0.939,-1,-1,-1
406,70,892.65,447.71,56.57,165.51,0.799,-1,-1,-1
406,86,1242.74,447.13,36.39,92.35,0.510,-1,-1,-1
406,42,384.57,461.23,30.11,58.03,0.546,-1,-1,-1
407,3,1062.09,393.86,226.10,622.84,0.911,-1,-1,-1
407,65,968.29,419.60,139.38,517.00,0.855,-1,-1,-1
407,75,714.04,460.38,55.09,147.02,0.709,-1,-1,-1
407,77,646.35,410.78,142.76,334.19,0.938,-1,-1,-1
407,79,511.04,440.83,123.46,290.45,0.922,-1,-1,-1
407,81,386.62,442.05,133.71,329.20,0.835,-1,-1,-1
407,87,174.95,434.03,171.77,356.72,0.929,-1,-1,-1
407,70,889.19,449.22,56.60,163.06,0.820,-1,-1,-1
407,86,1242.04,446.99,35.90,92.53,0.551,-1,-1,-1
407,42,384.31,461.15,32.86,57.23,0.625,-1,-1,-1
408,3,1062.64,394.27,223.62,622.39,0.905,-1,-1,-1
408,65,966.96,418.99,139.00,517.61,0.854,-1,-1,-1
408,77,648.76,411.61,143.50,333.23,0.945,-1,-1,-1
408,79,510.93,440.47,126.16,291.05,0.919,-1,-1,-1
408,81,396.67,438.65,130.76,331.65,0.833,-1,-1,-1
408,87,183.33,433.12,167.95,350.40,0.920,-1,-1,-1
408,70,884.94,455.15,56.33,157.57,0.855,-1,-1,-1
408,86,1242.36,447.60,35.36,92.39,0.591,-1,-1,-1
408,42,383.82,460.97,35.11,58.09,0.660,-1,-1,-1
409,3,1062.01,394.86,221.06,622.11,0.903,-1,-1,-1
409,65,966.33,419.00,138.67,517.89,0.860,-1,-1,-1
409,77,649.74,412.12,144.19,332.22,0.942,-1,-1,-1
409,79,512.44,440.77,128.26,290.77,0.901,-1,-1,-1
409,81,407.56,439.36,127.49,330.11,0.833,-1,-1,-1
409,87,194.34,432.26,163.01,344.58,0.906,-1,-1,-1
409,70,880.27,452.33,58.53,160.37,0.832,-1,-1,-1
409,86,1241.44,448.14,34.71,92.22,0.554,-1,-1,-1
409,42,383.69,461.15,36.87,58.62,0.630,-1,-1,-1
410,3,1060.88,394.37,218.65,622.55,0.907,-1,-1,-1
410,65,966.93,419.02,138.09,517.75,0.859,-1,-1,-1
410,77,650.39,411.50,144.93,332.26,0.944,-1,-1,-1
410,79,518.35,439.80,128.34,288.76,0.891,-1,-1,-1
410,81,417.60,436.99,127.22,331.62,0.858,-1,-1,-1
410,87,214.70,431.25,156.48,342.17,0.866,-1,-1,-1
410,70,878.42,445.31,61.17,166.94,0.816,-1,-1,-1
410,86,1240.96,448.31,34.04,91.70,0.559,-1,-1,-1
410,42,383.25,460.79,37.78,58.77,0.655,-1,-1,-1
411,3,1058.87,395.54,215.68,621.97,0.902,-1,-1,-1
411,65,966.94,419.53,137.41,517.20,0.866,-1,-1,-1
411,77,650.52,411.98,144.76,330.17,0.945,-1,-1,-1
411,79,523.81,437.90,126.69,284.01,0.865,-1,-1,-1
411,81,429.44,438.79,127.30,329.53,0.904,-1,-1,-1
411,87,229.28,430.27,151.01,341.97,0.831,-1,-1,-1
411,70,876.80,442.12,62.48,170.09,0.833,-1,-1,-1
411,86,1239.87,447.92,33.83,91.95,0.525,-1,-1,-1
411,42,383.10,460.91,38.47,58.80,0.666,-1,-1,-1
412,3,1057.58,396.79,213.27,621.17,0.906,-1,-1,-1
412,65,965.91,419.33,137.13,517.18,0.866,-1,-1,-1
412,77,650.81,411.00,145.22,330.01,0.942,-1,-1,-1
412,79,527.53,435.10,126.40,283.96,0.878,-1,-1,-1
412,81,439.12,439.71,128.55,328.46,0.911,-1,-1,-1
412,87,241.65,429.63,147.01,343.13,0.848,-1,-1,-1
412,70,874.71,440.75,63.00,171.02,0.792,-1,-1,-1
412,86,1238.17,448.07,33.52,91.43,0.504,-1,-1,-1
412,42,382.65,460.82,39.12,59.09,0.606,-1,-1,-1
413,3,1055.68,397.39,211.06,620.84,0.916,-1,-1,-1
413,65,964.79,418.93,137.24,517.53,0.880,-1,-1,-1
413,77,652.26,409.34,145.91,331.76,0.939,-1,-1,-1
413,79,532.90,434.31,124.82,283.32,0.883,-1,-1,-1
413,81,446.06,439.98,130.85,327.88,0.920,-1,-1,-1
413,87,251.92,429.62,143.60,343.59,0.818,-1,-1,-1
413,70,872.52,440.05,62.71,170.60,0.818,-1,-1,-1
414,3,1054.33,397.48,208.94,619.86,0.911,-1,-1,-1
414,65,963.32,418.45,137.58,517.90,0.883,-1,-1,-1
414,77,653.70,410.31,145.02,330.25,0.938,-1,-1,-1
414,79,538.62,433.77,122.83,283.70,0.884,-1,-1,-1
414,81,449.31,439.82,133.57,328.00,0.930,-1,-1,-1
414,87,263.90,428.94,140.89,343.80,0.865,-1,-1,-1
414,70,870.32,439.73,61.73,168.85,0.825,-1,-1,-1
414,42,369.91,460.62,63.56,101.28,0.523,-1,-1,-1
415,3,1053.60,397.26,207.60,620.72,0.914,-1,-1,-1
415,65,963.18,417.52,137.61,519.09,0.863,-1,-1,-1
415,77,654.69,410.29,144.14,329.36,0.931,-1,-1,-1
415,79,542.74,432.57,121.71,285.52,0.844,-1,-1,-1
415,81,449.93,440.82,135.98,327.16,0.928,-1,-1,-1
415,87,274.03,429.42,139.19,342.82,0.866,-1,-1,-1
415,70,867.41,438.99,60.76,167.64,0.794,-1,-1,-1
415,92,1173.66,409.71,94.08,183.68,0.549,-1,-1,-1
415,42,369.16,460.63,66.21,110.41,0.608,-1,-1,-1
416,3,1051.74,396.10,206.98,622.06,0.910,-1,-1,-1
416,65,963.50,416.46,137.49,520.57,0.852,-1,-1,-1
416,77,661.18,410.46,141.16,325.41,0.931,-1,-1,-1
416,79,549.27,432.63,119.17,285.37,0.856,-1,-1,-1
416,81,450.48,444.67,137.24,323.61,0.932,-1,-1,-1
416,87,279.09,430.47,138.41,341.24,0.854,-1,-1,-1
416,70,864.27,437.98,59.87,167.60,0.786,-1,-1,-1
416,92,1172.87,410.92,95.27,185.88,0.517,-1,-1,-1
416,42,369.54,460.36,66.13,114.57,0.540,-1,-1,-1
417,3,1050.64,395.94,206.59,622.64,0.911,-1,-1,-1
417,65,963.60,414.91,137.36,522.25,0.845,-1,-1,-1
417,77,667.51,408.59,138.72,324.01,0.929,-1,-1,-1
417,79,559.30,432.63,116.42,285.45,0.851,-1,-1,-1
417,81,451.55,447.40,138.76,320.55,0.939,-1,-1,-1
417,87,290.75,432.70,138.99,339.18,0.912,-1,-1,-1
417,70,861.46,437.06,58.89,167.85,0.825,-1,-1,-1
417,42,370.40,460.37,65.25,116.49,0.604,-1,-1,-1
418,3,1049.75,395.74,206.19,623.62,0.908,-1,-1,-1
418,65,966.83,412.98,136.45,524.20,0.820,-1,-1,-1
418,77,674.73,407.91,136.08,322.64,0.923,-1,-1,-1
418,79,569.04,431.78,114.35,285.95,0.840,-1,-1,-1
418,81,453.20,449.55,139.80,317.39,0.936,-1,-1,-1
418,87,297.19,434.11,140.05,337.14,0.908,-1,-1,-1
418,70,859.84,436.32,57.57,167.95,0.800,-1,-1,-1
418,42,371.84,460.44,63.54,117.23,0.557,-1,-1,-1
419,3,1048.88,396.07,205.64,623.96,0.919,-1,-1,-1
419,65,966.37,413.17,135.43,524.77,0.833,-1,-1,-1
419,77,681.13,406.91,134.77,323.44,0.911,-1,-1,-1
419,79,579.10,431.80,111.22,285.93,0.851,-1,-1,-1
419,81,453.18,444.21,143.09,320.65,0.935,-1,-1,-1
419,87,300.27,434.68,142.24,336.90,0.902,-1,-1,-1
419,70,857.52,435.98,56.76,168.64,0.764,-1,-1,-1
419,42,374.08,460.04,61.84,117.98,0.510,-1,-1,-1
420,3,1048.51,395.97,205.02,624.23,0.916,-1,-1,-1
420,65,967.57,412.26,134.35,527.01,0.814,-1,-1,-1
420,77,686.03,405.96,134.25,324.51,0.898,-1,-1,-1
420,79,587.72,431.91,109.21,286.03,0.857,-1,-1,-1
420,81,455.77,440.96,144.41,322.62,0.934,-1,-1,-1
420,87,304.95,435.06,145.20,335.37,0.901,-1,-1,-1
420,70,856.26,436.04,55.94,169.13,0.794,-1,-1,-1
421,3,1047.99,396.01,204.87,624.54,0.918,-1,-1,-1
421,65,966.64,411.52,133.42,528.37,0.834,-1,-1,-1
421,77,689.73,406.19,132.81,322.65,0.879,-1,-1,-1
421,79,596.27,433.78,108.59,283.71,0.895,-1,-1,-1
421,81,457.61,438.34,145.08,324.48,0.920,-1,-1,-1
421,87,306.57,437.49,147.06,332.00,0.922,-1,-1,-1
421,70,855.46,436.88,54.77,168.21,0.830,-1,-1,-1
421,93,1165.55,415.18,128.61,495.02,0.572,-1,-1,-1
422,3,1048.31,396.18,204.71,625.56,0.903,-1,-1,-1
422,65,965.32,411.68,132.81,528.38,0.828,-1,-1,-1
422,77,695.86,408.16,131.14,320.98,0.884,-1,-1,-1
422,79,605.31,434.71,110.47,282.61,0.900,-1,-1,-1
422,81,463.50,439.05,142.85,321.52,0.895,-1,-1,-1
422,87,310.64,439.28,149.24,327.20,0.934,-1,-1,-1
422,70,854.58,437.54,53.77,167.48,0.850,-1,-1,-1
422,93,1161.13,411.43,128.88,495.63,0.636,-1,-1,-1
423,3,1047.44,396.32,204.90,626.93,0.910,-1,-1,-1
423,65,964.95,414.03,131.65,526.32,0.821,-1,-1,-1
423,77,702.36,410.95,129.11,318.53,0.875,-1,-1,-1
423,79,613.51,436.76,112.22,280.55,0.910,-1,-1,-1
423,81,469.72,440.33,139.65,317.90,0.906,-1,-1,-1
423,87,314.83,441.26,151.82,324.10,0.931,-1,-1,-1
423,70,852.94,438.59,52.99,166.16,0.852,-1,-1,-1
423,93,1165.93,409.45,130.52,499.51,0.744,-1,-1,-1
424,3,1046.95,396.41,206.03,629.52,0.898,-1,-1,-1
424,65,963.63,414.91,130.95,526.26,0.798,-1,-1,-1
424,77,705.56,408.43,129.19,321.70,0.886,-1,-1,-1
424,79,619.97,437.38,115.04,279.33,0.920,-1,-1,-1
424,81,477.26,440.28,136.58,316.77,0.892,-1,-1,-1
424,87,318.08,438.57,155.34,325.50,0.926,-1,-1,-1
424,70,851.38,439.87,52.37,164.41,0.842,-1,-1,-1
424,93,1170.61,409.31,131.49,499.48,0.765,-1,-1,-1
425,3,1047.30,396.21,207.78,635.77,0.881,-1,-1,-1
425,65,964.91,418.89,129.46,522.33,0.785,-1,-1,-1
425,77,707.46,406.03,129.33,324.39,0.880,-1,-1,-1
425,79,622.30,440.29,116.84,275.90,0.902,-1,-1,-1
425,81,487.91,439.77,132.60,317.06,0.875,-1,-1,-1
425,87,321.91,436.62,157.83,326.21,0.926,-1,-1,-1
425,70,849.77,440.59,52.04,163.03,0.829,-1,-1,-1
425,93,1172.66,409.13,133.45,501.88,0.746,-1,-1,-1
426,3,1047.61,395.69,210.20,644.28,0.875,-1,-1,-1
426,65,966.04,420.99,128.35,519.76,0.753,-1,-1,-1
426,77,710.65,405.93,128.60,324.58,0.877,-1,-1,-1
426,79,621.58,441.66,118.76,274.46,0.912,-1,-1,-1
426,81,503.46,438.29,128.76,318.90,0.853,-1,-1,-1
426,87,326.00,435.41,158.69,326.95,0.927,-1,-1,-1
426,70,846.77,440.95,52.35,163.33,0.816,-1,-1,-1
426,93,1175.91,409.41,135.24,502.47,0.779,-1,-1,-1
427,3,1049.90,395.49,212.29,651.89,0.863,-1,-1,-1
427,65,967.19,416.27,128.87,524.27,0.825,-1,-1,-1
427,77,713.88,406.25,127.30,324.18,0.869,-1,-1,-1
427,79,621.71,446.44,118.80,268.46,0.883,-1,-1,-1
427,81,511.83,437.91,124.47,319.08,0.871,-1,-1,-1
427,87,333.51,434.73,156.39,323.02,0.920,-1,-1,-1
427,70,843.58,440.56,52.39,163.70,0.817,-1,-1,-1
427,93,1177.67,410.24,136.65,501.43,0.791,-1,-1,-1
428,3,1053.13,395.12,215.00,659.12,0.856,-1,-1,-1
428,65,968.50,414.41,129.02,526.65,0.828,-1,-1,-1
428,77,718.03,406.36,126.62,324.37,0.891,-1,-1,-1
428,79,621.85,444.90,120.53,268.97,0.897,-1,-1,-1
428,81,518.71,438.69,120.59,318.50,0.875,-1,-1,-1
428,87,342.41,436.68,151.95,316.90,0.895,-1,-1,-1
428,70,840.36,440.11,51.74,162.52,0.805,-1,-1,-1
428,93,1176.84,410.04,138.91,502.72,0.819,-1,-1,-1
429,3,1051.97,395.14,215.60,665.95,0.886,-1,-1,-1
429,65,971.12,412.91,128.71,529.09,0.817,-1,-1,-1
429,77,721.88,408.12,125.36,322.69,0.900,-1,-1,-1
429,79,623.84,443.60,121.27,269.79,0.894,-1,-1,-1
429,81,525.86,438.48,118.11,318.82,0.882,-1,-1,-1
429,87,354.82,436.31,147.60,314.86,0.864,-1,-1,-1
429,70,838.52,439.97,50.59,160.60,0.812,-1,-1,-1
429,93,1176.94,408.63,141.24,504.62,0.837,-1,-1,-1
429,94,1655.36,323.57,247.57,720.21,0.765,-1,-1,-1
430,3,1052.33,395.23,215.84,672.12,0.901,-1,-1,-1
430,65,975.13,416.43,127.19,525.71,0.818,-1,-1,-1
430,77,728.51,410.31,123.62,320.38,0.897,-1,-1,-1
430,79,627.85,442.64,120.83,268.66,0.891,-1,-1,-1
430,81,535.13,438.75,117.13,318.87,0.899,-1,-1,-1
430,87,366.98,435.25,142.68,315.02,0.859,-1,-1,-1
430,70,837.25,439.06,49.85,160.24,0.783,-1,-1,-1
430,93,1179.94,408.97,141.75,503.46,0.775,-1,-1,-1
430,94,1630.38,318.92,255.68,739.33,0.859,-1,-1,-1
431,3,1051.25,394.70,213.92,674.55,0.863,-1,-1,-1
431,65,977.17,416.77,126.90,525.88,0.829,-1,-1,-1
431,77,730.08,411.74,123.23,318.99,0.882,-1,-1,-1
431,79,639.77,442.86,117.06,266.05,0.744,-1,-1,-1
431,81,543.83,439.61,117.04,317.65,0.899,-1,-1,-1
431,87,378.33,439.05,136.29,311.49,0.807,-1,-1,-1
431,70,836.11,437.95,49.16,160.00,0.762,-1,-1,-1
431,94,1603.44,309.65,259.02,738.41,0.817,-1,-1,-1
431,97,1255.91,424.29,89.42,313.14,0.530,-1,-1,-1
432,3,1049.05,394.33,208.02,668.56,0.799,-1,-1,-1
432,65,979.67,416.61,126.95,525.63,0.826,-1,-1,-1
432,77,733.44,412.65,122.98,317.98,0.903,-1,-1,-1
432,79,648.86,441.85,113.80,265.92,0.752,-1,-1,-1
432,81,550.91,439.87,118.55,317.34,0.922,-1,-1,-1
432,87,377.81,442.70,132.35,308.37,0.795,-1,-1,-1
432,70,835.22,437.43,48.69,160.04,0.726,-1,-1,-1
432,94,1579.07,301.60,259.67,721.40,0.803,-1,-1,-1
432,97,1268.58,422.36,77.59,270.37,0.516,-1,-1,-1
432,93,1190.89,409.29,117.13,408.16,0.607,-1,-1,-1
433,3,1052.55,394.58,196.79,640.34,0.849,-1,-1,-1
433,65,983.12,417.20,126.97,525.40,0.834,-1,-1,-1
433,77,735.87,414.20,121.82,315.81,0.900,-1,-1,-1
433,79,663.97,443.27,108.43,264.12,0.578,-1,-1,-1
433,81,554.81,440.27,120.22,316.82,0.925,-1,-1,-1
433,87,388.33,444.59,128.63,306.33,0.773,-1,-1,-1
433,70,834.02,437.39,47.79,158.43,0.748,-1,-1,-1
433,94,1547.25,299.87,275.94,741.61,0.873,-1,-1,-1
433,97,1274.72,420.35,76.21,263.93,0.505,-1,-1,-1
433,93,1197.46,409.66,114.72,390.69,0.781,-1,-1,-1
434,3,1066.36,394.96,177.56,575.14,0.712,-1,-1,-1
434,65,986.47,417.89,127.54,525.13,0.841,-1,-1,-1
434,77,739.52,414.28,120.93,314.95,0.893,-1,-1,-1
434,79,668.29,440.43,105.52,266.54,0.678,-1,-1,-1
434,81,556.38,441.08,121.77,315.35,0.930,-1,-1,-1
434,87,398.13,446.23,126.40,304.20,0.829,-1,-1,-1
434,70,833.77,437.73,47.00,157.43,0.615,-1,-1,-1
434,94,1514.90,301.34,278.11,713.48,0.810,-1,-1,-1
434,97,1274.63,421.11,86.32,298.34,0.694,-1,-1,-1
434,93,1202.13,410.04,118.26,393.56,0.541,-1,-1,-1
434,99,650.09,458.41,59.12,155.75,0.552,-1,-1,-1
435,3,1088.42,393.46,146.93,460.68,0.743,-1,-1,-1
435,65,991.11,418.57,123.94,502.76,0.850,-1,-1,-1
435,77,741.85,413.97,119.79,314.24,0.885,-1,-1,-1
435,79,674.77,437.46,103.28,269.42,0.747,-1,-1,-1
435,81,558.06,441.65,123.63,314.67,0.935,-1,-1,-1
435,87,401.48,437.05,130.37,313.83,0.864,-1,-1,-1
435,70,833.01,438.12,46.95,157.20,0.653,-1,-1,-1
435,94,1461.43,302.01,282.87,695.78,0.803,-1,-1,-1
435,97,1278.34,420.88,89.38,308.36,0.729,-1,-1,-1
435,93,1207.92,410.11,104.23,336.47,0.761,-1,-1,-1
436,3,1097.92,395.48,140.74,431.06,0.836,-1,-1,-1
436,65,1003.27,419.74,107.90,419.86,0.846,-1,-1,-1
436,77,742.19,412.97,118.63,314.04,0.897,-1,-1,-1
436,79,680.87,436.33,100.64,271.45,0.785,-1,-1,-1
436,81,558.75,441.94,125.93,314.54,0.933,-1,-1,-1
436,87,404.68,436.10,130.11,315.01,0.856,-1,-1,-1
436,70,831.35,438.58,46.93,157.20,0.597,-1,-1,-1
436,94,1395.58,307.88,289.52,684.96,0.755,-1,-1,-1
436,97,1284.50,420.84,80.12,274.19,0.518,-1,-1,-1
436,93,1209.77,408.56,103.51,326.58,0.673,-1,-1,-1
437,3,1101.87,396.52,145.06,434.88,0.866,-1,-1,-1
437,65,1007.80,419.16,107.40,402.67,0.864,-1,-1,-1
437,77,744.20,413.49,116.65,310.62,0.873,-1,-1,-1
437,79,687.09,436.02,98.48,271.55,0.796,-1,-1,-1
437,81,558.04,441.92,128.10,314.44,0.930,-1,-1,-1
437,87,415.57,438.23,129.14,312.75,0.845,-1,-1,-1
437,70,829.49,439.10,47.21,157.77,0.629,-1,-1,-1
437,94,1324.65,317.90,299.24,681.81,0.828,-1,-1,-1
437,93,1216.02,408.70,97.58,297.56,0.575,-1,-1,-1
438,3,1102.56,400.26,148.46,440.45,0.861,-1,-1,-1
438,65,1009.16,419.35,112.42,409.16,0.875,-1,-1,-1
438,77,749.74,412.86,114.71,308.72,0.865,-1,-1,-1
438,79,691.27,433.89,97.87,274.21,0.804,-1,-1,-1
438,81,558.13,441.52,129.97,313.78,0.933,-1,-1,-1
438,87,422.89,441.49,127.83,308.99,0.873,-1,-1,-1
438,70,827.63,440.51,47.18,156.66,0.651,-1,-1,-1
438,94,1260.76,324.43,308.58,684.98,0.834,-1,-1,-1
439,3,1101.35,412.91,144.73,428.64,0.791,-1,-1,-1
439,65,1008.61,420.37,118.86,422.47,0.873,-1,-1,-1
439,77,760.41,413.33,110.70,303.79,0.820,-1,-1,-1
439,79,701.45,434.29,100.78,282.16,0.836,-1,-1,-1
439,81,559.20,440.83,131.52,313.76,0.928,-1,-1,-1
439,87,427.87,436.46,128.94,312.71,0.876,-1,-1,-1
439,94,1198.72,337.25,311.60,677.07,0.843,-1,-1,-1
440,3,1104.61,441.30,114.09,334.06,0.620,-1,-1,-1
440,65,1007.80,420.71,125.04,436.68,0.875,-1,-1,-1
440,77,766.03,413.63,108.51,302.65,0.814,-1,-1,-1
440,79,708.20,431.59,102.70,286.72,0.835,-1,-1,-1
440,81,560.10,439.53,132.77,314.24,0.915,-1,-1,-1
440,87,432.48,441.31,126.45,306.43,0.881,-1,-1,-1
440,94,1140.03,351.47,312.75,668.32,0.837,-1,-1,-1
440,42,365.33,508.11,64.38,120.21,0.570,-1,-1,-1
441,65,1008.91,423.69,115.10,393.72,0.804,-1,-1,-1
441,77,769.54,412.32,106.30,302.47,0.845,-1,-1,-1
441,79,712.18,430.21,102.07,283.38,0.858,-1,-1,-1
441,81,563.47,439.20,133.05,313.22,0.915,-1,-1,-1
441,87,435.93,438.90,127.00,307.08,0.900,-1,-1,-1
441,94,1079.23,361.84,313.57,659.32,0.866,-1,-1,-1
441,42,360.36,508.95,65.87,120.66,0.590,-1,-1,-1
441,97,1331.28,426.58,98.65,323.30,0.817,-1,-1,-1
442,77,772.75,411.46,104.36,301.68,0.802,-1,-1,-1
442,79,720.48,433.95,103.26,278.60,0.838,-1,-1,-1
442,81,566.04,438.82,132.96,312.20,0.926,-1,-1,-1
442,87,439.42,437.57,126.93,307.39,0.894,-1,-1,-1
442,94,1022.56,366.68,313.57,651.24,0.857,-1,-1,-1
442,42,352.75,514.29,67.75,121.12,0.623,-1,-1,-1
442,97,1330.09,427.05,105.19,327.83,0.869,-1,-1,-1
443,77,776.42,410.95,103.01,302.99,0.816,-1,-1,-1
443,79,723.78,436.27,105.86,277.28,0.847,-1,-1,-1
443,81,571.09,438.40,130.91,309.10,0.907,-1,-1,-1
443,87,446.03,435.68,126.38,308.68,0.891,-1,-1,-1
443,94,978.43,367.79,316.44,647.27,0.883,-1,-1,-1
443,42,343.52,511.55,74.03,132.30,0.631,-1,-1,-1
443,97,1332.88,427.15,110.46,331.10,0.875,-1,-1,-1
443,100,376.89,461.14,57.50,109.18,0.671,-1,-1,-1
444,77,777.14,411.16,102.27,303.88,0.840,-1,-1,-1
444,79,720.84,438.49,106.55,274.87,0.809,-1,-1,-1
444,81,577.04,437.70,127.62,304.76,0.905,-1,-1,-1
444,87,452.15,435.07,123.37,304.65,0.884,-1,-1,-1
444,94,926.11,365.38,318.20,648.74,0.897,-1,-1,-1
444,42,333.34,510.57,76.46,135.20,0.723,-1,-1,-1
444,97,1332.08,426.85,114.38,335.67,0.869,-1,-1,-1
444,100,375.67,461.22,59.30,112.99,0.677,-1,-1,-1
444,93,1243.49,420.99,105.25,314.93,0.512,-1,-1,-1
445,77,782.95,412.16,100.44,302.03,0.833,-1,-1,-1
445,79,718.35,440.84,105.55,269.74,0.821,-1,-1,-1
445,81,583.19,437.19,124.41,301.22,0.905,-1,-1,-1
445,87,457.85,433.17,120.42,300.49,0.859,-1,-1,-1
445,94,881.30,357.44,323.26,656.68,0.843,-1,-1,-1
445,42,323.70,510.25,78.02,137.05,0.763,-1,-1,-1
445,97,1333.01,425.79,116.92,339.14,0.859,-1,-1,-1
445,100,375.24,461.25,59.91,114.69,0.685,-1,-1,-1
445,101,1161.68,401.65,166.30,510.35,0.854,-1,-1,-1
445,102,541.43,443.97,52.93,167.75,0.527,-1,-1,-1
445,93,1250.97,420.80,109.81,321.05,0.576,-1,-1,-1
446,77,787.22,411.54,98.88,301.19,0.771,-1,-1,-1
446,79,725.11,441.26,108.26,269.42,0.818,-1,-1,-1
446,81,591.97,436.76,121.84,300.36,0.872,-1,-1,-1
446,87,465.48,432.10,117.44,296.23,0.835,-1,-1,-1
446,94,841.48,347.39,321.45,649.62,0.895,-1,-1,-1
446,42,315.60,509.95,80.67,142.40,0.745,-1,-1,-1
446,97,1334.88,425.36,117.97,340.68,0.841,-1,-1,-1
446,100,374.87,461.22,59.55,114.67,0.686,-1,-1,-1
446,101,1135.34,399.61,207.66,637.92,0.874,-1,-1,-1
446,93,1251.69,422.75,107.53,312.28,0.529,-1,-1,-1
447,79,734.19,423.47,118.97,286.52,0.824,-1,-1,-1
447,81,604.16,436.81,118.56,299.28,0.847,-1,-1,-1
447,87,470.38,431.19,116.34,295.72,0.844,-1,-1,-1
447,94,803.89,339.90,323.45,649.79,0.886,-1,-1,-1
447,42,308.12,510.63,82.45,145.46,0.776,-1,-1,-1
447,97,1337.59,424.23,118.52,341.72,0.864,-1,-1,-1
447,100,375.29,461.32,59.08,114.60,0.677,-1,-1,-1
447,101,1126.45,401.92,221.30,678.08,0.863,-1,-1,-1
447,93,1254.16,421.43,106.62,308.45,0.631,-1,-1,-1
447,3,1073.22,422.40,104.79,305.62,0.506,-1,-1,-1
448,79,733.62,433.99,114.87,273.10,0.821,-1,-1,-1
448,81,613.42,436.74,115.53,301.06,0.843,-1,-1,-1
448,87,479.33,431.49,112.76,291.32,0.813,-1,-1,-1
448,94,771.96,335.67,322.32,644.28,0.875,-1,-1,-1
448,42,302.09,511.47,83.40,148.06,0.786,-1,-1,-1
448,97,1339.50,422.53,119.43,343.32,0.847,-1,-1,-1
448,100,375.06,461.11,58.65,114.74,0.648,-1,-1,-1
448,101,1128.13,402.53,225.36,677.47,0.890,-1,-1,-1
448,93,1260.60,421.30,99.84,281.45,0.518,-1,-1,-1
448,3,1043.58,420.72,152.18,459.22,0.867,-1,-1,-1
449,81,622.03,436.94,111.63,301.02,0.869,-1,-1,-1
449,87,481.99,430.53,111.66,290.19,0.831,-1,-1,-1
449,94,729.14,333.03,336.45,673.05,0.873,-1,-1,-1
449,42,292.16,511.44,84.44,149.63,0.811,-1,-1,-1
449,97,1344.57,421.71,120.12,344.02,0.860,-1,-1,-1
449,100,375.34,461.04,57.94,114.46,0.719,-1,-1,-1
449,101,1129.51,403.05,223.86,676.95,0.889,-1,-1,-1
449,93,1263.60,423.66,106.96,305.40,0.611,-1,-1,-1
449,3,1030.21,419.82,166.07,508.84,0.895,-1,-1,-1
450,81,627.46,436.81,107.68,298.99,0.886,-1,-1,-1
450,87,488.72,431.12,113.14,293.00,0.842,-1,-1,-1
450,94,690.75,335.67,344.01,689.71,0.906,-1,-1,-1
450,42,283.67,511.63,85.32,150.76,0.796,-1,-1,-1
450,97,1344.61,420.77,121.77,344.60,0.833,-1,-1,-1
450,100,375.48,460.42,57.59,114.86,0.721,-1,-1,-1
450,101,1140.09,402.30,221.12,677.70,0.902,-1,-1,-1
450,93,1264.47,424.05,109.78,316.58,0.574,-1,-1,-1
450,3,1026.02,420.22,171.20,531.65,0.913,-1,-1,-1
451,81,631.04,438.02,104.81,298.17,0.843,-1,-1,-1
451,87,495.00,433.52,114.02,290.92,0.852,-1,-1,-1
451,94,655.06,341.02,346.81,693.92,0.894,-1,-1,-1
451,42,276.13,512.05,85.30,150.55,0.837,-1,-1,-1
451,97,1347.68,418.96,122.76,346.40,0.842,-1,-1,-1
451,100,375.94,460.25,57.06,114.96,0.722,-1,-1,-1
451,101,1148.16,402.96,223.82,677.04,0.900,-1,-1,-1
451,93,1269.12,426.13,108.32,317.39,0.506,-1,-1,-1
451,3,1028.04,420.54,171.63,537.79,0.911,-1,-1,-1
452,87,499.97,433.93,115.95,289.67,0.889,-1,-1,-1
452,94,619.46,349.98,346.97,693.19,0.889,-1,-1,-1
452,42,268.05,512.26,84.97,149.18,0.795,-1,-1,-1
452,97,1356.31,417.63,123.88,348.07,0.878,-1,-1,-1
452,100,375.70,459.95,56.78,115.45,0.762,-1,-1,-1
452,101,1144.42,401.42,231.50,678.58,0.897,-1,-1,-1
452,3,1030.44,420.07,170.88,540.10,0.915,-1,-1,-1
452,99,637.23,448.61,87.26,239.32,0.659,-1,-1,-1
453,87,503.68,433.14,117.50,290.70,0.868,-1,-1,-1
453,94,586.27,359.78,349.68,697.60,0.885,-1,-1,-1
453,42,261.74,512.63,83.27,144.71,0.722,-1,-1,-1
453,97,1363.79,417.06,123.91,348.93,0.877,-1,-1,-1
453,100,376.49,459.84,56.14,115.56,0.754,-1,-1,-1
453,101,1168.83,401.33,235.45,678.67,0.898,-1,-1,-1
453,3,1033.86,419.39,169.72,540.85,0.916,-1,-1,-1
454,87,506.30,434.21,117.00,289.69,0.875,-1,-1,-1
454,94,546.77,370.30,346.92,691.11,0.840,-1,-1,-1
454,42,255.71,512.37,82.70,142.68,0.832,-1,-1,-1
454,97,1370.08,416.78,124.56,351.04,0.891,-1,-1,-1
454,100,376.88,459.74,55.74,115.86,0.769,-1,-1,-1
454,101,1178.88,402.77,240.29,677.23,0.924,-1,-1,-1
454,3,1037.11,419.40,168.20,539.99,0.922,-1,-1,-1
454,77,812.48,409.97,93.23,296.10,0.769,-1,-1,-1
455,87,508.13,451.43,105.62,266.67,0.723,-1,-1,-1
455,94,509.91,383.09,343.38,677.59,0.875,-1,-1,-1
455,42,248.49,514.16,81.96,139.70,0.850,-1,-1,-1
455,97,1375.42,416.90,125.42,352.91,0.889,-1,-1,-1
455,100,376.88,459.58,55.47,116.11,0.781,-1,-1,-1
455,101,1183.55,402.91,245.64,677.09,0.914,-1,-1,-1
455,3,1043.15,418.47,168.10,539.77,0.919,-1,-1,-1
455,77,817.90,409.56,92.49,298.73,0.871,-1,-1,-1
456,94,474.29,390.71,343.82,670.08,0.884,-1,-1,-1
456,42,240.99,514.38,82.53,139.13,0.788,-1,-1,-1
456,97,1380.61,417.73,126.86,355.88,0.902,-1,-1,-1
456,100,377.57,459.80,55.07,115.97,0.759,-1,-1,-1
456,101,1184.11,402.97,250.70,677.03,0.938,-1,-1,-1
456,3,1048.29,417.84,167.63,539.01,0.911,-1,-1,-1
456,77,815.26,408.74,93.52,300.45,0.850,-1,-1,-1
456,79,766.88,438.20,101.67,255.20,0.682,-1,-1,-1
457,94,434.17,394.69,347.80,670.24,0.894,-1,-1,-1
457,42,233.44,515.23,83.15,138.73,0.836,-1,-1,-1
457,97,1383.90,419.16,128.86,358.92,0.893,-1,-1,-1
457,100,377.70,459.46,54.91,116.38,0.717,-1,-1,-1
457,101,1183.45,403.03,255.45,676.97,0.930,-1,-1,-1
457,3,1054.32,417.70,167.35,538.61,0.907,-1,-1,-1
457,77,814.87,408.75,93.81,300.31,0.861,-1,-1,-1
457,79,771.69,439.61,95.90,252.30,0.549,-1,-1,-1
457,81,689.58,443.33,62.70,176.63,0.738,-1,-1,-1
458,94,395.23,394.98,353.04,672.92,0.894,-1,-1,-1
458,42,226.39,516.58,82.47,135.95,0.840,-1,-1,-1
458,97,1388.80,420.51,130.34,361.16,0.906,-1,-1,-1
458,100,378.12,459.75,54.18,115.66,0.702,-1,-1,-1
458,101,1182.78,404.04,260.08,675.50,0.935,-1,-1,-1
458,3,1060.49,417.27,166.90,540.44,0.903,-1,-1,-1
458,77,814.69,408.71,93.83,299.60,0.855,-1,-1,-1
458,79,775.37,441.89,90.65,248.47,0.505,-1,-1,-1
458,81,689.21,442.77,96.77,270.54,0.846,-1,-1,-1
458,70,787.62,443.42,43.28,140.09,0.552,-1,-1,-1
459,94,355.14,388.30,360.66,684.35,0.898,-1,-1,-1
459,42,217.19,517.27,83.71,136.40,0.835,-1,-1,-1
459,97,1398.03,422.02,133.27,362.95,0.902,-1,-1,-1
459,100,378.42,460.16,53.32,114.74,0.612,-1,-1,-1
459,101,1181.77,404.41,264.46,674.04,0.934,-1,-1,-1
459,3,1069.33,416.37,167.31,545.60,0.894,-1,-1,-1
459,77,820.16,409.66,92.08,298.24,0.836,-1,-1,-1
459,81,690.34,441.53,102.79,285.55,0.869,-1,-1,-1
459,70,787.98,443.03,44.22,140.79,0.562,-1,-1,-1
460,94,321.96,384.92,366.08,688.60,0.909,-1,-1,-1
460,42,208.84,518.17,83.45,133.73,0.831,-1,-1,-1
460,97,1407.71,423.65,137.22,364.97,0.917,-1,-1,-1
460,101,1180.24,403.97,268.44,673.55,0.932,-1,-1,-1
460,3,1075.63,417.00,167.49,549.82,0.884,-1,-1,-1
460,77,822.19,410.39,91.00,297.79,0.834,-1,-1,-1
460,81,683.29,439.43,108.16,293.90,0.918,-1,-1,-1
460,70,786.10,443.15,44.81,140.50,0.523,-1,-1,-1
461,94,288.77,377.90,373.04,696.82,0.916,-1,-1,-1
461,42,199.61,517.99,84.79,134.14,0.768,-1,-1,-1
461,97,1412.39,424.82,140.10,364.83,0.917,-1,-1,-1
461,101,1179.52,403.74,272.18,672.84,0.935,-1,-1,-1
461,3,1080.86,416.40,167.66,554.53,0.894,-1,-1,-1
461,77,816.08,410.27,92.60,297.64,0.844,-1,-1,-1
461,81,676.60,438.50,112.33,297.12,0.923,-1,-1,-1
461,70,781.54,443.21,44.88,140.93,0.565,-1,-1,-1
461,110,1680.98,428.11,108.78,157.26,0.523,-1,-1,-1
461,87,553.89,438.35,102.32,262.10,0.560,-1,-1,-1
462,94,261.38,370.87,379.16,703.44,0.907,-1,-1,-1
462,42,191.41,518.22,83.85,130.18,0.751,-1,-1,-1
462,97,1414.15,425.52,143.86,368.05,0.917,-1,-1,-1
462,101,1178.94,401.72,276.05,674.57,0.943,-1,-1,-1
462,3,1086.12,415.32,168.51,558.54,0.886,-1,-1,-1
462,77,812.95,408.92,94.91,299.33,0.887,-1,-1,-1
462,81,675.64,437.94,114.55,298.28,0.929,-1,-1,-1
462,70,779.73,441.63,44.92,142.18,0.643,-1,-1,-1
462,87,557.01,435.16,105.67,271.16,0.785,-1,-1,-1
463,94,227.84,365.80,385.30,709.76,0.911,-1,-1,-1
463,42,183.62,517.65,80.42,120.93,0.553,-1,-1,-1
463,97,1418.37,425.30,147.58,372.81,0.911,-1,-1,-1
463,101,1180.27,400.73,278.87,675.72,0.926,-1,-1,-1
463,3,1091.24,414.22,168.82,560.45,0.871,-1,-1,-1
463,77,810.40,408.79,96.54,299.30,0.879,-1,-1,-1
463,81,677.30,437.17,115.35,298.37,0.919,-1,-1,-1
463,70,777.09,439.87,45.50,143.96,0.705,-1,-1,-1
463,87,562.43,432.96,107.57,275.61,0.821,-1,-1,-1
464,94,193.90,360.94,390.26,715.16,0.895,-1,-1,-1
464,42,170.20,517.85,88.67,132.32,0.537,-1,-1,-1
464,97,1422.66,424.69,149.71,375.79,0.917,-1,-1,-1
464,101,1182.98,397.97,281.32,678.37,0.933,-1,-1,-1
464,3,1095.10,413.43,168.77,562.00,0.866,-1,-1,-1
464,77,813.72,407.28,97.85,301.29,0.848,-1,-1,-1
464,81,682.07,436.45,114.80,298.50,0.913,-1,-1,-1
464,70,776.90,442.58,44.78,140.82,0.620,-1,-1,-1
464,87,565.10,432.22,108.40,276.78,0.856,-1,-1,-1
465,94,166.43,360.68,394.16,716.28,0.910,-1,-1,-1
465,97,1427.33,423.65,150.71,378.14,0.908,-1,-1,-1
465,101,1188.06,397.32,281.60,679.13,0.933,-1,-1,-1
465,3,1099.08,413.50,168.14,561.52,0.878,-1,-1,-1
465,77,814.93,405.97,99.12,302.73,0.867,-1,-1,-1
465,81,688.48,435.42,113.47,298.97,0.894,-1,-1,-1
465,70,777.21,449.69,42.99,133.66,0.573,-1,-1,-1
465,87,562.20,431.16,110.34,278.62,0.892,-1,-1,-1
465,102,515.99,461.23,56.58,169.46,0.738,-1,-1,-1
466,94,138.64,362.86,396.07,714.18,0.885,-1,-1,-1
466,97,1433.86,421.38,150.68,380.96,0.892,-1,-1,-1
466,101,1195.11,396.82,280.33,679.30,0.927,-1,-1,-1
466,3,1106.62,415.10,168.17,561.04,0.864,-1,-1,-1
466,77,820.69,405.55,99.12,303.58,0.863,-1,-1,-1
466,81,698.40,434.93,111.60,298.99,0.839,-1,-1,-1
466,87,563.49,430.39,110.48,278.79,0.895,-1,-1,-1
466,102,511.53,463.74,60.29,170.88,0.790,-1,-1,-1
467,94,116.49,368.08,392.76,709.38,0.860,-1,-1,-1
467,97,1440.83,419.29,149.51,383.01,0.903,-1,-1,-1
467,101,1205.84,396.35,277.70,676.81,0.910,-1,-1,-1
467,3,1109.91,417.02,167.87,561.50,0.879,-1,-1,-1
467,77,825.90,405.80,97.83,303.35,0.878,-1,-1,-1
467,81,700.68,434.07,111.59,299.86,0.839,-1,-1,-1
467,87,568.03,429.68,109.62,279.18,0.877,-1,-1,-1
467,102,507.61,466.14,62.65,170.81,0.778,-1,-1,-1
468,94,99.29,375.37,389.62,702.83,0.894,-1,-1,-1
468,97,1448.21,417.06,147.61,385.13,0.882,-1,-1,-1
468,101,1220.57,397.12,274.16,674.78,0.906,-1,-1,-1
468,3,1113.39,418.48,168.93,566.61,0.888,-1,-1,-1
468,77,828.17,405.30,96.97,303.91,0.877,-1,-1,-1
468,81,710.56,434.00,110.25,300.11,0.837,-1,-1,-1
468,87,572.00,429.99,108.26,278.80,0.862,-1,-1,-1
468,102,500.20,467.70,66.11,174.09,0.783,-1,-1,-1
468,112,421.16,499.90,69.35,126.45,0.543,-1,-1,-1
469,94,56.85,380.30,382.12,697.48,0.847,-1,-1,-1
469,97,1458.06,415.05,145.33,387.13,0.878,-1,-1,-1
469,101,1236.20,396.08,271.67,677.71,0.895,-1,-1,-1
469,3,1114.96,419.20,169.49,572.65,0.891,-1,-1,-1
469,77,829.92,405.68,95.95,303.45,0.889,-1,-1,-1
469,81,720.35,433.59,108.20,300.27,0.833,-1,-1,-1
469,87,574.75,429.52,106.88,278.86,0.875,-1,-1,-1
469,102,494.87,467.90,68.04,177.58,0.680,-1,-1,-1
469,112,420.25,501.49,69.17,126.38,0.585,-1,-1,-1
469,100,376.21,461.30,51.58,112.43,0.501,-1,-1,-1
470,94,43.47,387.06,379.74,690.21,0.881,-1,-1,-1
470,97,1466.33,412.68,143.16,389.41,0.877,-1,-1,-1
470,101,1253.68,395.68,269.26,678.76,0.871,-1,-1,-1
470,3,1121.29,419.97,171.78,581.21,0.896,-1,-1,-1
470,77,830.25,406.97,94.99,302.13,0.883,-1,-1,-1
470,81,728.23,433.36,107.85,300.75,0.840,-1,-1,-1
470,87,583.70,429.29,104.33,279.23,0.835,-1,-1,-1
470,102,488.58,467.83,69.38,178.45,0.704,-1,-1,-1
470,112,413.64,498.37,72.38,132.70,0.596,-1,-1,-1
470,100,377.99,461.24,51.33,112.63,0.516,-1,-1,-1
471,94,20.25,395.78,378.41,681.60,0.908,-1,-1,-1
471,97,1475.16,410.72,141.06,391.23,0.870,-1,-1,-1
471,101,1273.09,395.92,265.28,676.79,0.866,-1,-1,-1
471,3,1125.68,420.10,172.43,586.05,0.904,-1,-1,-1
471,77,830.66,406.81,94.74,301.83,0.873,-1,-1,-1
471,81,736.81,433.41,108.49,300.28,0.860,-1,-1,-1
471,87,591.44,428.35,102.13,280.36,0.802,-1,-1,-1
471,102,480.43,467.71,72.01,181.62,0.758,-1,-1,-1
471,112,409.93,499.27,72.56,134.00,0.562,-1,-1,-1
471,100,378.58,460.99,51.19,112.88,0.552,-1,-1,-1
472,94,6.25,401.70,377.49,675.02,0.938,-1,-1,-1
472,97,1482.14,409.93,139.07,391.79,0.882,-1,-1,-1
472,101,1286.46,395.37,261.91,678.23,0.870,-1,-1,-1
472,3,1129.39,419.89,172.02,588.08,0.906,-1,-1,-1
472,77,830.51,405.85,94.97,302.80,0.868,-1,-1,-1
472,81,741.41,434.37,109.14,299.09,0.879,-1,-1,-1
472,87,593.91,429.46,100.17,279.20,0.818,-1,-1,-1
472,102,474.89,467.31,73.15,182.72,0.739,-1,-1,-1
472,112,403.10,495.09,74.56,138.87,0.527,-1,-1,-1
472,114,1268.20,409.60,120.02,508.34,0.505,-1,-1,-1
473,94,0.00,404.71,365.77,671.84,0.927,-1,-1,-1
473,97,1489.24,409.66,137.09,390.84,0.887,-1,-1,-1
473,101,1302.79,396.00,256.82,678.97,0.553,-1,-1,-1
473,3,1134.61,419.47,171.69,588.73,0.906,-1,-1,-1
473,77,831.73,405.69,95.10,303.15,0.862,-1,-1,-1
473,81,742.87,435.74,109.66,297.63,0.885,-1,-1,-1
473,87,601.35,429.68,98.11,278.65,0.800,-1,-1,-1
473,102,466.46,468.61,74.65,184.34,0.746,-1,-1,-1
473,112,398.45,490.57,76.35,144.74,0.553,-1,-1,-1
473,114,1269.78,408.65,119.89,507.79,0.582,-1,-1,-1
474,94,0.00,403.80,354.17,672.80,0.943,-1,-1,-1
474,97,1495.37,409.96,135.91,389.98,0.889,-1,-1,-1
474,101,1308.06,394.81,253.79,680.83,0.867,-1,-1,-1
474,3,1141.11,418.35,171.88,589.65,0.910,-1,-1,-1
474,77,831.42,405.87,94.40,303.18,0.852,-1,-1,-1
474,81,743.44,436.36,110.33,296.81,0.888,-1,-1,-1
474,87,606.92,430.11,95.86,277.78,0.799,-1,-1,-1
474,102,458.89,469.17,76.67,187.16,0.729,-1,-1,-1
475,94,0.00,402.10,342.21,673.37,0.930,-1,-1,-1
475,97,1503.50,410.01,136.28,391.13,0.896,-1,-1,-1
475,101,1314.54,393.76,251.39,682.08,0.890,-1,-1,-1
475,3,1146.10,418.00,172.25,590.67,0.916,-1,-1,-1
475,77,832.90,406.99,93.22,302.10,0.829,-1,-1,-1
475,81,744.62,437.09,110.69,295.77,0.901,-1,-1,-1
475,87,610.64,431.05,93.91,276.66,0.828,-1,-1,-1
475,102,453.54,471.11,77.88,188.89,0.750,-1,-1,-1
476,94,0.00,396.55,332.52,678.60,0.950,-1,-1,-1
476,97,1516.05,410.84,138.79,392.73,0.894,-1,-1,-1
476,101,1320.34,392.92,248.05,682.89,0.903,-1,-1,-1
476,3,1150.20,417.68,172.44,590.94,0.914,-1,-1,-1
476,77,833.27,407.28,92.49,301.62,0.840,-1,-1,-1
476,81,746.50,436.08,110.99,296.05,0.904,-1,-1,-1
476,87,613.94,431.87,92.44,275.20,0.841,-1,-1,-1
476,102,446.26,472.57,78.23,188.69,0.797,-1,-1,-1
476,112,376.59,479.07,83.56,161.21,0.543,-1,-1,-1
477,94,0.00,391.07,321.19,683.70,0.926,-1,-1,-1
477,97,1528.34,411.26,143.84,397.23,0.907,-1,-1,-1
477,101,1326.07,391.63,244.34,683.32,0.897,-1,-1,-1
477,3,1153.70,417.23,172.52,591.38,0.917,-1,-1,-1
477,77,833.73,406.87,92.41,302.18,0.831,-1,-1,-1
477,81,746.72,434.79,111.47,296.27,0.907,-1,-1,-1
477,87,620.09,433.04,91.44,273.71,0.854,-1,-1,-1
477,102,437.75,474.55,78.71,188.04,0.800,-1,-1,-1
478,94,0.00,386.97,309.90,687.71,0.918,-1,-1,-1
478,97,1539.91,411.86,148.77,398.81,0.906,-1,-1,-1
478,101,1330.43,390.35,241.26,684.52,0.902,-1,-1,-1
478,3,1157.57,417.06,172.41,591.63,0.925,-1,-1,-1
478,77,835.73,407.48,91.39,301.77,0.818,-1,-1,-1
478,81,747.59,433.74,111.81,296.85,0.899,-1,-1,-1
478,87,625.05,433.60,91.00,272.26,0.846,-1,-1,-1
478,102,430.70,475.35,79.42,188.12,0.780,-1,-1,-1
478,114,1297.35,409.34,124.86,537.99,0.577,-1,-1,-1
479,94,0.00,383.97,297.25,690.70,0.928,-1,-1,-1
479,97,1549.24,413.20,154.58,400.87,0.904,-1,-1,-1
479,101,1337.09,390.11,239.09,684.46,0.912,-1,-1,-1
479,3,1160.96,416.95,172.10,591.80,0.925,-1,-1,-1
479,77,838.32,408.29,89.74,301.05,0.787,-1,-1,-1
479,81,751.86,434.01,111.04,295.45,0.881,-1,-1,-1
479,87,626.52,433.80,90.63,269.76,0.830,-1,-1,-1
479,102,422.98,476.56,80.82,189.81,0.773,-1,-1,-1
479,115,902.93,432.05,94.10,246.85,0.584,-1,-1,-1
479,114,1303.14,407.27,123.88,543.49,0.680,-1,-1,-1
480,94,0.00,388.28,282.18,686.46,0.868,-1,-1,-1
480,97,1556.84,414.29,160.95,404.30,0.904,-1,-1,-1
480,101,1344.61,390.15,238.54,684.59,0.914,-1,-1,-1
480,3,1164.90,416.11,171.74,592.35,0.924,-1,-1,-1
480,77,839.50,407.28,89.34,301.97,0.829,-1,-1,-1
480,81,757.05,434.09,109.38,293.12,0.862,-1,-1,-1
480,87,627.42,433.51,91.82,270.94,0.830,-1,-1,-1
480,102,417.75,478.55,79.65,185.98,0.730,-1,-1,-1
480,115,905.51,432.66,94.10,246.53,0.608,-1,-1,-1
480,114,1309.86,406.02,122.60,546.44,0.710,-1,-1,-1
481,94,0.00,402.09,266.09,673.65,0.817,-1,-1,-1
481,97,1561.97,414.70,166.84,408.38,0.902,-1,-1,-1
481,101,1354.41,389.91,239.07,684.65,0.912,-1,-1,-1
481,3,1169.19,415.89,171.21,592.41,0.920,-1,-1,-1
481,77,840.81,407.75,88.13,301.35,0.834,-1,-1,-1
481,81,763.44,434.63,107.39,289.74,0.840,-1,-1,-1
481,87,626.61,433.48,92.50,270.67,0.815,-1,-1,-1
481,102,410.31,478.57,79.85,186.55,0.755,-1,-1,-1
481,115,906.82,433.18,94.06,245.99,0.759,-1,-1,-1
481,114,1316.80,405.19,121.14,547.81,0.698,-1,-1,-1
482,94,0.00,433.44,245.10,642.59,0.735,-1,-1,-1
482,97,1566.05,418.08,170.76,408.85,0.875,-1,-1,-1
482,101,1362.26,389.50,240.69,685.18,0.914,-1,-1,-1
482,3,1172.35,415.82,170.47,592.90,0.919,-1,-1,-1
482,77,841.94,408.00,86.94,300.92,0.818,-1,-1,-1
482,81,770.78,434.45,106.18,290.45,0.795,-1,-1,-1
482,87,630.10,432.94,92.10,269.68,0.841,-1,-1,-1
482,102,403.49,479.06,80.96,188.88,0.709,-1,-1,-1
482,115,908.22,433.51,94.22,245.98,0.772,-1,-1,-1
482,114,1321.99,405.66,119.39,547.56,0.762,-1,-1,-1
483,94,0.00,466.75,224.81,611.47,0.591,-1,-1,-1
483,97,1568.98,418.42,175.64,415.35,0.853,-1,-1,-1
483,101,1368.84,389.39,242.92,685.04,0.912,-1,-1,-1
483,3,1177.06,415.45,169.54,592.82,0.914,-1,-1,-1
483,77,845.51,408.98,85.27,300.25,0.806,-1,-1,-1
483,81,778.84,434.25,104.06,291.76,0.809,-1,-1,-1
483,87,634.24,432.58,91.59,266.93,0.863,-1,-1,-1
483,102,395.12,478.81,82.92,192.07,0.747,-1,-1,-1
483,115,910.12,434.73,93.88,244.87,0.733,-1,-1,-1
483,114,1327.08,405.93,118.38,548.82,0.716,-1,-1,-1
484,97,1572.61,416.89,179.22,421.41,0.869,-1,-1,-1
484,101,1373.47,389.88,245.62,684.50,0.919,-1,-1,-1
484,3,1181.74,417.05,167.78,590.76,0.913,-1,-1,-1
484,77,848.77,411.81,83.22,297.28,0.788,-1,-1,-1
484,81,787.08,434.56,100.89,290.65,0.827,-1,-1,-1
484,87,640.17,432.70,91.68,264.87,0.860,-1,-1,-1
484,102,385.59,478.25,84.38,193.91,0.740,-1,-1,-1
484,115,914.06,435.78,92.90,243.08,0.748,-1,-1,-1
484,114,1332.31,406.55,117.13,548.30,0.780,-1,-1,-1
485,97,1577.83,415.25,180.63,425.33,0.874,-1,-1,-1
485,101,1376.66,390.47,248.21,683.78,0.925,-1,-1,-1
485,3,1187.21,418.79,166.47,589.39,0.916,-1,-1,-1
485,77,852.75,415.68,80.14,291.08,0.700,-1,-1,-1
485,81,792.72,434.82,98.60,289.78,0.857,-1,-1,-1
485,87,644.48,431.94,92.66,264.76,0.862,-1,-1,-1
485,102,379.27,479.16,84.73,194.54,0.696,-1,-1,-1
485,115,910.50,436.04,93.86,244.38,0.741,-1,-1,-1
485,114,1335.79,407.76,115.89,546.14,0.762,-1,-1,-1
486,97,1581.48,413.19,181.04,428.18,0.875,-1,-1,-1
486,101,1377.42,390.21,251.26,684.12,0.927,-1,-1,-1
486,3,1195.72,420.46,166.28,587.64,0.906,-1,-1,-1
486,77,857.65,423.74,76.30,281.90,0.659,-1,-1,-1
486,81,800.10,434.70,98.56,290.19,0.865,-1,-1,-1
486,87,649.67,431.47,94.17,265.20,0.910,-1,-1,-1
486,102,369.47,479.75,84.46,193.56,0.679,-1,-1,-1
486,115,907.57,436.47,94.88,245.26,0.783,-1,-1,-1
486,114,1338.70,407.69,115.40,546.71,0.767,-1,-1,-1
487,97,1586.55,411.87,179.94,430.12,0.832,-1,-1,-1
487,101,1379.19,391.12,254.37,683.75,0.920,-1,-1,-1
487,3,1203.15,420.97,167.55,586.67,0.917,-1,-1,-1
487,77,863.26,434.30,71.31,266.45,0.550,-1,-1,-1
487,81,807.33,435.04,100.22,290.58,0.900,-1,-1,-1
487,87,653.63,430.98,96.08,265.40,0.908,-1,-1,-1
487,102,361.34,477.64,86.01,196.26,0.709,-1,-1,-1
487,115,908.40,443.50,93.80,240.93,0.750,-1,-1,-1
487,114,1342.74,407.66,112.73,537.55,0.768,-1,-1,-1
488,97,1590.68,409.85,178.80,432.81,0.862,-1,-1,-1
488,101,1382.85,391.20,258.34,683.44,0.922,-1,-1,-1
488,3,1207.11,420.44,168.86,586.58,0.918,-1,-1,-1
488,81,812.74,435.53,102.45,289.60,0.903,-1,-1,-1
488,87,656.31,430.77,98.19,265.62,0.905,-1,-1,-1
488,102,347.07,474.93,90.52,203.61,0.640,-1,-1,-1
488,115,911.34,440.48,93.91,241.37,0.673,-1,-1,-1
488,114,1344.59,407.84,113.36,542.10,0.775,-1,-1,-1
489,97,1595.03,407.60,176.79,434.99,0.853,-1,-1,-1
489,101,1383.61,390.48,262.44,684.21,0.905,-1,-1,-1
489,3,1211.72,420.30,171.07,586.86,0.923,-1,-1,-1
489,81,816.99,436.87,105.38,288.28,0.907,-1,-1,-1
489,87,657.23,431.12,100.60,266.33,0.903,-1,-1,-1
489,102,335.13,476.26,92.75,204.67,0.741,-1,-1,-1
489,115,918.10,444.18,91.19,236.34,0.664,-1,-1,-1
489,114,1350.86,408.39,110.90,529.36,0.716,-1,-1,-1
489,70,736.14,445.68,41.69,127.72,0.521,-1,-1,-1
490,97,1599.45,405.93,174.15,436.78,0.859,-1,-1,-1
490,101,1383.12,390.76,265.68,683.45,0.878,-1,-1,-1
490,3,1214.80,420.82,173.08,586.47,0.926,-1,-1,-1
490,81,819.61,438.23,108.39,286.75,0.918,-1,-1,-1
490,87,658.97,432.35,102.71,266.66,0.919,-1,-1,-1
490,102,327.81,484.12,91.23,198.28,0.664,-1,-1,-1
490,115,926.56,453.47,86.22,226.25,0.715,-1,-1,-1
490,114,1358.26,409.78,107.33,506.76,0.726,-1,-1,-1
490,70,734.65,444.48,41.99,128.74,0.554,-1,-1,-1
491,97,1606.92,405.06,171.86,437.53,0.821,-1,-1,-1
491,101,1379.56,389.48,268.30,685.02,0.867,-1,-1,-1
491,3,1216.32,421.16,174.96,586.05,0.925,-1,-1,-1
491,81,820.97,439.66,111.15,285.70,0.916,-1,-1,-1
491,87,659.98,434.86,103.98,264.93,0.922,-1,-1,-1
491,102,320.96,482.69,94.14,201.18,0.756,-1,-1,-1
491,115,932.85,441.64,88.96,238.01,0.786,-1,-1,-1
491,114,1362.96,410.16,109.85,515.48,0.744,-1,-1,-1
491,70,732.51,443.79,42.53,130.60,0.600,-1,-1,-1
492,97,1615.22,404.54,170.22,439.06,0.808,-1,-1,-1
492,101,1377.64,388.81,269.62,685.85,0.892,-1,-1,-1
492,3,1217.43,421.29,176.79,585.48,0.926,-1,-1,-1
492,81,821.09,440.69,114.23,285.31,0.909,-1,-1,-1
492,87,660.47,435.80,105.45,264.32,0.922,-1,-1,-1
492,102,316.11,481.43,96.67,205.66,0.695,-1,-1,-1
492,115,941.77,435.02,89.79,244.50,0.804,-1,-1,-1
492,114,1368.88,409.67,111.90,522.82,0.655,-1,-1,-1
492,70,731.24,444.13,42.49,130.99,0.569,-1,-1,-1
493,97,1619.02,404.72,166.21,436.09,0.770,-1,-1,-1
493,101,1380.02,386.75,271.84,687.92,0.883,-1,-1,-1
493,3,1217.73,421.83,178.30,584.86,0.924,-1,-1,-1
493,81,820.64,440.84,117.35,285.69,0.896,-1,-1,-1
493,87,660.43,434.81,107.44,266.05,0.922,-1,-1,-1
493,102,307.53,481.06,98.38,207.02,0.657,-1,-1,-1
493,115,947.62,432.30,89.40,247.29,0.811,-1,-1,-1
493,114,1375.18,409.22,114.33,533.33,0.805,-1,-1,-1
494,97,1629.69,406.44,153.57,402.15,0.753,-1,-1,-1
494,101,1379.82,384.12,273.25,690.64,0.897,-1,-1,-1
494,3,1218.61,421.76,180.29,584.69,0.921,-1,-1,-1
494,81,821.24,441.54,119.58,285.96,0.849,-1,-1,-1
494,87,659.60,435.87,108.57,265.41,0.915,-1,-1,-1
494,102,302.46,480.55,97.48,207.19,0.684,-1,-1,-1
494,115,953.72,431.56,89.23,247.73,0.819,-1,-1,-1
494,114,1379.80,408.34,115.88,539.19,0.829,-1,-1,-1
495,97,1636.84,405.77,146.67,380.02,0.750,-1,-1,-1
495,101,1381.49,381.17,274.49,693.30,0.912,-1,-1,-1
495,3,1219.75,422.20,182.89,585.06,0.919,-1,-1,-1
495,81,824.03,444.95,119.68,282.50,0.864,-1,-1,-1
495,87,659.60,435.99,109.54,265.73,0.924,-1,-1,-1
495,102,293.02,480.37,97.66,209.80,0.689,-1,-1,-1
495,115,958.28,431.60,89.71,247.78,0.837,-1,-1,-1
495,114,1383.19,407.96,118.10,545.29,0.821,-1,-1,-1
496,97,1645.98,405.63,148.25,379.55,0.806,-1,-1,-1
496,101,1386.39,379.08,275.02,695.51,0.898,-1,-1,-1
496,3,1221.57,421.48,185.81,586.01,0.920,-1,-1,-1
496,81,828.18,445.52,120.04,282.18,0.876,-1,-1,-1
496,87,660.53,436.45,109.92,265.70,0.919,-1,-1,-1
496,102,279.45,480.23,99.01,213.03,0.712,-1,-1,-1
496,115,964.60,431.97,90.83,247.69,0.868,-1,-1,-1
496,114,1385.58,407.97,120.94,553.55,0.800,-1,-1,-1
497,97,1642.88,407.38,159.19,411.02,0.704,-1,-1,-1
497,101,1396.70,378.65,275.43,696.29,0.897,-1,-1,-1
497,3,1222.93,420.46,188.55,587.11,0.927,-1,-1,-1
497,81,832.52,448.28,119.12,279.97,0.884,-1,-1,-1
497,87,663.77,435.10,110.02,267.29,0.915,-1,-1,-1
497,102,269.48,479.21,103.52,219.94,0.736,-1,-1,-1
497,115,970.61,434.81,91.97,244.70,0.859,-1,-1,-1
497,114,1389.06,407.42,123.61,558.96,0.846,-1,-1,-1
498,97,1654.32,407.44,175.21,449.63,0.859,-1,-1,-1
498,101,1408.61,377.59,275.50,698.02,0.894,-1,-1,-1
498,3,1226.03,419.52,191.28,588.45,0.929,-1,-1,-1
498,81,839.25,449.40,117.38,278.79,0.866,-1,-1,-1
498,87,667.99,433.24,109.67,270.12,0.890,-1,-1,-1
498,102,262.16,477.75,108.43,224.81,0.765,-1,-1,-1
498,115,974.95,437.84,93.45,241.80,0.860,-1,-1,-1
498,114,1393.26,406.69,125.84,559.44,0.847,-1,-1,-1
498,100,377.97,458.78,52.17,116.97,0.503,-1,-1,-1
499,97,1663.88,409.03,182.79,463.05,0.854,-1,-1,-1
499,101,1417.49,375.96,274.63,699.88,0.893,-1,-1,-1
499,3,1229.35,418.27,193.70,590.40,0.926,-1,-1,-1
499,81,846.01,448.59,115.48,279.22,0.856,-1,-1,-1
499,87,670.55,432.00,108.88,271.78,0.880,-1,-1,-1
499,102,246.67,478.30,109.18,224.92,0.735,-1,-1,-1
499,115,977.92,438.91,95.93,240.98,0.861,-1,-1,-1
499,114,1397.83,405.97,127.32,556.26,0.821,-1,-1,-1
499,100,377.98,459.92,51.65,115.98,0.540,-1,-1,-1
500,97,1675.92,412.77,187.96,467.60,0.835,-1,-1,-1
500,101,1428.88,375.10,272.01,701.38,0.888,-1,-1,-1
500,3,1234.74,417.86,195.23,591.33,0.926,-1,-1,-1
500,81,851.67,447.63,113.62,280.30,0.841,-1,-1,-1
500,87,678.09,432.16,105.92,271.19,0.875,-1,-1,-1
500,102,232.51,478.41,109.20,225.68,0.794,-1,-1,-1
500,115,978.69,438.43,98.37,241.42,0.871,-1,-1,-1
500,114,1400.56,405.80,129.68,555.20,0.838,-1,-1,-1
501,97,1688.62,413.31,193.72,471.90,0.830,-1,-1,-1
501,101,1448.48,373.06,269.44,703.10,0.880,-1,-1,-1
501,3,1243.47,417.21,196.56,592.84,0.921,-1,-1,-1
501,81,858.94,445.02,112.55,282.81,0.838,-1,-1,-1
501,87,683.90,431.60,103.03,271.33,0.888,-1,-1,-1
501,102,217.70,478.63,110.81,228.32,0.805,-1,-1,-1
501,115,978.71,439.50,99.75,240.07,0.838,-1,-1,-1
501,114,1402.01,406.15,132.92,557.00,0.867,-1,-1,-1
501,117,630.02,454.45,35.09,89.56,0.539,-1,-1,-1
502,97,1697.48,413.26,199.72,477.20,0.845,-1,-1,-1
502,101,1467.12,373.16,265.66,703.36,0.865,-1,-1,-1
502,3,1253.01,416.98,196.48,593.16,0.912,-1,-1,-1
502,81,865.75,438.82,113.16,288.96,0.811,-1,-1,-1
502,87,687.91,431.59,100.51,271.61,0.883,-1,-1,-1
502,102,214.26,478.93,114.87,235.79,0.780,-1,-1,-1
502,115,979.58,440.65,100.72,238.75,0.842,-1,-1,-1
502,114,1406.78,406.19,135.85,555.66,0.878,-1,-1,-1
502,117,630.65,454.27,35.23,89.99,0.555,-1,-1,-1
502,100,378.05,460.42,51.32,115.50,0.516,-1,-1,-1
503,97,1702.15,411.97,206.03,486.71,0.872,-1,-1,-1
503,101,1481.39,372.21,260.60,704.65,0.872,-1,-1,-1
503,3,1265.03,416.31,195.93,597.49,0.895,-1,-1,-1
503,81,874.84,438.06,111.42,289.61,0.819,-1,-1,-1
503,87,693.67,432.62,97.49,270.31,0.882,-1,-1,-1
503,102,207.72,479.63,117.18,237.85,0.784,-1,-1,-1
503,115,982.70,446.42,99.42,233.19,0.772,-1,-1,-1
503,114,1410.11,406.19,140.01,557.50,0.893,-1,-1,-1
503,117,631.22,454.02,35.27,90.23,0.523,-1,-1,-1
503,118,859.44,407.74,73.00,296.49,0.535,-1,-1,-1
503,100,377.89,460.64,51.19,115.32,0.501,-1,-1,-1
504,97,1706.76,410.68,211.32,498.53,0.875,-1,-1,-1
504,101,1492.71,372.09,257.26,705.59,0.880,-1,-1,-1
504,3,1276.52,415.65,193.63,599.25,0.897,-1,-1,-1
504,81,880.67,439.09,110.08,288.56,0.808,-1,-1,-1
504,87,697.47,432.16,95.53,271.13,0.875,-1,-1,-1
504,102,193.33,479.64,118.65,239.40,0.774,-1,-1,-1
504,115,986.36,447.96,98.58,231.84,0.703,-1,-1,-1
504,114,1413.18,406.29,142.97,557.26,0.885,-1,-1,-1
504,117,631.43,453.61,35.25,90.25,0.547,-1,-1,-1
504,118,860.89,407.56,72.51,294.82,0.602,-1,-1,-1
505,97,1710.87,408.98,209.13,505.45,0.860,-1,-1,-1
505,101,1500.35,372.49,253.58,704.46,0.887,-1,-1,-1
505,3,1285.87,413.35,191.92,603.70,0.901,-1,-1,-1
505,81,891.99,439.57,109.48,287.85,0.858,-1,-1,-1
505,87,701.06,430.79,94.22,272.45,0.865,-1,-1,-1
505,102,179.74,479.10,120.94,244.31,0.773,-1,-1,-1
505,115,991.68,447.61,97.13,231.13,0.712,-1,-1,-1
505,114,1421.63,407.74,143.75,556.26,0.876,-1,-1,-1
505,117,631.10,453.26,35.28,90.38,0.557,-1,-1,-1
505,118,863.04,407.24,72.04,293.54,0.647,-1,-1,-1
505,120,569.85,453.58,33.41,79.75,0.530,-1,-1,-1
506,97,1715.92,407.45,204.08,509.38,0.831,-1,-1,-1
506,101,1503.64,370.13,250.66,706.55,0.877,-1,-1,-1
506,3,1290.79,414.29,193.61,619.09,0.906,-1,-1,-1
506,81,901.98,440.31,109.82,286.95,0.889,-1,-1,-1
506,87,706.23,429.50,93.31,273.39,0.883,-1,-1,-1
506,102,166.52,480.38,123.23,246.91,0.796,-1,-1,-1
506,115,998.55,444.80,95.82,233.51,0.725,-1,-1,-1
506,114,1429.58,407.91,143.46,556.12,0.858,-1,-1,-1
506,117,631.84,453.25,35.07,90.00,0.525,-1,-1,-1
506,118,864.86,407.62,71.63,292.95,0.753,-1,-1,-1
507,97,1720.35,401.85,199.65,517.45,0.839,-1,-1,-1
507,101,1510.43,369.44,247.52,706.39,0.868,-1,-1,-1
507,3,1296.45,415.23,192.65,627.02,0.899,-1,-1,-1
507,81,908.70,441.33,111.42,285.97,0.885,-1,-1,-1
507,87,712.69,428.16,94.33,274.72,0.871,-1,-1,-1
507,102,153.67,478.93,125.00,247.76,0.776,-1,-1,-1
507,115,1007.15,456.18,89.84,222.73,0.720,-1,-1,-1
507,114,1439.44,407.51,142.95,560.46,0.830,-1,-1,-1
507,118,866.89,407.32,71.40,292.65,0.673,-1,-1,-1
508,97,1727.96,398.20,192.04,518.77,0.854,-1,-1,-1
508,101,1518.80,369.38,246.30,706.97,0.871,-1,-1,-1
508,3,1306.98,414.80,193.43,633.77,0.899,-1,-1,-1
508,81,913.04,442.60,113.54,284.41,0.902,-1,-1,-1
508,87,716.97,427.60,95.88,275.45,0.881,-1,-1,-1
508,102,143.38,478.49,128.62,249.51,0.779,-1,-1,-1
508,115,1013.24,458.22,87.71,221.57,0.579,-1,-1,-1
508,114,1446.76,407.66,143.25,569.35,0.816,-1,-1,-1
508,118,867.84,407.48,71.23,292.79,0.725,-1,-1,-1
508,120,570.28,453.32,33.45,79.85,0.503,-1,-1,-1
509,97,1734.13,396.65,185.87,519.22,0.870,-1,-1,-1
509,101,1530.27,369.25,246.27,707.27,0.852,-1,-1,-1
509,3,1320.57,415.30,196.08,637.86,0.908,-1,-1,-1
509,81,915.41,443.09,116.17,283.99,0.920,-1,-1,-1
509,87,721.73,429.66,97.21,273.12,0.889,-1,-1,-1
509,102,126.89,476.59,132.27,255.28,0.752,-1,-1,-1
509,115,1017.08,443.86,91.28,235.51,0.693,-1,-1,-1
509,114,1452.39,408.16,142.67,576.25,0.828,-1,-1,-1
509,118,868.44,408.10,71.30,293.10,0.700,-1,-1,-1
509,120,569.72,453.04,33.59,80.29,0.512,-1,-1,-1
510,97,1742.39,394.70,177.61,511.88,0.845,-1,-1,-1
510,101,1540.59,369.26,247.15,706.59,0.876,-1,-1,-1
510,3,1331.97,415.39,199.84,639.61,0.916,-1,-1,-1
510,81,916.30,443.90,118.32,282.76,0.927,-1,-1,-1
510,87,723.65,428.49,99.82,274.28,0.893,-1,-1,-1
510,102,109.59,477.04,132.27,255.34,0.770,-1,-1,-1
510,115,1025.00,449.87,87.05,229.53,0.743,-1,-1,-1
510,114,1457.40,409.08,140.92,577.57,0.824,-1,-1,-1
510,118,869.49,408.29,71.22,293.14,0.759,-1,-1,-1
510,120,570.04,452.88,33.49,80.12,0.517,-1,-1,-1
511,97,1754.28,392.71,165.72,494.44,0.789,-1,-1,-1
511,101,1553.47,371.20,249.83,705.17,0.913,-1,-1,-1
511,3,1338.37,417.18,203.97,640.06,0.901,-1,-1,-1
511,81,916.72,444.31,121.07,282.10,0.927,-1,-1,-1
511,87,722.51,428.89,102.61,274.57,0.897,-1,-1,-1
511,102,95.73,477.12,134.33,258.44,0.720,-1,-1,-1
511,115,1030.54,449.52,85.95,230.44,0.723,-1,-1,-1
511,114,1463.12,409.65,137.78,572.41,0.796,-1,-1,-1
511,118,871.98,408.61,71.27,292.82,0.729,-1,-1,-1
511,120,569.99,452.63,33.60,80.45,0.504,-1,-1,-1
512,97,1763.65,389.63,156.35,485.88,0.730,-1,-1,-1
512,101,1563.22,371.75,253.52,704.28,0.919,-1,-1,-1
512,3,1339.18,418.04,207.91,641.21,0.902,-1,-1,-1
512,81,917.17,444.82,123.95,281.48,0.926,-1,-1,-1
512,87,726.65,430.37,104.15,272.55,0.900,-1,-1,-1
512,102,79.99,477.32,135.60,258.47,0.743,-1,-1,-1
512,115,1036.63,444.81,87.44,235.25,0.743,-1,-1,-1
512,114,1468.90,409.51,134.97,566.49,0.773,-1,-1,-1
512,118,872.33,409.79,70.97,291.32,0.673,-1,-1,-1
513,97,1769.54,387.88,150.46,508.18,0.782,-1,-1,-1
513,101,1573.24,371.76,257.84,704.08,0.909,-1,-1,-1
513,3,1339.07,418.93,212.17,643.95,0.918,-1,-1,-1
513,81,916.68,444.57,126.75,281.48,0.919,-1,-1,-1
513,87,727.34,431.58,105.55,271.10,0.912,-1,-1,-1
513,102,63.90,477.17,138.18,260.37,0.717,-1,-1,-1
513,115,1042.92,442.61,88.75,236.91,0.793,-1,-1,-1
513,114,1475.58,409.89,131.04,556.31,0.793,-1,-1,-1
513,118,874.23,409.31,71.34,292.11,0.775,-1,-1,-1
513,121,1095.80,432.61,63.45,160.77,0.509,-1,-1,-1
513,117,635.38,455.42,35.39,90.13,0.508,-1,-1,-1
514,97,1776.44,386.87,143.56,519.63,0.758,-1,-1,-1
514,101,1578.34,370.95,262.40,704.56,0.923,-1,-1,-1
514,3,1338.57,419.27,216.09,645.85,0.913,-1,-1,-1
514,81,916.04,446.80,128.35,279.38,0.899,-1,-1,-1
514,87,729.04,431.59,106.51,270.42,0.912,-1,-1,-1
514,102,50.37,476.50,140.00,263.04,0.775,-1,-1,-1
514,115,1047.87,442.31,89.95,237.11,0.780,-1,-1,-1
514,114,1481.23,409.70,129.24,552.28,0.750,-1,-1,-1
514,118,876.29,410.13,71.61,291.04,0.817,-1,-1,-1
514,117,635.51,455.89,35.54,89.72,0.533,-1,-1,-1
514,70,689.20,452.81,41.76,125.25,0.565,-1,-1,-1
515,97,1784.87,386.33,135.13,519.35,0.714,-1,-1,-1
515,101,1582.91,371.41,266.33,704.02,0.925,-1,-1,-1
515,3,1339.60,420.21,219.20,644.59,0.899,-1,-1,-1
515,81,916.21,449.77,129.45,275.94,0.899,-1,-1,-1
515,87,730.01,430.34,108.17,271.42,0.903,-1,-1,-1
515,102,39.91,476.47,144.98,267.79,0.772,-1,-1,-1
515,115,1052.51,453.41,87.65,225.75,0.756,-1,-1,-1
515,114,1488.25,412.47,127.40,547.42,0.759,-1,-1,-1
515,118,878.44,410.12,72.51,291.29,0.845,-1,-1,-1
515,117,636.02,455.38,35.99,90.37,0.528,-1,-1,-1
515,70,687.00,451.14,42.80,126.96,0.579,-1,-1,-1
516,97,1790.76,386.20,129.24,523.38,0.718,-1,-1,-1
516,101,1587.05,376.30,267.58,698.55,0.903,-1,-1,-1
516,3,1339.57,420.22,222.39,644.36,0.893,-1,-1,-1
516,81,916.74,449.31,131.69,275.81,0.904,-1,-1,-1
516,87,731.52,429.11,109.07,272.16,0.915,-1,-1,-1
516,102,26.11,476.88,148.06,268.82,0.749,-1,-1,-1
516,115,1051.54,445.49,91.81,233.38,0.755,-1,-1,-1
516,114,1494.48,414.71,126.52,543.30,0.742,-1,-1,-1
516,118,880.43,410.05,73.56,291.06,0.843,-1,-1,-1
516,117,636.38,454.88,36.45,90.74,0.519,-1,-1,-1
516,70,685.19,449.88,43.17,127.02,0.591,-1,-1,-1
517,97,1801.86,387.19,118.14,504.58,0.674,-1,-1,-1
517,101,1589.52,379.20,269.22,695.75,0.907,-1,-1,-1
517,3,1339.36,419.64,225.39,645.62,0.909,-1,-1,-1
517,81,918.02,449.29,133.49,275.07,0.902,-1,-1,-1
517,87,734.03,428.29,109.52,273.02,0.903,-1,-1,-1
517,102,13.69,477.36,151.07,271.11,0.728,-1,-1,-1
517,115,1051.20,442.30,94.44,236.91,0.776,-1,-1,-1
517,114,1502.98,416.04,123.74,529.52,0.729,-1,-1,-1
517,118,881.47,410.11,74.44,291.12,0.843,-1,-1,-1
517,70,684.81,450.78,41.87,122.35,0.622,-1,-1,-1
517,120,569.06,452.80,34.29,82.15,0.502,-1,-1,-1
518,97,1811.03,387.20,108.97,488.50,0.566,-1,-1,-1
518,101,1590.64,380.44,271.16,694.70,0.903,-1,-1,-1
518,3,1339.21,418.20,228.33,648.07,0.910,-1,-1,-1
518,81,919.91,447.75,134.77,275.53,0.905,-1,-1,-1
518,87,737.16,428.48,109.07,272.14,0.897,-1,-1,-1
518,102,3.10,477.95,153.05,273.08,0.749,-1,-1,-1
518,115,1052.84,444.76,94.53,233.95,0.760,-1,-1,-1
518,114,1511.00,415.98,123.45,525.58,0.668,-1,-1,-1
518,118,881.24,410.14,75.43,291.31,0.843,-1,-1,-1
518,70,683.26,449.94,42.00,122.62,0.631,-1,-1,-1
518,120,569.55,453.81,33.91,81.33,0.504,-1,-1,-1
519,101,1589.94,380.82,272.78,694.32,0.885,-1,-1,-1
519,3,1340.98,416.67,230.40,649.05,0.912,-1,-1,-1
519,81,924.27,446.90,134.34,274.47,0.891,-1,-1,-1
519,87,741.67,428.41,108.39,272.47,0.892,-1,-1,-1
519,102,0.00,493.21,145.87,258.45,0.705,-1,-1,-1
519,115,1052.65,442.60,96.22,235.96,0.755,-1,-1,-1
519,114,1518.04,416.15,124.22,525.42,0.701,-1,-1,-1
519,118,881.74,409.91,76.59,292.01,0.836,-1,-1,-1
519,70,682.05,450.85,41.62,121.23,0.645,-1,-1,-1
520,101,1589.62,384.25,273.21,691.21,0.897,-1,-1,-1
520,3,1342.83,415.38,232.45,650.49,0.911,-1,-1,-1
520,81,930.42,445.87,134.27,274.40,0.887,-1,-1,-1
520,87,745.06,427.98,106.17,269.14,0.866,-1,-1,-1
520,102,0.00,482.64,147.78,271.20,0.703,-1,-1,-1
520,115,1053.18,443.32,96.54,235.06,0.753,-1,-1,-1
520,114,1525.37,415.62,125.53,528.79,0.718,-1,-1,-1
520,118,882.07,409.09,77.81,293.54,0.858,-1,-1,-1
520,70,681.39,450.94,41.90,121.09,0.692,-1,-1,-1
521,101,1590.67,381.72,275.76,693.45,0.898,-1,-1,-1
521,3,1345.33,414.99,233.85,651.15,0.911,-1,-1,-1
521,81,933.49,445.06,134.09,274.67,0.881,-1,-1,-1
521,87,751.58,428.37,101.79,263.14,0.832,-1,-1,-1
521,102,0.00,480.19,139.67,271.59,0.541,-1,-1,-1
521,115,1052.79,438.12,98.98,240.32,0.804,-1,-1,-1
521,114,1532.80,414.91,127.51,533.22,0.771,-1,-1,-1
521,118,882.38,408.40,79.04,294.69,0.871,-1,-1,-1
521,70,680.11,449.98,42.16,121.34,0.713,-1,-1,-1
522,101,1596.21,378.58,279.89,696.82,0.866,-1,-1,-1
522,3,1349.28,415.53,235.02,651.07,0.911,-1,-1,-1
522,81,945.13,444.72,133.35,275.25,0.875,-1,-1,-1
522,87,756.03,430.08,98.21,258.31,0.846,-1,-1,-1
522,102,0.00,478.81,134.33,274.05,0.576,-1,-1,-1
522,115,1052.36,436.23,100.12,242.49,0.799,-1,-1,-1
522,114,1540.41,414.08,129.78,539.22,0.811,-1,-1,-1
522,118,883.33,407.13,80.71,298.23,0.871,-1,-1,-1
522,70,679.71,450.31,42.51,121.91,0.735,-1,-1,-1
523,101,1602.55,375.89,285.41,700.19,0.891,-1,-1,-1
523,3,1356.05,414.93,236.33,651.76,0.910,-1,-1,-1
523,81,953.08,446.23,131.69,274.51,0.867,-1,-1,-1
523,87,762.66,430.52,96.62,257.48,0.818,-1,-1,-1
523,102,0.00,506.84,119.43,249.22,0.551,-1,-1,-1
523,115,1053.94,437.58,99.70,241.03,0.763,-1,-1,-1
523,114,1546.26,412.38,132.51,547.54,0.818,-1,-1,-1
523,118,884.81,406.33,81.77,299.38,0.856,-1,-1,-1
523,70,679.58,451.35,42.62,120.99,0.744,-1,-1,-1
523,117,643.17,455.14,36.25,90.30,0.502,-1,-1,-1
523,120,573.25,456.44,32.80,78.13,0.531,-1,-1,-1
524,101,1603.49,373.02,290.20,702.92,0.884,-1,-1,-1
524,3,1364.35,413.33,237.19,653.30,0.898,-1,-1,-1
524,81,958.64,447.10,128.56,273.59,0.839,-1,-1,-1
524,87,767.83,430.95,95.90,259.94,0.819,-1,-1,-1
524,115,1056.52,439.06,98.98,239.53,0.701,-1,-1,-1
524,114,1549.31,411.88,137.79,562.74,0.785,-1,-1,-1
524,118,887.05,406.07,83.07,300.45,0.863,-1,-1,-1
524,70,678.02,451.63,43.37,121.10,0.746,-1,-1,-1
524,120,573.43,456.59,33.49,78.78,0.595,-1,-1,-1
525,101,1603.73,370.90,293.65,704.54,0.912,-1,-1,-1
525,3,1374.54,413.45,235.95,653.00,0.899,-1,-1,-1
525,81,964.25,445.65,125.89,275.11,0.819,-1,-1,-1
525,87,770.99,430.55,95.76,260.78,0.824,-1,-1,-1
525,115,1058.94,444.65,97.08,233.97,0.756,-1,-1,-1
525,114,1549.90,411.60,142.66,573.59,0.841,-1,-1,-1
525,118,890.14,406.02,83.79,300.99,0.858,-1,-1,-1
525,70,676.54,451.53,44.11,121.17,0.760,-1,-1,-1
525,120,574.11,455.59,33.98,79.19,0.570,-1,-1,-1
525,122,717.30,451.15,33.74,90.62,0.589,-1,-1,-1
525,117,644.10,456.50,35.61,88.27,0.555,-1,-1,-1
526,101,1606.13,368.95,296.60,706.41,0.915,-1,-1,-1
526,3,1387.36,412.65,233.45,653.49,0.883,-1,-1,-1
526,81,972.72,445.20,122.92,276.73,0.817,-1,-1,-1
526,87,776.64,429.80,95.35,261.14,0.848,-1,-1,-1
526,115,1062.57,440.14,98.44,237.41,0.742,-1,-1,-1
526,114,1552.06,410.29,148.46,582.14,0.856,-1,-1,-1
526,118,894.27,405.79,83.99,301.70,0.849,-1,-1,-1
526,70,674.77,451.27,45.14,121.35,0.765,-1,-1,-1
526,120,573.95,454.92,34.32,79.52,0.585,-1,-1,-1
526,122,717.09,450.55,34.04,91.43,0.607,-1,-1,-1
526,117,645.06,456.34,35.43,88.91,0.533,-1,-1,-1
527,101,1606.48,369.05,298.17,706.18,0.912,-1,-1,-1
527,3,1400.85,411.24,229.37,654.36,0.865,-1,-1,-1
527,81,981.15,442.40,121.65,280.34,0.805,-1,-1,-1
527,87,781.60,430.01,96.16,260.10,0.866,-1,-1,-1
527,115,1069.36,442.80,97.27,233.19,0.731,-1,-1,-1
527,114,1557.67,409.40,152.58,587.75,0.840,-1,-1,-1
527,118,897.93,405.73,84.12,301.68,0.844,-1,-1,-1
527,70,673.27,453.04,45.53,119.69,0.750,-1,-1,-1
527,120,573.37,454.93,34.44,79.50,0.598,-1,-1,-1
527,122,717.30,450.34,34.18,91.74,0.633,-1,-1,-1
527,117,645.98,456.33,34.99,89.43,0.512,-1,-1,-1
527,123,537.68,459.75,33.71,73.92,0.540,-1,-1,-1
528,101,1609.38,370.87,299.04,704.32,0.904,-1,-1,-1
528,3,1413.99,410.48,224.87,655.43,0.865,-1,-1,-1
528,81,988.22,441.70,120.22,281.80,0.844,-1,-1,-1
528,87,790.33,430.04,97.31,258.93,0.887,-1,-1,-1
528,115,1077.43,446.63,95.96,228.29,0.718,-1,-1,-1
528,114,1560.71,408.81,156.87,590.31,0.846,-1,-1,-1
528,118,900.17,405.13,84.37,302.41,0.865,-1,-1,-1
528,70,671.66,453.47,45.72,118.52,0.768,-1,-1,-1
528,120,574.04,454.49,34.33,79.55,0.576,-1,-1,-1
528,122,718.34,451.84,33.44,89.75,0.617,-1,-1,-1
528,117,645.16,456.54,34.46,89.09,0.516,-1,-1,-1
528,123,538.98,459.77,34.01,74.57,0.525,-1,-1,-1
529,101,1610.77,370.44,301.13,705.59,0.883,-1,-1,-1
529,3,1424.39,410.73,220.92,655.81,0.864,-1,-1,-1
529,81,991.05,441.77,117.46,281.89,0.845,-1,-1,-1
529,87,793.10,431.83,97.55,256.75,0.843,-1,-1,-1
529,115,1081.67,447.17,95.28,227.10,0.709,-1,-1,-1
529,114,1573.63,408.70,159.56,595.02,0.825,-1,-1,-1
529,118,906.32,404.56,83.65,303.57,0.852,-1,-1,-1
529,70,670.23,452.30,46.33,119.03,0.769,-1,-1,-1
529,120,574.24,454.42,34.20,79.52,0.600,-1,-1,-1
529,122,718.75,452.59,33.10,88.90,0.627,-1,-1,-1
529,123,538.84,459.55,34.33,75.43,0.547,-1,-1,-1
530,101,1612.58,370.70,301.77,705.02,0.886,-1,-1,-1
530,3,1430.37,411.33,217.43,655.57,0.877,-1,-1,-1
530,81,997.82,443.31,115.00,279.17,0.870,-1,-1,-1
530,87,798.57,432.09,100.01,256.50,0.862,-1,-1,-1
530,115,1081.35,444.97,93.91,229.34,0.710,-1,-1,-1
530,114,1584.19,408.30,161.51,600.11,0.839,-1,-1,-1
530,118,909.04,404.08,82.94,304.09,0.842,-1,-1,-1
530,70,668.05,451.51,46.25,118.24,0.787,-1,-1,-1
530,120,574.27,454.50,34.13,79.70,0.610,-1,-1,-1
530,122,717.70,451.53,33.31,89.68,0.608,-1,-1,-1
530,123,538.60,459.50,34.28,75.52,0.534,-1,-1,-1
530,100,377.28,461.57,50.50,113.41,0.534,-1,-1,-1
531,101,1617.59,365.64,302.41,710.17,0.884,-1,-1,-1
531,3,1437.27,411.23,215.03,655.57,0.897,-1,-1,-1
531,81,1003.93,445.38,113.81,276.85,0.876,-1,-1,-1
531,87,803.25,432.69,102.02,255.56,0.893,-1,-1,-1
531,115,1085.50,445.13,92.32,229.89,0.684,-1,-1,-1
531,114,1595.26,407.62,164.11,603.35,0.796,-1,-1,-1
531,118,911.57,404.21,82.33,303.69,0.857,-1,-1,-1
531,70,666.60,451.21,45.82,117.33,0.778,-1,-1,-1
531,120,573.92,454.10,34.18,80.43,0.623,-1,-1,-1
531,122,715.81,451.38,33.37,90.11,0.607,-1,-1,-1
531,123,539.26,459.43,33.97,75.05,0.509,-1,-1,-1
531,100,376.59,461.62,50.81,113.26,0.523,-1,-1,-1
532,101,1626.63,363.46,293.37,711.94,0.926,-1,-1,-1
532,3,1445.70,411.37,214.35,655.72,0.899,-1,-1,-1
532,81,1008.51,444.04,114.26,277.71,0.918,-1,-1,-1
532,87,806.74,433.51,104.09,254.70,0.899,-1,-1,-1
532,115,1090.13,441.28,92.62,234.27,0.693,-1,-1,-1
532,114,1601.94,408.21,167.06,606.34,0.847,-1,-1,-1
532,118,914.36,405.44,81.90,302.46,0.875,-1,-1,-1
532,70,663.95,451.05,45.61,116.83,0.749,-1,-1,-1
532,120,573.78,454.22,34.31,80.88,0.620,-1,-1,-1
532,122,714.01,451.18,33.62,90.91,0.642,-1,-1,-1
532,123,539.26,459.65,33.89,75.10,0.502,-1,-1,-1
533,101,1639.31,364.84,280.69,710.56,0.929,-1,-1,-1
533,3,1454.00,411.63,214.65,654.96,0.912,-1,-1,-1
533,81,1011.43,444.60,114.72,276.88,0.921,-1,-1,-1
533,87,807.29,433.79,105.65,254.44,0.909,-1,-1,-1
533,115,1090.76,439.69,91.30,235.92,0.717,-1,-1,-1
533,114,1605.23,409.07,169.77,610.30,0.849,-1,-1,-1
533,118,917.56,406.35,82.21,301.58,0.862,-1,-1,-1
533,70,660.98,450.40,45.40,116.98,0.745,-1,-1,-1
533,120,574.40,454.30,34.46,81.09,0.628,-1,-1,-1
533,122,712.37,451.96,33.39,90.49,0.667,-1,-1,-1
533,123,539.34,460.21,33.67,74.76,0.526,-1,-1,-1
534,101,1651.51,364.39,268.49,710.23,0.889,-1,-1,-1
534,3,1458.28,411.22,215.36,655.24,0.910,-1,-1,-1
534,81,1013.49,444.77,115.55,276.55,0.917,-1,-1,-1
534,87,808.75,434.68,106.85,253.29,0.916,-1,-1,-1
534,115,1092.69,440.74,89.16,235.36,0.735,-1,-1,-1
534,114,1609.85,409.36,172.31,612.48,0.854,-1,-1,-1
534,118,921.63,406.52,83.10,301.11,0.873,-1,-1,-1
534,70,659.35,451.03,44.76,116.00,0.747,-1,-1,-1
534,120,575.33,453.96,34.82,82.03,0.662,-1,-1,-1
534,122,712.05,452.57,33.07,90.08,0.656,-1,-1,-1
534,123,539.38,459.93,33.99,75.80,0.527,-1,-1,-1
534,100,377.33,461.92,50.46,112.90,0.524,-1,-1,-1
535,101,1669.35,365.25,250.65,707.95,0.887,-1,-1,-1
535,3,1459.42,411.58,215.46,654.45,0.905,-1,-1,-1
535,81,1014.67,444.85,117.08,277.05,0.911,-1,-1,-1
535,87,810.28,435.29,108.34,252.33,0.923,-1,-1,-1
535,115,1095.82,440.18,87.86,236.00,0.714,-1,-1,-1
535,114,1614.28,409.65,174.37,614.12,0.853,-1,-1,-1
535,118,925.36,407.17,84.28,300.27,0.888,-1,-1,-1
535,70,657.28,450.67,44.55,116.23,0.745,-1,-1,-1
535,120,576.31,454.12,34.62,81.85,0.648,-1,-1,-1
535,122,712.11,451.99,33.17,91.15,0.638,-1,-1,-1
535,123,539.97,459.42,34.39,76.97,0.546,-1,-1,-1
536,101,1693.36,369.83,226.64,701.09,0.861,-1,-1,-1
536,3,1459.44,411.89,215.87,654.86,0.911,-1,-1,-1
536,81,1015.52,446.13,118.02,276.31,0.906,-1,-1,-1
536,87,810.29,435.36,109.44,251.79,0.918,-1,-1,-1
536,115,1101.05,438.10,87.42,237.99,0.700,-1,-1,-1
536,114,1618.19,409.20,175.65,614.66,0.846,-1,-1,-1
536,118,927.66,407.57,85.92,299.78,0.886,-1,-1,-1
536,70,655.69,450.69,44.29,116.11,0.769,-1,-1,-1
536,120,577.30,454.82,34.18,81.46,0.641,-1,-1,-1
536,122,711.94,450.98,33.34,92.20,0.650,-1,-1,-1
537,101,1709.57,366.18,210.43,707.09,0.877,-1,-1,-1
537,3,1461.41,412.02,216.84,655.00,0.896,-1,-1,-1
537,81,1015.94,447.35,119.10,275.48,0.909,-1,-1,-1
537,87,810.00,435.15,110.77,252.14,0.919,-1,-1,-1
537,115,1104.15,438.68,86.01,237.85,0.735,-1,-1,-1
537,114,1622.52,408.95,177.01,615.48,0.824,-1,-1,-1
537,118,928.49,408.62,87.08,298.92,0.895,-1,-1,-1
537,70,655.33,452.04,43.35,114.49,0.768,-1,-1,-1
537,120,578.02,455.91,33.65,80.46,0.666,-1,-1,-1
537,122,711.92,451.13,33.11,92.24,0.682,-1,-1,-1
537,123,539.99,461.02,33.92,76.17,0.527,-1,-1,-1
538,101,1721.22,363.92,198.78,710.93,0.874,-1,-1,-1
538,3,1462.38,411.12,218.08,656.03,0.901,-1,-1,-1
538,81,1015.03,445.92,120.78,276.85,0.897,-1,-1,-1
538,87,810.33,434.09,112.01,252.22,0.922,-1,-1,-1
538,115,1106.01,438.43,84.98,238.16,0.725,-1,-1,-1
538,114,1625.82,409.39,177.60,614.13,0.835,-1,-1,-1
538,118,929.49,409.64,88.76,298.72,0.896,-1,-1,-1
538,70,654.41,453.60,42.84,113.38,0.757,-1,-1,-1
538,120,578.43,456.18,33.35,80.00,0.606,-1,-1,-1
538,122,711.58,450.73,33.00,92.36,0.668,-1,-1,-1
539,101,1730.59,365.11,189.41,710.68,0.872,-1,-1,-1
539,3,1465.17,410.28,219.51,656.61,0.893,-1,-1,-1
539,81,1014.97,442.67,122.87,280.24,0.891,-1,-1,-1
539,87,810.76,433.36,113.16,252.95,0.923,-1,-1,-1
539,115,1107.72,436.12,84.45,240.92,0.779,-1,-1,-1
539,114,1630.62,410.66,178.14,612.21,0.828,-1,-1,-1
539,118,930.35,410.74,90.47,298.36,0.892,-1,-1,-1
539,70,654.54,455.23,41.81,111.54,0.747,-1,-1,-1
539,120,578.92,456.35,33.21,80.24,0.602,-1,-1,-1
539,122,711.77,450.56,32.87,92.91,0.647,-1,-1,-1
539,123,540.99,461.61,33.60,75.62,0.505,-1,-1,-1
540,101,1740.25,377.23,179.75,698.38,0.874,-1,-1,-1
540,3,1469.81,409.32,221.62,657.29,0.884,-1,-1,-1
540,81,1017.23,438.06,124.60,284.84,0.888,-1,-1,-1
540,87,811.05,432.74,114.36,253.89,0.920,-1,-1,-1
540,115,1108.20,435.05,83.34,242.31,0.761,-1,-1,-1
540,114,1634.09,410.97,177.85,608.02,0.824,-1,-1,-1
540,118,930.49,411.29,92.46,297.88,0.903,-1,-1,-1
540,70,654.71,456.28,40.73,110.07,0.749,-1,-1,-1
540,120,577.98,455.16,33.97,82.64,0.670,-1,-1,-1
540,122,711.00,450.81,32.35,92.36,0.661,-1,-1,-1
540,123,541.69,461.73,33.62,75.73,0.564,-1,-1,-1
541,101,1749.93,380.98,170.07,694.97,0.855,-1,-1,-1
541,3,1478.27,408.15,225.28,658.70,0.871,-1,-1,-1
541,81,1023.09,436.84,124.41,286.46,0.879,-1,-1,-1
541,87,814.76,432.95,114.27,253.61,0.911,-1,-1,-1
541,115,1109.15,437.13,81.07,240.11,0.694,-1,-1,-1
541,114,1641.01,411.03,176.94,600.96,0.831,-1,-1,-1
541,118,931.15,411.65,94.31,296.96,0.901,-1,-1,-1
541,70,655.05,459.09,39.22,106.98,0.748,-1,-1,-1
541,120,577.64,455.07,34.15,83.36,0.652,-1,-1,-1
541,122,710.93,451.18,32.17,92.57,0.653,-1,-1,-1
541,123,541.27,461.52,33.75,76.15,0.579,-1,-1,-1
542,101,1758.67,383.38,161.33,693.01,0.828,-1,-1,-1
542,3,1487.21,407.63,229.15,658.58,0.855,-1,-1,-1
542,81,1027.92,439.27,122.79,284.47,0.861,-1,-1,-1
542,87,817.50,431.39,114.67,255.32,0.918,-1,-1,-1
542,115,1111.16,440.26,78.84,237.14,0.717,-1,-1,-1
542,114,1649.14,411.48,176.58,593.76,0.833,-1,-1,-1
542,118,934.24,411.63,97.39,296.72,0.896,-1,-1,-1
542,70,655.59,459.36,38.55,106.31,0.732,-1,-1,-1
542,120,578.13,454.66,34.17,83.72,0.650,-1,-1,-1
542,122,710.79,451.64,31.89,92.61,0.669,-1,-1,-1
542,123,541.65,460.99,33.85,76.66,0.557,-1,-1,-1
543,101,1766.62,386.57,153.38,690.10,0.774,-1,-1,-1
543,3,1494.73,408.14,231.90,657.90,0.848,-1,-1,-1
543,81,1031.66,435.92,123.66,287.97,0.837,-1,-1,-1
543,87,821.97,430.62,113.86,255.08,0.900,-1,-1,-1
543,115,1113.25,438.86,77.94,238.54,0.642,-1,-1,-1
543,114,1652.93,411.69,178.77,594.93,0.842,-1,-1,-1
543,118,936.29,412.09,100.43,296.41,0.884,-1,-1,-1
543,70,654.35,458.02,38.78,108.67,0.706,-1,-1,-1
543,120,577.80,453.73,34.51,84.73,0.700,-1,-1,-1
543,122,710.95,451.90,31.46,92.10,0.681,-1,-1,-1
543,123,541.58,460.73,33.88,76.95,0.607,-1,-1,-1
544,101,1773.61,387.58,146.39,689.27,0.735,-1,-1,-1
544,3,1500.99,407.93,233.32,659.72,0.857,-1,-1,-1
544,81,1039.42,436.68,121.55,287.27,0.851,-1,-1,-1
544,87,828.10,429.64,112.88,256.29,0.898,-1,-1,-1
544,115,1115.31,441.29,76.01,236.11,0.651,-1,-1,-1
544,114,1657.25,412.33,180.96,597.49,0.847,-1,-1,-1
544,118,939.11,427.86,98.39,279.20,0.875,-1,-1,-1
544,70,653.98,457.20,38.44,109.19,0.743,-1,-1,-1
544,120,577.55,453.72,34.56,85.01,0.709,-1,-1,-1
544,122,711.33,451.58,31.24,92.15,0.690,-1,-1,-1
544,123,541.62,461.01,33.63,76.63,0.581,-1,-1,-1
545,101,1782.09,411.22,137.91,666.35,0.746,-1,-1,-1
545,3,1538.36,407.28,242.36,660.93,0.903,-1,-1,-1
545,81,1047.60,435.71,119.27,288.49,0.824,-1,-1,-1
545,87,835.14,428.57,111.00,256.61,0.867,-1,-1,-1
545,114,1661.55,413.81,181.98,596.98,0.659,-1,-1,-1
545,118,940.80,434.58,99.01,271.75,0.876,-1,-1,-1
545,70,653.82,455.76,38.37,109.66,0.778,-1,-1,-1
545,120,577.08,453.10,34.83,85.49,0.712,-1,-1,-1
545,122,711.44,452.29,30.97,91.68,0.735,-1,-1,-1
545,123,541.51,460.62,33.69,76.75,0.665,-1,-1,-1
546,101,1792.05,457.76,127.95,620.85,0.654,-1,-1,-1
546,3,1556.98,406.51,248.49,659.18,0.859,-1,-1,-1
546,81,1054.86,433.52,116.45,290.29,0.775,-1,-1,-1
546,87,842.61,428.04,108.64,256.72,0.848,-1,-1,-1
546,114,1665.49,413.38,183.99,602.24,0.712,-1,-1,-1
546,118,940.20,419.84,105.65,285.50,0.900,-1,-1,-1
546,70,652.98,454.41,38.34,110.56,0.780,-1,-1,-1
546,120,576.79,452.22,34.97,85.67,0.704,-1,-1,-1
546,122,712.15,451.38,31.06,92.78,0.744,-1,-1,-1
546,123,541.49,460.35,33.56,76.79,0.608,-1,-1,-1
546,115,1119.75,438.40,75.65,238.76,0.614,-1,-1,-1
547,101,1798.09,474.26,121.91,605.35,0.594,-1,-1,-1
547,3,1536.25,406.14,243.47,658.60,0.846,-1,-1,-1
547,81,1062.43,432.85,113.88,290.95,0.774,-1,-1,-1
547,87,851.56,427.36,106.80,257.54,0.801,-1,-1,-1
547,114,1668.63,412.83,185.90,606.10,0.834,-1,-1,-1
547,118,942.07,414.31,108.48,290.48,0.898,-1,-1,-1
547,70,652.61,453.54,38.34,111.08,0.802,-1,-1,-1
547,120,577.05,452.01,35.09,86.00,0.704,-1,-1,-1
547,122,712.86,451.92,30.76,92.43,0.751,-1,-1,-1
547,123,541.73,459.75,33.71,77.43,0.610,-1,-1,-1
547,115,1121.19,439.20,74.45,238.34,0.668,-1,-1,-1
548,101,1798.09,434.02,121.91,645.18,0.519,-1,-1,-1
548,3,1531.64,405.71,240.90,662.47,0.834,-1,-1,-1
548,81,1066.12,432.29,111.07,291.34,0.782,-1,-1,-1
548,87,858.91,427.82,103.89,257.20,0.811,-1,-1,-1
548,114,1675.73,412.81,185.38,602.73,0.809,-1,-1,-1
548,118,943.70,411.85,109.32,291.61,0.885,-1,-1,-1
548,70,651.69,452.91,38.41,111.44,0.784,-1,-1,-1
548,120,577.38,452.40,34.99,85.65,0.707,-1,-1,-1
548,122,714.04,451.71,30.74,92.84,0.745,-1,-1,-1
548,123,542.16,459.18,33.87,77.94,0.577,-1,-1,-1
548,115,1125.18,439.47,73.30,238.57,0.667,-1,-1,-1
549,3,1532.14,405.24,238.88,667.73,0.851,-1,-1,-1
549,81,1069.08,432.68,108.95,290.87,0.792,-1,-1,-1
549,87,867.44,428.79,100.92,256.01,0.806,-1,-1,-1
549,114,1683.30,413.74,184.41,598.92,0.825,-1,-1,-1
549,118,947.63,410.27,108.88,291.67,0.869,-1,-1,-1
549,70,650.77,452.40,38.37,111.43,0.775,-1,-1,-1
549,120,577.90,452.55,34.86,85.39,0.710,-1,-1,-1
549,122,714.55,451.97,30.64,92.53,0.770,-1,-1,-1
549,123,542.84,459.85,33.69,77.66,0.606,-1,-1,-1
549,115,1127.06,438.14,72.92,240.39,0.683,-1,-1,-1
549,124,417.35,457.43,42.15,112.34,0.513,-1,-1,-1
550,3,1535.48,405.15,235.46,667.31,0.857,-1,-1,-1
550,81,1073.97,433.68,107.49,290.28,0.809,-1,-1,-1
550,87,871.47,429.70,97.96,254.85,0.821,-1,-1,-1
550,114,1688.56,412.06,184.75,599.47,0.831,-1,-1,-1
550,118,954.86,409.48,107.70,291.13,0.849,-1,-1,-1
550,70,650.39,453.70,37.91,109.98,0.785,-1,-1,-1
550,120,578.80,452.66,34.58,84.95,0.685,-1,-1,-1
550,122,714.76,452.35,30.62,92.30,0.771,-1,-1,-1
550,123,543.68,459.48,33.81,77.98,0.598,-1,-1,-1
550,115,1125.51,437.83,72.76,240.77,0.700,-1,-1,-1
550,124,418.19,457.65,42.06,112.05,0.548,-1,-1,-1
551,3,1539.67,405.20,232.13,665.12,0.866,-1,-1,-1
551,81,1080.55,433.74,106.54,289.87,0.844,-1,-1,-1
551,87,872.54,429.18,96.21,255.49,0.840,-1,-1,-1
551,114,1696.08,410.19,186.11,602.14,0.854,-1,-1,-1
551,118,960.73,409.63,106.16,291.00,0.844,-1,-1,-1
551,70,650.25,452.66,38.24,111.24,0.781,-1,-1,-1
551,120,579.02,452.35,34.61,85.30,0.715,-1,-1,-1
551,122,714.82,451.60,30.82,93.32,0.772,-1,-1,-1
551,123,543.57,457.70,34.08,79.19,0.605,-1,-1,-1
551,115,1124.62,437.03,73.22,241.41,0.678,-1,-1,-1
551,124,417.56,456.74,42.54,113.26,0.571,-1,-1,-1
552,3,1549.72,403.95,233.33,669.89,0.858,-1,-1,-1
552,81,1084.16,434.24,106.34,289.48,0.829,-1,-1,-1
552,87,877.46,428.91,94.67,255.60,0.848,-1,-1,-1
552,114,1703.39,408.62,187.29,604.00,0.845,-1,-1,-1
552,118,966.96,409.55,103.34,289.40,0.850,-1,-1,-1
552,70,649.38,452.15,38.45,112.08,0.782,-1,-1,-1
552,120,579.09,452.14,34.77,86.11,0.732,-1,-1,-1
552,122,715.09,450.26,31.35,94.77,0.799,-1,-1,-1
552,123,544.90,457.97,33.63,78.45,0.618,-1,-1,-1
552,115,1126.34,435.74,74.09,242.26,0.610,-1,-1,-1
552,124,417.43,455.81,43.00,114.46,0.551,-1,-1,-1
553,3,1554.59,403.91,233.62,671.77,0.847,-1,-1,-1
553,81,1087.68,435.63,106.18,288.21,0.872,-1,-1,-1
553,87,882.43,429.24,93.53,255.28,0.834,-1,-1,-1
553,114,1712.61,406.99,188.40,606.08,0.842,-1,-1,-1
553,118,973.75,409.03,100.71,290.17,0.856,-1,-1,-1
553,70,649.06,452.03,38.40,111.99,0.753,-1,-1,-1
553,120,580.07,452.58,34.20,85.31,0.743,-1,-1,-1
553,122,715.34,449.97,31.37,94.59,0.790,-1,-1,-1
553,123,545.84,458.59,33.28,78.25,0.568,-1,-1,-1
553,115,1133.83,435.53,74.13,241.32,0.592,-1,-1,-1
553,124,417.49,455.34,43.20,114.92,0.530,-1,-1,-1
554,3,1555.79,404.66,233.28,672.01,0.872,-1,-1,-1
554,81,1089.17,435.58,107.01,288.07,0.868,-1,-1,-1
554,87,889.87,430.17,93.97,254.46,0.866,-1,-1,-1
554,114,1718.02,405.27,189.43,608.40,0.852,-1,-1,-1
554,118,979.92,409.10,98.44,292.44,0.830,-1,-1,-1
554,70,648.42,453.42,38.45,110.93,0.758,-1,-1,-1
554,120,580.37,453.01,33.89,84.97,0.720,-1,-1,-1
554,122,715.75,449.91,31.64,94.75,0.770,-1,-1,-1
554,123,546.21,457.66,33.38,79.27,0.585,-1,-1,-1
554,124,416.84,454.32,43.66,116.01,0.551,-1,-1,-1
555,3,1559.31,405.35,233.81,671.35,0.861,-1,-1,-1
555,81,1091.91,436.66,107.84,286.89,0.889,-1,-1,-1
555,87,893.82,431.19,94.53,253.90,0.883,-1,-1,-1
555,114,1722.84,404.33,190.15,609.84,0.852,-1,-1,-1
555,118,984.42,409.20,96.85,292.53,0.830,-1,-1,-1
555,70,647.76,455.72,38.18,108.80,0.777,-1,-1,-1
555,120,580.57,453.17,33.69,84.88,0.725,-1,-1,-1
555,122,715.40,449.49,31.95,94.85,0.773,-1,-1,-1
555,123,546.36,457.04,33.80,80.83,0.620,-1,-1,-1
555,124,416.39,454.78,43.54,115.65,0.552,-1,-1,-1
556,3,1563.77,405.81,235.34,670.29,0.865,-1,-1,-1
556,81,1092.92,435.49,109.22,287.96,0.903,-1,-1,-1
556,87,892.49,431.68,94.20,253.67,0.876,-1,-1,-1
556,114,1726.99,404.46,190.06,609.74,0.836,-1,-1,-1
556,118,990.60,408.87,95.96,291.38,0.840,-1,-1,-1
556,70,646.32,455.96,38.60,108.59,0.766,-1,-1,-1
556,120,580.34,452.85,33.71,85.13,0.712,-1,-1,-1
556,122,715.69,449.26,32.42,95.43,0.773,-1,-1,-1
556,123,546.53,457.11,33.54,80.68,0.602,-1,-1,-1
556,124,416.59,454.86,43.51,115.43,0.548,-1,-1,-1
557,3,1568.95,405.28,237.74,669.43,0.867,-1,-1,-1
557,81,1094.59,434.89,110.33,288.24,0.900,-1,-1,-1
557,87,895.64,432.31,94.70,253.00,0.909,-1,-1,-1
557,114,1730.22,404.44,189.78,610.05,0.822,-1,-1,-1
557,118,992.04,408.67,96.37,291.14,0.832,-1,-1,-1
557,70,645.62,456.62,38.79,108.02,0.737,-1,-1,-1
557,120,580.35,452.98,33.75,85.48,0.727,-1,-1,-1
557,122,715.78,450.07,32.54,94.98,0.750,-1,-1,-1
557,123,546.13,456.20,33.73,81.77,0.610,-1,-1,-1
558,3,1574.05,404.74,241.41,669.61,0.863,-1,-1,-1
558,81,1095.17,433.17,111.59,289.10,0.878,-1,-1,-1
558,87,897.71,432.75,95.31,252.37,0.907,-1,-1,-1
558,114,1734.35,405.45,185.65,609.53,0.781,-1,-1,-1
558,118,996.77,408.80,96.89,290.48,0.827,-1,-1,-1
558,70,643.91,456.16,39.27,107.81,0.772,-1,-1,-1
558,120,580.51,453.47,33.48,84.88,0.730,-1,-1,-1
558,122,716.17,449.43,33.24,95.83,0.746,-1,-1,-1
558,123,546.52,456.93,32.92,80.33,0.611,-1,-1,-1
559,3,1580.27,404.33,246.58,670.00,0.882,-1,-1,-1
559,81,1096.42,432.54,112.21,288.38,0.875,-1,-1,-1
559,87,898.46,432.96,96.05,251.55,0.913,-1,-1,-1
559,114,1737.52,406.27,182.48,607.82,0.700,-1,-1,-1
559,118,1000.55,409.54,97.42,289.41,0.838,-1,-1,-1
559,70,643.78,457.15,38.94,105.51,0.749,-1,-1,-1
559,120,580.65,453.59,33.38,84.58,0.743,-1,-1,-1
559,122,716.14,449.40,33.59,96.12,0.760,-1,-1,-1
559,123,546.69,457.33,32.38,79.36,0.588,-1,-1,-1
559,124,417.61,455.30,43.31,114.00,0.502,-1,-1,-1
560,3,1582.84,403.00,251.64,671.21,0.894,-1,-1,-1
560,81,1099.27,435.16,111.92,285.57,0.871,-1,-1,-1
560,87,898.70,432.56,96.77,250.94,0.905,-1,-1,-1
560,114,1741.87,407.24,178.13,607.32,0.651,-1,-1,-1
560,118,1002.36,412.24,98.58,286.83,0.784,-1,-1,-1
560,70,642.07,456.91,39.09,104.63,0.782,-1,-1,-1
560,120,580.74,454.17,33.05,83.79,0.741,-1,-1,-1
560,122,716.13,449.73,33.52,95.99,0.756,-1,-1,-1
560,123,546.60,458.08,32.57,80.09,0.645,-1,-1,-1
560,124,417.71,455.31,43.60,113.92,0.524,-1,-1,-1
561,3,1583.01,402.36,254.94,671.16,0.882,-1,-1,-1
561,81,1104.53,434.93,111.74,284.26,0.858,-1,-1,-1
561,87,900.94,432.94,96.47,248.51,0.895,-1,-1,-1
561,114,1755.15,405.13,164.85,546.12,0.662,-1,-1,-1
561,118,1006.06,414.04,99.87,284.58,0.854,-1,-1,-1
561,70,639.71,455.28,39.94,105.53,0.800,-1,-1,-1
561,120,581.04,453.69,33.12,83.82,0.743,-1,-1,-1
561,122,715.94,449.81,33.86,96.46,0.767,-1,-1,-1
561,123,547.05,459.21,31.97,78.36,0.613,-1,-1,-1
561,124,418.01,455.79,43.81,113.75,0.575,-1,-1,-1
561,126,1211.31,440.45,38.66,110.70,0.520,-1,-1,-1
562,3,1589.46,402.01,259.69,672.04,0.886,-1,-1,-1
562,81,1110.10,435.20,110.81,282.78,0.848,-1,-1,-1
562,87,904.03,433.66,95.33,245.03,0.858,-1,-1,-1
562,114,1754.18,405.81,165.82,588.03,0.771,-1,-1,-1
562,118,1009.67,415.23,101.98,283.12,0.811,-1,-1,-1
562,70,638.07,456.64,39.66,103.84,0.799,-1,-1,-1
562,120,581.37,453.59,33.12,83.80,0.742,-1,-1,-1
562,122,716.68,450.16,33.68,95.99,0.761,-1,-1,-1
562,123,547.40,459.58,32.18,78.61,0.652,-1,-1,-1
562,124,417.54,456.58,43.96,113.35,0.523,-1,-1,-1
562,126,1214.98,441.21,38.06,108.77,0.509,-1,-1,-1
563,3,1592.77,401.82,264.00,673.07,0.883,-1,-1,-1
563,81,1116.82,435.66,109.19,280.25,0.840,-1,-1,-1
563,87,908.89,433.47,94.35,244.51,0.836,-1,-1,-1
563,114,1755.35,405.78,164.65,605.57,0.650,-1,-1,-1
563,118,1011.97,416.02,104.70,282.58,0.854,-1,-1,-1
563,70,637.28,455.15,40.18,105.13,0.779,-1,-1,-1
563,120,581.39,453.31,33.44,84.67,0.733,-1,-1,-1
563,122,717.80,450.40,33.53,95.51,0.769,-1,-1,-1
563,123,546.98,458.22,32.65,79.93,0.623,-1,-1,-1
564,3,1595.91,401.44,267.47,673.78,0.898,-1,-1,-1
564,81,1123.89,435.99,107.53,278.57,0.839,-1,-1,-1
564,87,913.93,433.15,93.59,245.76,0.809,-1,-1,-1
564,114,1756.58,402.18,163.42,623.84,0.716,-1,-1,-1
564,118,1014.48,415.73,107.53,282.96,0.898,-1,-1,-1
564,70,636.74,452.89,41.06,107.65,0.787,-1,-1,-1
564,120,581.35,452.87,33.43,84.59,0.722,-1,-1,-1
564,122,718.31,450.57,33.47,95.26,0.776,-1,-1,-1
564,123,547.30,455.43,33.20,81.80,0.582,-1,-1,-1
565,3,1599.19,401.06,269.63,674.45,0.893,-1,-1,-1
565,81,1127.13,436.35,107.42,278.34,0.825,-1,-1,-1
565,87,919.41,432.48,91.41,243.87,0.829,-1,-1,-1
565,114,1759.76,402.55,160.24,639.10,0.809,-1,-1,-1
565,118,1016.20,414.89,110.71,284.17,0.915,-1,-1,-1
565,70,637.10,452.23,41.34,108.58,0.791,-1,-1,-1
565,120,581.30,452.48,33.60,85.02,0.702,-1,-1,-1
565,122,718.91,450.25,33.66,95.74,0.788,-1,-1,-1
565,123,547.17,454.22,33.47,82.85,0.575,-1,-1,-1
566,3,1606.91,401.00,270.18,674.56,0.870,-1,-1,-1
566,81,1129.53,437.41,107.87,279.15,0.814,-1,-1,-1
566,87,926.03,431.38,90.35,243.65,0.821,-1,-1,-1
566,114,1764.29,401.67,155.71,644.48,0.683,-1,-1,-1
566,118,1016.66,415.86,112.71,283.74,0.912,-1,-1,-1
566,70,636.25,452.83,40.90,108.20,0.768,-1,-1,-1
566,120,581.52,453.21,33.41,84.54,0.694,-1,-1,-1
566,122,719.32,450.18,33.94,96.68,0.773,-1,-1,-1
566,123,547.16,454.36,33.02,82.37,0.515,-1,-1,-1
567,3,1622.55,401.57,270.49,674.60,0.890,-1,-1,-1
567,81,1130.66,437.22,108.25,279.67,0.837,-1,-1,-1
567,87,931.93,431.64,89.10,243.61,0.819,-1,-1,-1
567,114,1769.00,400.56,151.00,630.73,0.677,-1,-1,-1
567,118,1020.04,434.06,108.63,265.71,0.903,-1,-1,-1
567,70,636.01,453.16,40.64,108.06,0.748,-1,-1,-1
567,120,582.00,453.80,33.33,84.32,0.692,-1,-1,-1
567,122,719.60,449.48,33.94,97.37,0.745,-1,-1,-1
567,123,546.73,454.06,33.33,83.43,0.553,-1,-1,-1
568,3,1633.65,401.98,268.13,674.82,0.885,-1,-1,-1
568,81,1136.57,436.18,107.37,279.54,0.817,-1,-1,-1
568,87,936.40,431.60,88.54,243.73,0.817,-1,-1,-1
568,114,1772.53,403.51,147.47,641.04,0.575,-1,-1,-1
568,118,1017.65,423.34,115.09,276.47,0.923,-1,-1,-1
568,70,635.63,452.21,40.76,108.90,0.793,-1,-1,-1
568,120,582.16,453.97,33.46,84.82,0.678,-1,-1,-1
568,122,719.83,449.68,33.94,97.95,0.766,-1,-1,-1
568,123,547.15,454.37,33.23,83.35,0.553,-1,-1,-1
568,127,914.91,447.75,45.39,139.28,0.545,-1,-1,-1
568,124,417.41,460.01,43.31,111.15,0.529,-1,-1,-1
569,3,1642.81,401.35,265.19,675.33,0.878,-1,-1,-1
569,81,1141.59,436.72,107.08,278.08,0.853,-1,-1,-1
569,87,938.61,431.93,87.92,243.95,0.837,-1,-1,-1
569,114,1778.33,406.13,141.67,645.28,0.600,-1,-1,-1
569,118,1015.59,418.63,118.90,281.10,0.918,-1,-1,-1
569,70,634.89,451.81,40.40,108.25,0.795,-1,-1,-1
569,120,582.33,453.83,33.73,85.42,0.674,-1,-1,-1
569,122,719.94,449.49,33.70,97.97,0.745,-1,-1,-1
569,123,547.78,455.70,32.93,82.88,0.544,-1,-1,-1
569,127,915.10,446.76,45.80,140.37,0.552,-1,-1,-1
569,124,417.93,461.42,42.90,109.46,0.514,-1,-1,-1
570,3,1649.68,400.45,263.17,676.82,0.871,-1,-1,-1
570,81,1149.05,435.53,109.16,279.07,0.874,-1,-1,-1
570,87,942.55,431.73,87.25,244.48,0.830,-1,-1,-1
570,118,1013.81,414.90,121.85,284.80,0.911,-1,-1,-1
570,70,633.46,452.33,40.08,108.11,0.811,-1,-1,-1
570,120,582.58,454.33,33.61,85.18,0.670,-1,-1,-1
570,122,720.06,449.34,33.61,98.49,0.756,-1,-1,-1
570,123,548.10,456.28,32.98,83.09,0.558,-1,-1,-1
571,3,1656.28,399.14,261.79,677.81,0.885,-1,-1,-1
571,81,1155.43,434.01,111.50,279.42,0.900,-1,-1,-1
571,87,946.10,431.52,86.06,244.02,0.818,-1,-1,-1
571,118,1014.12,411.81,123.78,287.62,0.916,-1,-1,-1
571,70,632.74,452.48,39.78,108.25,0.814,-1,-1,-1
571,120,582.22,454.22,33.87,85.65,0.723,-1,-1,-1
571,122,720.25,449.26,33.25,97.76,0.783,-1,-1,-1
571,123,548.48,457.50,32.87,82.64,0.574,-1,-1,-1
571,128,663.96,452.05,29.33,100.51,0.653,-1,-1,-1
571,130,1113.19,430.13,39.74,146.11,0.579,-1,-1,-1
571,124,417.82,462.97,42.60,107.80,0.503,-1,-1,-1
572,3,1660.92,398.89,259.08,678.37,0.896,-1,-1,-1
572,81,1158.87,433.69,113.53,278.99,0.916,-1,-1,-1
572,87,948.26,431.77,84.86,242.88,0.847,-1,-1,-1
572,118,1014.93,412.38,123.97,286.69,0.921,-1,-1,-1
572,70,632.30,452.60,39.34,108.19,0.820,-1,-1,-1
572,120,582.52,453.87,34.09,86.24,0.722,-1,-1,-1
572,122,720.30,449.21,33.54,98.82,0.776,-1,-1,-1
572,123,548.37,457.90,32.99,82.73,0.551,-1,-1,-1
572,128,664.31,452.08,29.38,100.69,0.652,-1,-1,-1
572,130,1113.11,430.15,39.84,146.36,0.653,-1,-1,-1
572,114,1808.16,412.26,111.84,494.88,0.521,-1,-1,-1
573,3,1665.61,397.91,254.39,679.15,0.921,-1,-1,-1
573,81,1161.69,434.56,115.26,277.98,0.898,-1,-1,-1
573,87,950.22,432.17,84.42,242.27,0.850,-1,-1,-1
573,118,1017.24,413.73,123.22,284.90,0.914,-1,-1,-1
573,70,632.10,452.74,38.83,107.70,0.824,-1,-1,-1
573,120,583.08,454.31,33.81,85.55,0.739,-1,-1,-1
573,122,720.47,449.25,33.66,99.21,0.783,-1,-1,-1
573,123,549.19,457.07,33.42,83.80,0.593,-1,-1,-1
573,128,665.31,452.42,29.40,100.70,0.704,-1,-1,-1
573,130,1112.89,428.76,40.29,148.03,0.587,-1,-1,-1
573,124,417.61,462.68,42.60,108.06,0.513,-1,-1,-1
574,3,1669.69,397.26,250.31,679.82,0.934,-1,-1,-1
574,81,1162.29,432.87,117.87,279.91,0.900,-1,-1,-1
574,87,954.53,432.52,84.80,241.67,0.826,-1,-1,-1
574,118,1020.88,414.72,122.20,283.70,0.900,-1,-1,-1
574,70,631.87,452.90,38.34,106.97,0.828,-1,-1,-1
574,120,583.03,455.31,33.62,84.90,0.739,-1,-1,-1
574,122,720.54,448.90,33.85,100.06,0.778,-1,-1,-1
574,123,549.68,458.03,33.16,82.80,0.607,-1,-1,-1
574,128,665.77,453.24,29.21,99.95,0.687,-1,-1,-1
574,130,1113.76,428.69,40.25,148.15,0.619,-1,-1,-1
574,124,417.73,463.13,42.33,107.84,0.553,-1,-1,-1
575,3,1671.78,395.97,248.22,681.04,0.931,-1,-1,-1
575,81,1165.31,436.26,118.10,276.49,0.886,-1,-1,-1
575,87,959.04,432.53,85.75,241.58,0.828,-1,-1,-1
575,118,1026.22,414.96,120.91,283.62,0.881,-1,-1,-1
575,70,632.57,453.29,37.47,105.18,0.810,-1,-1,-1
575,120,583.51,455.65,33.42,84.07,0.703,-1,-1,-1
575,122,720.78,449.47,33.89,99.96,0.760,-1,-1,-1
575,123,550.50,459.72,32.58,80.69,0.576,-1,-1,-1
575,128,665.85,453.66,29.29,100.10,0.646,-1,-1,-1
575,130,1114.64,429.23,39.96,147.05,0.550,-1,-1,-1
575,124,417.61,462.88,42.57,108.35,0.589,-1,-1,-1
576,3,1672.64,395.08,247.36,682.07,0.931,-1,-1,-1
576,81,1166.82,438.31,118.70,274.65,0.923,-1,-1,-1
576,87,963.88,431.11,89.63,246.19,0.844,-1,-1,-1
576,118,1030.79,413.97,119.34,283.99,0.854,-1,-1,-1
576,70,632.91,454.02,36.91,103.86,0.819,-1,-1,-1
576,120,584.17,456.66,33.08,82.79,0.762,-1,-1,-1
576,122,721.31,449.38,34.03,99.83,0.797,-1,-1,-1
576,123,550.99,461.07,32.15,79.13,0.607,-1,-1,-1
576,128,665.06,453.80,29.36,99.83,0.672,-1,-1,-1
576,124,417.37,462.58,42.87,108.93,0.621,-1,-1,-1
577,3,1672.39,394.95,247.61,682.75,0.936,-1,-1,-1
577,81,1167.47,439.91,119.32,273.10,0.920,-1,-1,-1
577,87,966.97,430.70,94.48,252.70,0.854,-1,-1,-1
577,118,1037.01,414.86,116.24,282.60,0.834,-1,-1,-1
577,70,632.44,453.32,37.42,105.68,0.829,-1,-1,-1
577,120,584.19,456.43,33.24,82.88,0.744,-1,-1,-1
577,122,721.70,449.77,34.21,99.95,0.801,-1,-1,-1
577,123,550.80,460.58,32.51,79.43,0.585,-1,-1,-1
577,128,664.55,454.04,29.37,99.41,0.674,-1,-1,-1
577,124,416.90,462.61,42.97,108.91,0.601,-1,-1,-1
578,3,1672.08,395.63,247.92,682.00,0.934,-1,-1,-1
578,81,1167.62,440.14,120.30,272.98,0.918,-1,-1,-1
578,87,968.42,433.33,93.40,243.95,0.862,-1,-1,-1
578,118,1040.93,413.63,114.09,284.33,0.858,-1,-1,-1
578,70,631.89,453.50,37.07,105.09,0.831,-1,-1,-1
578,120,584.39,455.97,33.61,83.83,0.745,-1,-1,-1
578,122,721.34,450.14,34.69,100.59,0.810,-1,-1,-1
578,123,550.57,460.10,32.76,79.93,0.581,-1,-1,-1
578,128,664.85,453.83,29.65,100.01,0.695,-1,-1,-1
578,124,415.93,463.75,42.60,107.66,0.542,-1,-1,-1
579,3,1672.61,398.33,247.39,679.51,0.942,-1,-1,-1
579,81,1168.59,440.77,120.65,272.17,0.918,-1,-1,-1
579,87,968.51,432.79,94.59,242.05,0.878,-1,-1,-1
579,118,1048.25,432.75,104.15,265.21,0.848,-1,-1,-1
579,70,631.11,454.70,36.51,104.03,0.822,-1,-1,-1
579,120,584.72,456.10,33.57,83.87,0.741,-1,-1,-1
579,122,721.16,450.18,35.01,100.84,0.805,-1,-1,-1
579,123,551.31,461.48,32.39,78.62,0.558,-1,-1,-1
579,128,664.94,454.45,29.74,99.71,0.700,-1,-1,-1
579,124,415.73,462.55,42.87,108.75,0.556,-1,-1,-1
580,3,1673.14,400.19,246.86,677.49,0.940,-1,-1,-1
580,81,1171.06,439.88,121.25,272.96,0.898,-1,-1,-1
580,87,968.40,433.94,95.85,240.36,0.896,-1,-1,-1
580,118,1054.53,440.35,99.32,257.82,0.805,-1,-1,-1
580,70,630.36,455.77,35.96,102.85,0.802,-1,-1,-1
580,120,585.04,455.68,33.78,84.44,0.714,-1,-1,-1
580,122,721.36,450.52,35.07,100.56,0.786,-1,-1,-1
580,123,551.39,460.02,33.05,80.36,0.551,-1,-1,-1
580,128,665.12,454.18,30.00,100.02,0.692,-1,-1,-1
580,124,416.15,461.83,42.89,109.17,0.527,-1,-1,-1
581,3,1673.70,403.50,246.30,674.25,0.946,-1,-1,-1
581,81,1173.63,437.87,122.14,275.14,0.901,-1,-1,-1
581,87,968.38,435.49,96.53,237.56,0.893,-1,-1,-1
581,118,1062.69,425.13,101.95,273.23,0.814,-1,-1,-1
581,70,630.04,455.25,36.14,103.36,0.821,-1,-1,-1
581,120,585.22,455.59,33.63,84.17,0.703,-1,-1,-1
581,122,721.59,450.19,35.11,100.60,0.756,-1,-1,-1
581,123,551.98,460.05,33.15,80.85,0.544,-1,-1,-1
581,128,664.73,453.63,30.28,100.77,0.681,-1,-1,-1
581,124,416.12,461.11,42.84,109.86,0.511,-1,-1,-1
582,3,1673.95,405.70,246.05,672.17,0.943,-1,-1,-1
582,81,1179.35,436.45,121.74,276.28,0.878,-1,-1,-1
582,87,968.75,435.83,97.98,236.51,0.904,-1,-1,-1
582,118,1068.38,417.68,101.43,280.97,0.850,-1,-1,-1
582,70,629.92,454.94,35.82,102.97,0.820,-1,-1,-1
582,120,585.30,455.04,33.91,85.05,0.696,-1,-1,-1
582,122,721.79,449.86,35.33,101.29,0.790,-1,-1,-1
582,123,552.43,458.08,33.67,82.78,0.546,-1,-1,-1
582,128,664.27,452.81,30.66,101.72,0.727,-1,-1,-1
582,115,1157.09,434.79,77.28,244.01,0.617,-1,-1,-1
583,3,1674.79,407.26,245.21,670.07,0.937,-1,-1,-1
583,81,1186.51,437.00,119.94,275.42,0.841,-1,-1,-1
583,87,969.80,435.73,99.15,235.87,0.891,-1,-1,-1
583,118,1070.24,416.14,99.31,282.79,0.838,-1,-1,-1
583,70,629.44,455.11,35.54,101.97,0.822,-1,-1,-1
583,120,585.60,454.90,33.96,85.52,0.696,-1,-1,-1
583,122,721.98,449.66,35.48,101.43,0.794,-1,-1,-1
583,123,551.17,457.23,33.97,83.88,0.561,-1,-1,-1
583,128,663.98,452.41,31.37,103.44,0.721,-1,-1,-1
583,115,1156.21,435.88,77.95,243.30,0.546,-1,-1,-1
583,124,415.63,457.30,43.92,114.00,0.511,-1,-1,-1
584,3,1674.68,402.20,245.32,675.14,0.924,-1,-1,-1
584,81,1194.40,436.56,118.69,275.95,0.838,-1,-1,-1
584,87,971.23,439.34,99.01,232.08,0.869,-1,-1,-1
584,118,1073.52,413.68,97.53,285.13,0.861,-1,-1,-1
584,70,628.38,455.26,35.50,101.71,0.821,-1,-1,-1
584,120,586.14,455.19,33.51,84.76,0.673,-1,-1,-1
584,122,722.60,449.49,35.65,101.50,0.800,-1,-1,-1
584,123,551.57,457.53,33.55,83.29,0.525,-1,-1,-1
584,128,663.97,452.24,31.82,103.91,0.726,-1,-1,-1
584,115,1161.04,454.08,74.41,224.16,0.528,-1,-1,-1
585,3,1675.06,395.28,244.94,681.41,0.892,-1,-1,-1
585,81,1200.70,436.74,117.03,275.92,0.841,-1,-1,-1
585,87,972.55,437.48,99.96,233.17,0.834,-1,-1,-1
585,118,1077.09,412.73,95.70,286.31,0.842,-1,-1,-1
585,70,627.54,455.11,35.66,102.16,0.816,-1,-1,-1
585,120,586.62,455.10,33.33,84.59,0.708,-1,-1,-1
585,122,723.64,449.56,35.57,101.35,0.807,-1,-1,-1
585,123,550.72,458.14,33.26,82.96,0.552,-1,-1,-1
585,128,664.27,451.93,32.32,104.46,0.728,-1,-1,-1
585,115,1161.88,442.09,77.66,234.31,0.605,-1,-1,-1
586,3,1676.77,392.09,243.23,683.69,0.890,-1,-1,-1
586,81,1205.60,436.27,115.16,276.20,0.859,-1,-1,-1
586,87,976.57,440.08,98.73,230.17,0.834,-1,-1,-1
586,118,1079.99,411.99,94.12,287.17,0.858,-1,-1,-1
586,70,626.82,455.66,35.47,101.48,0.796,-1,-1,-1
586,120,585.60,454.76,33.60,85.23,0.684,-1,-1,-1
586,122,723.62,448.81,35.70,101.93,0.791,-1,-1,-1
586,123,550.62,459.44,32.70,81.85,0.535,-1,-1,-1
586,128,664.58,452.38,32.48,103.77,0.722,-1,-1,-1
586,115,1165.84,438.50,77.41,236.16,0.694,-1,-1,-1
587,3,1679.63,393.27,240.37,682.26,0.877,-1,-1,-1
587,81,1210.34,435.47,113.76,276.94,0.827,-1,-1,-1
587,87,980.27,435.26,99.58,233.81,0.862,-1,-1,-1
587,118,1085.14,411.41,93.34,287.25,0.863,-1,-1,-1
587,70,626.63,455.79,35.60,101.48,0.770,-1,-1,-1
587,120,585.27,454.81,33.66,85.23,0.640,-1,-1,-1
587,122,724.03,448.07,36.00,102.67,0.801,-1,-1,-1
587,128,665.28,453.03,32.74,103.11,0.701,-1,-1,-1
587,115,1170.02,437.30,76.84,237.55,0.730,-1,-1,-1
588,3,1682.98,391.64,237.02,684.02,0.826,-1,-1,-1
588,81,1213.42,434.97,112.75,277.25,0.861,-1,-1,-1
588,87,984.00,432.03,99.49,236.44,0.869,-1,-1,-1
588,118,1091.92,410.42,94.38,287.87,0.896,-1,-1,-1
588,70,626.52,456.23,35.16,99.99,0.783,-1,-1,-1
588,120,585.05,454.78,33.84,85.56,0.689,-1,-1,-1
588,122,723.92,447.42,36.51,103.92,0.805,-1,-1,-1
588,128,664.77,453.29,33.35,103.77,0.752,-1,-1,-1
588,115,1173.66,433.71,76.52,241.26,0.755,-1,-1,-1
588,132,374.87,463.26,50.40,114.55,0.560,-1,-1,-1
588,123,551.56,459.21,32.66,82.25,0.530,-1,-1,-1
589,3,1692.11,413.52,227.89,661.40,0.566,-1,-1,-1
589,81,1215.71,434.98,111.62,277.35,0.847,-1,-1,-1
589,87,991.39,444.52,93.37,224.65,0.775,-1,-1,-1
589,118,1095.18,410.86,95.08,287.38,0.905,-1,-1,-1
589,70,625.41,456.42,35.27,99.72,0.803,-1,-1,-1
589,120,584.80,454.88,34.11,86.13,0.710,-1,-1,-1
589,122,724.20,447.57,36.48,103.69,0.803,-1,-1,-1
589,128,665.07,453.91,33.57,103.37,0.757,-1,-1,-1
589,115,1177.64,438.09,74.01,237.44,0.702,-1,-1,-1
589,132,374.73,464.56,49.69,112.96,0.566,-1,-1,-1
589,123,551.23,459.96,32.38,81.76,0.540,-1,-1,-1
590,3,1707.59,466.33,212.41,608.45,0.607,-1,-1,-1
590,81,1220.03,434.88,110.43,277.36,0.830,-1,-1,-1
590,87,997.28,449.86,89.78,219.54,0.795,-1,-1,-1
590,118,1096.28,410.59,96.03,287.49,0.902,-1,-1,-1
590,70,624.59,456.38,35.15,99.49,0.818,-1,-1,-1
590,120,584.62,455.50,34.10,85.77,0.723,-1,-1,-1
590,122,724.67,447.14,36.89,104.48,0.823,-1,-1,-1
590,128,665.02,454.27,33.75,102.83,0.764,-1,-1,-1
590,115,1180.68,438.79,72.94,237.87,0.704,-1,-1,-1
590,132,374.73,463.78,50.20,114.23,0.648,-1,-1,-1
590,123,551.83,460.91,32.13,81.12,0.575,-1,-1,-1
591,81,1227.94,432.67,109.84,279.23,0.833,-1,-1,-1
591,87,1001.40,440.86,91.21,227.73,0.816,-1,-1,-1
591,118,1098.50,409.70,97.79,288.30,0.901,-1,-1,-1
591,70,623.87,456.32,35.08,99.69,0.815,-1,-1,-1
591,120,584.54,455.26,34.28,86.34,0.706,-1,-1,-1
591,122,724.88,447.63,36.92,104.14,0.814,-1,-1,-1
591,128,664.55,454.58,34.04,102.79,0.766,-1,-1,-1
591,115,1184.77,435.66,73.19,241.56,0.754,-1,-1,-1
591,132,374.81,463.32,50.24,114.48,0.666,-1,-1,-1
591,123,551.46,460.69,32.23,81.78,0.577,-1,-1,-1
592,81,1235.05,439.61,106.22,272.51,0.845,-1,-1,-1
592,87,1006.68,438.39,90.50,229.62,0.826,-1,-1,-1
592,118,1099.59,409.67,99.36,288.08,0.894,-1,-1,-1
592,70,624.34,456.16,35.17,100.37,0.815,-1,-1,-1
592,120,583.65,455.74,34.21,86.18,0.670,-1,-1,-1
592,122,724.72,448.85,36.49,102.81,0.810,-1,-1,-1
592,128,663.94,454.88,34.29,102.55,0.761,-1,-1,-1
592,115,1187.47,433.95,72.94,243.37,0.738,-1,-1,-1
592,132,374.49,462.21,50.68,115.70,0.644,-1,-1,-1
592,123,551.37,461.14,31.71,80.64,0.563,-1,-1,-1
593,81,1239.89,436.54,106.54,275.66,0.871,-1,-1,-1
593,87,1012.19,436.63,89.65,231.31,0.818,-1,-1,-1
593,118,1099.93,409.70,100.64,288.33,0.902,-1,-1,-1
593,70,624.42,456.18,34.76,100.01,0.814,-1,-1,-1
593,120,583.62,456.55,33.65,84.69,0.663,-1,-1,-1
593,122,724.84,449.15,36.30,102.44,0.813,-1,-1,-1
593,128,663.40,454.87,34.67,102.79,0.770,-1,-1,-1
593,115,1190.45,433.88,72.37,243.21,0.763,-1,-1,-1
593,132,375.03,462.49,50.45,115.58,0.663,-1,-1,-1
593,123,550.98,460.82,31.95,81.45,0.579,-1,-1,-1
594,81,1244.04,434.94,106.63,277.28,0.898,-1,-1,-1
594,87,1013.31,434.84,89.21,233.54,0.849,-1,-1,-1
594,118,1100.00,410.60,101.17,287.25,0.902,-1,-1,-1
594,70,624.33,456.12,34.51,99.67,0.812,-1,-1,-1
594,120,583.04,456.02,33.81,85.20,0.648,-1,-1,-1
594,122,725.27,449.54,36.21,101.98,0.810,-1,-1,-1
594,128,662.93,454.51,35.42,104.00,0.773,-1,-1,-1
594,115,1193.50,438.12,70.50,237.85,0.765,-1,-1,-1
594,132,375.08,462.63,50.24,115.49,0.677,-1,-1,-1
594,123,551.01,459.42,32.24,82.73,0.580,-1,-1,-1
595,81,1246.80,433.99,106.49,278.07,0.833,-1,-1,-1
595,87,1015.47,435.20,87.88,233.38,0.846,-1,-1,-1
595,118,1099.96,411.59,101.27,286.04,0.901,-1,-1,-1
595,70,624.05,455.50,34.51,100.07,0.815,-1,-1,-1
595,120,582.23,455.09,34.19,86.28,0.611,-1,-1,-1
595,122,725.34,449.33,36.59,103.42,0.802,-1,-1,-1
595,128,662.40,454.50,35.72,104.15,0.734,-1,-1,-1
595,115,1194.32,436.24,70.86,240.42,0.783,-1,-1,-1
595,132,375.35,462.20,50.05,115.72,0.662,-1,-1,-1
595,123,551.27,458.82,32.39,83.54,0.569,-1,-1,-1
596,81,1249.39,434.91,106.29,277.32,0.906,-1,-1,-1
596,87,1020.09,436.37,86.16,232.64,0.831,-1,-1,-1
596,118,1099.36,411.54,101.38,285.46,0.901,-1,-1,-1
596,70,623.73,455.42,34.41,100.13,0.799,-1,-1,-1
596,120,582.87,455.48,33.92,85.99,0.603,-1,-1,-1
596,122,725.64,449.24,36.61,103.82,0.798,-1,-1,-1
596,128,661.72,454.03,36.14,104.54,0.725,-1,-1,-1
596,115,1195.83,434.19,71.21,242.44,0.817,-1,-1,-1
596,132,375.65,462.41,49.64,115.41,0.582,-1,-1,-1
596,123,551.11,458.71,32.29,83.82,0.532,-1,-1,-1
597,81,1250.74,435.53,106.14,276.55,0.904,-1,-1,-1
597,87,1023.79,438.08,84.66,230.89,0.832,-1,-1,-1
597,118,1099.99,412.29,100.83,283.84,0.875,-1,-1,-1
597,70,624.15,455.71,34.12,99.78,0.790,-1,-1,-1
597,120,581.90,454.88,34.13,86.70,0.602,-1,-1,-1
597,122,725.60,448.82,36.77,104.48,0.803,-1,-1,-1
597,128,661.55,453.78,36.25,104.43,0.698,-1,-1,-1
597,115,1197.38,444.18,68.59,232.87,0.752,-1,-1,-1
597,132,375.98,462.23,49.31,115.47,0.566,-1,-1,-1
597,123,551.34,459.90,31.76,82.81,0.533,-1,-1,-1
597,130,1118.86,431.23,43.20,159.74,0.640,-1,-1,-1
598,81,1252.39,436.26,105.89,275.58,0.906,-1,-1,-1
598,87,1028.37,439.15,84.09,229.50,0.834,-1,-1,-1
598,118,1101.75,415.07,99.83,281.14,0.881,-1,-1,-1
598,70,623.93,455.16,34.09,100.20,0.792,-1,-1,-1
598,120,581.84,454.57,34.09,86.77,0.632,-1,-1,-1
598,122,725.46,448.79,37.34,106.40,0.813,-1,-1,-1
598,128,661.19,452.83,36.79,105.51,0.725,-1,-1,-1
598,115,1198.21,438.04,70.50,239.18,0.804,-1,-1,-1
598,132,376.15,462.72,48.78,114.98,0.571,-1,-1,-1
598,123,551.40,459.13,31.93,83.65,0.547,-1,-1,-1
598,130,1118.57,432.06,42.76,156.38,0.564,-1,-1,-1
599,81,1254.02,435.50,106.06,276.44,0.902,-1,-1,-1
599,87,1030.78,439.40,84.28,229.14,0.853,-1,-1,-1
599,118,1105.60,414.75,99.36,281.28,0.867,-1,-1,-1
599,70,624.08,454.87,33.92,100.27,0.794,-1,-1,-1
599,120,582.83,454.58,33.84,86.73,0.640,-1,-1,-1
599,122,725.70,448.97,37.07,105.85,0.811,-1,-1,-1
599,128,660.84,452.10,37.24,106.63,0.628,-1,-1,-1
599,115,1198.94,436.69,71.31,240.98,0.815,-1,-1,-1
599,132,376.04,463.21,48.36,114.66,0.581,-1,-1,-1
599,123,551.57,459.03,31.83,83.55,0.529,-1,-1,-1
599,130,1117.70,432.44,40.68,145.33,0.586,-1,-1,-1
600,81,1256.04,435.11,105.73,276.74,0.896,-1,-1,-1
600,87,1033.08,439.33,85.35,229.09,0.869,-1,-1,-1
600,118,1112.21,412.88,97.59,279.39,0.835,-1,-1,-1
600,70,624.61,455.11,33.61,99.86,0.798,-1,-1,-1
600,120,583.18,454.89,33.61,86.35,0.643,-1,-1,-1
600,122,725.69,448.72,36.71,105.00,0.809,-1,-1,-1
600,115,1199.76,435.07,72.17,242.98,0.822,-1,-1,-1
600,132,376.31,466.73,46.81,111.24,0.566,-1,-1,-1
600,123,551.24,459.13,31.54,83.21,0.564,-1,-1,-1
600,130,1115.83,432.91,40.12,139.54,0.535,-1,-1,-1
