1,1,1338.13,416.19,168.13,371.79,0.920,-1,-1,-1
1,2,581.50,444.37,92.54,263.61,0.903,-1,-1,-1
1,3,439.56,444.94,111.60,278.36,0.891,-1,-1,-1
1,4,1444.71,430.38,155.43,335.31,0.884,-1,-1,-1
1,5,730.02,467.19,35.68,101.95,0.795,-1,-1,-1
1,6,1255.30,443.84,37.78,102.79,0.724,-1,-1,-1
1,7,936.80,434.89,35.89,82.86,0.657,-1,-1,-1
1,8,1015.50,424.45,44.94,106.11,0.645,-1,-1,-1
1,9,1106.58,438.89,32.42,109.95,0.493,-1,-1,-1
1,10,547.63,467.45,33.72,89.85,0.471,-1,-1,-1
1,11,917.02,487.65,97.87,98.08,0.465,-1,-1,-1
1,12,1368.30,432.70,29.67,52.52,0.433,-1,-1,-1
1,13,969.28,486.98,45.00,65.80,0.373,-1,-1,-1
1,14,1686.95,426.64,101.14,158.57,0.357,-1,-1,-1
1,15,654.31,452.17,36.43,75.56,0.351,-1,-1,-1
1,16,838.45,462.91,35.60,79.75,0.345,-1,-1,-1
1,17,974.58,443.90,32.11,66.52,0.337,-1,-1,-1
1,18,650.27,452.08,47.29,190.62,0.324,-1,-1,-1
1,19,684.66,479.67,46.85,122.28,0.304,-1,-1,-1
1,20,1305.17,428.92,38.86,116.68,0.296,-1,-1,-1
1,21,964.91,487.96,50.58,89.22,0.268,-1,-1,-1
1,22,416.96,453.86,39.17,59.66,0.260,-1,-1,-1
1,23,810.79,477.27,31.48,71.61,0.253,-1,-1,-1
1,24,853.15,464.47,27.62,76.48,0.251,-1,-1,-1
2,1,1341.75,420.12,167.24,369.81,0.920,-1,-1,-1
2,2,581.59,444.58,92.51,263.48,0.893,-1,-1,-1
2,3,441.91,445.88,111.33,277.52,0.885,-1,-1,-1
2,4,1446.86,431.14,156.01,336.96,0.878,-1,-1,-1
2,5,730.82,467.92,35.48,101.34,0.781,-1,-1,-1
2,6,1256.05,444.18,37.77,102.81,0.705,-1,-1,-1
2,7,936.85,435.10,35.81,82.66,0.658,-1,-1,-1
2,8,1013.96,423.25,45.75,107.87,0.684,-1,-1,-1
2,9,1106.27,440.57,32.04,108.59,0.417,-1,-1,-1
2,10,548.19,469.14,32.99,87.90,0.414,-1,-1,-1
2,11,917.95,485.55,99.82,100.04,0.435,-1,-1,-1
2,12,1370.81,432.31,32.10,56.81,0.458,-1,-1,-1
2,13,969.71,485.34,45.74,66.84,0.418,-1,-1,-1
2,14,1688.57,426.71,100.78,158.09,0.339,-1,-1,-1
2,15,654.18,452.04,37.11,76.95,0.365,-1,-1,-1
2,16,839.56,462.94,35.09,78.70,0.322,-1,-1,-1
2,17,974.95,444.65,32.28,66.88,0.298,-1,-1,-1
2,18,650.53,452.61,47.33,190.54,0.304,-1,-1,-1
2,20,1305.43,428.34,39.18,117.65,0.328,-1,-1,-1
2,21,962.47,486.18,54.89,96.78,0.296,-1,-1,-1
2,23,810.55,478.16,30.86,70.10,0.253,-1,-1,-1
2,24,853.74,465.08,27.17,75.19,0.261,-1,-1,-1
3,1,1347.12,420.89,168.58,372.31,0.921,-1,-1,-1
3,2,581.54,444.38,92.66,263.69,0.901,-1,-1,-1
3,3,441.64,444.87,112.00,278.71,0.895,-1,-1,-1
3,4,1452.11,431.34,156.12,337.92,0.840,-1,-1,-1
3,5,731.50,468.12,35.29,100.75,0.805,-1,-1,-1
3,6,1255.66,443.55,37.84,103.13,0.682,-1,-1,-1
3,7,936.82,434.97,35.66,82.35,0.656,-1,-1,-1
3,8,1014.03,423.53,45.58,107.14,0.685,-1,-1,-1
3,9,1104.98,435.98,33.53,113.54,0.451,-1,-1,-1
3,10,545.25,453.30,38.58,102.97,0.379,-1,-1,-1
3,12,1369.81,430.49,37.64,67.10,0.416,-1,-1,-1
3,13,966.48,485.61,49.68,72.81,0.371,-1,-1,-1
3,14,1688.11,427.33,100.33,157.48,0.347,-1,-1,-1
3,15,654.94,452.63,37.36,77.21,0.403,-1,-1,-1
3,16,840.80,463.43,35.06,78.66,0.346,-1,-1,-1
3,17,974.69,444.69,33.37,69.06,0.453,-1,-1,-1
3,18,649.26,452.13,47.46,190.94,0.299,-1,-1,-1
3,20,1305.75,427.55,39.38,118.32,0.328,-1,-1,-1
3,24,853.33,464.69,27.48,76.02,0.309,-1,-1,-1
4,1,1351.02,419.25,171.64,378.49,0.920,-1,-1,-1
4,2,582.06,443.87,92.96,264.06,0.894,-1,-1,-1
4,3,442.58,446.72,111.58,276.85,0.890,-1,-1,-1
4,4,1459.63,429.75,156.08,339.85,0.831,-1,-1,-1
4,5,731.98,469.79,34.78,99.21,0.785,-1,-1,-1
4,6,1255.76,443.55,37.68,102.85,0.702,-1,-1,-1
4,7,937.01,435.12,35.48,81.91,0.641,-1,-1,-1
4,8,1013.54,422.73,46.31,108.13,0.712,-1,-1,-1
4,9,1104.91,434.62,34.06,115.19,0.403,-1,-1,-1
4,10,544.50,452.34,38.83,103.97,0.291,-1,-1,-1
4,12,1368.69,430.48,41.53,74.71,0.445,-1,-1,-1
4,13,967.38,484.71,48.79,71.68,0.332,-1,-1,-1
4,14,1685.31,426.37,101.59,159.17,0.305,-1,-1,-1
4,15,656.38,451.36,37.70,77.74,0.434,-1,-1,-1
4,16,841.46,463.50,34.83,78.08,0.311,-1,-1,-1
4,17,975.32,444.28,32.91,68.06,0.330,-1,-1,-1
4,20,1305.57,428.27,39.11,117.55,0.364,-1,-1,-1
4,24,853.48,464.28,27.28,75.37,0.290,-1,-1,-1
4,28,510.09,462.10,49.38,185.98,0.393,-1,-1,-1
4,11,914.58,483.18,101.92,102.37,0.382,-1,-1,-1
5,1,1355.42,417.88,173.39,381.60,0.927,-1,-1,-1
5,2,582.27,443.80,93.14,264.01,0.899,-1,-1,-1
5,3,444.83,449.83,110.69,273.44,0.899,-1,-1,-1
5,4,1463.78,427.66,155.33,341.86,0.857,-1,-1,-1
5,5,732.23,470.08,34.59,98.52,0.800,-1,-1,-1
5,6,1255.57,443.76,37.53,102.60,0.693,-1,-1,-1
5,7,936.63,435.14,35.49,81.90,0.677,-1,-1,-1
5,8,1012.99,422.38,46.85,108.52,0.695,-1,-1,-1
5,9,1105.10,433.93,34.17,115.40,0.507,-1,-1,-1
5,12,1368.35,433.91,42.38,76.98,0.330,-1,-1,-1
5,13,965.78,484.00,50.19,74.02,0.305,-1,-1,-1
5,14,1683.65,426.52,102.73,160.59,0.389,-1,-1,-1
5,15,658.21,450.61,38.36,78.70,0.393,-1,-1,-1
5,16,842.14,463.35,34.74,77.83,0.330,-1,-1,-1
5,17,976.57,444.11,32.74,67.47,0.363,-1,-1,-1
5,20,1305.27,428.95,38.92,116.99,0.379,-1,-1,-1
5,24,853.84,464.04,27.06,74.69,0.316,-1,-1,-1
5,28,508.80,461.96,50.50,190.34,0.354,-1,-1,-1
5,11,915.76,485.41,99.48,100.05,0.384,-1,-1,-1
5,22,416.50,454.03,40.10,61.01,0.256,-1,-1,-1
6,1,1360.79,416.91,173.87,383.07,0.919,-1,-1,-1
6,2,582.67,443.79,93.42,264.33,0.903,-1,-1,-1
6,3,444.81,448.43,112.16,275.32,0.900,-1,-1,-1
6,4,1471.23,426.45,154.58,343.28,0.855,-1,-1,-1
6,5,732.32,469.88,34.85,99.11,0.791,-1,-1,-1
6,6,1255.42,444.16,37.33,102.30,0.685,-1,-1,-1
6,7,936.61,434.75,35.69,82.35,0.628,-1,-1,-1
6,8,1012.66,421.44,47.60,109.36,0.689,-1,-1,-1
6,9,1104.53,433.85,34.23,115.08,0.583,-1,-1,-1
6,12,1362.88,431.67,61.64,114.03,0.389,-1,-1,-1
6,13,965.80,485.74,49.43,73.22,0.271,-1,-1,-1
6,14,1685.80,427.04,101.90,159.34,0.323,-1,-1,-1
6,15,659.02,450.35,38.17,77.68,0.379,-1,-1,-1
6,16,842.29,463.35,34.83,78.04,0.327,-1,-1,-1
6,17,976.88,444.07,32.81,67.65,0.393,-1,-1,-1
6,20,1305.61,428.91,38.90,117.20,0.397,-1,-1,-1
6,24,853.90,464.04,27.17,74.90,0.276,-1,-1,-1
6,28,509.17,462.18,52.20,197.29,0.367,-1,-1,-1
6,11,916.67,487.85,97.65,98.16,0.339,-1,-1,-1
6,38,657.39,450.75,57.78,155.48,0.325,-1,-1,-1
6,22,416.51,454.32,40.47,61.64,0.282,-1,-1,-1
6,19,682.03,476.07,47.60,124.10,0.270,-1,-1,-1
6,18,647.48,453.30,47.31,189.53,0.339,-1,-1,-1
6,10,544.25,445.82,41.00,109.99,0.251,-1,-1,-1
7,1,1364.35,414.68,173.46,385.21,0.909,-1,-1,-1
7,2,582.71,443.34,93.77,264.72,0.905,-1,-1,-1
7,3,446.21,448.96,113.09,275.52,0.910,-1,-1,-1
7,4,1477.93,425.17,154.31,344.78,0.845,-1,-1,-1
7,5,732.23,470.37,35.19,99.86,0.791,-1,-1,-1
7,6,1255.51,443.97,37.20,102.25,0.690,-1,-1,-1
7,7,936.22,434.59,35.88,82.80,0.645,-1,-1,-1
7,8,1012.95,421.84,47.23,108.29,0.679,-1,-1,-1
7,9,1105.43,435.26,33.91,114.23,0.427,-1,-1,-1
7,12,1362.37,432.27,66.99,126.44,0.488,-1,-1,-1
7,13,966.33,485.88,49.02,72.85,0.314,-1,-1,-1
7,14,1685.70,426.78,101.93,159.43,0.303,-1,-1,-1
7,15,659.08,450.03,38.64,78.16,0.339,-1,-1,-1
7,16,840.89,463.29,35.08,78.59,0.338,-1,-1,-1
7,17,978.15,443.38,33.37,68.84,0.357,-1,-1,-1
7,20,1305.79,429.23,38.67,116.73,0.364,-1,-1,-1
7,24,853.71,464.05,27.53,75.85,0.261,-1,-1,-1
7,28,508.47,462.12,53.80,204.33,0.335,-1,-1,-1
7,11,916.06,486.83,98.36,99.13,0.358,-1,-1,-1
7,38,648.44,453.70,67.30,181.72,0.480,-1,-1,-1
7,19,681.29,473.78,48.68,127.12,0.350,-1,-1,-1
7,18,648.00,454.20,47.52,190.21,0.400,-1,-1,-1
7,10,543.39,446.08,40.65,109.48,0.284,-1,-1,-1
8,1,1371.56,412.61,172.53,387.52,0.895,-1,-1,-1
8,2,582.58,442.86,94.21,265.22,0.910,-1,-1,-1
8,3,446.55,449.51,113.98,274.96,0.911,-1,-1,-1
8,4,1486.59,424.15,154.20,345.53,0.860,-1,-1,-1
8,5,732.14,469.03,36.07,102.43,0.766,-1,-1,-1
8,6,1255.06,443.78,37.20,102.19,0.722,-1,-1,-1
8,7,935.79,434.62,35.88,82.98,0.659,-1,-1,-1
8,8,1013.41,422.07,47.15,108.23,0.625,-1,-1,-1
8,9,1105.44,436.08,33.59,113.12,0.425,-1,-1,-1
8,12,1363.85,432.89,68.24,131.23,0.600,-1,-1,-1
8,13,966.37,484.47,48.76,72.76,0.279,-1,-1,-1
8,14,1685.22,426.01,102.24,159.76,0.323,-1,-1,-1
8,15,659.12,448.71,40.56,81.64,0.347,-1,-1,-1
8,16,838.96,462.56,35.42,79.22,0.335,-1,-1,-1
8,17,980.21,444.19,32.80,68.01,0.311,-1,-1,-1
8,20,1305.96,429.02,38.60,116.71,0.359,-1,-1,-1
8,28,508.24,462.10,54.92,209.61,0.384,-1,-1,-1
8,11,913.78,483.43,101.62,102.87,0.357,-1,-1,-1
8,38,655.75,451.87,63.08,170.05,0.496,-1,-1,-1
8,19,679.68,467.77,51.41,134.93,0.279,-1,-1,-1
8,10,544.20,445.02,40.89,110.48,0.312,-1,-1,-1
8,49,1088.30,431.99,49.91,160.97,0.348,-1,-1,-1
9,1,1382.42,410.88,170.23,388.93,0.882,-1,-1,-1
9,2,582.25,442.67,94.38,265.44,0.910,-1,-1,-1
9,3,446.74,449.02,115.33,275.77,0.911,-1,-1,-1
9,4,1490.95,422.80,153.86,346.67,0.834,-1,-1,-1
9,5,731.44,468.77,36.43,103.61,0.775,-1,-1,-1
9,6,1254.64,442.78,37.49,102.90,0.734,-1,-1,-1
9,7,934.96,434.40,36.08,83.58,0.634,-1,-1,-1
9,8,1014.28,423.66,46.29,106.42,0.626,-1,-1,-1
9,9,1105.97,439.11,32.66,110.01,0.374,-1,-1,-1
9,12,1366.28,435.01,66.99,131.02,0.647,-1,-1,-1
9,13,967.78,484.26,49.23,73.44,0.328,-1,-1,-1
9,14,1685.90,425.89,102.07,159.40,0.309,-1,-1,-1
9,15,659.71,448.46,40.49,81.05,0.404,-1,-1,-1
9,16,839.13,463.25,35.36,78.77,0.307,-1,-1,-1
9,17,982.10,444.38,32.68,68.06,0.306,-1,-1,-1
9,20,1306.00,428.87,38.66,117.10,0.404,-1,-1,-1
9,28,508.96,461.89,55.48,213.14,0.340,-1,-1,-1
9,11,915.31,483.92,101.27,102.43,0.324,-1,-1,-1
9,38,660.67,450.05,59.79,160.49,0.393,-1,-1,-1
9,10,544.78,447.29,39.95,108.21,0.308,-1,-1,-1
9,49,1088.20,436.04,49.30,158.92,0.376,-1,-1,-1
9,22,416.42,453.65,40.60,61.81,0.255,-1,-1,-1
9,18,649.69,453.20,48.44,192.71,0.317,-1,-1,-1
10,1,1393.08,409.71,167.23,389.88,0.872,-1,-1,-1
10,2,582.40,442.79,94.56,265.45,0.909,-1,-1,-1
10,3,446.88,447.09,116.93,277.80,0.913,-1,-1,-1
10,4,1503.90,421.89,152.96,348.81,0.794,-1,-1,-1
10,5,730.97,467.39,36.76,104.71,0.804,-1,-1,-1
10,6,1254.35,442.56,37.49,102.93,0.726,-1,-1,-1
10,7,934.75,434.34,36.29,83.96,0.659,-1,-1,-1
10,8,1015.51,425.62,45.34,104.44,0.583,-1,-1,-1
10,9,1105.83,440.28,32.38,109.02,0.396,-1,-1,-1
10,12,1368.49,435.55,65.82,130.95,0.617,-1,-1,-1
10,13,964.90,479.47,51.72,78.04,0.310,-1,-1,-1
10,15,660.86,449.15,40.52,80.91,0.253,-1,-1,-1
10,16,838.75,463.70,35.68,79.08,0.304,-1,-1,-1
10,17,984.75,445.37,32.28,67.53,0.311,-1,-1,-1
10,20,1306.18,428.47,38.75,117.77,0.400,-1,-1,-1
10,28,509.45,461.95,56.54,219.47,0.296,-1,-1,-1
10,11,913.39,481.96,102.48,104.25,0.294,-1,-1,-1
10,38,662.61,455.80,61.71,165.90,0.587,-1,-1,-1
10,10,545.48,446.90,40.12,108.94,0.318,-1,-1,-1
10,49,1087.34,438.73,48.89,157.27,0.410,-1,-1,-1
10,18,650.45,454.28,48.57,193.09,0.305,-1,-1,-1
11,1,1403.49,409.10,164.34,390.80,0.882,-1,-1,-1
11,2,582.33,442.85,94.74,265.51,0.908,-1,-1,-1
11,3,446.94,445.98,118.13,279.20,0.913,-1,-1,-1
11,4,1511.38,422.04,149.40,349.47,0.809,-1,-1,-1
11,5,731.32,469.31,36.30,103.48,0.815,-1,-1,-1
11,6,1254.34,443.03,37.31,102.40,0.749,-1,-1,-1
11,7,934.50,434.50,36.15,83.68,0.620,-1,-1,-1
11,8,1015.73,427.15,44.64,102.74,0.606,-1,-1,-1
11,9,1105.99,440.83,32.07,107.92,0.383,-1,-1,-1
11,12,1372.92,437.27,63.38,128.04,0.538,-1,-1,-1
11,13,962.82,471.80,55.85,85.80,0.305,-1,-1,-1
11,15,661.53,450.11,40.66,81.36,0.318,-1,-1,-1
11,16,838.71,463.89,35.77,78.95,0.305,-1,-1,-1
11,17,985.87,446.45,31.82,66.97,0.308,-1,-1,-1
11,20,1305.89,428.09,38.73,118.22,0.415,-1,-1,-1
11,38,657.33,456.30,67.44,182.70,0.632,-1,-1,-1
11,10,545.71,446.30,40.30,109.61,0.290,-1,-1,-1
11,49,1086.52,438.80,49.18,157.73,0.419,-1,-1,-1
11,18,652.49,454.65,48.65,193.33,0.346,-1,-1,-1
11,19,681.20,477.30,48.51,127.08,0.363,-1,-1,-1
11,14,1688.13,426.07,100.91,158.04,0.263,-1,-1,-1
12,1,1418.47,417.16,158.33,383.05,0.867,-1,-1,-1
12,2,582.22,442.81,94.91,265.52,0.909,-1,-1,-1
12,3,446.40,446.21,118.93,279.54,0.905,-1,-1,-1
12,4,1527.86,421.70,150.37,354.06,0.829,-1,-1,-1
12,5,730.84,469.95,36.44,103.88,0.817,-1,-1,-1
12,6,1254.63,442.77,37.32,102.57,0.738,-1,-1,-1
12,7,934.13,434.62,36.13,83.73,0.625,-1,-1,-1
12,8,1016.73,428.80,43.68,100.96,0.462,-1,-1,-1
12,9,1105.99,439.77,32.25,108.75,0.427,-1,-1,-1
12,12,1376.57,436.71,61.82,126.36,0.541,-1,-1,-1
12,13,964.77,480.47,50.38,77.97,0.349,-1,-1,-1
12,15,662.27,451.00,40.04,80.16,0.287,-1,-1,-1
12,16,839.06,463.87,35.86,78.88,0.306,-1,-1,-1
12,17,987.07,447.93,31.36,66.35,0.305,-1,-1,-1
12,20,1305.90,428.70,38.34,117.49,0.467,-1,-1,-1
12,38,657.65,459.45,67.95,185.29,0.559,-1,-1,-1
12,49,1086.72,437.45,49.60,158.73,0.333,-1,-1,-1
12,18,651.21,455.54,48.47,192.34,0.338,-1,-1,-1
12,19,672.90,469.05,52.28,136.71,0.405,-1,-1,-1
12,11,915.49,487.48,97.31,99.27,0.267,-1,-1,-1
13,1,1430.19,416.56,155.37,383.24,0.835,-1,-1,-1
13,2,582.06,442.52,95.17,265.81,0.908,-1,-1,-1
13,3,446.51,445.86,119.89,280.60,0.900,-1,-1,-1
13,4,1537.34,421.14,150.92,356.67,0.837,-1,-1,-1
13,5,729.73,470.01,36.78,104.75,0.810,-1,-1,-1
13,6,1254.88,442.51,37.41,102.79,0.714,-1,-1,-1
13,7,933.88,434.73,36.11,83.74,0.645,-1,-1,-1
13,8,1015.83,432.33,41.79,96.88,0.295,-1,-1,-1
13,9,1106.14,440.39,32.10,108.19,0.383,-1,-1,-1
13,12,1379.50,434.89,61.62,127.33,0.482,-1,-1,-1
13,13,965.32,482.37,49.03,76.34,0.369,-1,-1,-1
13,16,839.75,464.11,35.31,77.22,0.276,-1,-1,-1
13,17,987.23,447.55,32.02,68.02,0.366,-1,-1,-1
13,20,1305.41,429.40,37.98,116.69,0.464,-1,-1,-1
13,49,1087.18,437.61,49.52,157.96,0.411,-1,-1,-1
13,18,648.01,453.72,49.14,195.28,0.253,-1,-1,-1
13,19,666.05,461.51,59.91,158.19,0.597,-1,-1,-1
13,11,915.06,485.19,98.93,101.41,0.332,-1,-1,-1
13,14,1687.37,427.53,100.52,157.15,0.388,-1,-1,-1
14,1,1439.68,414.16,154.88,386.42,0.849,-1,-1,-1
14,2,581.97,442.62,95.29,265.89,0.905,-1,-1,-1
14,3,446.53,446.14,120.51,281.30,0.889,-1,-1,-1
14,4,1545.26,421.09,153.66,364.14,0.837,-1,-1,-1
14,5,729.75,470.74,36.59,104.25,0.791,-1,-1,-1
14,6,1254.66,442.13,37.53,103.26,0.661,-1,-1,-1
14,7,934.05,434.67,36.17,84.04,0.617,-1,-1,-1
14,8,1016.65,429.39,43.17,100.55,0.455,-1,-1,-1
14,9,1106.80,441.64,31.51,106.45,0.329,-1,-1,-1
14,12,1383.89,432.48,61.76,128.82,0.413,-1,-1,-1
14,13,965.95,484.47,47.67,74.76,0.389,-1,-1,-1
14,16,839.69,464.20,35.29,76.97,0.277,-1,-1,-1
14,17,986.80,446.98,32.15,68.54,0.327,-1,-1,-1
14,20,1305.59,429.52,37.87,116.57,0.448,-1,-1,-1
14,49,1086.59,438.23,49.71,157.89,0.462,-1,-1,-1
14,18,650.59,455.61,49.19,195.71,0.259,-1,-1,-1
14,19,665.41,459.20,58.45,154.44,0.522,-1,-1,-1
14,11,914.91,485.74,98.06,100.76,0.304,-1,-1,-1
14,14,1688.29,428.01,99.84,156.34,0.411,-1,-1,-1
14,23,810.94,476.57,31.66,71.38,0.259,-1,-1,-1
14,10,545.36,444.82,41.26,111.68,0.270,-1,-1,-1
14,38,658.54,457.91,68.35,188.19,0.523,-1,-1,-1
15,1,1449.36,420.48,152.49,381.04,0.855,-1,-1,-1
15,2,581.26,442.79,95.16,265.60,0.911,-1,-1,-1
15,3,447.58,446.92,121.16,282.37,0.894,-1,-1,-1
15,4,1556.11,422.83,154.71,366.14,0.847,-1,-1,-1
15,5,729.84,471.07,36.35,103.45,0.763,-1,-1,-1
15,6,1254.52,442.46,37.29,102.87,0.705,-1,-1,-1
15,7,934.07,434.85,36.01,83.62,0.673,-1,-1,-1
15,8,1017.37,440.27,38.50,89.59,0.316,-1,-1,-1
15,9,1106.65,445.42,30.74,103.17,0.301,-1,-1,-1
15,12,1387.85,430.67,61.24,129.88,0.477,-1,-1,-1
15,13,967.64,486.40,45.65,72.15,0.334,-1,-1,-1
15,16,839.55,463.89,35.76,77.99,0.313,-1,-1,-1
15,17,988.03,450.27,31.87,68.15,0.406,-1,-1,-1
15,20,1306.48,429.80,37.55,116.23,0.414,-1,-1,-1
15,49,1085.67,444.31,48.49,152.29,0.506,-1,-1,-1
15,19,667.34,460.20,56.95,150.05,0.579,-1,-1,-1
15,11,915.28,487.18,96.68,99.70,0.412,-1,-1,-1
15,14,1687.58,428.25,99.26,155.62,0.465,-1,-1,-1
15,66,1847.80,473.72,66.21,182.99,0.314,-1,-1,-1
15,23,810.66,476.68,31.92,71.38,0.256,-1,-1,-1
15,15,667.23,452.20,39.36,78.94,0.297,-1,-1,-1
16,1,1462.03,418.32,157.54,387.61,0.857,-1,-1,-1
16,2,580.90,442.76,95.10,265.73,0.913,-1,-1,-1
16,3,448.09,447.66,121.61,282.91,0.893,-1,-1,-1
16,4,1570.31,424.24,156.17,368.06,0.868,-1,-1,-1
16,5,729.58,470.88,36.57,104.06,0.758,-1,-1,-1
16,6,1254.43,441.74,37.46,103.64,0.692,-1,-1,-1
16,7,933.75,434.76,36.00,83.59,0.657,-1,-1,-1
16,8,1019.62,454.02,32.92,75.46,0.328,-1,-1,-1
16,9,1107.24,445.23,30.81,103.56,0.342,-1,-1,-1
16,12,1391.63,429.79,59.97,130.59,0.381,-1,-1,-1
16,13,967.85,486.69,45.49,72.51,0.366,-1,-1,-1
16,16,839.44,463.88,35.75,77.93,0.293,-1,-1,-1
16,17,988.13,451.07,31.87,68.27,0.418,-1,-1,-1
16,20,1306.73,429.36,37.45,116.57,0.438,-1,-1,-1
16,49,1085.53,442.94,49.23,153.44,0.402,-1,-1,-1
16,19,666.73,454.22,58.05,153.18,0.518,-1,-1,-1
16,11,915.23,487.16,96.46,99.84,0.391,-1,-1,-1
16,14,1689.70,428.08,98.70,155.31,0.451,-1,-1,-1
16,23,810.38,476.73,32.04,71.22,0.253,-1,-1,-1
16,15,666.96,450.67,41.93,85.03,0.442,-1,-1,-1
17,1,1472.09,413.12,165.41,396.30,0.864,-1,-1,-1
17,2,580.64,442.56,95.10,266.05,0.916,-1,-1,-1
17,3,448.97,450.30,121.32,281.78,0.888,-1,-1,-1
17,4,1579.69,424.52,159.02,372.77,0.864,-1,-1,-1
17,5,728.25,471.76,36.61,103.72,0.762,-1,-1,-1
17,6,1253.86,442.58,36.93,102.57,0.721,-1,-1,-1
17,7,933.49,434.66,36.13,84.03,0.626,-1,-1,-1
17,8,1018.63,443.29,37.35,86.04,0.315,-1,-1,-1
17,9,1107.53,445.90,30.46,102.60,0.366,-1,-1,-1
17,12,1396.16,429.23,58.36,131.26,0.485,-1,-1,-1
17,13,968.74,488.43,43.18,69.37,0.303,-1,-1,-1
17,16,840.03,464.51,35.88,78.23,0.281,-1,-1,-1
17,17,987.31,450.69,32.63,69.94,0.423,-1,-1,-1
17,20,1306.82,429.79,36.90,115.78,0.416,-1,-1,-1
17,49,1088.75,443.00,48.83,152.98,0.252,-1,-1,-1
17,19,670.40,465.90,53.35,138.85,0.534,-1,-1,-1
17,11,914.47,488.75,94.58,98.23,0.274,-1,-1,-1
17,14,1690.86,428.01,99.00,156.74,0.456,-1,-1,-1
17,23,810.03,476.89,32.35,71.31,0.316,-1,-1,-1
17,15,665.80,450.62,41.31,84.99,0.304,-1,-1,-1
17,73,400.86,478.84,50.23,72.20,0.330,-1,-1,-1
17,66,1846.89,475.21,65.93,182.01,0.282,-1,-1,-1
18,1,1480.64,411.96,172.69,399.84,0.909,-1,-1,-1
18,2,580.84,442.57,95.18,266.15,0.919,-1,-1,-1
18,3,447.46,448.04,122.19,285.06,0.888,-1,-1,-1
18,4,1585.15,426.95,160.28,372.37,0.838,-1,-1,-1
18,5,727.51,471.92,36.92,104.32,0.738,-1,-1,-1
18,6,1253.48,443.20,36.66,102.04,0.674,-1,-1,-1
18,7,933.03,434.65,35.94,83.82,0.649,-1,-1,-1
18,9,1106.95,445.99,30.46,102.61,0.339,-1,-1,-1
18,12,1398.49,427.39,57.16,132.89,0.525,-1,-1,-1
18,13,968.25,484.79,44.42,71.99,0.276,-1,-1,-1
18,16,839.21,464.59,36.26,78.67,0.282,-1,-1,-1
18,17,987.82,451.56,32.39,69.30,0.367,-1,-1,-1
18,20,1306.81,429.71,36.62,115.89,0.389,-1,-1,-1
18,49,1088.47,442.35,48.95,153.65,0.301,-1,-1,-1
18,19,671.59,472.25,51.37,132.18,0.489,-1,-1,-1
18,11,913.54,485.40,96.98,101.30,0.302,-1,-1,-1
18,14,1690.53,427.55,98.89,157.79,0.420,-1,-1,-1
18,15,665.75,450.38,40.35,84.16,0.360,-1,-1,-1
18,78,1165.09,439.60,24.60,84.92,0.305,-1,-1,-1
18,66,1844.30,473.62,66.62,183.22,0.299,-1,-1,-1
19,1,1484.86,411.40,180.07,403.13,0.912,-1,-1,-1
19,2,582.16,442.51,95.36,266.10,0.919,-1,-1,-1
19,3,447.16,447.23,122.66,286.53,0.894,-1,-1,-1
19,4,1589.42,428.23,161.09,372.38,0.833,-1,-1,-1
19,5,726.85,471.68,37.14,104.49,0.728,-1,-1,-1
19,6,1253.11,444.01,36.15,100.89,0.725,-1,-1,-1
19,7,932.95,434.75,35.71,83.59,0.641,-1,-1,-1
19,9,1106.92,446.11,30.42,102.47,0.338,-1,-1,-1
19,12,1400.08,426.59,55.62,133.77,0.557,-1,-1,-1
19,16,838.96,464.57,36.26,78.57,0.286,-1,-1,-1
19,17,988.17,451.71,32.13,68.90,0.304,-1,-1,-1
19,20,1306.96,429.61,36.43,115.93,0.457,-1,-1,-1
19,49,1088.59,441.90,48.91,153.75,0.279,-1,-1,-1
19,19,671.90,474.66,50.85,128.99,0.494,-1,-1,-1
19,11,914.96,487.43,94.99,99.05,0.314,-1,-1,-1
19,14,1691.55,427.73,96.65,156.06,0.291,-1,-1,-1
19,78,1164.84,439.39,24.64,85.07,0.324,-1,-1,-1
19,66,1840.55,457.82,72.34,198.41,0.309,-1,-1,-1
19,81,671.53,449.77,32.42,56.65,0.330,-1,-1,-1
19,85,1689.54,427.62,78.22,118.87,0.410,-1,-1,-1
19,8,1019.32,440.30,38.61,88.68,0.270,-1,-1,-1
19,23,808.89,475.02,33.27,72.99,0.259,-1,-1,-1
19,73,400.87,478.57,52.41,75.43,0.302,-1,-1,-1
20,1,1488.38,411.84,187.59,406.31,0.920,-1,-1,-1
20,2,584.11,442.39,95.74,266.27,0.921,-1,-1,-1
20,3,448.62,446.28,122.77,287.81,0.891,-1,-1,-1
20,4,1597.71,434.30,158.26,366.19,0.638,-1,-1,-1
20,5,725.83,470.89,37.33,103.33,0.712,-1,-1,-1
20,6,1252.78,444.47,35.93,100.18,0.717,-1,-1,-1
20,7,932.75,435.06,35.51,83.49,0.637,-1,-1,-1
20,9,1106.98,446.97,30.21,101.68,0.287,-1,-1,-1
20,12,1404.91,427.26,53.77,132.98,0.477,-1,-1,-1
20,16,837.95,464.15,36.66,79.29,0.311,-1,-1,-1
20,17,989.13,452.32,30.93,66.23,0.347,-1,-1,-1
20,20,1307.12,429.79,36.16,115.64,0.407,-1,-1,-1
20,49,1088.01,442.49,48.66,152.50,0.333,-1,-1,-1
20,19,671.02,471.77,52.52,132.00,0.478,-1,-1,-1
20,11,916.59,488.59,94.05,97.85,0.330,-1,-1,-1
20,14,1696.32,427.50,86.11,138.20,0.420,-1,-1,-1
20,78,1164.83,440.13,24.23,83.76,0.265,-1,-1,-1
20,66,1836.29,429.83,82.10,226.12,0.292,-1,-1,-1
20,8,1018.37,441.10,38.64,88.10,0.272,-1,-1,-1
20,73,398.63,466.59,59.99,86.89,0.283,-1,-1,-1
20,13,970.57,486.20,43.15,70.10,0.280,-1,-1,-1
21,1,1489.29,411.61,195.39,410.30,0.910,-1,-1,-1
21,2,585.08,442.23,96.44,266.76,0.925,-1,-1,-1
21,3,449.96,445.45,122.58,288.72,0.897,-1,-1,-1
21,4,1610.32,429.49,158.08,370.87,0.801,-1,-1,-1
21,5,725.52,471.17,37.21,100.57,0.668,-1,-1,-1
21,6,1252.29,444.53,36.05,100.14,0.728,-1,-1,-1
21,7,932.45,434.96,35.09,83.09,0.599,-1,-1,-1
21,9,1106.02,445.83,30.75,103.12,0.313,-1,-1,-1
21,12,1409.93,428.05,52.32,131.54,0.434,-1,-1,-1
21,16,838.62,464.01,36.08,78.35,0.295,-1,-1,-1
21,17,991.11,452.97,29.81,63.57,0.341,-1,-1,-1
21,20,1307.03,429.81,35.94,115.53,0.403,-1,-1,-1
21,49,1089.20,440.17,48.78,153.82,0.267,-1,-1,-1
21,19,672.36,474.04,52.23,129.91,0.455,-1,-1,-1
21,11,917.24,489.32,93.20,96.89,0.311,-1,-1,-1
21,66,1834.76,417.77,85.24,238.25,0.308,-1,-1,-1
21,73,399.19,472.55,56.38,81.76,0.343,-1,-1,-1
21,88,684.89,449.07,36.29,61.10,0.411,-1,-1,-1
21,13,970.59,486.10,42.48,69.00,0.270,-1,-1,-1
21,85,1697.84,427.53,78.02,118.74,0.506,-1,-1,-1
22,1,1490.49,411.19,202.11,413.00,0.924,-1,-1,-1
22,2,585.94,442.12,97.44,267.39,0.927,-1,-1,-1
22,3,452.41,444.93,122.09,289.30,0.897,-1,-1,-1
22,4,1619.38,427.55,156.28,372.73,0.825,-1,-1,-1
22,5,725.41,471.65,37.10,96.93,0.664,-1,-1,-1
22,6,1252.09,444.07,36.38,100.97,0.718,-1,-1,-1
22,7,932.23,435.11,35.00,83.44,0.613,-1,-1,-1
22,9,1104.48,441.29,32.11,107.70,0.363,-1,-1,-1
22,12,1413.70,429.26,51.38,129.95,0.519,-1,-1,-1
22,16,837.62,463.92,36.20,78.41,0.313,-1,-1,-1
22,17,989.66,452.15,30.13,64.67,0.341,-1,-1,-1
22,20,1306.98,429.86,35.68,115.31,0.372,-1,-1,-1
22,49,1090.12,435.67,49.48,157.94,0.307,-1,-1,-1
22,19,670.32,468.62,54.95,135.75,0.365,-1,-1,-1
22,11,921.06,488.75,93.31,97.60,0.343,-1,-1,-1
22,73,398.69,473.49,56.68,82.62,0.336,-1,-1,-1
22,88,687.91,449.29,36.15,60.95,0.392,-1,-1,-1
22,13,970.99,486.64,41.72,67.66,0.308,-1,-1,-1
22,8,1018.40,435.57,41.09,93.52,0.471,-1,-1,-1
23,1,1492.31,410.90,206.90,413.83,0.914,-1,-1,-1
23,2,586.58,442.33,98.34,267.75,0.924,-1,-1,-1
23,3,454.95,445.24,121.26,288.88,0.894,-1,-1,-1
23,4,1629.83,426.22,155.25,374.61,0.860,-1,-1,-1
23,5,724.20,472.01,38.78,98.63,0.683,-1,-1,-1
23,6,1251.76,444.48,36.50,100.71,0.728,-1,-1,-1
23,7,931.94,435.31,34.65,83.24,0.551,-1,-1,-1
23,9,1103.80,440.04,32.46,108.60,0.511,-1,-1,-1
23,12,1419.04,432.08,51.40,127.39,0.660,-1,-1,-1
23,16,837.47,463.87,36.55,78.94,0.297,-1,-1,-1
23,17,988.33,451.38,30.16,64.96,0.283,-1,-1,-1
23,20,1307.26,429.31,35.39,115.25,0.258,-1,-1,-1
23,19,670.82,463.24,57.10,141.07,0.346,-1,-1,-1
23,11,921.05,489.53,92.53,97.20,0.331,-1,-1,-1
23,73,397.92,470.70,59.00,86.60,0.325,-1,-1,-1
23,88,688.32,449.49,36.76,62.05,0.448,-1,-1,-1
23,13,971.47,486.89,39.61,63.90,0.262,-1,-1,-1
23,8,1017.76,434.06,41.67,94.66,0.405,-1,-1,-1
23,66,1832.89,404.91,87.11,249.71,0.252,-1,-1,-1
23,85,1712.86,428.89,74.79,113.89,0.348,-1,-1,-1
24,1,1493.36,409.70,211.40,416.23,0.929,-1,-1,-1
24,2,586.99,442.31,99.06,267.92,0.924,-1,-1,-1
24,3,459.02,444.60,121.06,289.57,0.906,-1,-1,-1
24,4,1640.44,422.22,154.96,378.64,0.858,-1,-1,-1
24,5,723.35,473.02,40.48,100.03,0.690,-1,-1,-1
24,6,1251.17,443.66,37.00,101.72,0.702,-1,-1,-1
24,7,932.12,435.34,34.40,83.19,0.531,-1,-1,-1
24,9,1103.63,439.88,32.52,108.53,0.446,-1,-1,-1
24,12,1420.91,432.38,52.54,127.19,0.663,-1,-1,-1
24,16,837.67,463.92,36.69,79.16,0.292,-1,-1,-1
24,17,988.70,452.00,29.84,64.76,0.283,-1,-1,-1
24,20,1307.53,429.63,35.15,114.92,0.251,-1,-1,-1
24,11,924.00,488.84,92.23,97.96,0.337,-1,-1,-1
24,73,397.34,473.53,57.19,84.18,0.348,-1,-1,-1
24,88,689.58,450.40,36.17,61.23,0.388,-1,-1,-1
24,13,972.50,486.81,38.50,61.93,0.289,-1,-1,-1
24,8,1018.16,433.22,41.97,95.75,0.353,-1,-1,-1
24,100,687.39,450.36,38.52,81.77,0.387,-1,-1,-1
24,66,1833.15,401.76,86.85,252.16,0.304,-1,-1,-1
24,85,1721.06,428.83,72.69,111.82,0.255,-1,-1,-1
25,1,1495.63,408.09,214.71,418.47,0.925,-1,-1,-1
25,2,587.27,442.61,99.73,268.47,0.919,-1,-1,-1
25,3,462.41,443.90,120.66,290.30,0.914,-1,-1,-1
25,4,1650.04,419.99,153.91,381.66,0.841,-1,-1,-1
25,5,722.31,473.23,42.18,101.42,0.694,-1,-1,-1
25,6,1250.83,444.44,37.14,101.06,0.785,-1,-1,-1
25,7,932.43,435.62,34.09,82.74,0.549,-1,-1,-1
25,9,1103.57,441.17,32.43,107.73,0.362,-1,-1,-1
25,12,1422.98,435.89,52.19,122.82,0.660,-1,-1,-1
25,16,837.00,463.64,37.00,79.70,0.359,-1,-1,-1
25,20,1307.38,429.33,35.22,115.39,0.284,-1,-1,-1
25,11,919.84,487.69,93.15,99.17,0.322,-1,-1,-1
25,73,398.85,472.77,57.26,84.67,0.310,-1,-1,-1
25,88,690.84,450.64,35.47,60.30,0.403,-1,-1,-1
25,13,971.42,486.58,39.18,63.09,0.336,-1,-1,-1
25,100,688.30,450.44,38.63,82.17,0.404,-1,-1,-1
25,85,1726.38,428.82,69.72,108.88,0.282,-1,-1,-1
25,108,579.24,451.74,31.18,59.70,0.311,-1,-1,-1
25,22,415.35,453.34,38.37,58.83,0.262,-1,-1,-1
25,49,1090.32,436.32,48.98,157.79,0.272,-1,-1,-1
25,19,668.13,458.71,60.17,149.60,0.307,-1,-1,-1
26,1,1500.29,406.42,216.37,420.70,0.929,-1,-1,-1
26,2,588.06,442.80,99.76,268.06,0.916,-1,-1,-1
26,3,464.82,444.85,119.63,289.47,0.909,-1,-1,-1
26,4,1652.72,417.75,151.00,384.05,0.842,-1,-1,-1
26,5,721.21,466.24,46.05,109.50,0.687,-1,-1,-1
26,6,1250.91,445.00,37.23,100.31,0.798,-1,-1,-1
26,7,932.37,435.70,33.78,82.31,0.493,-1,-1,-1
26,9,1102.69,440.91,32.93,108.55,0.364,-1,-1,-1
26,12,1424.14,435.99,53.74,122.85,0.730,-1,-1,-1
26,16,836.16,463.60,37.33,80.38,0.330,-1,-1,-1
26,20,1307.21,429.27,35.25,115.77,0.287,-1,-1,-1
26,73,398.74,475.16,55.43,82.30,0.317,-1,-1,-1
26,88,691.94,450.68,34.58,58.90,0.385,-1,-1,-1
26,13,971.83,485.86,38.29,62.24,0.274,-1,-1,-1
26,100,689.68,450.67,37.90,80.86,0.395,-1,-1,-1
26,108,577.23,452.96,31.12,59.52,0.281,-1,-1,-1
26,114,1536.22,431.78,40.08,121.77,0.401,-1,-1,-1
26,22,416.23,454.53,37.75,57.79,0.273,-1,-1,-1
26,49,1088.39,438.50,48.76,156.64,0.353,-1,-1,-1
26,19,671.81,458.52,59.32,149.05,0.280,-1,-1,-1
26,8,1013.23,432.48,43.22,96.53,0.378,-1,-1,-1
27,1,1507.56,403.81,216.34,423.59,0.934,-1,-1,-1
27,2,587.99,442.68,99.81,268.31,0.912,-1,-1,-1
27,3,466.98,444.23,119.16,290.09,0.909,-1,-1,-1
27,4,1660.50,422.01,146.47,379.51,0.828,-1,-1,-1
27,5,721.99,465.32,46.46,108.88,0.690,-1,-1,-1
27,6,1250.68,445.09,37.39,100.30,0.765,-1,-1,-1
27,7,931.44,435.37,33.80,82.65,0.516,-1,-1,-1
27,9,1102.44,441.33,33.04,108.23,0.301,-1,-1,-1
27,12,1424.63,434.03,55.36,124.10,0.741,-1,-1,-1
27,16,836.25,463.16,37.40,80.56,0.324,-1,-1,-1
27,20,1307.37,429.62,35.10,115.54,0.314,-1,-1,-1
27,73,400.65,477.48,53.23,78.89,0.268,-1,-1,-1
27,88,692.13,449.65,35.47,60.59,0.424,-1,-1,-1
27,108,576.89,452.81,31.56,60.30,0.281,-1,-1,-1
27,114,1542.66,444.76,35.95,108.79,0.412,-1,-1,-1
27,22,416.44,454.30,37.79,57.85,0.278,-1,-1,-1
27,49,1088.04,437.69,49.07,157.97,0.389,-1,-1,-1
27,19,671.41,458.66,59.16,148.80,0.335,-1,-1,-1
27,122,414.38,456.16,49.62,97.78,0.339,-1,-1,-1
27,8,1011.42,436.67,42.30,92.76,0.298,-1,-1,-1
27,38,665.40,461.64,66.62,188.59,0.377,-1,-1,-1
28,1,1517.39,401.17,214.55,426.70,0.927,-1,-1,-1
28,2,588.93,442.86,99.86,269.06,0.914,-1,-1,-1
28,3,468.24,443.70,118.93,291.07,0.908,-1,-1,-1
28,4,1677.40,414.81,149.16,386.10,0.870,-1,-1,-1
28,5,721.84,463.85,47.09,109.08,0.710,-1,-1,-1
28,6,1250.53,445.30,37.47,99.95,0.749,-1,-1,-1
28,7,931.18,435.40,33.94,83.06,0.513,-1,-1,-1
28,9,1102.76,442.22,33.11,107.44,0.389,-1,-1,-1
28,12,1425.87,433.08,56.61,125.04,0.811,-1,-1,-1
28,16,836.40,463.26,37.35,80.37,0.301,-1,-1,-1
28,20,1307.42,429.39,34.98,115.69,0.364,-1,-1,-1
28,88,693.34,448.91,35.41,60.77,0.440,-1,-1,-1
28,108,577.06,453.76,31.04,59.18,0.325,-1,-1,-1
28,114,1546.91,448.67,34.68,104.53,0.489,-1,-1,-1
28,49,1088.45,439.58,48.41,155.46,0.319,-1,-1,-1
28,122,415.38,458.18,48.86,96.24,0.290,-1,-1,-1
28,8,1009.71,437.28,42.75,92.30,0.373,-1,-1,-1
28,38,665.72,461.34,64.06,185.59,0.435,-1,-1,-1
28,100,691.08,448.89,38.56,82.62,0.261,-1,-1,-1
29,1,1528.34,398.02,210.92,429.59,0.915,-1,-1,-1
29,2,590.80,442.73,99.58,269.39,0.892,-1,-1,-1
29,3,469.78,442.32,119.07,292.92,0.912,-1,-1,-1
29,4,1689.13,413.60,152.14,388.20,0.875,-1,-1,-1
29,5,721.25,465.43,47.31,108.16,0.710,-1,-1,-1
29,6,1250.32,445.44,37.49,99.80,0.735,-1,-1,-1
29,7,930.84,435.37,34.12,83.37,0.519,-1,-1,-1
29,9,1102.73,442.27,33.32,107.31,0.369,-1,-1,-1
29,12,1427.94,433.10,57.04,125.07,0.798,-1,-1,-1
29,16,836.42,463.11,37.12,80.01,0.285,-1,-1,-1
29,20,1307.49,428.65,34.98,116.45,0.301,-1,-1,-1
29,88,693.75,448.08,35.57,61.24,0.419,-1,-1,-1
29,108,576.75,452.92,31.53,60.01,0.303,-1,-1,-1
29,114,1548.39,451.02,34.54,103.18,0.582,-1,-1,-1
29,49,1088.33,441.46,48.20,154.25,0.357,-1,-1,-1
29,122,414.94,458.90,48.52,95.47,0.297,-1,-1,-1
29,8,1008.70,446.12,38.69,81.91,0.330,-1,-1,-1
29,38,666.19,460.61,64.37,190.14,0.352,-1,-1,-1
29,131,1472.50,453.09,31.40,86.26,0.531,-1,-1,-1
29,100,690.58,447.55,39.72,85.43,0.360,-1,-1,-1
29,19,673.48,458.98,58.41,147.44,0.267,-1,-1,-1
30,1,1545.96,396.62,206.39,432.47,0.872,-1,-1,-1
30,2,592.64,442.69,98.88,269.57,0.896,-1,-1,-1
30,3,470.94,441.49,118.98,294.14,0.913,-1,-1,-1
30,4,1693.30,413.81,155.46,390.76,0.888,-1,-1,-1
30,5,719.85,464.78,47.86,108.71,0.672,-1,-1,-1
30,6,1250.11,445.20,37.38,99.61,0.706,-1,-1,-1
30,7,930.28,435.15,34.33,83.88,0.519,-1,-1,-1
30,9,1103.20,443.12,33.18,106.17,0.415,-1,-1,-1
30,12,1430.13,432.16,56.81,125.07,0.820,-1,-1,-1
30,16,836.40,463.07,36.96,79.89,0.274,-1,-1,-1
30,20,1307.84,427.76,34.89,117.15,0.268,-1,-1,-1
30,88,694.06,448.04,35.41,61.26,0.389,-1,-1,-1
30,108,575.69,452.44,31.94,60.64,0.348,-1,-1,-1
30,114,1552.26,453.76,34.05,101.41,0.468,-1,-1,-1
30,49,1087.69,444.30,47.78,151.72,0.370,-1,-1,-1
30,122,413.24,460.54,47.91,93.87,0.287,-1,-1,-1
30,8,1007.56,451.89,36.53,75.34,0.256,-1,-1,-1
30,38,666.40,459.03,64.00,192.58,0.364,-1,-1,-1
30,131,1475.03,451.33,31.42,86.35,0.453,-1,-1,-1
30,100,690.91,447.37,39.65,85.78,0.424,-1,-1,-1
30,19,670.85,458.34,61.19,155.83,0.265,-1,-1,-1
30,22,416.08,455.75,36.68,55.23,0.259,-1,-1,-1
31,1,1566.51,394.78,204.31,438.05,0.879,-1,-1,-1
31,2,594.96,442.88,98.52,269.83,0.880,-1,-1,-1
31,3,472.26,441.65,118.50,294.37,0.912,-1,-1,-1
31,4,1706.89,413.83,161.70,394.30,0.879,-1,-1,-1
31,5,719.39,463.83,48.58,110.13,0.718,-1,-1,-1
31,6,1250.16,445.56,37.31,98.86,0.736,-1,-1,-1
31,7,930.66,435.06,34.78,84.52,0.556,-1,-1,-1
31,9,1102.35,440.52,34.17,109.02,0.427,-1,-1,-1
31,12,1433.30,431.62,56.26,125.35,0.729,-1,-1,-1
31,16,835.20,463.02,36.60,79.70,0.325,-1,-1,-1
31,88,696.07,448.91,33.50,58.08,0.339,-1,-1,-1
31,108,574.69,451.94,32.09,60.87,0.311,-1,-1,-1
31,114,1555.88,466.05,29.82,88.13,0.391,-1,-1,-1
31,122,409.08,460.84,48.45,94.46,0.266,-1,-1,-1
31,8,1007.24,451.76,37.05,75.38,0.332,-1,-1,-1
31,131,1480.69,450.87,31.18,85.59,0.368,-1,-1,-1
31,100,691.71,448.31,39.28,85.64,0.391,-1,-1,-1
31,140,570.93,450.61,38.29,135.95,0.330,-1,-1,-1
31,22,413.55,456.45,37.80,55.15,0.335,-1,-1,-1
31,11,918.26,488.05,93.10,98.72,0.339,-1,-1,-1
31,13,971.74,486.26,40.18,64.59,0.322,-1,-1,-1
32,1,1583.88,394.60,203.44,443.43,0.916,-1,-1,-1
32,2,597.16,443.07,97.89,269.62,0.876,-1,-1,-1
32,3,473.42,442.44,118.19,294.91,0.904,-1,-1,-1
32,4,1723.21,415.21,167.40,395.39,0.895,-1,-1,-1
32,5,719.02,469.32,46.32,104.20,0.688,-1,-1,-1
32,6,1250.26,445.69,37.32,98.52,0.756,-1,-1,-1
32,7,931.04,435.12,34.82,84.19,0.512,-1,-1,-1
32,9,1102.63,441.58,33.94,107.92,0.469,-1,-1,-1
32,12,1438.72,431.26,55.01,125.77,0.733,-1,-1,-1
32,16,834.92,463.24,36.19,79.22,0.326,-1,-1,-1
32,88,696.41,450.08,32.54,56.54,0.305,-1,-1,-1
32,108,575.40,452.13,31.87,60.28,0.279,-1,-1,-1
32,114,1557.69,468.75,28.97,84.87,0.323,-1,-1,-1
32,131,1483.94,445.96,32.55,89.37,0.479,-1,-1,-1
32,100,691.46,449.44,38.54,84.42,0.379,-1,-1,-1
32,140,571.89,451.15,37.56,133.34,0.387,-1,-1,-1
32,22,411.93,456.76,38.48,54.74,0.288,-1,-1,-1
32,11,918.09,487.67,94.10,99.45,0.306,-1,-1,-1
32,13,971.85,485.49,41.50,65.80,0.317,-1,-1,-1
32,73,401.29,477.06,53.16,78.91,0.269,-1,-1,-1
32,38,671.91,463.65,60.77,186.05,0.366,-1,-1,-1
33,1,1594.51,394.77,204.13,450.64,0.908,-1,-1,-1
33,2,599.03,442.80,97.72,270.04,0.853,-1,-1,-1
33,3,473.35,442.42,118.40,296.50,0.904,-1,-1,-1
33,4,1728.73,409.39,174.06,402.96,0.903,-1,-1,-1
33,5,717.29,467.40,46.87,106.59,0.656,-1,-1,-1
33,6,1250.03,445.53,37.45,98.64,0.749,-1,-1,-1
33,7,931.23,435.23,35.03,84.33,0.552,-1,-1,-1
33,9,1101.93,439.77,34.62,109.88,0.407,-1,-1,-1
33,12,1442.54,430.60,53.59,126.61,0.747,-1,-1,-1
33,16,835.12,463.30,35.99,79.07,0.323,-1,-1,-1
33,108,576.32,451.51,30.91,58.17,0.277,-1,-1,-1
33,114,1558.69,466.74,29.65,86.08,0.295,-1,-1,-1
33,131,1486.86,443.50,33.29,91.20,0.340,-1,-1,-1
33,140,573.19,450.53,38.02,134.97,0.381,-1,-1,-1
33,22,410.40,456.80,39.47,54.81,0.305,-1,-1,-1
33,11,917.17,486.50,95.61,100.64,0.354,-1,-1,-1
33,13,970.92,484.99,43.80,69.06,0.368,-1,-1,-1
33,152,1043.25,484.89,38.33,51.76,0.375,-1,-1,-1
33,153,1042.86,482.22,46.68,85.85,0.360,-1,-1,-1
33,38,674.03,464.84,59.63,187.21,0.529,-1,-1,-1
33,49,1087.62,439.54,49.19,156.52,0.290,-1,-1,-1
33,122,403.85,463.84,47.38,91.48,0.263,-1,-1,-1
33,8,1005.76,447.39,39.26,79.65,0.342,-1,-1,-1
34,1,1605.59,395.40,205.25,456.61,0.901,-1,-1,-1
34,2,600.95,442.46,97.38,270.64,0.858,-1,-1,-1
34,3,472.85,441.73,119.45,301.11,0.902,-1,-1,-1
34,4,1739.35,412.23,175.07,402.95,0.842,-1,-1,-1
34,5,716.69,472.87,44.57,102.39,0.627,-1,-1,-1
34,6,1250.07,445.61,37.66,98.81,0.740,-1,-1,-1
34,7,931.08,435.25,34.85,84.00,0.467,-1,-1,-1
34,9,1102.92,441.57,33.79,107.42,0.336,-1,-1,-1
34,12,1446.37,430.25,51.86,126.81,0.758,-1,-1,-1
34,16,835.73,463.45,36.15,78.97,0.314,-1,-1,-1
34,131,1488.94,443.12,33.45,91.43,0.348,-1,-1,-1
34,140,574.45,450.05,38.50,136.60,0.531,-1,-1,-1
34,22,410.09,457.89,39.52,54.38,0.336,-1,-1,-1
34,11,917.72,487.53,95.02,99.54,0.334,-1,-1,-1
34,13,970.45,485.96,44.25,69.47,0.362,-1,-1,-1
34,152,1042.37,484.22,38.65,52.26,0.391,-1,-1,-1
34,153,1042.30,482.27,46.73,86.01,0.345,-1,-1,-1
34,38,674.58,464.65,59.12,189.19,0.582,-1,-1,-1
34,122,403.34,463.65,48.18,92.48,0.265,-1,-1,-1
34,8,1006.47,449.52,37.99,76.66,0.317,-1,-1,-1
34,20,1307.91,429.32,34.38,115.75,0.302,-1,-1,-1
35,1,1618.87,397.09,203.47,451.84,0.890,-1,-1,-1
35,2,601.64,442.30,97.02,270.93,0.851,-1,-1,-1
35,3,471.74,441.66,119.89,304.26,0.904,-1,-1,-1
35,4,1746.18,422.25,173.57,398.51,0.802,-1,-1,-1
35,5,717.33,476.22,42.78,98.87,0.620,-1,-1,-1
35,6,1250.14,445.14,37.98,99.42,0.754,-1,-1,-1
35,7,930.37,435.42,34.65,83.70,0.496,-1,-1,-1
35,9,1103.04,441.91,33.50,106.72,0.382,-1,-1,-1
35,12,1449.31,430.46,49.97,126.27,0.758,-1,-1,-1
35,16,837.05,463.33,36.09,78.41,0.301,-1,-1,-1
35,131,1491.23,443.05,33.52,91.15,0.324,-1,-1,-1
35,140,574.18,449.96,38.65,136.86,0.535,-1,-1,-1
35,22,410.19,457.94,39.82,54.76,0.384,-1,-1,-1
35,11,917.33,487.15,95.56,99.75,0.370,-1,-1,-1
35,13,970.01,485.99,43.77,68.31,0.368,-1,-1,-1
35,152,1044.03,487.90,36.09,48.73,0.313,-1,-1,-1
35,153,1043.11,483.82,44.99,82.86,0.336,-1,-1,-1
35,38,671.53,460.94,60.43,194.96,0.609,-1,-1,-1
35,8,1006.78,450.38,36.65,73.60,0.350,-1,-1,-1
35,20,1307.92,428.96,34.62,116.44,0.350,-1,-1,-1
36,1,1632.08,398.03,209.84,461.23,0.926,-1,-1,-1
36,2,602.43,442.26,96.77,271.16,0.847,-1,-1,-1
36,3,471.59,441.70,120.32,306.97,0.889,-1,-1,-1
36,4,1758.05,417.30,161.95,405.17,0.842,-1,-1,-1
36,5,716.63,469.61,45.31,106.17,0.657,-1,-1,-1
36,6,1249.96,444.65,38.30,100.26,0.731,-1,-1,-1
36,7,929.90,435.03,34.66,83.97,0.527,-1,-1,-1
36,9,1102.78,442.19,33.48,106.68,0.332,-1,-1,-1
36,12,1453.20,430.26,48.71,126.83,0.796,-1,-1,-1
36,16,837.20,463.25,36.52,78.86,0.321,-1,-1,-1
36,131,1493.24,443.69,33.21,90.16,0.323,-1,-1,-1
36,140,574.57,449.31,39.17,137.70,0.566,-1,-1,-1
36,22,411.89,458.66,39.48,54.03,0.361,-1,-1,-1
36,11,916.75,486.89,96.46,100.58,0.357,-1,-1,-1
36,13,969.45,485.85,44.73,69.53,0.381,-1,-1,-1
36,152,1043.79,485.78,39.05,52.88,0.340,-1,-1,-1
36,153,1043.85,483.55,44.35,81.81,0.399,-1,-1,-1
36,38,671.70,458.80,61.13,198.21,0.533,-1,-1,-1
36,8,1005.85,449.79,36.96,74.32,0.355,-1,-1,-1
36,20,1307.96,428.03,34.80,117.21,0.331,-1,-1,-1
36,49,1087.90,441.23,48.65,154.81,0.284,-1,-1,-1
37,1,1644.81,399.63,216.04,465.35,0.896,-1,-1,-1
37,2,604.16,441.84,96.47,271.38,0.853,-1,-1,-1
37,3,473.58,441.32,119.58,306.19,0.881,-1,-1,-1
37,4,1765.39,417.19,154.61,408.99,0.863,-1,-1,-1
37,5,716.76,469.57,44.87,106.16,0.633,-1,-1,-1
37,6,1250.46,444.33,38.26,100.41,0.714,-1,-1,-1
37,7,929.94,434.79,34.66,84.07,0.513,-1,-1,-1
37,9,1103.31,442.11,33.22,106.04,0.295,-1,-1,-1
37,12,1457.38,430.02,47.74,126.74,0.784,-1,-1,-1
37,16,837.95,463.27,36.65,78.73,0.344,-1,-1,-1
37,140,573.42,447.78,40.19,139.96,0.608,-1,-1,-1
37,22,410.99,459.72,39.68,53.94,0.383,-1,-1,-1
37,11,916.28,485.08,98.33,102.45,0.392,-1,-1,-1
37,13,967.97,484.57,46.65,72.40,0.427,-1,-1,-1
37,152,1042.76,485.18,38.37,52.08,0.361,-1,-1,-1
37,153,1042.95,483.45,44.78,82.75,0.380,-1,-1,-1
37,38,672.40,457.59,61.74,199.77,0.535,-1,-1,-1
37,8,1005.46,449.90,37.07,74.86,0.479,-1,-1,-1
37,20,1308.05,427.58,34.90,117.92,0.336,-1,-1,-1
37,49,1087.87,441.19,48.68,154.69,0.267,-1,-1,-1
37,23,809.48,480.16,32.02,69.29,0.275,-1,-1,-1
37,73,402.43,462.67,60.10,92.65,0.323,-1,-1,-1
38,1,1651.90,400.00,223.03,469.94,0.892,-1,-1,-1
38,2,605.28,442.02,95.52,270.96,0.873,-1,-1,-1
38,3,474.64,441.53,119.36,305.17,0.872,-1,-1,-1
38,4,1774.31,415.86,145.69,408.52,0.853,-1,-1,-1
38,5,717.05,467.91,45.29,108.30,0.553,-1,-1,-1
38,6,1251.38,443.53,38.24,100.98,0.746,-1,-1,-1
38,7,930.51,434.58,34.91,84.72,0.545,-1,-1,-1
38,9,1103.17,440.99,33.47,106.94,0.333,-1,-1,-1
38,12,1460.05,429.65,47.16,126.75,0.807,-1,-1,-1
38,16,838.22,463.94,36.81,78.31,0.343,-1,-1,-1
38,140,572.76,447.55,40.59,140.49,0.581,-1,-1,-1
38,22,411.06,460.33,39.16,52.42,0.399,-1,-1,-1
38,11,917.71,485.53,98.75,101.72,0.378,-1,-1,-1
38,13,968.67,484.90,46.97,72.33,0.417,-1,-1,-1
38,152,1042.70,485.53,38.04,51.71,0.335,-1,-1,-1
38,153,1043.07,483.77,45.30,83.78,0.361,-1,-1,-1
38,38,673.10,457.08,61.85,200.66,0.375,-1,-1,-1
38,8,1005.62,450.45,36.60,73.86,0.331,-1,-1,-1
38,20,1308.08,427.28,34.84,118.29,0.331,-1,-1,-1
38,73,403.12,461.53,58.80,93.09,0.371,-1,-1,-1
38,19,676.22,457.75,75.49,197.64,0.519,-1,-1,-1
39,1,1657.77,401.76,228.75,469.86,0.911,-1,-1,-1
39,2,606.01,441.88,94.71,270.93,0.889,-1,-1,-1
39,3,475.15,441.51,118.62,303.15,0.891,-1,-1,-1
39,4,1785.79,415.85,134.21,408.51,0.833,-1,-1,-1
39,5,714.68,460.84,47.32,114.59,0.508,-1,-1,-1
39,6,1251.90,442.74,38.30,101.59,0.743,-1,-1,-1
39,7,930.64,434.63,35.04,84.89,0.573,-1,-1,-1
39,9,1103.28,440.18,33.57,107.42,0.318,-1,-1,-1
39,12,1462.98,429.66,47.10,126.44,0.813,-1,-1,-1
39,16,838.14,463.68,37.10,78.61,0.372,-1,-1,-1
39,140,573.21,447.53,40.80,140.53,0.582,-1,-1,-1
39,22,411.32,459.23,40.00,53.22,0.385,-1,-1,-1
39,11,921.48,485.01,99.48,103.28,0.387,-1,-1,-1
39,13,968.16,484.60,47.39,72.82,0.457,-1,-1,-1
39,152,1041.18,487.82,35.56,48.36,0.375,-1,-1,-1
39,153,1041.44,485.22,43.88,81.04,0.287,-1,-1,-1
39,73,403.04,459.89,58.89,94.71,0.308,-1,-1,-1
39,19,677.65,458.08,74.32,200.16,0.509,-1,-1,-1
39,88,708.64,449.84,28.17,48.68,0.350,-1,-1,-1
39,49,1086.74,437.83,49.83,158.39,0.289,-1,-1,-1
40,1,1657.47,402.08,235.99,475.58,0.920,-1,-1,-1
40,2,607.47,441.98,93.95,271.13,0.887,-1,-1,-1
40,3,475.44,442.04,119.20,304.70,0.884,-1,-1,-1
40,4,1797.23,421.60,122.77,401.46,0.825,-1,-1,-1
40,5,717.71,460.52,46.65,115.75,0.552,-1,-1,-1
40,6,1252.48,441.95,38.31,102.48,0.737,-1,-1,-1
40,7,930.53,434.62,35.12,85.18,0.586,-1,-1,-1
40,12,1465.30,430.02,47.59,126.32,0.823,-1,-1,-1
40,16,838.75,463.41,37.41,79.33,0.338,-1,-1,-1
40,140,573.69,447.48,41.03,140.65,0.651,-1,-1,-1
40,22,411.09,459.48,39.76,52.28,0.440,-1,-1,-1
40,11,918.93,485.41,98.93,102.70,0.371,-1,-1,-1
40,13,967.99,484.66,47.44,72.78,0.423,-1,-1,-1
40,152,1039.79,488.43,35.30,48.01,0.356,-1,-1,-1
40,153,1040.66,485.40,43.65,80.30,0.328,-1,-1,-1
40,73,403.96,459.60,57.64,94.94,0.321,-1,-1,-1
40,19,679.20,459.18,72.70,201.73,0.503,-1,-1,-1
40,88,708.91,449.50,27.84,47.64,0.326,-1,-1,-1
40,49,1086.71,436.04,50.03,159.20,0.261,-1,-1,-1
41,1,1657.16,401.99,242.61,480.93,0.922,-1,-1,-1
41,2,609.26,442.21,93.22,270.93,0.898,-1,-1,-1
41,3,476.00,442.32,119.25,305.19,0.886,-1,-1,-1
41,4,1805.00,419.84,115.00,402.67,0.769,-1,-1,-1
41,5,720.83,459.03,46.13,117.01,0.566,-1,-1,-1
41,6,1253.01,442.05,37.98,102.22,0.761,-1,-1,-1
41,7,930.57,434.56,35.23,85.13,0.596,-1,-1,-1
41,12,1465.54,431.01,47.68,125.03,0.802,-1,-1,-1
41,16,838.23,463.40,37.66,79.63,0.375,-1,-1,-1
41,140,572.40,445.91,41.53,142.15,0.548,-1,-1,-1
41,22,410.66,459.10,40.44,52.69,0.417,-1,-1,-1
41,11,917.14,485.17,98.49,102.25,0.335,-1,-1,-1
41,13,967.47,484.49,47.48,72.93,0.371,-1,-1,-1
41,152,1041.17,490.17,33.65,45.58,0.314,-1,-1,-1
41,153,1041.14,486.63,42.86,78.65,0.322,-1,-1,-1
41,73,404.51,459.04,56.83,95.35,0.341,-1,-1,-1
41,19,680.89,457.79,71.93,204.76,0.487,-1,-1,-1
41,88,708.74,449.96,28.71,48.79,0.364,-1,-1,-1
41,49,1088.60,436.43,49.05,157.40,0.278,-1,-1,-1
41,8,1004.67,446.43,39.15,79.01,0.381,-1,-1,-1
41,9,1102.48,439.42,33.67,107.38,0.301,-1,-1,-1
42,1,1657.53,398.78,248.05,485.88,0.921,-1,-1,-1
42,2,610.94,442.59,92.61,270.47,0.896,-1,-1,-1
42,3,475.23,443.24,120.48,309.06,0.878,-1,-1,-1
42,4,1811.39,409.27,108.61,415.00,0.755,-1,-1,-1
42,5,726.64,459.96,40.86,105.45,0.472,-1,-1,-1
42,6,1253.36,441.65,37.86,102.62,0.743,-1,-1,-1
42,7,930.72,434.70,35.11,84.88,0.592,-1,-1,-1
42,12,1467.08,431.51,47.93,124.43,0.785,-1,-1,-1
42,16,837.92,463.29,37.93,79.78,0.338,-1,-1,-1
42,140,573.65,446.46,41.47,141.68,0.489,-1,-1,-1
42,22,410.85,458.88,40.56,52.79,0.376,-1,-1,-1
42,11,917.19,486.41,97.13,100.56,0.374,-1,-1,-1
42,13,967.42,485.14,47.08,72.19,0.327,-1,-1,-1
42,152,1041.79,490.91,33.79,45.53,0.284,-1,-1,-1
42,153,1040.80,487.42,42.91,78.60,0.283,-1,-1,-1
42,73,405.27,459.07,55.42,95.02,0.292,-1,-1,-1
42,19,681.12,456.54,70.16,205.84,0.283,-1,-1,-1
42,88,708.61,450.21,29.64,50.00,0.321,-1,-1,-1
42,49,1086.79,441.04,48.46,153.65,0.432,-1,-1,-1
42,8,1005.05,445.12,40.11,80.75,0.538,-1,-1,-1
43,1,1661.07,395.87,251.61,489.98,0.935,-1,-1,-1
43,2,612.02,443.11,91.87,269.70,0.901,-1,-1,-1
43,3,473.53,443.54,121.77,313.52,0.887,-1,-1,-1
43,4,1817.57,396.99,102.43,427.24,0.631,-1,-1,-1
43,5,728.17,460.67,38.86,101.50,0.399,-1,-1,-1
43,6,1253.48,441.74,37.35,101.95,0.735,-1,-1,-1
43,7,930.66,434.53,34.99,84.77,0.603,-1,-1,-1
43,12,1469.91,431.62,48.17,124.05,0.758,-1,-1,-1
43,16,838.60,463.28,37.93,79.14,0.346,-1,-1,-1
43,140,574.55,446.65,41.74,141.36,0.410,-1,-1,-1
43,22,410.38,459.26,40.46,52.42,0.418,-1,-1,-1
43,11,916.80,486.46,97.06,100.54,0.356,-1,-1,-1
43,13,967.59,485.37,46.22,70.74,0.314,-1,-1,-1
43,153,1042.14,484.33,44.17,80.55,0.320,-1,-1,-1
43,73,404.74,459.49,54.47,94.60,0.294,-1,-1,-1
43,19,685.35,456.32,69.33,206.75,0.447,-1,-1,-1
43,88,709.47,450.04,29.27,48.68,0.327,-1,-1,-1
43,49,1088.27,444.79,46.84,147.74,0.371,-1,-1,-1
43,8,1005.44,445.54,39.41,79.41,0.577,-1,-1,-1
43,100,700.09,451.51,41.08,91.39,0.297,-1,-1,-1
43,20,1308.02,428.70,34.29,116.79,0.438,-1,-1,-1
43,9,1102.12,444.65,32.50,102.41,0.370,-1,-1,-1
44,1,1668.16,394.02,251.84,492.63,0.943,-1,-1,-1
44,2,612.91,443.28,91.42,269.38,0.897,-1,-1,-1
44,3,472.83,443.54,122.57,316.61,0.897,-1,-1,-1
44,5,729.74,459.38,38.27,101.32,0.392,-1,-1,-1
44,6,1253.80,442.20,36.97,101.44,0.778,-1,-1,-1
44,7,930.81,434.73,34.56,84.02,0.598,-1,-1,-1
44,12,1471.61,431.50,48.24,123.89,0.747,-1,-1,-1
44,16,837.75,463.49,38.03,79.00,0.355,-1,-1,-1
44,140,574.74,445.02,42.49,143.01,0.486,-1,-1,-1
44,22,410.65,459.37,40.52,52.34,0.395,-1,-1,-1
44,11,915.44,486.19,96.95,100.84,0.319,-1,-1,-1
44,13,967.68,485.10,45.02,68.92,0.322,-1,-1,-1
44,153,1040.45,482.59,45.40,82.56,0.344,-1,-1,-1
44,73,406.33,459.56,53.63,94.30,0.325,-1,-1,-1
44,19,685.97,456.57,67.90,207.52,0.686,-1,-1,-1
44,88,710.26,449.51,29.73,49.00,0.343,-1,-1,-1
44,49,1087.95,446.79,46.63,146.01,0.518,-1,-1,-1
44,8,1006.62,448.72,37.88,75.87,0.464,-1,-1,-1
44,20,1308.03,428.65,34.26,116.82,0.437,-1,-1,-1
44,9,1100.91,446.20,32.47,100.27,0.253,-1,-1,-1
44,23,808.81,480.67,31.37,67.50,0.260,-1,-1,-1
44,152,1040.85,484.09,39.45,52.83,0.363,-1,-1,-1
45,1,1678.26,391.14,241.74,496.00,0.943,-1,-1,-1
45,2,614.53,443.66,91.32,268.89,0.891,-1,-1,-1
45,3,472.71,443.16,123.00,318.60,0.899,-1,-1,-1
45,5,731.53,458.07,38.11,101.41,0.475,-1,-1,-1
45,6,1254.40,441.31,37.00,102.32,0.762,-1,-1,-1
45,7,930.69,434.89,34.28,83.67,0.597,-1,-1,-1
45,12,1475.06,431.07,47.82,123.80,0.752,-1,-1,-1
45,16,837.66,463.54,38.36,79.06,0.376,-1,-1,-1
45,140,575.90,443.82,43.13,144.33,0.497,-1,-1,-1
45,22,410.49,459.30,40.98,53.04,0.432,-1,-1,-1
45,11,915.81,487.30,95.84,99.49,0.356,-1,-1,-1
45,13,968.94,485.81,43.11,65.68,0.300,-1,-1,-1
45,153,1039.85,482.92,45.87,83.16,0.306,-1,-1,-1
45,73,407.17,459.30,53.37,95.03,0.303,-1,-1,-1
45,19,685.29,456.20,66.46,208.37,0.505,-1,-1,-1
45,88,711.05,449.87,29.98,48.95,0.407,-1,-1,-1
45,49,1087.52,446.26,47.10,146.81,0.516,-1,-1,-1
45,8,1007.48,449.43,37.44,74.37,0.613,-1,-1,-1
45,20,1308.21,425.75,34.80,119.48,0.416,-1,-1,-1
45,9,1100.76,445.29,33.39,102.51,0.313,-1,-1,-1
45,196,371.79,444.83,38.32,63.72,0.377,-1,-1,-1
45,100,704.94,450.85,40.17,90.82,0.291,-1,-1,-1
46,1,1689.99,388.33,230.01,499.37,0.924,-1,-1,-1
46,2,615.01,443.21,91.40,269.44,0.903,-1,-1,-1
46,3,471.47,442.40,123.32,320.50,0.894,-1,-1,-1
46,5,733.13,456.92,38.15,102.29,0.499,-1,-1,-1
46,6,1255.07,441.07,36.87,102.68,0.750,-1,-1,-1
46,7,930.45,434.88,34.11,83.58,0.605,-1,-1,-1
46,12,1479.67,431.63,46.31,122.80,0.715,-1,-1,-1
46,16,836.84,463.26,38.83,79.49,0.376,-1,-1,-1
46,140,575.09,444.99,43.14,143.39,0.461,-1,-1,-1
46,22,410.71,459.03,41.46,53.74,0.376,-1,-1,-1
46,11,915.88,489.71,94.13,97.34,0.348,-1,-1,-1
46,13,969.65,487.10,41.93,63.48,0.304,-1,-1,-1
46,153,1040.78,484.05,44.84,80.81,0.311,-1,-1,-1
46,19,689.41,456.05,65.18,208.56,0.613,-1,-1,-1
46,88,711.27,449.75,30.41,49.65,0.373,-1,-1,-1
46,49,1086.91,445.78,47.82,148.46,0.590,-1,-1,-1
46,8,1007.66,449.13,37.33,73.78,0.598,-1,-1,-1
46,20,1308.18,425.77,34.79,119.55,0.413,-1,-1,-1
46,196,371.90,444.79,38.40,63.82,0.372,-1,-1,-1
46,200,1702.01,425.52,66.66,213.59,0.372,-1,-1,-1
46,100,706.48,450.53,38.24,87.40,0.266,-1,-1,-1
47,1,1704.00,385.42,216.00,502.47,0.903,-1,-1,-1
47,2,615.47,443.05,91.27,269.56,0.903,-1,-1,-1
47,3,470.31,441.64,123.30,321.55,0.896,-1,-1,-1
47,5,734.28,456.89,37.92,102.46,0.496,-1,-1,-1
47,6,1255.84,440.88,36.80,102.89,0.742,-1,-1,-1
47,7,930.44,434.97,34.04,83.71,0.607,-1,-1,-1
47,12,1483.49,431.16,44.60,121.97,0.681,-1,-1,-1
47,16,837.35,463.19,39.07,80.16,0.352,-1,-1,-1
47,140,575.61,445.68,43.16,142.48,0.525,-1,-1,-1
47,22,411.31,458.39,41.19,53.69,0.345,-1,-1,-1
47,11,915.85,488.57,95.01,98.65,0.306,-1,-1,-1
47,13,968.86,486.57,42.66,64.61,0.323,-1,-1,-1
47,153,1044.12,485.13,43.72,78.62,0.259,-1,-1,-1
47,19,692.20,455.90,64.01,208.66,0.668,-1,-1,-1
47,88,712.07,449.58,30.17,49.28,0.381,-1,-1,-1
47,49,1087.08,445.81,47.78,147.88,0.554,-1,-1,-1
47,8,1007.15,448.38,38.47,75.81,0.580,-1,-1,-1
47,20,1308.05,426.18,34.72,119.23,0.469,-1,-1,-1
47,196,370.41,444.41,38.58,63.99,0.362,-1,-1,-1
47,200,1707.43,426.46,66.33,211.39,0.535,-1,-1,-1
47,100,707.89,450.38,38.59,89.02,0.253,-1,-1,-1
47,23,805.49,478.11,31.80,69.22,0.266,-1,-1,-1
47,73,408.26,458.39,52.73,96.14,0.284,-1,-1,-1
47,9,1101.59,443.88,33.34,102.06,0.285,-1,-1,-1
48,1,1727.09,384.07,192.91,504.33,0.876,-1,-1,-1
48,2,616.26,442.88,91.39,269.52,0.906,-1,-1,-1
48,3,470.10,440.67,123.14,322.62,0.892,-1,-1,-1
48,5,735.62,457.02,37.97,102.79,0.598,-1,-1,-1
48,6,1256.67,440.55,36.84,103.32,0.735,-1,-1,-1
48,7,930.95,435.17,33.91,83.64,0.571,-1,-1,-1
48,12,1487.48,431.15,43.12,121.88,0.668,-1,-1,-1
48,16,837.81,462.77,39.20,80.45,0.365,-1,-1,-1
48,140,576.08,445.33,43.64,142.81,0.487,-1,-1,-1
48,22,411.49,458.72,40.11,52.09,0.335,-1,-1,-1
48,11,917.44,486.77,96.27,100.43,0.374,-1,-1,-1
48,13,968.69,485.41,44.14,67.06,0.383,-1,-1,-1
48,153,1044.66,485.73,43.35,78.27,0.300,-1,-1,-1
48,19,693.51,455.59,62.97,209.08,0.712,-1,-1,-1
48,88,713.03,449.97,29.70,48.29,0.348,-1,-1,-1
48,49,1087.07,452.22,46.18,141.33,0.454,-1,-1,-1
48,8,1007.46,447.34,39.46,77.34,0.574,-1,-1,-1
48,20,1307.94,426.19,34.78,119.22,0.479,-1,-1,-1
48,196,371.02,444.60,38.38,63.69,0.301,-1,-1,-1
48,200,1710.31,425.89,67.23,211.42,0.349,-1,-1,-1
48,73,408.45,459.04,51.61,95.29,0.277,-1,-1,-1
48,9,1101.56,442.88,34.03,103.89,0.264,-1,-1,-1
49,1,1743.38,382.94,176.62,505.51,0.905,-1,-1,-1
49,2,617.49,443.11,91.38,269.24,0.907,-1,-1,-1
49,3,470.07,439.67,122.90,323.65,0.899,-1,-1,-1
49,5,736.76,456.82,37.69,101.85,0.636,-1,-1,-1
49,6,1257.68,440.47,36.82,103.64,0.741,-1,-1,-1
49,7,931.25,435.24,33.64,83.57,0.594,-1,-1,-1
49,16,839.05,462.94,39.02,80.18,0.354,-1,-1,-1
49,140,575.95,445.78,43.93,142.29,0.551,-1,-1,-1
49,22,412.74,459.50,39.62,51.12,0.314,-1,-1,-1
49,11,916.42,486.36,96.24,100.87,0.304,-1,-1,-1
49,13,969.04,485.29,43.62,66.53,0.401,-1,-1,-1
49,153,1044.66,485.75,43.77,79.28,0.264,-1,-1,-1
49,19,694.27,455.89,61.85,208.64,0.723,-1,-1,-1
49,88,713.98,450.01,29.30,47.52,0.320,-1,-1,-1
49,49,1086.28,473.62,40.53,119.58,0.341,-1,-1,-1
49,8,1007.75,447.02,40.05,77.95,0.562,-1,-1,-1
49,20,1307.79,427.02,34.67,118.33,0.450,-1,-1,-1
49,200,1715.50,426.69,55.68,170.79,0.418,-1,-1,-1
49,73,411.19,460.06,51.12,94.47,0.329,-1,-1,-1
49,9,1101.30,440.84,34.76,106.16,0.398,-1,-1,-1
50,1,1757.44,382.14,162.56,506.42,0.881,-1,-1,-1
50,2,618.99,442.86,91.74,269.53,0.902,-1,-1,-1
50,3,469.99,439.62,122.29,323.62,0.897,-1,-1,-1
50,5,738.57,456.55,37.76,102.32,0.617,-1,-1,-1
50,6,1257.71,440.81,36.49,103.32,0.724,-1,-1,-1
50,7,932.05,435.25,33.89,84.25,0.589,-1,-1,-1
50,16,839.08,462.80,39.12,80.00,0.396,-1,-1,-1
50,140,577.53,443.35,45.07,144.74,0.567,-1,-1,-1
50,22,411.75,459.15,40.76,52.28,0.354,-1,-1,-1
50,13,968.94,485.15,43.74,67.19,0.370,-1,-1,-1
50,19,695.73,454.64,61.22,209.81,0.677,-1,-1,-1
50,88,714.73,449.41,30.19,48.48,0.396,-1,-1,-1
50,8,1007.36,446.23,41.02,79.02,0.621,-1,-1,-1
50,20,1307.98,427.64,34.52,117.93,0.417,-1,-1,-1
50,200,1716.00,426.67,53.23,158.14,0.398,-1,-1,-1
50,73,410.05,459.59,51.23,95.29,0.353,-1,-1,-1
50,9,1101.53,440.84,34.86,106.67,0.308,-1,-1,-1
50,100,711.46,449.39,36.56,83.66,0.271,-1,-1,-1
50,12,1498.23,436.51,41.16,117.24,0.495,-1,-1,-1
51,1,1768.16,381.56,151.84,506.91,0.866,-1,-1,-1
51,2,619.82,443.09,91.93,269.46,0.906,-1,-1,-1
51,3,470.21,439.53,121.81,323.59,0.904,-1,-1,-1
51,5,739.43,456.49,37.99,103.60,0.635,-1,-1,-1
51,6,1258.10,440.22,36.41,103.49,0.749,-1,-1,-1
51,7,931.98,435.27,33.57,83.82,0.621,-1,-1,-1
51,16,838.75,463.15,39.16,79.63,0.382,-1,-1,-1
51,140,580.56,443.52,45.33,144.50,0.499,-1,-1,-1
51,22,412.12,458.65,40.94,52.33,0.360,-1,-1,-1
51,13,969.27,485.17,43.09,66.36,0.329,-1,-1,-1
51,19,696.00,454.99,60.57,209.24,0.687,-1,-1,-1
51,88,712.00,449.70,30.80,48.38,0.276,-1,-1,-1
51,8,1007.21,446.21,41.44,79.28,0.601,-1,-1,-1
51,20,1307.80,428.36,34.22,117.01,0.422,-1,-1,-1
51,73,411.20,459.34,51.05,95.03,0.310,-1,-1,-1
51,9,1101.45,440.91,34.75,106.30,0.396,-1,-1,-1
51,12,1501.90,440.91,39.45,112.16,0.521,-1,-1,-1
52,1,1776.21,381.13,143.79,507.04,0.853,-1,-1,-1
52,2,620.29,443.14,92.08,269.66,0.905,-1,-1,-1
52,3,470.17,439.55,121.28,323.51,0.904,-1,-1,-1
52,5,740.53,456.39,37.87,103.63,0.577,-1,-1,-1
52,6,1258.21,440.58,36.20,103.18,0.716,-1,-1,-1
52,7,932.21,435.40,32.92,82.82,0.597,-1,-1,-1
52,16,837.97,463.19,39.10,79.23,0.373,-1,-1,-1
52,140,583.28,441.90,46.11,146.26,0.524,-1,-1,-1
52,22,412.35,458.69,40.81,51.83,0.360,-1,-1,-1
52,13,968.96,485.65,43.16,66.66,0.313,-1,-1,-1
52,19,693.75,453.63,60.39,210.48,0.747,-1,-1,-1
52,8,1007.16,445.37,42.84,81.36,0.567,-1,-1,-1
52,20,1307.72,429.06,33.91,115.97,0.431,-1,-1,-1
52,73,411.18,459.47,50.81,94.73,0.316,-1,-1,-1
52,9,1100.35,438.40,35.62,108.66,0.472,-1,-1,-1
52,12,1506.04,438.94,40.28,113.47,0.440,-1,-1,-1
52,14,1692.93,427.11,95.88,157.10,0.493,-1,-1,-1
53,1,1782.64,384.45,137.36,503.56,0.858,-1,-1,-1
53,2,620.46,443.04,92.13,269.87,0.908,-1,-1,-1
53,3,470.14,438.87,121.10,324.28,0.909,-1,-1,-1
53,5,741.70,457.05,37.03,101.49,0.602,-1,-1,-1
53,6,1258.51,441.42,35.89,102.22,0.729,-1,-1,-1
53,7,931.96,435.46,32.72,82.59,0.574,-1,-1,-1
53,16,837.61,463.38,39.73,80.36,0.387,-1,-1,-1
53,140,581.61,440.75,46.46,147.51,0.466,-1,-1,-1
53,22,412.11,458.36,40.84,51.70,0.326,-1,-1,-1
53,13,970.11,487.39,40.89,62.88,0.251,-1,-1,-1
53,19,693.81,453.16,60.71,211.02,0.734,-1,-1,-1
53,8,1006.58,445.41,43.21,81.33,0.529,-1,-1,-1
53,20,1306.95,428.01,34.34,117.20,0.469,-1,-1,-1
53,73,411.40,459.30,50.52,94.34,0.336,-1,-1,-1
53,9,1100.01,438.14,35.78,108.67,0.520,-1,-1,-1
53,12,1509.26,438.38,41.49,114.12,0.432,-1,-1,-1
53,224,1524.29,446.06,35.04,105.38,0.458,-1,-1,-1
53,14,1694.11,427.47,94.37,157.35,0.350,-1,-1,-1
53,196,370.37,443.98,38.80,64.48,0.260,-1,-1,-1
54,1,1787.41,388.09,132.59,499.99,0.800,-1,-1,-1
54,2,620.98,442.90,92.26,270.46,0.909,-1,-1,-1
54,3,470.30,438.78,121.01,324.78,0.907,-1,-1,-1
54,5,742.56,457.01,37.18,102.52,0.604,-1,-1,-1
54,6,1258.68,442.59,35.53,100.91,0.742,-1,-1,-1
54,7,932.22,435.44,32.67,82.74,0.549,-1,-1,-1
54,16,837.44,463.88,39.53,79.88,0.343,-1,-1,-1
54,140,579.26,442.24,46.18,146.03,0.524,-1,-1,-1
54,22,412.46,456.53,40.79,52.01,0.346,-1,-1,-1
54,13,970.12,486.97,41.50,63.93,0.290,-1,-1,-1
54,19,694.28,453.30,61.02,211.28,0.726,-1,-1,-1
54,8,1006.32,445.01,43.36,81.54,0.401,-1,-1,-1
54,20,1306.82,428.05,34.31,117.05,0.461,-1,-1,-1
54,9,1099.43,437.12,36.36,109.93,0.506,-1,-1,-1
54,12,1509.15,435.88,43.77,116.60,0.574,-1,-1,-1
54,224,1526.51,445.31,34.86,104.70,0.484,-1,-1,-1
54,14,1694.11,427.86,93.64,157.71,0.398,-1,-1,-1
54,11,915.78,488.14,94.08,98.73,0.278,-1,-1,-1
54,88,714.84,449.60,30.73,48.47,0.304,-1,-1,-1
55,1,1792.42,394.45,127.58,493.84,0.764,-1,-1,-1
55,2,621.21,442.67,92.26,271.12,0.912,-1,-1,-1
55,3,470.47,438.42,120.90,325.30,0.905,-1,-1,-1
55,5,743.31,457.95,37.12,102.26,0.551,-1,-1,-1
55,6,1258.94,442.62,35.55,100.79,0.744,-1,-1,-1
55,7,932.48,435.39,32.44,82.50,0.503,-1,-1,-1
55,16,837.65,464.12,39.35,79.61,0.326,-1,-1,-1
55,140,585.52,448.46,44.26,139.62,0.551,-1,-1,-1
55,22,411.97,456.96,40.79,51.97,0.338,-1,-1,-1
55,13,969.53,486.38,42.04,64.88,0.273,-1,-1,-1
55,19,694.99,453.54,61.48,212.04,0.753,-1,-1,-1
55,8,1003.78,444.81,41.89,79.93,0.380,-1,-1,-1
55,20,1307.05,428.28,34.24,116.86,0.459,-1,-1,-1
55,9,1098.96,437.01,36.59,110.02,0.501,-1,-1,-1
55,12,1509.09,435.83,45.66,116.83,0.562,-1,-1,-1
55,224,1529.73,446.24,34.48,103.30,0.484,-1,-1,-1
55,14,1693.92,427.82,93.19,157.72,0.473,-1,-1,-1
55,11,915.83,488.12,93.96,98.68,0.276,-1,-1,-1
55,73,410.35,458.05,50.58,95.54,0.311,-1,-1,-1
56,1,1799.14,417.91,120.86,470.40,0.672,-1,-1,-1
56,2,621.74,442.42,92.60,271.80,0.911,-1,-1,-1
56,3,471.05,438.19,120.63,325.18,0.898,-1,-1,-1
56,5,743.78,456.90,37.56,103.84,0.543,-1,-1,-1
56,6,1259.37,442.61,35.47,100.40,0.726,-1,-1,-1
56,7,932.58,435.47,32.31,82.48,0.548,-1,-1,-1
56,16,836.93,464.12,39.61,80.01,0.332,-1,-1,-1
56,140,582.82,445.39,45.28,142.58,0.561,-1,-1,-1
56,22,413.91,456.80,40.18,51.31,0.308,-1,-1,-1
56,19,695.99,453.03,62.38,213.92,0.772,-1,-1,-1
56,8,1005.63,443.98,42.82,81.40,0.405,-1,-1,-1
56,20,1307.34,428.13,34.29,117.02,0.439,-1,-1,-1
56,9,1099.05,436.59,36.76,110.43,0.409,-1,-1,-1
56,12,1508.11,436.17,46.92,116.54,0.484,-1,-1,-1
56,224,1532.06,449.65,32.96,98.61,0.478,-1,-1,-1
56,14,1693.99,427.79,92.59,157.53,0.478,-1,-1,-1
56,73,411.95,457.94,50.33,95.22,0.303,-1,-1,-1
57,1,1799.13,401.17,120.87,487.14,0.539,-1,-1,-1
57,2,622.55,442.29,92.85,272.26,0.914,-1,-1,-1
57,3,471.62,437.85,120.79,325.52,0.904,-1,-1,-1
57,5,744.69,458.39,37.64,104.06,0.589,-1,-1,-1
57,6,1259.45,441.96,35.73,100.96,0.746,-1,-1,-1
57,7,933.02,435.28,32.28,82.60,0.543,-1,-1,-1
57,16,837.33,463.78,39.97,80.70,0.387,-1,-1,-1
57,140,587.22,446.98,44.66,140.59,0.570,-1,-1,-1
57,22,414.11,457.35,40.62,51.83,0.301,-1,-1,-1
57,19,696.29,452.27,62.84,215.20,0.768,-1,-1,-1
57,8,1005.91,444.45,42.93,81.33,0.457,-1,-1,-1
57,20,1305.70,422.77,35.86,122.35,0.407,-1,-1,-1
57,9,1099.10,437.60,36.71,109.74,0.517,-1,-1,-1
57,12,1502.88,439.27,44.99,112.53,0.425,-1,-1,-1
57,224,1533.65,448.32,34.01,101.63,0.632,-1,-1,-1
57,14,1691.79,426.84,93.23,158.35,0.270,-1,-1,-1
57,73,414.42,458.11,50.59,94.65,0.292,-1,-1,-1
57,13,968.31,484.38,44.48,69.13,0.270,-1,-1,-1
58,1,1804.61,411.01,115.39,477.56,0.420,-1,-1,-1
58,2,623.22,442.42,93.18,272.90,0.914,-1,-1,-1
58,3,472.69,438.23,120.58,325.04,0.906,-1,-1,-1
58,5,744.92,460.84,37.31,102.82,0.635,-1,-1,-1
58,6,1259.71,442.83,35.55,100.22,0.773,-1,-1,-1
58,7,932.64,435.32,32.54,83.15,0.563,-1,-1,-1
58,16,838.50,463.57,39.96,80.66,0.369,-1,-1,-1
58,140,588.42,448.35,44.38,139.28,0.562,-1,-1,-1
58,22,414.12,457.42,40.59,52.10,0.307,-1,-1,-1
58,19,697.18,450.42,63.56,216.95,0.306,-1,-1,-1
58,8,1004.38,445.93,40.80,78.74,0.482,-1,-1,-1
58,20,1305.99,422.38,35.84,122.48,0.379,-1,-1,-1
58,9,1098.30,437.96,37.12,109.85,0.371,-1,-1,-1
58,12,1500.80,439.06,44.52,112.82,0.338,-1,-1,-1
58,224,1535.23,449.19,33.95,101.23,0.627,-1,-1,-1
58,14,1688.68,425.73,94.51,159.10,0.313,-1,-1,-1
58,73,414.77,458.81,50.44,94.06,0.267,-1,-1,-1
58,13,968.80,484.99,44.26,69.00,0.325,-1,-1,-1
58,100,707.24,447.95,37.93,86.08,0.507,-1,-1,-1
58,11,916.20,486.88,95.48,99.97,0.320,-1,-1,-1
59,1,1805.75,401.82,114.25,487.03,0.409,-1,-1,-1
59,2,623.81,442.44,93.52,273.69,0.906,-1,-1,-1
59,3,474.62,438.25,120.71,324.34,0.909,-1,-1,-1
59,5,745.70,460.34,37.53,103.00,0.572,-1,-1,-1
59,6,1260.04,443.61,35.30,99.41,0.772,-1,-1,-1
59,7,932.67,435.33,32.64,83.04,0.606,-1,-1,-1
59,16,839.15,463.26,39.67,80.11,0.355,-1,-1,-1
59,140,588.32,449.35,44.06,138.30,0.552,-1,-1,-1
59,22,413.57,457.61,40.59,52.26,0.275,-1,-1,-1
59,19,697.87,451.17,63.35,217.03,0.692,-1,-1,-1
59,8,1003.64,446.26,39.54,77.92,0.549,-1,-1,-1
59,20,1306.58,424.81,35.28,120.09,0.396,-1,-1,-1
59,9,1098.18,439.89,36.91,108.03,0.420,-1,-1,-1
59,12,1501.01,437.70,44.46,114.27,0.392,-1,-1,-1
59,224,1536.92,451.20,33.63,100.00,0.597,-1,-1,-1
59,14,1688.73,425.90,94.34,158.02,0.306,-1,-1,-1
59,73,415.55,459.09,50.79,93.75,0.276,-1,-1,-1
59,100,705.51,449.76,38.34,86.63,0.346,-1,-1,-1
60,2,623.69,442.20,93.80,274.43,0.909,-1,-1,-1
60,3,477.74,439.61,121.12,322.72,0.912,-1,-1,-1
60,5,746.69,461.15,37.47,102.47,0.506,-1,-1,-1
60,6,1260.03,443.21,35.57,99.77,0.763,-1,-1,-1
60,7,932.81,435.32,32.81,83.17,0.632,-1,-1,-1
60,16,839.52,463.74,39.20,79.08,0.329,-1,-1,-1
60,140,580.54,447.58,44.46,140.28,0.422,-1,-1,-1
60,22,414.65,457.47,39.37,50.91,0.308,-1,-1,-1
60,19,699.67,453.65,63.03,216.21,0.732,-1,-1,-1
60,8,1003.29,445.58,39.16,78.64,0.605,-1,-1,-1
60,20,1306.70,425.37,35.07,119.45,0.460,-1,-1,-1
60,9,1097.69,437.79,37.76,109.98,0.444,-1,-1,-1
60,12,1501.00,439.06,42.28,110.41,0.319,-1,-1,-1
60,224,1537.25,450.56,34.16,100.94,0.604,-1,-1,-1
60,14,1690.75,426.21,94.05,157.44,0.357,-1,-1,-1
60,256,1036.18,450.55,28.80,78.34,0.345,-1,-1,-1
60,13,969.59,484.29,43.82,67.94,0.255,-1,-1,-1
61,2,623.13,442.52,94.23,275.09,0.905,-1,-1,-1
61,3,480.09,440.48,122.70,322.31,0.914,-1,-1,-1
61,5,746.71,461.08,37.58,102.24,0.468,-1,-1,-1
61,6,1259.51,443.69,35.41,99.12,0.727,-1,-1,-1
61,7,932.82,434.93,32.70,83.37,0.560,-1,-1,-1
61,16,838.29,463.78,39.56,80.01,0.368,-1,-1,-1
61,140,577.74,446.27,44.60,141.42,0.391,-1,-1,-1
61,22,414.92,456.01,39.90,51.76,0.357,-1,-1,-1
61,19,699.77,453.19,63.46,218.89,0.734,-1,-1,-1
61,8,1003.19,444.82,39.04,79.77,0.567,-1,-1,-1
61,20,1306.02,423.80,35.61,121.28,0.392,-1,-1,-1
61,9,1098.08,435.07,38.70,113.07,0.428,-1,-1,-1
61,12,1511.45,432.29,45.63,118.96,0.504,-1,-1,-1
61,224,1534.99,449.93,35.09,101.89,0.455,-1,-1,-1
61,14,1690.29,426.75,94.13,157.03,0.404,-1,-1,-1
61,256,1035.91,450.61,29.11,79.16,0.342,-1,-1,-1
61,261,1090.93,433.38,48.62,149.57,0.382,-1,-1,-1
61,13,969.30,483.63,43.40,67.66,0.329,-1,-1,-1
61,11,914.35,484.89,97.08,101.93,0.322,-1,-1,-1
61,73,413.85,457.42,51.63,95.66,0.294,-1,-1,-1
61,100,705.33,449.94,38.53,86.28,0.296,-1,-1,-1
62,2,620.99,442.76,95.26,278.53,0.894,-1,-1,-1
62,3,483.17,442.39,124.96,321.79,0.913,-1,-1,-1
62,5,747.30,461.50,37.86,102.66,0.536,-1,-1,-1
62,6,1259.13,444.03,35.44,99.04,0.707,-1,-1,-1
62,7,932.96,435.01,32.55,83.25,0.488,-1,-1,-1
62,16,836.30,463.22,40.14,81.51,0.421,-1,-1,-1
62,140,575.97,447.48,44.33,140.52,0.477,-1,-1,-1
62,22,414.54,455.51,39.50,51.73,0.324,-1,-1,-1
62,19,701.02,453.83,63.50,218.86,0.808,-1,-1,-1
62,8,1003.23,445.56,38.03,78.84,0.613,-1,-1,-1
62,20,1306.58,425.20,35.16,119.96,0.455,-1,-1,-1
62,9,1099.00,436.94,37.86,111.15,0.490,-1,-1,-1
62,224,1534.63,447.77,35.89,103.69,0.535,-1,-1,-1
62,14,1690.00,427.25,94.64,157.72,0.430,-1,-1,-1
62,256,1035.99,455.08,27.31,74.11,0.383,-1,-1,-1
62,13,966.73,483.41,44.92,70.65,0.331,-1,-1,-1
62,265,478.63,453.83,44.07,63.54,0.335,-1,-1,-1
62,11,913.57,484.20,97.29,102.93,0.339,-1,-1,-1
62,73,413.30,457.39,51.71,95.81,0.271,-1,-1,-1
62,153,1048.27,485.32,44.15,77.87,0.267,-1,-1,-1
62,196,371.54,443.37,39.00,65.16,0.309,-1,-1,-1
63,2,619.04,443.23,95.93,280.41,0.903,-1,-1,-1
63,3,490.08,442.08,128.18,322.62,0.888,-1,-1,-1
63,5,750.07,466.06,36.56,99.01,0.464,-1,-1,-1
63,6,1258.79,445.22,35.16,98.00,0.694,-1,-1,-1
63,7,932.91,435.11,32.64,83.44,0.493,-1,-1,-1
63,16,836.55,462.93,40.01,81.85,0.388,-1,-1,-1
63,140,582.36,448.78,43.85,138.87,0.362,-1,-1,-1
63,22,412.73,455.70,39.21,51.91,0.313,-1,-1,-1
63,19,701.32,455.08,63.65,218.67,0.809,-1,-1,-1
63,8,1003.57,445.64,37.72,79.11,0.517,-1,-1,-1
63,20,1306.67,425.68,35.17,119.84,0.492,-1,-1,-1
63,9,1098.20,438.39,37.85,110.81,0.482,-1,-1,-1
63,14,1689.16,428.45,94.31,156.40,0.425,-1,-1,-1
63,256,1034.58,453.04,28.31,76.67,0.497,-1,-1,-1
63,13,967.29,484.17,44.13,69.73,0.334,-1,-1,-1
63,265,478.49,453.66,44.69,64.49,0.286,-1,-1,-1
63,11,914.08,485.11,96.50,102.17,0.339,-1,-1,-1
63,273,1670.16,425.87,116.19,209.07,0.319,-1,-1,-1
63,196,371.83,443.60,38.73,64.32,0.289,-1,-1,-1
63,12,1520.72,430.72,45.41,120.46,0.567,-1,-1,-1
64,2,617.67,443.72,96.29,281.67,0.906,-1,-1,-1
64,3,494.70,443.17,131.45,322.83,0.886,-1,-1,-1
64,5,752.57,471.28,34.91,94.05,0.526,-1,-1,-1
64,6,1258.45,446.06,34.90,97.01,0.700,-1,-1,-1
64,7,932.28,435.45,32.42,82.87,0.517,-1,-1,-1
64,16,835.30,462.15,39.97,82.18,0.440,-1,-1,-1
64,140,581.16,448.69,43.86,138.99,0.369,-1,-1,-1
64,22,412.55,455.28,39.68,52.95,0.353,-1,-1,-1
64,19,700.20,455.73,64.07,219.08,0.824,-1,-1,-1
64,8,1002.69,444.79,37.88,80.52,0.481,-1,-1,-1
64,20,1306.21,426.22,35.23,119.50,0.475,-1,-1,-1
64,9,1097.49,439.96,37.62,109.47,0.412,-1,-1,-1
64,14,1687.50,427.70,95.43,157.76,0.373,-1,-1,-1
64,256,1034.41,452.69,28.39,76.67,0.454,-1,-1,-1
64,13,967.74,483.72,42.30,67.62,0.357,-1,-1,-1
64,265,479.47,452.55,44.84,64.84,0.307,-1,-1,-1
64,11,913.24,484.64,96.03,102.47,0.365,-1,-1,-1
64,273,1670.30,424.91,116.70,210.13,0.281,-1,-1,-1
64,277,808.71,476.69,28.54,72.15,0.362,-1,-1,-1
64,281,734.40,451.00,29.79,50.39,0.350,-1,-1,-1
64,12,1523.77,429.55,44.98,121.60,0.505,-1,-1,-1
64,261,1088.33,444.98,47.30,145.35,0.325,-1,-1,-1
64,73,410.30,456.21,51.46,97.07,0.270,-1,-1,-1
64,153,1046.97,484.72,44.87,77.90,0.306,-1,-1,-1
65,2,616.70,444.13,96.51,282.64,0.911,-1,-1,-1
65,3,498.45,443.23,132.13,322.37,0.855,-1,-1,-1
65,5,753.17,472.23,34.69,92.88,0.405,-1,-1,-1
65,6,1258.15,446.81,34.76,96.52,0.677,-1,-1,-1
65,7,931.98,435.14,32.55,83.22,0.581,-1,-1,-1
65,16,835.68,462.22,39.04,81.47,0.362,-1,-1,-1
65,140,578.94,450.10,43.37,138.03,0.346,-1,-1,-1
65,22,413.29,455.10,39.23,52.86,0.332,-1,-1,-1
65,19,700.11,455.10,64.83,220.83,0.841,-1,-1,-1
65,8,1002.57,444.44,37.45,80.45,0.589,-1,-1,-1
65,20,1306.45,427.07,35.04,118.70,0.409,-1,-1,-1
65,9,1097.88,440.03,37.66,109.73,0.532,-1,-1,-1
65,14,1688.65,427.87,94.92,157.16,0.337,-1,-1,-1
65,256,1034.98,452.63,28.43,76.48,0.555,-1,-1,-1
65,13,967.14,483.56,42.18,68.18,0.400,-1,-1,-1
65,11,913.11,484.23,95.54,102.71,0.363,-1,-1,-1
65,273,1672.11,425.51,115.98,209.22,0.285,-1,-1,-1
65,277,808.80,476.60,28.57,72.26,0.328,-1,-1,-1
65,281,736.32,450.80,30.23,51.22,0.341,-1,-1,-1
65,283,1051.12,484.33,39.25,48.44,0.344,-1,-1,-1
65,153,1046.05,484.62,45.81,78.84,0.312,-1,-1,-1
65,224,1533.63,433.78,40.19,117.69,0.383,-1,-1,-1
66,2,616.25,444.46,97.08,285.05,0.910,-1,-1,-1
66,3,500.03,443.32,134.94,323.48,0.899,-1,-1,-1
66,5,753.30,472.60,35.07,93.27,0.440,-1,-1,-1
66,6,1258.05,446.98,34.72,96.27,0.687,-1,-1,-1
66,7,931.59,435.05,32.59,83.34,0.571,-1,-1,-1
66,16,835.77,462.16,38.60,81.45,0.358,-1,-1,-1
66,22,411.70,456.03,38.64,52.23,0.319,-1,-1,-1
66,19,701.32,458.03,64.50,218.32,0.844,-1,-1,-1
66,8,1001.88,444.00,37.06,80.82,0.624,-1,-1,-1
66,20,1306.50,427.79,35.00,118.00,0.472,-1,-1,-1
66,9,1097.85,439.55,37.87,110.04,0.609,-1,-1,-1
66,14,1688.37,427.71,95.03,157.32,0.340,-1,-1,-1
66,256,1035.07,451.35,29.10,77.99,0.575,-1,-1,-1
66,13,966.71,483.75,41.74,68.36,0.295,-1,-1,-1
66,11,912.16,484.61,94.63,102.02,0.354,-1,-1,-1
66,277,809.15,478.36,27.92,70.53,0.283,-1,-1,-1
66,281,737.74,450.17,31.15,52.96,0.483,-1,-1,-1
66,283,1049.16,484.16,40.24,49.66,0.268,-1,-1,-1
66,153,1046.93,484.59,45.64,78.02,0.258,-1,-1,-1
66,287,830.96,462.40,28.64,81.68,0.323,-1,-1,-1
66,224,1536.45,431.01,40.76,120.60,0.557,-1,-1,-1
66,265,478.32,451.50,45.42,65.81,0.256,-1,-1,-1
67,2,616.15,444.28,97.62,286.82,0.911,-1,-1,-1
67,3,500.81,443.31,136.91,323.77,0.897,-1,-1,-1
67,5,753.97,472.84,35.55,94.44,0.413,-1,-1,-1
67,6,1258.29,447.37,34.57,95.75,0.710,-1,-1,-1
67,7,931.56,435.19,32.47,82.98,0.584,-1,-1,-1
67,16,836.46,462.30,38.06,81.20,0.369,-1,-1,-1
67,22,412.52,455.44,39.02,53.24,0.342,-1,-1,-1
67,19,700.91,460.41,64.04,216.07,0.841,-1,-1,-1
67,8,1001.79,443.76,36.60,80.76,0.621,-1,-1,-1
67,20,1306.58,427.86,35.13,117.96,0.450,-1,-1,-1
67,9,1097.61,438.97,37.90,110.14,0.549,-1,-1,-1
67,14,1688.02,427.75,95.08,157.08,0.294,-1,-1,-1
67,256,1035.44,448.61,30.20,80.70,0.603,-1,-1,-1
67,13,966.55,483.49,41.82,69.55,0.287,-1,-1,-1
67,11,911.62,484.10,94.65,102.44,0.335,-1,-1,-1
67,277,808.85,477.73,28.08,70.92,0.300,-1,-1,-1
67,281,739.06,450.46,31.61,53.98,0.475,-1,-1,-1
67,287,831.10,462.56,28.52,81.30,0.331,-1,-1,-1
67,224,1538.64,433.31,39.94,118.07,0.546,-1,-1,-1
67,265,478.19,451.91,45.57,66.15,0.254,-1,-1,-1
67,73,411.23,455.91,50.29,96.32,0.257,-1,-1,-1
68,2,615.70,443.98,98.15,288.07,0.918,-1,-1,-1
68,3,500.98,444.69,137.88,322.65,0.905,-1,-1,-1
68,5,756.07,475.16,34.26,89.94,0.411,-1,-1,-1
68,6,1258.51,447.94,34.46,95.31,0.741,-1,-1,-1
68,7,932.03,435.47,32.36,82.77,0.538,-1,-1,-1
68,16,837.20,462.62,37.31,80.36,0.324,-1,-1,-1
68,22,413.20,454.80,39.46,54.59,0.344,-1,-1,-1
68,19,701.67,460.31,64.67,216.62,0.870,-1,-1,-1
68,8,1001.72,442.89,36.32,81.30,0.592,-1,-1,-1
68,20,1307.05,428.55,34.89,117.24,0.456,-1,-1,-1
68,9,1099.00,441.36,37.07,107.79,0.557,-1,-1,-1
68,14,1686.83,428.16,95.34,156.79,0.345,-1,-1,-1
68,256,1035.89,448.71,30.42,80.60,0.525,-1,-1,-1
68,13,966.94,484.04,40.37,67.75,0.292,-1,-1,-1
68,11,913.14,485.17,93.13,101.33,0.318,-1,-1,-1
68,277,810.50,481.45,26.71,67.12,0.259,-1,-1,-1
68,281,740.02,450.48,31.89,54.67,0.526,-1,-1,-1
68,287,830.91,462.87,28.15,80.20,0.290,-1,-1,-1
68,224,1540.38,432.19,39.99,118.81,0.591,-1,-1,-1
68,196,370.75,444.17,38.17,63.20,0.271,-1,-1,-1
68,273,1670.38,424.53,116.56,210.47,0.279,-1,-1,-1
68,283,1047.40,483.87,41.84,51.54,0.274,-1,-1,-1
68,153,1046.36,484.33,45.80,77.82,0.304,-1,-1,-1
69,2,615.49,444.01,98.13,287.63,0.911,-1,-1,-1
69,3,501.78,444.07,138.82,323.34,0.905,-1,-1,-1
69,5,755.70,471.43,36.49,95.51,0.420,-1,-1,-1
69,6,1258.63,448.15,34.46,95.13,0.728,-1,-1,-1
69,7,932.42,435.60,32.37,82.76,0.527,-1,-1,-1
69,16,838.04,462.94,36.72,79.98,0.329,-1,-1,-1
69,22,412.86,454.83,39.88,55.83,0.352,-1,-1,-1
69,19,701.54,458.55,65.37,218.43,0.872,-1,-1,-1
69,8,1002.39,442.56,36.21,81.88,0.635,-1,-1,-1
69,20,1306.90,428.61,34.87,117.10,0.444,-1,-1,-1
69,9,1099.32,442.42,36.73,106.60,0.562,-1,-1,-1
69,14,1686.89,428.40,95.62,156.71,0.346,-1,-1,-1
69,256,1037.02,449.14,29.50,77.50,0.454,-1,-1,-1
69,13,968.12,485.79,38.11,64.15,0.259,-1,-1,-1
69,11,912.75,483.63,93.85,102.87,0.338,-1,-1,-1
69,277,810.86,480.86,26.98,67.48,0.252,-1,-1,-1
69,281,740.78,449.79,32.43,55.84,0.484,-1,-1,-1
69,287,831.14,463.22,28.08,79.94,0.284,-1,-1,-1
69,295,494.20,454.12,37.50,52.12,0.355,-1,-1,-1
69,196,370.86,444.55,38.07,63.01,0.269,-1,-1,-1
69,273,1670.70,424.75,116.26,210.26,0.282,-1,-1,-1
69,283,1045.01,483.70,44.79,55.30,0.324,-1,-1,-1
69,153,1045.05,484.28,46.67,78.99,0.315,-1,-1,-1
70,2,614.78,443.95,98.29,287.71,0.918,-1,-1,-1
70,3,501.54,443.51,139.79,323.92,0.905,-1,-1,-1
70,5,756.78,470.68,37.17,96.67,0.400,-1,-1,-1
70,6,1258.51,447.91,34.55,95.38,0.740,-1,-1,-1
70,7,932.47,435.62,32.44,82.88,0.549,-1,-1,-1
70,16,838.44,463.12,36.68,80.29,0.326,-1,-1,-1
70,22,413.51,454.71,39.27,55.57,0.345,-1,-1,-1
70,19,702.14,457.90,65.64,218.63,0.864,-1,-1,-1
70,8,1003.06,443.08,35.79,81.39,0.653,-1,-1,-1
70,20,1307.22,428.61,34.82,116.91,0.394,-1,-1,-1
70,9,1099.24,442.14,36.88,106.90,0.577,-1,-1,-1
70,14,1686.43,428.53,96.06,156.79,0.340,-1,-1,-1
70,256,1038.71,449.54,27.67,71.21,0.451,-1,-1,-1
70,13,967.23,486.19,39.23,66.57,0.275,-1,-1,-1
70,11,914.34,485.67,91.68,100.81,0.330,-1,-1,-1
70,281,740.80,448.21,33.52,58.05,0.537,-1,-1,-1
70,287,830.72,463.35,28.36,80.60,0.273,-1,-1,-1
70,295,493.82,454.16,39.33,54.75,0.410,-1,-1,-1
70,196,370.50,444.65,38.23,62.99,0.310,-1,-1,-1
70,273,1670.75,424.72,116.10,210.13,0.271,-1,-1,-1
70,283,1044.23,483.50,45.58,56.38,0.338,-1,-1,-1
70,153,1044.64,484.16,46.92,79.06,0.318,-1,-1,-1
70,12,1539.99,428.69,44.91,122.40,0.615,-1,-1,-1
71,2,614.35,443.42,98.53,287.93,0.919,-1,-1,-1
71,3,502.80,442.64,140.34,325.00,0.905,-1,-1,-1
71,5,758.58,471.49,37.20,95.81,0.304,-1,-1,-1
71,6,1258.59,448.25,34.51,95.17,0.733,-1,-1,-1
71,7,932.68,435.57,32.57,83.13,0.507,-1,-1,-1
71,16,839.08,463.24,36.45,79.85,0.305,-1,-1,-1
71,22,413.82,452.58,40.21,57.53,0.380,-1,-1,-1
71,19,701.80,456.15,66.35,220.66,0.868,-1,-1,-1
71,8,1003.60,443.16,35.39,81.03,0.587,-1,-1,-1
71,20,1307.54,429.05,34.64,116.16,0.368,-1,-1,-1
71,9,1099.88,444.63,35.97,104.19,0.520,-1,-1,-1
71,14,1688.08,428.73,95.50,155.95,0.372,-1,-1,-1
71,256,1040.96,447.39,27.01,67.62,0.402,-1,-1,-1
71,11,913.45,484.65,92.26,101.81,0.382,-1,-1,-1
71,281,741.12,448.35,33.18,57.66,0.444,-1,-1,-1
71,295,493.04,454.39,41.02,57.29,0.438,-1,-1,-1
71,196,369.47,444.57,38.39,62.97,0.274,-1,-1,-1
71,283,1043.96,484.65,44.54,55.33,0.281,-1,-1,-1
71,153,1044.57,484.37,47.00,79.10,0.268,-1,-1,-1
71,12,1542.53,428.65,44.42,122.30,0.624,-1,-1,-1
72,2,613.04,442.20,98.98,289.10,0.916,-1,-1,-1
72,3,504.11,441.64,140.71,326.09,0.904,-1,-1,-1
72,6,1258.49,448.39,34.53,95.03,0.747,-1,-1,-1
72,7,932.69,435.50,32.60,83.08,0.532,-1,-1,-1
72,16,839.47,462.96,36.35,79.89,0.322,-1,-1,-1
72,22,413.88,452.34,40.00,57.86,0.379,-1,-1,-1
72,19,701.95,456.18,66.80,220.58,0.869,-1,-1,-1
72,8,1003.40,443.37,35.27,80.74,0.583,-1,-1,-1
72,20,1307.81,428.78,34.68,116.47,0.384,-1,-1,-1
72,9,1099.58,442.98,36.53,105.93,0.562,-1,-1,-1
72,14,1688.49,428.81,95.57,155.93,0.315,-1,-1,-1
72,256,1044.04,446.87,26.16,63.70,0.366,-1,-1,-1
72,11,917.50,496.39,83.24,90.25,0.265,-1,-1,-1
72,281,741.87,446.84,35.12,61.80,0.484,-1,-1,-1
72,295,492.72,454.34,42.45,59.53,0.482,-1,-1,-1
72,196,367.88,444.38,38.25,63.00,0.285,-1,-1,-1
72,12,1543.19,428.33,43.84,122.06,0.638,-1,-1,-1
72,287,831.02,462.97,28.56,80.69,0.269,-1,-1,-1
73,2,613.24,441.90,98.83,289.03,0.915,-1,-1,-1
73,3,504.74,440.46,140.92,327.49,0.909,-1,-1,-1
73,6,1258.56,448.44,34.53,94.93,0.736,-1,-1,-1
73,7,932.45,435.55,32.47,82.81,0.492,-1,-1,-1
73,16,840.04,463.00,36.26,79.75,0.321,-1,-1,-1
73,22,414.41,450.68,40.72,59.56,0.383,-1,-1,-1
73,19,703.22,457.19,67.14,219.42,0.851,-1,-1,-1
73,8,1003.32,443.54,34.98,79.98,0.574,-1,-1,-1
73,20,1307.91,428.57,34.67,116.74,0.343,-1,-1,-1
73,9,1099.36,442.97,36.49,105.63,0.605,-1,-1,-1
73,14,1690.36,428.25,95.26,156.10,0.268,-1,-1,-1
73,256,1044.87,447.29,25.85,61.04,0.356,-1,-1,-1
73,11,914.99,489.71,89.08,96.78,0.386,-1,-1,-1
73,281,743.16,447.45,35.40,62.96,0.459,-1,-1,-1
73,295,491.44,454.41,43.10,60.91,0.494,-1,-1,-1
73,196,367.87,443.99,38.52,63.49,0.294,-1,-1,-1
73,12,1544.67,428.24,43.38,121.86,0.570,-1,-1,-1
73,305,469.28,463.81,44.95,98.01,0.431,-1,-1,-1
73,287,831.31,462.93,28.34,79.33,0.261,-1,-1,-1
73,261,1083.51,480.74,38.87,114.57,0.282,-1,-1,-1
73,13,968.31,484.99,38.70,66.00,0.290,-1,-1,-1
74,2,614.82,441.77,98.51,288.95,0.915,-1,-1,-1
74,3,507.65,440.00,140.27,328.12,0.889,-1,-1,-1
74,6,1258.55,448.41,34.74,95.32,0.725,-1,-1,-1
74,7,932.27,435.66,32.39,82.69,0.509,-1,-1,-1
74,16,837.32,462.37,37.20,81.43,0.365,-1,-1,-1
74,22,414.83,451.03,39.93,58.92,0.371,-1,-1,-1
74,19,703.82,457.81,67.46,218.63,0.845,-1,-1,-1
74,8,1003.00,443.38,34.93,79.81,0.590,-1,-1,-1
74,20,1307.94,429.10,34.42,116.25,0.345,-1,-1,-1
74,9,1099.73,442.75,36.40,105.47,0.494,-1,-1,-1
74,14,1691.69,427.98,94.84,156.33,0.300,-1,-1,-1
74,256,1046.92,446.56,26.18,60.22,0.329,-1,-1,-1
74,11,912.98,486.08,92.38,100.59,0.400,-1,-1,-1
74,281,744.68,447.00,34.46,62.16,0.453,-1,-1,-1
74,295,490.33,453.87,43.42,62.10,0.505,-1,-1,-1
74,196,368.22,444.11,38.70,63.23,0.288,-1,-1,-1
74,12,1545.64,429.28,42.61,120.59,0.447,-1,-1,-1
74,305,467.43,460.86,47.17,103.21,0.315,-1,-1,-1
74,261,1081.28,482.60,39.92,113.75,0.440,-1,-1,-1
74,13,967.69,483.77,39.77,68.30,0.361,-1,-1,-1
75,2,615.68,441.74,97.76,289.03,0.910,-1,-1,-1
75,3,511.00,440.50,138.67,327.65,0.905,-1,-1,-1
75,6,1258.27,448.12,34.83,95.75,0.738,-1,-1,-1
75,7,932.04,435.51,32.26,82.63,0.513,-1,-1,-1
75,16,838.65,462.36,36.96,81.35,0.353,-1,-1,-1
75,22,415.07,450.51,40.44,60.26,0.327,-1,-1,-1
75,19,704.62,458.77,67.67,216.99,0.844,-1,-1,-1
75,8,1003.34,443.50,34.54,79.12,0.520,-1,-1,-1
75,20,1307.74,428.53,34.51,116.78,0.392,-1,-1,-1
75,9,1100.43,443.17,36.13,105.30,0.469,-1,-1,-1
75,14,1691.45,427.98,94.49,156.33,0.331,-1,-1,-1
75,11,913.36,485.41,93.02,101.51,0.379,-1,-1,-1
75,281,747.25,446.89,31.79,57.88,0.413,-1,-1,-1
75,295,490.09,453.74,43.18,62.60,0.507,-1,-1,-1
75,196,368.09,443.94,39.12,63.83,0.275,-1,-1,-1
75,12,1547.63,429.82,41.69,119.65,0.295,-1,-1,-1
75,305,465.61,458.07,50.03,110.27,0.375,-1,-1,-1
75,261,1081.80,467.31,45.72,129.01,0.527,-1,-1,-1
75,13,967.34,484.11,40.80,70.62,0.379,-1,-1,-1
75,318,507.80,445.82,75.17,270.00,0.383,-1,-1,-1
76,2,617.01,441.80,97.02,289.18,0.909,-1,-1,-1
76,3,514.53,440.93,137.00,327.38,0.890,-1,-1,-1
76,6,1258.24,448.25,34.81,95.70,0.740,-1,-1,-1
76,7,931.77,435.30,32.26,82.86,0.484,-1,-1,-1
76,16,835.57,461.84,37.13,81.58,0.363,-1,-1,-1
76,22,415.68,450.61,40.62,61.06,0.347,-1,-1,-1
76,19,705.45,461.24,67.59,214.53,0.846,-1,-1,-1
76,8,1003.50,445.00,34.13,78.35,0.582,-1,-1,-1
76,20,1307.46,428.32,34.57,117.06,0.425,-1,-1,-1
76,9,1100.72,442.47,36.14,105.93,0.505,-1,-1,-1
76,14,1690.71,427.80,94.34,156.34,0.304,-1,-1,-1
76,11,914.22,486.92,91.24,99.53,0.356,-1,-1,-1
76,281,749.10,446.76,29.70,54.10,0.383,-1,-1,-1
76,295,489.65,453.50,43.03,63.25,0.480,-1,-1,-1
76,196,367.68,443.80,39.30,64.17,0.257,-1,-1,-1
76,305,464.20,456.09,47.57,105.80,0.411,-1,-1,-1
76,261,1082.65,459.32,48.65,137.01,0.329,-1,-1,-1
76,13,967.58,485.93,40.06,69.64,0.273,-1,-1,-1
76,318,506.48,446.04,75.74,271.65,0.552,-1,-1,-1
76,324,470.94,454.84,32.10,62.57,0.346,-1,-1,-1
76,73,411.90,452.25,50.63,100.64,0.271,-1,-1,-1
76,5,761.49,469.20,39.73,100.89,0.260,-1,-1,-1
76,256,1048.68,449.62,27.64,61.99,0.348,-1,-1,-1
77,2,617.96,441.84,95.93,288.84,0.905,-1,-1,-1
77,3,517.21,441.32,135.16,327.11,0.890,-1,-1,-1
77,6,1258.27,448.25,34.84,95.73,0.732,-1,-1,-1
77,7,931.80,435.17,32.21,82.98,0.489,-1,-1,-1
77,16,837.14,461.87,37.38,81.80,0.352,-1,-1,-1
77,22,415.76,450.33,40.38,61.30,0.326,-1,-1,-1
77,19,706.89,459.60,69.17,216.34,0.854,-1,-1,-1
77,8,1003.06,445.15,34.17,78.37,0.568,-1,-1,-1
77,20,1307.26,428.23,34.58,117.15,0.424,-1,-1,-1
77,9,1100.89,442.05,36.05,106.30,0.522,-1,-1,-1
77,14,1690.50,427.23,94.48,156.93,0.277,-1,-1,-1
77,11,914.90,486.02,91.67,100.24,0.370,-1,-1,-1
77,281,750.31,447.11,27.99,50.78,0.341,-1,-1,-1
77,295,490.05,453.48,42.35,63.06,0.496,-1,-1,-1
77,305,464.49,455.01,44.28,99.42,0.406,-1,-1,-1
77,261,1083.75,452.80,50.63,143.34,0.265,-1,-1,-1
77,13,968.29,485.02,40.09,69.89,0.313,-1,-1,-1
77,318,511.96,446.02,76.01,273.19,0.553,-1,-1,-1
77,324,470.97,454.00,32.32,62.96,0.322,-1,-1,-1
77,5,761.75,466.93,41.26,103.20,0.328,-1,-1,-1
77,256,1051.38,450.21,26.96,59.04,0.333,-1,-1,-1
78,2,618.90,441.82,94.83,289.27,0.894,-1,-1,-1
78,3,518.36,441.46,133.88,326.88,0.895,-1,-1,-1
78,6,1258.58,447.66,35.11,95.99,0.719,-1,-1,-1
78,7,932.22,435.78,31.97,82.57,0.513,-1,-1,-1
78,16,835.72,462.00,36.71,80.13,0.369,-1,-1,-1
78,22,417.09,451.08,39.12,59.78,0.326,-1,-1,-1
78,19,711.08,461.21,70.68,214.93,0.891,-1,-1,-1
78,8,1003.57,445.70,34.29,78.11,0.684,-1,-1,-1
78,20,1306.55,428.69,34.40,116.61,0.452,-1,-1,-1
78,14,1692.84,427.61,93.76,156.70,0.328,-1,-1,-1
78,11,914.65,486.51,91.63,99.93,0.323,-1,-1,-1
78,281,752.07,447.11,27.37,49.44,0.357,-1,-1,-1
78,295,489.87,453.59,42.35,63.88,0.498,-1,-1,-1
78,305,464.19,455.33,43.00,97.60,0.486,-1,-1,-1
78,261,1081.91,454.25,50.76,142.47,0.505,-1,-1,-1
78,324,470.29,453.71,32.54,63.41,0.324,-1,-1,-1
78,256,1052.09,454.39,26.46,55.80,0.345,-1,-1,-1
78,196,370.30,443.59,39.72,64.96,0.304,-1,-1,-1
79,2,619.78,441.63,93.69,289.65,0.884,-1,-1,-1
79,3,524.96,441.37,131.72,327.77,0.862,-1,-1,-1
79,6,1259.24,446.94,35.60,96.56,0.719,-1,-1,-1
79,7,932.31,435.87,31.98,82.58,0.505,-1,-1,-1
79,16,837.43,462.16,36.94,79.93,0.363,-1,-1,-1
79,22,417.64,451.43,38.99,60.17,0.292,-1,-1,-1
79,19,713.74,461.04,73.01,215.43,0.896,-1,-1,-1
79,8,1003.64,446.71,34.32,77.29,0.714,-1,-1,-1
79,20,1306.81,429.31,34.17,116.07,0.450,-1,-1,-1
79,14,1694.30,427.88,93.31,156.96,0.359,-1,-1,-1
79,11,914.53,485.47,92.74,101.02,0.347,-1,-1,-1
79,281,751.29,448.42,33.91,61.71,0.419,-1,-1,-1
79,295,490.00,453.03,42.65,65.20,0.506,-1,-1,-1
79,305,464.87,455.80,42.47,97.63,0.475,-1,-1,-1
79,261,1082.34,452.79,51.33,143.88,0.366,-1,-1,-1
79,256,1053.29,456.31,25.96,53.40,0.295,-1,-1,-1
79,341,911.97,435.43,55.94,150.48,0.323,-1,-1,-1
79,196,371.16,443.47,39.65,65.23,0.278,-1,-1,-1
79,273,1673.01,426.07,114.64,208.11,0.250,-1,-1,-1
79,73,413.96,452.41,49.18,101.20,0.258,-1,-1,-1
79,9,1101.48,444.20,35.53,104.58,0.454,-1,-1,-1
79,13,968.63,485.86,40.84,70.92,0.254,-1,-1,-1
79,318,516.07,444.70,78.58,282.13,0.748,-1,-1,-1
80,2,621.72,441.59,92.27,288.73,0.876,-1,-1,-1
80,3,528.47,440.44,130.61,330.59,0.857,-1,-1,-1
80,6,1259.43,446.44,35.93,96.93,0.718,-1,-1,-1
80,7,932.14,435.75,32.08,82.88,0.519,-1,-1,-1
80,16,838.19,462.35,37.23,79.85,0.372,-1,-1,-1
80,22,418.69,451.28,37.98,58.93,0.259,-1,-1,-1
80,19,716.81,461.28,75.56,215.79,0.916,-1,-1,-1
80,8,1003.62,446.66,34.60,77.44,0.687,-1,-1,-1
80,20,1307.07,429.26,34.01,116.02,0.461,-1,-1,-1
80,14,1694.05,428.23,92.63,156.09,0.320,-1,-1,-1
80,11,914.36,485.99,92.72,100.87,0.343,-1,-1,-1
80,281,752.49,448.43,35.32,64.59,0.348,-1,-1,-1
80,295,490.04,453.15,42.35,65.59,0.498,-1,-1,-1
80,305,465.76,457.82,40.32,93.82,0.417,-1,-1,-1
80,261,1081.33,449.47,52.61,146.88,0.345,-1,-1,-1
80,341,912.26,435.59,55.83,150.18,0.321,-1,-1,-1
80,196,371.26,443.35,39.75,65.31,0.277,-1,-1,-1
80,9,1102.56,444.18,35.01,104.32,0.454,-1,-1,-1
80,13,968.80,486.57,40.44,70.12,0.289,-1,-1,-1
80,318,516.48,444.57,79.57,286.62,0.739,-1,-1,-1
80,324,470.02,454.66,32.64,63.78,0.284,-1,-1,-1
81,2,624.34,441.62,90.60,286.82,0.878,-1,-1,-1
81,3,532.28,439.76,129.90,334.85,0.856,-1,-1,-1
81,6,1259.49,446.15,36.10,97.07,0.716,-1,-1,-1
81,7,932.01,435.82,31.96,82.61,0.522,-1,-1,-1
81,16,836.49,462.46,36.88,78.97,0.363,-1,-1,-1
81,22,418.96,452.71,37.21,57.81,0.348,-1,-1,-1
81,19,718.53,460.23,78.16,217.26,0.913,-1,-1,-1
81,8,1003.38,446.49,34.89,77.46,0.689,-1,-1,-1
81,20,1306.76,429.67,33.85,115.58,0.486,-1,-1,-1
81,14,1694.87,427.95,92.19,156.16,0.318,-1,-1,-1
81,11,915.07,486.22,92.56,100.57,0.392,-1,-1,-1
81,281,754.34,447.87,35.67,65.54,0.308,-1,-1,-1
81,295,490.17,453.60,41.81,65.49,0.531,-1,-1,-1
81,305,466.63,460.85,38.62,90.95,0.424,-1,-1,-1
81,261,1081.04,454.67,51.16,141.86,0.450,-1,-1,-1
81,341,912.34,435.78,55.68,149.83,0.284,-1,-1,-1
81,196,370.44,443.33,39.95,65.33,0.297,-1,-1,-1
81,9,1101.93,444.95,34.75,103.57,0.364,-1,-1,-1
81,13,968.84,486.02,41.08,71.16,0.310,-1,-1,-1
81,318,516.57,444.72,80.42,291.12,0.746,-1,-1,-1
81,352,1840.94,477.11,72.22,179.11,0.331,-1,-1,-1
81,73,415.12,452.88,47.85,101.24,0.277,-1,-1,-1
82,2,625.89,441.13,90.02,288.29,0.879,-1,-1,-1
82,3,534.63,439.97,128.46,336.62,0.845,-1,-1,-1
82,6,1259.69,446.91,35.86,96.17,0.714,-1,-1,-1
82,7,932.38,435.59,32.24,83.22,0.556,-1,-1,-1
82,16,838.64,462.81,37.24,80.25,0.357,-1,-1,-1
82,22,419.34,451.50,38.40,60.00,0.261,-1,-1,-1
82,19,721.70,464.79,79.04,213.01,0.906,-1,-1,-1
82,8,1003.70,446.74,35.24,77.80,0.713,-1,-1,-1
82,20,1307.16,428.83,33.90,116.23,0.330,-1,-1,-1
82,14,1693.22,428.28,92.24,155.93,0.304,-1,-1,-1
82,11,915.44,485.29,93.08,101.18,0.368,-1,-1,-1
82,281,755.48,448.41,32.98,60.30,0.312,-1,-1,-1
82,295,491.07,453.69,41.46,65.82,0.545,-1,-1,-1
82,305,465.63,461.79,38.24,91.36,0.481,-1,-1,-1
82,261,1081.02,459.30,49.87,137.01,0.478,-1,-1,-1
82,9,1102.78,444.77,34.43,103.40,0.357,-1,-1,-1
82,13,968.40,485.12,41.72,72.17,0.349,-1,-1,-1
82,318,517.74,444.64,80.92,294.48,0.731,-1,-1,-1
82,287,831.96,462.52,30.05,82.54,0.301,-1,-1,-1
82,273,1672.26,425.60,114.70,208.57,0.263,-1,-1,-1
83,2,627.35,441.11,89.44,289.35,0.877,-1,-1,-1
83,3,534.50,440.26,128.40,339.95,0.845,-1,-1,-1
83,6,1259.56,445.76,36.35,97.33,0.740,-1,-1,-1
83,7,932.79,435.28,32.47,83.65,0.592,-1,-1,-1
83,16,838.60,463.20,37.40,80.21,0.307,-1,-1,-1
83,22,419.45,451.77,39.75,62.64,0.324,-1,-1,-1
83,19,722.32,465.18,81.10,213.41,0.911,-1,-1,-1
83,8,1004.31,447.05,35.09,76.97,0.735,-1,-1,-1
83,20,1307.35,429.51,33.70,115.54,0.355,-1,-1,-1
83,11,916.05,484.77,93.50,101.56,0.409,-1,-1,-1
83,281,757.10,447.80,31.50,56.94,0.277,-1,-1,-1
83,295,491.67,453.91,41.10,65.79,0.519,-1,-1,-1
83,305,465.05,461.68,37.46,90.41,0.489,-1,-1,-1
83,261,1080.89,450.18,53.20,145.78,0.267,-1,-1,-1
83,9,1102.47,443.35,34.70,104.53,0.520,-1,-1,-1
83,13,968.17,484.72,42.13,72.36,0.352,-1,-1,-1
83,318,517.16,444.29,81.79,298.46,0.758,-1,-1,-1
83,100,702.59,453.68,30.71,64.59,0.352,-1,-1,-1
83,324,468.46,457.70,30.69,59.87,0.288,-1,-1,-1
83,341,913.44,434.95,55.95,150.63,0.288,-1,-1,-1
84,2,628.95,440.96,89.34,290.88,0.891,-1,-1,-1
84,3,539.58,440.25,127.20,343.39,0.823,-1,-1,-1
84,6,1259.88,444.86,36.78,98.41,0.742,-1,-1,-1
84,7,933.01,434.90,32.44,83.43,0.616,-1,-1,-1
84,16,838.89,463.37,37.76,81.20,0.339,-1,-1,-1
84,22,420.99,450.50,39.33,62.80,0.281,-1,-1,-1
84,19,722.40,464.25,83.27,214.78,0.911,-1,-1,-1
84,8,1004.83,446.62,35.29,76.99,0.716,-1,-1,-1
84,20,1307.72,429.35,33.70,115.67,0.408,-1,-1,-1
84,11,918.02,485.02,92.98,100.90,0.370,-1,-1,-1
84,281,759.13,447.43,30.07,53.87,0.276,-1,-1,-1
84,295,492.16,454.19,40.96,66.06,0.524,-1,-1,-1
84,305,464.34,462.01,37.42,91.55,0.475,-1,-1,-1
84,9,1102.51,443.42,34.73,104.37,0.543,-1,-1,-1
84,13,968.52,484.45,42.40,72.12,0.335,-1,-1,-1
84,318,515.97,444.29,82.09,299.41,0.788,-1,-1,-1
84,100,703.68,452.94,30.45,62.29,0.292,-1,-1,-1
84,196,371.79,443.51,39.84,64.69,0.292,-1,-1,-1
84,287,831.06,463.27,30.63,82.32,0.258,-1,-1,-1
85,2,630.07,441.09,88.74,291.16,0.880,-1,-1,-1
85,3,542.93,440.71,125.32,344.13,0.811,-1,-1,-1
85,6,1260.29,445.15,36.74,98.17,0.732,-1,-1,-1
85,7,933.24,435.20,32.34,82.91,0.606,-1,-1,-1
85,16,838.41,463.64,37.08,80.11,0.272,-1,-1,-1
85,22,422.18,448.83,38.09,60.94,0.258,-1,-1,-1
85,19,722.46,461.93,85.38,217.47,0.917,-1,-1,-1
85,8,1004.65,446.93,35.25,76.66,0.711,-1,-1,-1
85,20,1308.03,429.41,33.59,115.55,0.362,-1,-1,-1
85,11,917.51,485.14,93.34,101.19,0.374,-1,-1,-1
85,295,492.01,454.53,40.36,65.96,0.500,-1,-1,-1
85,305,464.07,462.65,36.34,89.85,0.350,-1,-1,-1
85,9,1099.83,448.97,34.18,99.71,0.501,-1,-1,-1
85,13,968.42,484.82,43.00,72.75,0.375,-1,-1,-1
85,318,513.80,444.48,82.37,298.98,0.799,-1,-1,-1
85,100,702.27,452.42,30.94,61.33,0.307,-1,-1,-1
85,287,832.41,463.52,31.08,81.42,0.319,-1,-1,-1
85,273,1693.06,427.12,91.12,163.91,0.361,-1,-1,-1
85,324,467.13,457.61,30.18,59.05,0.280,-1,-1,-1
85,341,914.76,435.31,55.74,150.17,0.256,-1,-1,-1
86,2,633.96,441.11,89.00,291.73,0.881,-1,-1,-1
86,3,545.60,440.86,123.35,343.52,0.816,-1,-1,-1
86,6,1259.97,445.17,36.71,98.17,0.720,-1,-1,-1
86,7,933.24,435.24,32.54,83.11,0.632,-1,-1,-1
86,19,722.18,457.51,88.09,222.54,0.916,-1,-1,-1
86,8,1004.36,447.81,34.82,75.72,0.678,-1,-1,-1
86,20,1308.01,428.21,33.96,117.03,0.396,-1,-1,-1
86,11,916.62,485.28,93.32,101.15,0.371,-1,-1,-1
86,295,491.99,453.68,40.15,66.43,0.494,-1,-1,-1
86,305,463.68,464.77,35.32,88.01,0.315,-1,-1,-1
86,9,1100.78,448.34,34.64,100.09,0.559,-1,-1,-1
86,13,967.88,485.16,43.31,73.05,0.371,-1,-1,-1
86,318,512.94,445.29,83.00,300.22,0.811,-1,-1,-1
86,100,702.32,452.80,34.68,69.17,0.351,-1,-1,-1
86,287,832.55,463.67,31.67,81.67,0.364,-1,-1,-1
86,273,1695.33,427.34,88.28,157.20,0.264,-1,-1,-1
86,324,467.03,462.52,28.47,55.51,0.319,-1,-1,-1
86,341,914.99,435.30,55.81,150.39,0.266,-1,-1,-1
87,2,635.48,441.51,89.27,292.31,0.882,-1,-1,-1
87,3,545.70,441.35,122.18,342.06,0.826,-1,-1,-1
87,6,1260.09,444.66,36.86,98.68,0.734,-1,-1,-1
87,7,932.99,435.14,32.48,82.97,0.622,-1,-1,-1
87,19,722.79,455.92,89.41,224.43,0.916,-1,-1,-1
87,8,1004.82,447.83,34.74,75.65,0.675,-1,-1,-1
87,20,1307.88,427.54,34.11,117.78,0.395,-1,-1,-1
87,11,916.25,485.69,93.01,100.95,0.306,-1,-1,-1
87,295,490.99,452.76,39.95,66.98,0.507,-1,-1,-1
87,305,463.67,466.12,34.88,87.06,0.310,-1,-1,-1
87,9,1102.06,451.06,33.76,97.17,0.452,-1,-1,-1
87,13,967.98,485.27,43.20,72.76,0.355,-1,-1,-1
87,318,512.77,445.91,83.51,301.77,0.811,-1,-1,-1
87,100,703.22,452.70,34.89,69.83,0.325,-1,-1,-1
87,287,832.73,463.97,31.69,80.27,0.333,-1,-1,-1
87,324,466.25,464.53,27.90,53.98,0.350,-1,-1,-1
87,261,1080.83,462.63,48.00,130.99,0.288,-1,-1,-1
87,16,836.27,463.80,37.08,80.11,0.342,-1,-1,-1
88,2,637.24,441.64,89.72,292.81,0.887,-1,-1,-1
88,3,542.99,441.49,122.69,341.83,0.863,-1,-1,-1
88,6,1259.86,445.62,36.28,97.59,0.675,-1,-1,-1
88,7,933.08,435.20,32.42,82.71,0.614,-1,-1,-1
88,19,723.87,455.65,90.13,224.94,0.915,-1,-1,-1
88,8,1004.77,447.40,34.82,76.12,0.640,-1,-1,-1
88,20,1308.28,427.75,33.93,117.44,0.319,-1,-1,-1
88,11,915.67,485.00,94.06,102.01,0.411,-1,-1,-1
88,295,491.81,453.32,38.99,65.92,0.497,-1,-1,-1
88,305,463.99,470.23,33.84,84.00,0.316,-1,-1,-1
88,9,1102.67,451.24,33.86,97.03,0.492,-1,-1,-1
88,13,967.85,484.62,44.12,74.49,0.416,-1,-1,-1
88,318,511.86,446.97,83.84,301.56,0.791,-1,-1,-1
88,100,701.80,451.17,33.09,65.18,0.296,-1,-1,-1
88,324,465.96,466.16,28.15,53.92,0.362,-1,-1,-1
88,16,837.00,463.94,37.42,80.58,0.360,-1,-1,-1
88,352,1833.14,448.50,83.35,206.97,0.297,-1,-1,-1
88,73,423.38,456.08,44.78,96.49,0.298,-1,-1,-1
88,196,370.98,443.16,39.96,63.97,0.252,-1,-1,-1
88,22,426.87,452.81,35.19,56.04,0.286,-1,-1,-1
88,273,1694.67,427.12,88.56,156.21,0.294,-1,-1,-1
89,2,639.17,441.41,90.33,293.63,0.888,-1,-1,-1
89,3,542.54,442.12,122.99,340.89,0.862,-1,-1,-1
89,6,1259.83,445.22,36.25,97.79,0.658,-1,-1,-1
89,7,933.18,435.21,32.54,82.91,0.593,-1,-1,-1
89,19,725.40,454.18,91.27,226.64,0.908,-1,-1,-1
89,8,1004.57,446.87,34.87,76.68,0.623,-1,-1,-1
89,20,1308.46,427.94,33.83,117.27,0.344,-1,-1,-1
89,11,916.40,484.27,94.26,102.76,0.384,-1,-1,-1
89,295,491.96,453.86,38.53,65.58,0.496,-1,-1,-1
89,305,463.12,471.57,33.66,83.38,0.342,-1,-1,-1
89,9,1104.41,453.47,32.77,94.28,0.362,-1,-1,-1
89,13,967.91,483.84,44.07,74.63,0.434,-1,-1,-1
89,318,511.41,446.98,84.26,301.59,0.796,-1,-1,-1
89,100,699.12,451.05,31.79,62.06,0.360,-1,-1,-1
89,324,465.57,468.60,27.47,52.02,0.353,-1,-1,-1
89,16,835.70,464.22,37.34,80.27,0.337,-1,-1,-1
89,352,1833.08,449.49,82.75,205.59,0.253,-1,-1,-1
89,73,424.48,455.91,44.03,96.59,0.365,-1,-1,-1
89,22,427.95,453.75,35.28,56.15,0.292,-1,-1,-1
89,273,1694.29,426.62,89.43,156.70,0.326,-1,-1,-1
89,261,1082.56,457.27,50.74,137.69,0.497,-1,-1,-1
90,2,640.25,441.45,90.86,293.45,0.897,-1,-1,-1
90,3,542.41,442.91,123.27,340.78,0.861,-1,-1,-1
90,6,1259.85,444.95,36.17,97.84,0.679,-1,-1,-1
90,7,933.34,435.27,32.87,83.34,0.629,-1,-1,-1
90,19,726.95,455.60,90.83,224.92,0.897,-1,-1,-1
90,8,1004.87,446.47,34.81,77.17,0.578,-1,-1,-1
90,20,1308.52,428.55,33.58,116.56,0.394,-1,-1,-1
90,11,917.04,484.17,93.57,102.50,0.387,-1,-1,-1
90,295,492.74,454.30,37.81,64.58,0.516,-1,-1,-1
90,305,461.05,465.93,37.21,92.97,0.329,-1,-1,-1
90,13,968.64,483.52,42.67,72.49,0.408,-1,-1,-1
90,318,513.37,446.49,84.21,302.11,0.790,-1,-1,-1
90,100,697.96,451.60,30.72,58.98,0.384,-1,-1,-1
90,324,463.82,464.37,29.28,55.33,0.360,-1,-1,-1
90,16,835.06,464.42,37.21,80.09,0.310,-1,-1,-1
90,73,423.61,452.59,44.93,100.57,0.353,-1,-1,-1
90,22,427.53,451.44,36.45,58.32,0.321,-1,-1,-1
90,261,1082.25,457.15,51.60,138.99,0.683,-1,-1,-1
91,2,641.60,441.96,91.48,292.84,0.897,-1,-1,-1
91,3,542.64,443.02,123.92,341.48,0.862,-1,-1,-1
91,6,1259.71,444.50,36.26,98.40,0.693,-1,-1,-1
91,7,933.48,435.17,33.28,84.27,0.629,-1,-1,-1
91,19,728.27,452.33,92.03,227.66,0.893,-1,-1,-1
91,8,1004.05,446.97,34.73,77.35,0.591,-1,-1,-1
91,20,1308.50,428.89,33.57,116.31,0.382,-1,-1,-1
91,11,915.82,483.52,93.61,103.08,0.310,-1,-1,-1
91,295,493.54,454.74,37.23,64.15,0.537,-1,-1,-1
91,305,460.24,465.44,37.66,94.84,0.325,-1,-1,-1
91,13,968.69,483.07,42.99,73.37,0.396,-1,-1,-1
91,318,514.30,446.18,84.03,302.16,0.796,-1,-1,-1
91,100,697.57,451.16,31.81,61.31,0.332,-1,-1,-1
91,324,463.57,464.50,29.46,55.36,0.383,-1,-1,-1
91,16,835.47,464.06,37.47,80.36,0.325,-1,-1,-1
91,73,423.51,449.69,45.61,103.09,0.285,-1,-1,-1
91,22,426.95,449.79,37.25,59.48,0.312,-1,-1,-1
91,261,1082.07,455.97,52.31,139.79,0.588,-1,-1,-1
91,196,372.24,444.06,39.59,63.23,0.262,-1,-1,-1
91,9,1105.57,454.23,32.16,93.22,0.344,-1,-1,-1
91,352,1826.21,406.21,93.79,248.77,0.260,-1,-1,-1
92,2,641.92,442.75,92.68,293.66,0.887,-1,-1,-1
92,3,542.28,443.08,125.15,343.97,0.856,-1,-1,-1
92,6,1259.13,444.67,36.17,98.36,0.707,-1,-1,-1
92,7,933.37,435.19,33.37,84.22,0.580,-1,-1,-1
92,19,730.34,453.64,91.30,226.37,0.880,-1,-1,-1
92,8,1004.59,446.98,34.35,76.99,0.578,-1,-1,-1
92,20,1308.70,429.20,33.51,115.96,0.377,-1,-1,-1
92,11,916.25,483.60,93.87,103.23,0.326,-1,-1,-1
92,295,493.31,454.63,37.59,65.29,0.542,-1,-1,-1
92,305,459.71,462.49,39.58,100.30,0.278,-1,-1,-1
92,13,969.39,483.30,43.02,73.24,0.437,-1,-1,-1
92,318,514.18,445.98,84.19,302.48,0.805,-1,-1,-1
92,100,698.77,452.15,30.99,59.33,0.357,-1,-1,-1
92,324,462.10,462.51,30.42,57.09,0.384,-1,-1,-1
92,16,835.63,463.90,37.81,80.73,0.361,-1,-1,-1
92,22,426.98,450.63,38.16,61.17,0.394,-1,-1,-1
92,261,1080.84,454.23,53.22,141.07,0.403,-1,-1,-1
92,9,1105.32,452.03,32.76,95.83,0.422,-1,-1,-1
93,2,641.35,442.95,93.75,294.41,0.894,-1,-1,-1
93,3,541.39,443.51,126.08,347.16,0.862,-1,-1,-1
93,6,1258.56,444.40,36.27,98.53,0.698,-1,-1,-1
93,7,933.21,435.28,33.44,84.11,0.610,-1,-1,-1
93,19,732.39,449.37,92.41,230.97,0.892,-1,-1,-1
93,8,1004.53,446.58,34.76,78.16,0.602,-1,-1,-1
93,20,1308.71,428.39,33.66,116.57,0.390,-1,-1,-1
93,11,918.41,483.52,94.38,104.06,0.365,-1,-1,-1
93,295,492.41,454.70,37.39,65.51,0.551,-1,-1,-1
93,13,968.65,483.52,43.69,74.42,0.496,-1,-1,-1
93,318,514.13,446.40,84.23,302.14,0.791,-1,-1,-1
93,100,699.33,451.49,29.88,56.58,0.368,-1,-1,-1
93,324,460.76,461.38,30.87,58.02,0.395,-1,-1,-1
93,16,837.03,463.97,37.94,81.12,0.365,-1,-1,-1
93,261,1080.31,455.97,53.17,140.21,0.373,-1,-1,-1
93,9,1104.51,449.67,33.35,98.38,0.443,-1,-1,-1
93,341,916.99,435.69,55.55,150.71,0.282,-1,-1,-1
93,273,1690.48,425.10,91.23,156.96,0.262,-1,-1,-1
93,352,1825.25,400.32,94.75,253.97,0.264,-1,-1,-1
94,2,640.92,443.18,94.72,295.80,0.899,-1,-1,-1
94,3,540.75,443.69,127.14,351.11,0.856,-1,-1,-1
94,6,1258.44,444.57,36.16,98.23,0.703,-1,-1,-1
94,7,933.32,435.32,33.53,84.01,0.602,-1,-1,-1
94,19,735.42,449.54,91.69,230.64,0.890,-1,-1,-1
94,8,1004.46,446.69,34.47,78.02,0.551,-1,-1,-1
94,20,1308.68,428.90,33.56,116.10,0.377,-1,-1,-1
94,11,918.51,483.45,94.63,104.47,0.374,-1,-1,-1
94,295,491.40,454.93,37.28,65.94,0.505,-1,-1,-1
94,13,968.38,483.64,43.80,74.61,0.526,-1,-1,-1
94,318,514.55,446.57,84.25,302.11,0.792,-1,-1,-1
94,100,700.25,452.01,28.81,54.00,0.370,-1,-1,-1
94,324,459.87,461.34,30.96,58.38,0.378,-1,-1,-1
94,16,836.89,463.92,37.82,80.97,0.352,-1,-1,-1
94,9,1103.71,445.79,34.61,102.79,0.479,-1,-1,-1
94,352,1825.52,396.70,94.48,256.90,0.275,-1,-1,-1
95,2,641.10,443.70,95.21,296.13,0.899,-1,-1,-1
95,3,540.61,443.71,128.66,356.09,0.866,-1,-1,-1
95,6,1257.60,444.45,36.50,98.54,0.749,-1,-1,-1
95,7,933.16,435.66,33.35,83.37,0.588,-1,-1,-1
95,19,737.91,449.85,91.06,230.94,0.890,-1,-1,-1
95,8,1004.49,447.61,33.85,76.82,0.662,-1,-1,-1
95,20,1308.57,428.58,33.71,116.32,0.483,-1,-1,-1
95,11,919.51,483.56,93.54,103.95,0.360,-1,-1,-1
95,295,491.58,454.89,36.71,65.00,0.500,-1,-1,-1
95,13,968.47,483.62,42.99,73.39,0.455,-1,-1,-1
95,318,513.33,446.49,84.41,302.11,0.786,-1,-1,-1
95,100,700.55,451.91,28.83,53.02,0.348,-1,-1,-1
95,324,457.71,461.20,30.48,57.36,0.324,-1,-1,-1
95,16,836.86,463.68,37.83,80.94,0.337,-1,-1,-1
95,9,1103.25,444.81,34.76,103.53,0.529,-1,-1,-1
95,352,1831.49,428.91,86.58,224.47,0.323,-1,-1,-1
95,261,1078.19,471.60,48.52,124.69,0.387,-1,-1,-1
95,273,1690.75,426.09,92.03,156.47,0.354,-1,-1,-1
96,2,641.58,443.61,95.78,296.99,0.897,-1,-1,-1
96,3,540.65,444.09,129.69,359.65,0.856,-1,-1,-1
96,6,1256.64,444.43,36.84,98.76,0.751,-1,-1,-1
96,7,932.88,435.76,33.40,83.30,0.606,-1,-1,-1
96,19,740.61,449.82,90.35,231.62,0.889,-1,-1,-1
96,8,1004.15,448.02,33.32,76.16,0.643,-1,-1,-1
96,20,1308.58,429.03,33.64,115.88,0.444,-1,-1,-1
96,11,917.78,483.80,92.83,103.23,0.407,-1,-1,-1
96,295,491.81,454.94,36.50,64.96,0.481,-1,-1,-1
96,13,968.22,483.74,42.94,73.39,0.427,-1,-1,-1
96,318,512.93,446.65,84.35,301.71,0.792,-1,-1,-1
96,100,704.67,452.66,26.35,47.68,0.341,-1,-1,-1
96,324,455.73,461.26,30.87,57.60,0.325,-1,-1,-1
96,16,837.71,463.61,37.75,80.98,0.335,-1,-1,-1
96,9,1102.86,444.12,34.87,104.20,0.580,-1,-1,-1
96,352,1834.28,443.74,81.33,210.28,0.379,-1,-1,-1
96,273,1690.26,426.27,92.82,156.38,0.304,-1,-1,-1
97,2,642.66,443.27,96.18,297.60,0.898,-1,-1,-1
97,3,539.97,443.87,130.00,361.46,0.867,-1,-1,-1
97,6,1255.96,444.52,37.08,98.72,0.760,-1,-1,-1
97,7,932.95,435.79,33.48,83.28,0.632,-1,-1,-1
97,19,742.33,450.14,89.91,232.44,0.885,-1,-1,-1
97,8,1003.81,448.54,32.89,75.53,0.660,-1,-1,-1
97,20,1308.35,429.12,33.65,115.76,0.417,-1,-1,-1
97,11,917.15,484.27,92.13,102.46,0.386,-1,-1,-1
97,295,491.99,455.01,36.32,64.93,0.468,-1,-1,-1
97,13,967.76,483.88,43.17,73.93,0.382,-1,-1,-1
97,318,512.85,446.55,84.24,301.70,0.795,-1,-1,-1
97,100,708.20,453.20,24.81,43.96,0.381,-1,-1,-1
97,324,454.76,461.01,30.33,56.25,0.344,-1,-1,-1
97,16,837.68,463.48,37.69,80.91,0.326,-1,-1,-1
97,9,1102.81,444.77,34.56,103.37,0.620,-1,-1,-1
97,352,1835.01,448.37,79.79,205.61,0.331,-1,-1,-1
97,273,1688.96,425.75,94.15,157.47,0.276,-1,-1,-1
98,2,644.09,442.46,96.48,298.13,0.909,-1,-1,-1
98,3,539.89,443.20,130.05,362.34,0.870,-1,-1,-1
98,6,1255.53,444.39,37.40,98.83,0.785,-1,-1,-1
98,7,932.96,435.99,33.44,82.79,0.647,-1,-1,-1
98,19,743.89,449.49,89.74,234.58,0.884,-1,-1,-1
98,8,1003.58,448.69,32.69,75.33,0.700,-1,-1,-1
98,20,1308.49,429.65,33.56,115.23,0.440,-1,-1,-1
98,11,915.85,484.20,92.13,102.59,0.337,-1,-1,-1
98,295,491.63,454.69,36.54,65.35,0.476,-1,-1,-1
98,13,968.37,484.49,41.48,70.97,0.288,-1,-1,-1
98,318,512.17,446.15,84.49,302.11,0.792,-1,-1,-1
98,100,711.08,453.55,24.77,43.05,0.392,-1,-1,-1
98,324,453.15,461.47,31.02,56.40,0.406,-1,-1,-1
98,16,837.26,463.51,37.71,80.41,0.337,-1,-1,-1
98,9,1101.93,442.02,35.54,106.21,0.629,-1,-1,-1
98,352,1835.97,450.58,79.03,203.68,0.284,-1,-1,-1
98,273,1689.79,426.70,94.02,156.30,0.333,-1,-1,-1
98,196,371.92,444.25,39.62,63.77,0.277,-1,-1,-1
99,2,646.01,441.67,96.95,298.72,0.911,-1,-1,-1
99,3,539.04,442.16,130.34,363.71,0.872,-1,-1,-1
99,6,1255.61,444.70,37.37,98.30,0.775,-1,-1,-1
99,7,933.31,435.95,33.45,82.59,0.666,-1,-1,-1
99,19,745.86,451.12,88.82,233.95,0.874,-1,-1,-1
99,8,1003.95,448.73,32.59,74.76,0.702,-1,-1,-1
99,20,1308.62,428.31,33.85,116.35,0.336,-1,-1,-1
99,11,916.32,484.30,92.05,102.48,0.324,-1,-1,-1
99,295,492.30,454.80,36.46,65.30,0.455,-1,-1,-1
99,13,968.62,484.34,41.66,71.16,0.290,-1,-1,-1
99,318,511.22,446.06,85.26,302.28,0.790,-1,-1,-1
99,100,713.27,453.32,24.68,42.08,0.392,-1,-1,-1
99,324,454.66,465.06,30.03,53.10,0.393,-1,-1,-1
99,16,836.36,463.92,37.95,80.18,0.348,-1,-1,-1
99,9,1101.60,441.72,35.91,107.05,0.701,-1,-1,-1
99,273,1689.05,426.14,95.01,156.91,0.287,-1,-1,-1
99,305,451.47,467.19,39.72,99.27,0.351,-1,-1,-1
100,2,648.38,441.13,97.30,299.24,0.912,-1,-1,-1
100,3,539.14,440.92,130.40,364.76,0.870,-1,-1,-1
100,6,1255.13,444.69,37.57,98.37,0.762,-1,-1,-1
100,7,933.76,435.65,33.51,82.60,0.657,-1,-1,-1
100,19,748.41,451.52,88.78,235.39,0.871,-1,-1,-1
100,8,1003.90,448.39,32.72,75.10,0.689,-1,-1,-1
100,20,1309.18,428.54,33.78,116.20,0.286,-1,-1,-1
100,11,917.16,485.73,90.96,101.08,0.360,-1,-1,-1
100,295,493.49,454.67,36.14,64.71,0.357,-1,-1,-1
100,13,968.90,485.32,41.76,71.03,0.314,-1,-1,-1
100,318,508.32,445.57,86.15,302.54,0.801,-1,-1,-1
100,100,715.53,453.09,25.69,43.49,0.349,-1,-1,-1
100,324,455.54,467.47,29.41,50.62,0.380,-1,-1,-1
100,16,837.27,463.48,38.29,80.49,0.395,-1,-1,-1
100,9,1102.69,444.17,35.03,104.46,0.585,-1,-1,-1
100,273,1686.13,424.77,97.29,159.12,0.276,-1,-1,-1
100,416,977.71,445.17,26.82,61.99,0.327,-1,-1,-1
100,305,451.57,468.92,39.47,97.58,0.366,-1,-1,-1
100,352,1831.18,413.02,88.82,242.30,0.301,-1,-1,-1
101,2,650.53,440.56,98.19,299.74,0.911,-1,-1,-1
101,3,540.00,439.93,130.43,365.93,0.858,-1,-1,-1
101,6,1254.16,444.67,37.82,98.55,0.747,-1,-1,-1
101,7,933.95,435.97,33.43,82.14,0.699,-1,-1,-1
101,19,750.96,452.09,88.34,236.41,0.874,-1,-1,-1
101,8,1003.46,448.62,32.42,74.30,0.688,-1,-1,-1
101,20,1309.26,428.68,33.74,115.92,0.251,-1,-1,-1
101,11,915.43,482.55,93.21,103.88,0.355,-1,-1,-1
101,295,493.99,454.80,36.54,65.06,0.408,-1,-1,-1
101,13,967.98,485.93,41.61,70.44,0.261,-1,-1,-1
101,318,506.92,445.33,87.45,302.98,0.807,-1,-1,-1
101,100,718.36,454.27,25.57,43.44,0.286,-1,-1,-1
101,324,454.05,466.15,30.84,52.30,0.390,-1,-1,-1
101,16,838.21,463.25,38.27,80.05,0.353,-1,-1,-1
101,9,1103.43,444.59,34.72,104.06,0.579,-1,-1,-1
101,273,1683.58,424.97,98.76,159.44,0.326,-1,-1,-1
101,416,977.75,444.79,27.08,62.59,0.276,-1,-1,-1
101,305,450.12,466.47,40.47,99.85,0.401,-1,-1,-1
101,352,1834.82,429.10,85.18,226.91,0.365,-1,-1,-1
102,2,652.57,440.24,99.05,300.10,0.911,-1,-1,-1
102,3,541.82,439.34,130.12,366.54,0.855,-1,-1,-1
102,6,1253.55,445.22,37.63,98.01,0.756,-1,-1,-1
102,7,934.13,436.12,33.50,81.90,0.719,-1,-1,-1
102,19,753.41,452.77,87.83,236.70,0.885,-1,-1,-1
102,8,1003.54,448.21,32.64,74.62,0.709,-1,-1,-1
102,20,1309.17,428.78,33.69,115.60,0.287,-1,-1,-1
102,11,913.04,477.83,96.37,108.22,0.338,-1,-1,-1
102,295,494.60,454.88,36.62,64.68,0.378,-1,-1,-1
102,13,967.55,485.05,42.42,71.80,0.297,-1,-1,-1
102,318,506.33,445.09,89.23,303.27,0.835,-1,-1,-1
102,100,721.08,454.97,26.24,44.74,0.267,-1,-1,-1
102,324,453.77,465.53,31.22,52.53,0.336,-1,-1,-1
102,16,839.21,463.19,38.49,79.67,0.333,-1,-1,-1
102,9,1103.58,444.28,34.74,104.72,0.597,-1,-1,-1
102,273,1682.19,425.01,100.15,159.92,0.347,-1,-1,-1
102,416,977.37,444.87,27.10,62.61,0.284,-1,-1,-1
102,305,450.23,465.87,40.88,100.19,0.343,-1,-1,-1
102,352,1836.83,438.29,82.46,218.10,0.382,-1,-1,-1
103,2,654.12,439.96,99.90,300.53,0.916,-1,-1,-1
103,3,542.21,439.25,129.81,366.26,0.854,-1,-1,-1
103,6,1253.56,445.16,37.58,97.99,0.765,-1,-1,-1
103,7,934.27,436.07,33.48,81.79,0.704,-1,-1,-1
103,19,754.51,453.68,87.33,236.38,0.875,-1,-1,-1
103,8,1003.44,447.38,33.07,75.67,0.664,-1,-1,-1
103,20,1309.08,428.16,33.88,116.48,0.357,-1,-1,-1
103,11,915.66,482.36,92.79,103.99,0.419,-1,-1,-1
103,295,496.19,455.17,36.43,64.14,0.306,-1,-1,-1
103,13,967.23,485.13,42.57,71.93,0.345,-1,-1,-1
103,318,505.33,444.62,91.06,303.70,0.830,-1,-1,-1
103,100,723.24,455.11,27.83,47.54,0.351,-1,-1,-1
103,324,452.89,466.10,31.22,51.57,0.341,-1,-1,-1
103,16,838.80,463.47,38.49,79.33,0.320,-1,-1,-1
103,9,1102.77,443.13,35.01,105.76,0.679,-1,-1,-1
103,273,1683.08,424.96,100.35,159.27,0.300,-1,-1,-1
103,416,976.92,444.48,27.49,63.52,0.303,-1,-1,-1
103,305,450.23,470.63,39.80,94.51,0.306,-1,-1,-1
103,352,1830.85,409.98,89.15,245.27,0.284,-1,-1,-1
104,2,655.40,439.61,100.45,301.11,0.917,-1,-1,-1
104,3,544.03,438.47,129.22,366.90,0.823,-1,-1,-1
104,6,1253.51,444.99,37.74,98.34,0.711,-1,-1,-1
104,7,934.28,436.27,33.61,81.71,0.674,-1,-1,-1
104,19,755.60,453.72,87.30,237.69,0.877,-1,-1,-1
104,8,1003.16,447.26,33.13,76.03,0.651,-1,-1,-1
104,20,1308.94,427.25,34.17,117.64,0.295,-1,-1,-1
104,11,915.20,483.65,91.95,103.10,0.410,-1,-1,-1
104,295,495.01,454.89,36.44,63.76,0.354,-1,-1,-1
104,13,966.39,485.04,42.76,72.60,0.343,-1,-1,-1
104,318,505.53,444.46,92.41,304.10,0.810,-1,-1,-1
104,100,724.91,455.30,28.79,49.40,0.291,-1,-1,-1
104,324,450.73,467.09,32.00,51.80,0.345,-1,-1,-1
104,16,838.26,463.66,38.56,79.29,0.334,-1,-1,-1
104,9,1102.45,442.10,35.22,106.70,0.597,-1,-1,-1
104,273,1685.19,424.86,99.94,158.66,0.342,-1,-1,-1
104,416,976.74,444.44,27.76,64.12,0.267,-1,-1,-1
104,305,447.81,469.19,41.38,97.57,0.370,-1,-1,-1
104,352,1829.66,402.02,90.34,253.21,0.322,-1,-1,-1
104,261,1073.55,446.67,57.95,147.61,0.424,-1,-1,-1
105,2,657.75,440.09,100.95,301.11,0.924,-1,-1,-1
105,3,542.72,437.78,129.53,367.46,0.856,-1,-1,-1
105,6,1252.76,444.93,37.61,98.46,0.705,-1,-1,-1
105,7,933.62,436.34,33.39,81.03,0.683,-1,-1,-1
105,19,757.91,454.99,87.18,238.22,0.881,-1,-1,-1
105,8,1002.94,447.09,33.18,76.45,0.642,-1,-1,-1
105,20,1308.99,427.32,34.07,117.82,0.301,-1,-1,-1
105,11,915.83,484.79,91.33,102.35,0.431,-1,-1,-1
105,295,494.58,454.12,36.42,63.27,0.317,-1,-1,-1
105,13,966.28,485.14,42.70,72.74,0.362,-1,-1,-1
105,318,507.05,444.57,93.01,304.05,0.757,-1,-1,-1
105,100,726.20,454.59,32.03,55.47,0.264,-1,-1,-1
105,324,449.32,465.53,33.47,53.41,0.398,-1,-1,-1
105,16,837.57,464.05,38.67,79.24,0.403,-1,-1,-1
105,9,1103.22,443.45,34.48,105.01,0.607,-1,-1,-1
105,273,1684.08,426.37,99.77,157.61,0.322,-1,-1,-1
105,416,976.91,444.61,27.92,64.40,0.260,-1,-1,-1
105,305,446.11,465.61,42.88,99.32,0.264,-1,-1,-1
105,352,1830.08,407.01,89.92,247.45,0.280,-1,-1,-1
105,438,746.04,453.50,33.54,65.51,0.374,-1,-1,-1
105,439,1672.92,423.74,113.90,211.13,0.312,-1,-1,-1
106,2,659.21,440.02,101.59,301.58,0.922,-1,-1,-1
106,3,542.79,437.13,129.78,368.18,0.862,-1,-1,-1
106,6,1252.32,444.78,37.66,98.56,0.734,-1,-1,-1
106,7,933.54,436.51,33.36,80.74,0.694,-1,-1,-1
106,19,759.02,455.81,87.15,238.57,0.882,-1,-1,-1
106,8,1003.01,446.50,33.52,77.47,0.693,-1,-1,-1
106,20,1308.72,426.16,34.39,119.19,0.360,-1,-1,-1
106,11,916.10,489.59,88.06,98.00,0.314,-1,-1,-1
106,295,494.88,454.28,36.69,63.26,0.362,-1,-1,-1
106,13,966.34,484.81,42.68,72.80,0.338,-1,-1,-1
106,318,508.11,443.91,93.50,304.45,0.751,-1,-1,-1
106,324,448.59,465.25,33.64,52.87,0.377,-1,-1,-1
106,16,836.85,464.20,39.01,79.21,0.417,-1,-1,-1
106,9,1103.46,443.66,34.21,104.68,0.528,-1,-1,-1
106,273,1683.06,427.54,99.84,156.58,0.336,-1,-1,-1
106,352,1830.50,410.66,89.44,244.09,0.314,-1,-1,-1
106,439,1672.33,424.98,113.58,210.36,0.355,-1,-1,-1
106,196,372.76,444.09,39.65,63.56,0.270,-1,-1,-1
106,261,1074.38,446.01,58.63,148.57,0.379,-1,-1,-1
107,2,661.66,439.38,102.57,302.75,0.924,-1,-1,-1
107,3,542.68,436.10,130.80,369.73,0.880,-1,-1,-1
107,6,1251.15,444.79,37.42,98.49,0.702,-1,-1,-1
107,7,933.81,436.51,33.76,81.43,0.725,-1,-1,-1
107,19,759.59,456.09,87.26,239.50,0.884,-1,-1,-1
107,8,1003.44,446.47,33.33,77.20,0.616,-1,-1,-1
107,20,1308.85,427.67,33.72,117.19,0.324,-1,-1,-1
107,11,918.24,487.31,89.83,99.63,0.372,-1,-1,-1
107,295,495.13,455.10,36.15,61.77,0.355,-1,-1,-1
107,13,967.30,484.71,42.80,72.66,0.309,-1,-1,-1
107,318,509.49,443.74,93.92,304.79,0.661,-1,-1,-1
107,324,447.23,465.32,34.15,53.36,0.348,-1,-1,-1
107,16,836.80,463.96,39.02,79.32,0.401,-1,-1,-1
107,9,1103.32,442.74,34.54,105.90,0.534,-1,-1,-1
107,273,1685.40,427.13,99.45,156.17,0.331,-1,-1,-1
107,352,1829.98,405.09,90.02,248.97,0.310,-1,-1,-1
107,261,1074.41,444.83,59.25,149.37,0.259,-1,-1,-1
107,305,443.54,465.03,43.18,99.62,0.294,-1,-1,-1
107,438,740.73,453.08,33.33,65.05,0.383,-1,-1,-1
108,2,662.39,439.05,103.55,304.60,0.923,-1,-1,-1
108,3,542.79,436.21,131.42,370.08,0.881,-1,-1,-1
108,6,1250.96,444.99,37.23,98.29,0.714,-1,-1,-1
108,7,933.76,436.51,34.12,81.80,0.705,-1,-1,-1
108,19,760.26,455.81,87.54,240.53,0.888,-1,-1,-1
108,8,1003.74,446.73,33.51,77.57,0.612,-1,-1,-1
108,20,1308.72,428.41,33.37,116.35,0.330,-1,-1,-1
108,11,917.28,485.58,91.06,101.07,0.416,-1,-1,-1
108,295,496.38,455.83,36.24,61.52,0.357,-1,-1,-1
108,13,966.66,484.10,43.61,74.14,0.331,-1,-1,-1
108,318,510.04,444.13,94.06,304.43,0.631,-1,-1,-1
108,324,445.40,464.66,34.37,53.55,0.344,-1,-1,-1
108,16,836.39,464.10,38.76,78.62,0.334,-1,-1,-1
108,9,1103.38,442.12,34.27,104.99,0.470,-1,-1,-1
108,273,1684.65,427.00,100.01,156.76,0.291,-1,-1,-1
108,352,1834.28,430.50,82.08,223.39,0.326,-1,-1,-1
108,261,1074.93,446.84,58.73,147.93,0.330,-1,-1,-1
108,305,441.88,464.36,42.80,98.43,0.283,-1,-1,-1
108,438,742.34,453.53,32.16,62.36,0.438,-1,-1,-1
109,2,662.68,438.70,104.39,306.44,0.919,-1,-1,-1
109,3,544.65,436.26,131.91,370.52,0.864,-1,-1,-1
109,6,1250.60,445.52,36.98,97.75,0.734,-1,-1,-1
109,7,933.45,436.38,34.31,82.05,0.711,-1,-1,-1
109,19,759.96,455.17,87.91,241.52,0.892,-1,-1,-1
109,8,1004.16,447.87,32.89,76.21,0.631,-1,-1,-1
109,20,1308.62,428.22,33.39,116.58,0.335,-1,-1,-1
109,11,917.92,485.27,91.57,101.41,0.392,-1,-1,-1
109,295,496.81,456.00,36.39,61.14,0.365,-1,-1,-1
109,13,966.69,484.28,44.12,74.63,0.295,-1,-1,-1
109,318,509.67,445.84,93.91,302.92,0.652,-1,-1,-1
109,324,444.83,464.80,34.30,53.14,0.352,-1,-1,-1
109,16,836.39,463.89,39.01,78.99,0.377,-1,-1,-1
109,9,1102.38,439.72,35.37,107.96,0.523,-1,-1,-1
109,273,1686.60,426.89,99.54,156.64,0.352,-1,-1,-1
109,352,1836.33,440.01,79.23,214.18,0.331,-1,-1,-1
109,261,1071.38,452.49,56.85,143.38,0.373,-1,-1,-1
109,305,442.12,464.54,40.77,93.00,0.276,-1,-1,-1
109,438,743.40,453.89,30.24,58.15,0.445,-1,-1,-1
110,2,662.75,438.66,104.95,308.40,0.917,-1,-1,-1
110,3,545.20,436.30,132.93,370.43,0.886,-1,-1,-1
110,6,1250.18,445.04,37.06,98.13,0.725,-1,-1,-1
110,7,933.16,436.21,34.39,82.23,0.727,-1,-1,-1
110,19,760.78,455.31,88.02,241.40,0.902,-1,-1,-1
110,8,1003.15,448.44,32.33,75.19,0.478,-1,-1,-1
110,20,1308.98,427.93,33.36,116.81,0.269,-1,-1,-1
110,11,917.69,485.11,91.92,101.46,0.355,-1,-1,-1
110,295,496.27,456.02,36.17,60.39,0.344,-1,-1,-1
110,13,967.49,484.40,43.77,73.77,0.274,-1,-1,-1
110,318,518.66,448.53,90.80,298.51,0.559,-1,-1,-1
110,324,443.38,464.76,34.61,53.41,0.314,-1,-1,-1
110,16,835.31,464.47,38.79,78.39,0.300,-1,-1,-1
110,9,1100.94,437.40,36.29,110.45,0.584,-1,-1,-1
110,273,1686.60,426.56,99.24,156.37,0.268,-1,-1,-1
110,352,1837.57,447.02,77.18,207.47,0.269,-1,-1,-1
110,261,1071.29,453.64,56.40,142.08,0.340,-1,-1,-1
110,438,743.71,453.63,30.67,58.67,0.451,-1,-1,-1
110,341,918.27,436.49,55.18,149.43,0.268,-1,-1,-1
111,2,664.04,438.75,105.47,309.49,0.918,-1,-1,-1
111,3,545.36,436.64,134.11,370.96,0.899,-1,-1,-1
111,6,1249.35,444.99,37.12,98.28,0.726,-1,-1,-1
111,7,933.34,436.14,34.60,82.58,0.717,-1,-1,-1
111,19,760.83,456.48,87.96,240.45,0.901,-1,-1,-1
111,8,1003.64,449.85,31.65,73.69,0.617,-1,-1,-1
111,20,1309.22,427.18,33.36,117.36,0.258,-1,-1,-1
111,11,918.89,486.60,91.42,99.96,0.364,-1,-1,-1
111,295,495.43,455.58,36.33,60.53,0.340,-1,-1,-1
111,13,969.35,485.38,43.24,72.07,0.295,-1,-1,-1
111,324,441.38,463.17,36.02,55.44,0.400,-1,-1,-1
111,16,835.52,464.31,38.73,78.06,0.302,-1,-1,-1
111,9,1100.36,436.85,36.66,111.25,0.597,-1,-1,-1
111,273,1686.28,426.32,99.34,156.64,0.256,-1,-1,-1
111,352,1836.72,446.40,77.95,208.35,0.281,-1,-1,-1
111,261,1070.29,451.83,56.93,143.69,0.282,-1,-1,-1
111,438,743.86,452.91,31.26,59.35,0.441,-1,-1,-1
111,462,536.69,446.98,66.01,106.50,0.363,-1,-1,-1
111,341,917.83,436.44,55.40,149.46,0.272,-1,-1,-1
111,305,439.41,463.27,40.21,91.34,0.282,-1,-1,-1
112,2,665.84,438.37,106.24,310.84,0.918,-1,-1,-1
112,3,547.00,436.36,135.70,372.97,0.889,-1,-1,-1
112,6,1248.19,445.43,37.15,97.91,0.702,-1,-1,-1
112,7,933.29,436.23,34.94,83.07,0.757,-1,-1,-1
112,19,761.47,456.48,87.87,240.39,0.898,-1,-1,-1
112,8,1004.28,450.44,31.53,73.37,0.628,-1,-1,-1
112,11,919.21,487.43,91.52,99.10,0.322,-1,-1,-1
112,295,494.01,454.64,36.43,60.94,0.314,-1,-1,-1
112,13,970.16,486.04,42.98,70.96,0.287,-1,-1,-1
112,324,440.57,461.98,36.47,56.24,0.340,-1,-1,-1
112,16,835.81,464.47,38.45,77.73,0.261,-1,-1,-1
112,9,1100.47,437.89,36.41,110.36,0.592,-1,-1,-1
112,352,1836.74,447.48,78.06,207.29,0.280,-1,-1,-1
112,261,1070.61,453.34,56.40,141.90,0.354,-1,-1,-1
112,438,745.04,452.97,31.55,59.37,0.429,-1,-1,-1
112,462,537.90,446.64,64.93,104.81,0.316,-1,-1,-1
112,318,524.25,447.10,89.29,301.11,0.590,-1,-1,-1
113,2,666.43,438.27,107.05,312.89,0.914,-1,-1,-1
113,3,546.86,436.21,137.22,375.15,0.887,-1,-1,-1
113,6,1247.15,445.50,37.36,97.76,0.750,-1,-1,-1
113,7,933.46,436.36,34.66,82.29,0.742,-1,-1,-1
113,19,762.26,455.27,87.86,241.58,0.894,-1,-1,-1
113,8,1005.01,451.06,31.15,72.57,0.605,-1,-1,-1
113,11,917.74,485.53,93.35,100.69,0.279,-1,-1,-1
113,295,494.42,455.10,36.31,60.64,0.310,-1,-1,-1
113,13,969.44,486.05,42.86,70.31,0.264,-1,-1,-1
113,324,442.21,462.84,35.45,54.53,0.334,-1,-1,-1
113,16,835.41,465.21,38.69,78.45,0.264,-1,-1,-1
113,9,1101.23,438.40,36.43,110.85,0.525,-1,-1,-1
113,352,1837.69,450.57,77.17,204.50,0.255,-1,-1,-1
113,438,745.38,452.60,32.27,60.51,0.513,-1,-1,-1
113,462,537.44,445.04,64.75,104.69,0.278,-1,-1,-1
113,318,524.59,445.52,87.84,302.47,0.606,-1,-1,-1
113,305,438.70,463.40,42.63,97.68,0.318,-1,-1,-1
114,2,665.63,438.11,107.29,315.00,0.915,-1,-1,-1
114,3,549.86,435.77,137.59,375.94,0.856,-1,-1,-1
114,6,1246.74,445.78,37.26,97.37,0.712,-1,-1,-1
114,7,933.82,436.31,34.84,82.52,0.747,-1,-1,-1
114,19,762.61,454.02,88.29,243.15,0.896,-1,-1,-1
114,8,1005.90,450.70,31.55,73.43,0.533,-1,-1,-1
114,295,493.87,455.47,36.56,60.79,0.328,-1,-1,-1
114,324,444.92,466.68,33.27,50.75,0.328,-1,-1,-1
114,16,839.01,465.49,37.82,77.87,0.334,-1,-1,-1
114,9,1101.20,437.30,36.89,112.77,0.531,-1,-1,-1
114,352,1832.31,417.53,87.69,237.52,0.296,-1,-1,-1
114,438,746.76,452.49,33.00,61.67,0.508,-1,-1,-1
114,462,539.39,444.95,65.64,106.52,0.318,-1,-1,-1
114,318,527.06,445.18,85.92,303.01,0.597,-1,-1,-1
114,474,528.26,457.03,29.43,69.63,0.384,-1,-1,-1
114,305,439.89,465.51,42.39,97.77,0.340,-1,-1,-1
114,273,1684.44,426.16,100.34,157.84,0.323,-1,-1,-1
115,2,666.60,437.75,107.04,316.09,0.909,-1,-1,-1
115,3,549.30,435.07,138.59,376.46,0.899,-1,-1,-1
115,6,1246.08,446.23,37.18,96.71,0.701,-1,-1,-1
115,7,934.66,436.26,35.09,82.63,0.758,-1,-1,-1
115,19,764.30,455.00,87.58,241.78,0.887,-1,-1,-1
115,8,1006.36,450.16,32.03,74.45,0.517,-1,-1,-1
115,295,493.41,455.78,37.16,61.48,0.384,-1,-1,-1
115,324,445.36,467.10,33.31,50.79,0.327,-1,-1,-1
115,16,840.92,465.17,37.34,77.48,0.282,-1,-1,-1
115,9,1100.88,437.51,36.88,112.54,0.441,-1,-1,-1
115,352,1829.50,402.61,90.50,252.78,0.327,-1,-1,-1
115,438,746.13,452.60,34.02,63.70,0.470,-1,-1,-1
115,462,539.91,444.60,65.85,107.37,0.342,-1,-1,-1
115,318,529.13,444.74,84.39,304.15,0.455,-1,-1,-1
115,474,527.58,455.80,30.69,72.70,0.363,-1,-1,-1
115,305,440.78,465.98,41.91,97.47,0.331,-1,-1,-1
115,480,810.69,442.45,36.98,84.87,0.404,-1,-1,-1
115,483,810.16,442.86,46.47,220.24,0.357,-1,-1,-1
115,273,1683.98,427.27,100.93,157.60,0.411,-1,-1,-1
115,416,979.10,445.77,28.53,65.89,0.315,-1,-1,-1
115,439,1673.75,424.85,113.77,210.16,0.294,-1,-1,-1
115,261,1069.36,451.17,57.23,143.81,0.285,-1,-1,-1
115,13,969.83,486.17,43.36,70.65,0.292,-1,-1,-1
116,2,667.70,438.00,106.72,317.16,0.913,-1,-1,-1
116,3,548.92,435.05,139.17,376.08,0.893,-1,-1,-1
116,6,1243.96,445.11,37.33,97.34,0.734,-1,-1,-1
116,7,935.29,436.38,35.19,82.61,0.760,-1,-1,-1
116,19,765.89,453.37,88.18,243.17,0.900,-1,-1,-1
116,8,1005.90,450.26,31.89,73.76,0.528,-1,-1,-1
116,295,493.43,455.44,37.44,61.84,0.355,-1,-1,-1
116,324,447.09,468.63,31.13,47.03,0.314,-1,-1,-1
116,9,1101.29,439.24,36.35,110.71,0.497,-1,-1,-1
116,352,1830.59,400.91,89.41,254.41,0.299,-1,-1,-1
116,438,747.90,452.39,34.16,64.09,0.456,-1,-1,-1
116,462,539.21,444.08,66.44,108.80,0.374,-1,-1,-1
116,474,528.70,455.82,30.56,72.54,0.377,-1,-1,-1
116,305,442.66,467.27,40.27,93.80,0.346,-1,-1,-1
116,480,811.85,442.12,36.96,84.71,0.378,-1,-1,-1
116,273,1685.81,427.88,100.29,156.22,0.412,-1,-1,-1
116,439,1673.87,425.19,113.52,209.42,0.348,-1,-1,-1
116,13,970.11,485.53,43.81,71.13,0.343,-1,-1,-1
116,11,918.81,486.30,93.79,100.56,0.374,-1,-1,-1
117,2,667.99,438.66,106.24,317.45,0.912,-1,-1,-1
117,3,549.27,434.66,140.11,376.65,0.894,-1,-1,-1
117,6,1242.44,445.02,37.13,97.41,0.748,-1,-1,-1
117,7,935.62,436.24,35.29,82.57,0.737,-1,-1,-1
117,19,766.88,451.79,88.93,245.24,0.900,-1,-1,-1
117,8,1006.26,450.54,31.60,72.92,0.466,-1,-1,-1
117,295,493.22,454.50,37.72,62.37,0.274,-1,-1,-1
117,9,1099.49,436.52,37.30,112.98,0.301,-1,-1,-1
117,352,1830.84,397.46,89.16,257.40,0.305,-1,-1,-1
117,438,750.43,451.40,35.12,66.04,0.452,-1,-1,-1
117,462,540.79,443.14,66.19,109.11,0.287,-1,-1,-1
117,474,530.19,449.06,33.26,79.20,0.381,-1,-1,-1
117,305,440.80,464.45,41.09,96.83,0.518,-1,-1,-1
117,480,811.54,441.67,42.56,97.70,0.276,-1,-1,-1
117,273,1684.85,427.35,100.70,156.46,0.373,-1,-1,-1
117,439,1673.36,424.46,114.07,210.22,0.296,-1,-1,-1
117,13,969.68,487.44,43.37,70.14,0.330,-1,-1,-1
117,11,917.96,486.91,93.91,100.38,0.364,-1,-1,-1
117,261,1080.37,436.36,59.51,153.76,0.567,-1,-1,-1
118,2,666.95,439.18,105.52,318.18,0.910,-1,-1,-1
118,3,548.38,435.94,141.08,376.99,0.902,-1,-1,-1
118,6,1240.85,445.41,36.91,97.28,0.711,-1,-1,-1
118,7,936.06,436.66,35.63,82.91,0.749,-1,-1,-1
118,19,767.74,452.24,89.13,245.47,0.899,-1,-1,-1
118,8,1007.06,450.49,31.88,73.05,0.600,-1,-1,-1
118,295,493.42,454.49,38.12,62.85,0.273,-1,-1,-1
118,9,1098.03,436.52,37.82,113.35,0.435,-1,-1,-1
118,352,1832.20,400.43,87.80,254.91,0.289,-1,-1,-1
118,438,753.47,450.47,34.58,65.42,0.465,-1,-1,-1
118,474,530.98,449.22,33.12,78.93,0.421,-1,-1,-1
118,305,441.21,465.51,38.78,91.71,0.467,-1,-1,-1
118,480,817.93,441.25,34.83,79.50,0.405,-1,-1,-1
118,273,1684.15,426.97,101.37,157.23,0.323,-1,-1,-1
118,439,1672.55,423.33,114.81,211.13,0.286,-1,-1,-1
118,13,970.25,488.42,42.46,68.38,0.299,-1,-1,-1
118,11,915.99,482.94,97.26,104.21,0.324,-1,-1,-1
118,261,1082.61,435.17,58.42,153.37,0.473,-1,-1,-1
118,341,918.08,436.69,56.13,149.95,0.260,-1,-1,-1
118,416,984.02,447.20,27.56,64.24,0.290,-1,-1,-1
119,2,668.00,439.92,105.06,319.76,0.906,-1,-1,-1
119,3,544.43,437.34,143.39,380.71,0.905,-1,-1,-1
119,6,1239.70,444.98,36.85,98.10,0.679,-1,-1,-1
119,7,936.27,436.84,35.71,82.73,0.725,-1,-1,-1
119,19,769.48,452.20,89.85,246.39,0.909,-1,-1,-1
119,8,1007.85,449.64,32.47,73.97,0.574,-1,-1,-1
119,295,494.65,455.32,37.44,61.50,0.311,-1,-1,-1
119,9,1098.70,438.79,37.25,110.94,0.544,-1,-1,-1
119,352,1836.53,427.53,81.39,228.24,0.368,-1,-1,-1
119,438,754.03,451.29,35.22,67.32,0.447,-1,-1,-1
119,474,531.38,452.31,31.28,74.65,0.378,-1,-1,-1
119,305,440.24,465.58,38.38,90.87,0.557,-1,-1,-1
119,273,1686.38,426.97,100.81,157.00,0.328,-1,-1,-1
119,13,969.44,485.99,44.03,71.14,0.371,-1,-1,-1
119,11,916.16,484.85,95.75,102.43,0.295,-1,-1,-1
119,261,1083.82,436.79,56.41,149.67,0.352,-1,-1,-1
119,497,578.44,419.22,34.54,74.05,0.365,-1,-1,-1
119,501,492.99,455.53,42.71,107.45,0.435,-1,-1,-1
119,341,917.20,437.05,56.47,148.76,0.254,-1,-1,-1
119,416,984.12,445.83,27.29,64.06,0.293,-1,-1,-1
120,2,670.78,440.52,104.86,320.52,0.905,-1,-1,-1
120,3,544.45,439.77,144.72,382.38,0.890,-1,-1,-1
120,6,1239.21,445.68,36.39,97.84,0.664,-1,-1,-1
120,7,936.56,436.90,35.66,82.04,0.729,-1,-1,-1
120,19,771.66,452.04,90.81,246.67,0.913,-1,-1,-1
120,8,1007.82,449.20,32.75,74.50,0.581,-1,-1,-1
120,295,494.99,455.77,37.19,61.07,0.312,-1,-1,-1
120,9,1099.12,439.56,36.80,108.75,0.574,-1,-1,-1
120,352,1835.40,418.34,84.14,237.42,0.337,-1,-1,-1
120,438,756.39,451.47,35.70,68.52,0.438,-1,-1,-1
120,305,437.88,465.20,39.12,92.76,0.499,-1,-1,-1
120,273,1685.68,426.48,100.85,157.42,0.280,-1,-1,-1
120,13,969.34,484.09,44.78,72.51,0.383,-1,-1,-1
120,11,915.78,483.92,97.07,103.12,0.315,-1,-1,-1
120,497,579.97,419.47,34.10,72.99,0.361,-1,-1,-1
120,501,492.61,456.29,42.72,107.60,0.403,-1,-1,-1
120,416,983.45,445.45,27.22,64.25,0.276,-1,-1,-1
120,502,822.93,444.31,51.82,118.77,0.410,-1,-1,-1
120,480,826.08,442.15,30.76,69.40,0.296,-1,-1,-1
120,439,1671.95,422.04,115.38,212.29,0.262,-1,-1,-1
121,2,672.64,440.72,104.61,321.42,0.906,-1,-1,-1
121,3,545.87,440.99,145.50,384.53,0.882,-1,-1,-1
121,6,1238.72,446.84,35.53,96.67,0.664,-1,-1,-1
121,7,937.33,436.95,35.99,81.59,0.741,-1,-1,-1
121,19,774.13,452.55,92.02,246.38,0.914,-1,-1,-1
121,8,1007.91,449.02,32.92,74.79,0.543,-1,-1,-1
121,295,493.91,455.66,37.34,61.40,0.311,-1,-1,-1
121,9,1098.52,437.39,37.68,110.82,0.405,-1,-1,-1
121,352,1834.00,409.62,86.00,246.16,0.311,-1,-1,-1
121,438,758.38,451.89,36.43,70.34,0.378,-1,-1,-1
121,305,435.74,463.99,40.72,97.35,0.536,-1,-1,-1
121,273,1682.60,427.02,101.97,158.49,0.321,-1,-1,-1
121,13,969.34,482.97,44.72,72.67,0.377,-1,-1,-1
121,11,914.18,482.63,97.99,104.61,0.282,-1,-1,-1
121,501,490.89,456.73,42.56,107.37,0.380,-1,-1,-1
121,416,984.69,445.57,27.08,63.95,0.342,-1,-1,-1
121,502,824.91,443.40,51.29,117.53,0.437,-1,-1,-1
121,439,1672.49,423.56,114.48,210.51,0.300,-1,-1,-1
121,196,374.76,444.41,40.55,63.96,0.269,-1,-1,-1
121,462,546.09,441.51,68.61,112.79,0.277,-1,-1,-1
121,261,1083.86,435.15,56.77,152.42,0.437,-1,-1,-1
122,2,675.31,440.18,104.42,322.42,0.906,-1,-1,-1
122,3,547.67,441.33,146.20,386.78,0.885,-1,-1,-1
122,6,1237.82,446.98,34.99,96.46,0.681,-1,-1,-1
122,7,938.02,437.12,36.34,81.48,0.758,-1,-1,-1
122,19,776.69,453.52,93.48,246.22,0.906,-1,-1,-1
122,8,1008.14,449.09,32.93,74.61,0.516,-1,-1,-1
122,295,493.77,455.71,37.28,61.36,0.342,-1,-1,-1
122,9,1099.46,438.81,37.15,109.14,0.382,-1,-1,-1
122,352,1833.40,400.91,86.60,254.49,0.318,-1,-1,-1
122,438,761.72,450.27,36.97,71.76,0.410,-1,-1,-1
122,305,436.96,467.45,38.95,93.58,0.422,-1,-1,-1
122,273,1682.02,427.36,102.02,158.11,0.305,-1,-1,-1
122,13,969.18,482.49,45.30,73.90,0.377,-1,-1,-1
122,11,914.95,483.07,97.18,104.13,0.277,-1,-1,-1
122,501,490.71,456.42,42.67,107.90,0.400,-1,-1,-1
122,416,983.42,445.43,27.08,64.01,0.408,-1,-1,-1
122,502,824.85,442.71,53.16,121.99,0.350,-1,-1,-1
122,439,1672.30,424.35,113.91,209.38,0.323,-1,-1,-1
122,261,1084.14,437.23,56.39,153.25,0.349,-1,-1,-1
122,474,531.66,452.44,30.43,72.98,0.289,-1,-1,-1
122,480,832.69,442.04,30.09,65.86,0.335,-1,-1,-1
123,2,677.42,439.55,104.36,323.37,0.905,-1,-1,-1
123,3,547.70,441.16,147.23,389.09,0.895,-1,-1,-1
123,6,1237.73,447.95,34.28,95.51,0.583,-1,-1,-1
123,7,939.18,437.43,37.65,83.75,0.659,-1,-1,-1
123,19,778.72,453.94,95.18,246.11,0.909,-1,-1,-1
123,8,1006.50,448.34,33.80,75.19,0.611,-1,-1,-1
123,295,493.71,455.77,37.21,61.32,0.368,-1,-1,-1
123,9,1100.32,437.68,36.90,108.49,0.427,-1,-1,-1
123,352,1834.12,397.01,85.88,258.12,0.306,-1,-1,-1
123,438,763.36,449.98,37.42,72.68,0.456,-1,-1,-1
123,305,437.09,468.70,38.26,91.96,0.489,-1,-1,-1
123,273,1683.92,426.87,102.18,158.58,0.324,-1,-1,-1
123,13,969.34,481.88,45.83,75.07,0.453,-1,-1,-1
123,11,915.67,482.66,97.84,104.83,0.286,-1,-1,-1
123,416,985.71,446.38,26.66,63.07,0.312,-1,-1,-1
123,502,826.94,442.23,53.23,122.32,0.389,-1,-1,-1
123,439,1674.07,424.61,113.61,209.09,0.289,-1,-1,-1
123,261,1084.39,435.78,56.56,155.38,0.294,-1,-1,-1
123,474,531.87,452.68,30.33,73.25,0.331,-1,-1,-1
123,480,836.21,441.71,31.71,66.73,0.372,-1,-1,-1
124,2,678.69,438.02,104.13,324.73,0.904,-1,-1,-1
124,3,551.36,440.77,147.65,391.29,0.910,-1,-1,-1
124,6,1236.87,450.36,33.40,92.91,0.653,-1,-1,-1
124,7,940.10,436.79,38.83,85.64,0.730,-1,-1,-1
124,19,782.80,454.73,96.22,246.04,0.906,-1,-1,-1
124,8,1006.04,448.50,33.92,74.47,0.532,-1,-1,-1
124,295,493.28,455.19,37.79,62.30,0.361,-1,-1,-1
124,9,1102.12,440.95,35.17,103.59,0.403,-1,-1,-1
124,352,1835.30,394.31,84.70,261.50,0.285,-1,-1,-1
124,438,766.19,448.41,37.93,73.97,0.448,-1,-1,-1
124,305,437.34,469.40,38.11,92.10,0.530,-1,-1,-1
124,273,1685.37,426.29,102.23,159.03,0.340,-1,-1,-1
124,13,969.45,483.56,45.37,74.37,0.408,-1,-1,-1
124,11,917.50,484.80,95.52,102.65,0.299,-1,-1,-1
124,416,987.12,446.67,26.52,62.79,0.283,-1,-1,-1
124,502,828.71,443.27,52.87,121.75,0.463,-1,-1,-1
124,439,1674.55,423.75,113.93,209.80,0.298,-1,-1,-1
124,261,1085.87,439.49,54.84,152.22,0.330,-1,-1,-1
124,474,531.02,452.77,29.75,72.30,0.288,-1,-1,-1
124,480,838.51,442.39,31.16,62.94,0.362,-1,-1,-1
124,501,489.61,455.87,44.14,112.12,0.484,-1,-1,-1
125,2,679.82,437.20,103.58,325.60,0.896,-1,-1,-1
125,3,552.81,440.16,148.04,393.06,0.904,-1,-1,-1
125,6,1235.89,451.75,33.23,91.72,0.643,-1,-1,-1
125,7,940.89,436.63,39.47,86.26,0.557,-1,-1,-1
125,19,784.73,456.05,96.74,245.82,0.911,-1,-1,-1
125,8,1005.43,448.63,34.00,74.35,0.292,-1,-1,-1
125,295,494.06,454.93,37.64,62.61,0.421,-1,-1,-1
125,9,1102.23,440.05,35.07,103.86,0.335,-1,-1,-1
125,352,1835.56,395.33,84.44,260.06,0.309,-1,-1,-1
125,438,769.52,447.56,38.79,75.92,0.437,-1,-1,-1
125,305,436.25,468.29,39.03,94.13,0.457,-1,-1,-1
125,273,1684.11,426.48,102.25,158.59,0.333,-1,-1,-1
125,13,970.47,482.40,45.13,74.22,0.417,-1,-1,-1
125,11,928.17,483.28,94.67,104.35,0.406,-1,-1,-1
125,502,830.04,443.78,53.29,123.70,0.530,-1,-1,-1
125,439,1674.04,424.57,113.62,208.91,0.341,-1,-1,-1
125,261,1086.67,438.13,54.78,154.54,0.344,-1,-1,-1
125,474,531.37,452.06,30.21,73.78,0.377,-1,-1,-1
125,528,551.09,446.13,40.04,83.82,0.349,-1,-1,-1
125,529,589.80,439.01,35.47,56.82,0.330,-1,-1,-1
126,2,681.10,436.69,102.92,325.96,0.897,-1,-1,-1
126,3,552.92,439.00,149.15,394.83,0.904,-1,-1,-1
126,6,1234.45,450.72,33.87,93.03,0.659,-1,-1,-1
126,7,940.85,436.67,40.10,86.76,0.505,-1,-1,-1
126,19,784.95,456.27,97.63,247.46,0.907,-1,-1,-1
126,295,494.02,454.83,38.42,64.69,0.375,-1,-1,-1
126,9,1102.04,439.80,34.71,102.67,0.341,-1,-1,-1
126,352,1835.21,394.85,84.79,260.05,0.315,-1,-1,-1
126,438,771.56,447.79,38.60,75.54,0.453,-1,-1,-1
126,305,435.26,467.20,38.20,92.33,0.391,-1,-1,-1
126,273,1683.99,426.98,101.73,157.63,0.343,-1,-1,-1
126,13,970.92,481.71,45.59,74.89,0.425,-1,-1,-1
126,11,935.19,482.50,93.75,106.29,0.439,-1,-1,-1
126,502,832.79,443.18,54.90,127.94,0.475,-1,-1,-1
126,439,1673.94,424.80,113.57,208.94,0.342,-1,-1,-1
126,261,1085.64,438.04,54.58,155.21,0.429,-1,-1,-1
126,474,530.52,452.47,29.97,73.27,0.339,-1,-1,-1
126,528,554.27,449.71,36.45,76.29,0.288,-1,-1,-1
126,529,590.68,439.67,34.36,55.04,0.329,-1,-1,-1
126,533,830.81,443.10,58.36,225.98,0.484,-1,-1,-1
126,196,374.87,444.75,40.86,63.22,0.260,-1,-1,-1
126,501,488.22,455.84,44.43,113.35,0.410,-1,-1,-1
127,2,682.71,435.93,102.81,326.77,0.895,-1,-1,-1
127,3,556.60,437.82,149.51,396.41,0.897,-1,-1,-1
127,6,1231.13,449.68,35.28,94.82,0.705,-1,-1,-1
127,7,942.34,437.12,39.97,86.07,0.634,-1,-1,-1
127,19,784.73,455.41,98.80,249.96,0.908,-1,-1,-1
127,295,494.35,455.32,38.35,64.87,0.400,-1,-1,-1
127,352,1834.90,394.61,85.10,260.91,0.305,-1,-1,-1
127,438,773.89,446.39,39.41,77.08,0.474,-1,-1,-1
127,273,1682.38,426.61,102.37,158.27,0.251,-1,-1,-1
127,13,970.57,481.45,45.02,73.69,0.391,-1,-1,-1
127,11,932.07,482.77,92.34,105.77,0.321,-1,-1,-1
127,502,834.65,442.24,55.00,129.19,0.536,-1,-1,-1
127,261,1082.29,439.27,54.80,155.80,0.632,-1,-1,-1
127,528,555.22,448.68,35.49,74.34,0.326,-1,-1,-1
127,529,590.91,440.78,33.66,53.85,0.360,-1,-1,-1
127,543,1053.02,484.54,40.22,83.75,0.356,-1,-1,-1
127,501,487.60,456.17,43.81,111.58,0.386,-1,-1,-1
127,324,436.54,467.33,33.37,50.37,0.391,-1,-1,-1
127,8,1007.95,449.93,32.82,72.68,0.283,-1,-1,-1
128,2,685.63,435.65,103.52,327.24,0.906,-1,-1,-1
128,3,559.70,437.63,149.72,396.53,0.892,-1,-1,-1
128,6,1228.28,450.51,36.06,94.22,0.658,-1,-1,-1
128,7,943.71,437.22,40.00,85.83,0.684,-1,-1,-1
128,19,785.60,454.24,99.38,251.80,0.902,-1,-1,-1
128,295,493.62,455.90,37.93,64.23,0.383,-1,-1,-1
128,352,1834.29,394.65,85.71,260.61,0.275,-1,-1,-1
128,438,776.43,445.89,39.57,77.42,0.456,-1,-1,-1
128,273,1682.78,426.17,102.20,158.19,0.254,-1,-1,-1
128,13,970.20,482.37,45.02,73.54,0.418,-1,-1,-1
128,11,932.88,483.04,90.68,105.36,0.378,-1,-1,-1
128,502,837.62,441.76,56.05,131.94,0.567,-1,-1,-1
128,261,1082.46,443.86,53.89,151.96,0.674,-1,-1,-1
128,528,554.23,449.45,35.32,74.19,0.356,-1,-1,-1
128,529,592.51,441.25,32.78,52.13,0.339,-1,-1,-1
128,543,1051.63,483.92,42.06,87.76,0.357,-1,-1,-1
128,501,487.46,475.31,36.85,91.29,0.334,-1,-1,-1
128,324,435.33,464.93,33.87,51.19,0.376,-1,-1,-1
128,8,1007.32,450.57,32.20,72.01,0.310,-1,-1,-1
128,474,529.64,454.22,29.14,71.23,0.386,-1,-1,-1
129,2,685.66,435.22,103.65,328.02,0.892,-1,-1,-1
129,3,562.82,437.17,149.91,397.09,0.895,-1,-1,-1
129,6,1226.53,451.62,36.66,93.11,0.665,-1,-1,-1
129,7,945.54,437.00,39.95,85.88,0.711,-1,-1,-1
129,19,787.67,456.14,98.57,250.77,0.911,-1,-1,-1
129,295,492.75,456.52,37.05,62.65,0.364,-1,-1,-1
129,352,1834.44,394.87,85.56,260.32,0.277,-1,-1,-1
129,438,781.52,446.48,36.14,71.26,0.500,-1,-1,-1
129,273,1684.29,426.52,101.48,157.37,0.291,-1,-1,-1
129,13,970.20,483.68,44.40,72.17,0.433,-1,-1,-1
129,11,936.91,484.23,88.04,104.38,0.445,-1,-1,-1
129,502,840.34,440.74,54.96,130.08,0.462,-1,-1,-1
129,261,1083.42,446.78,53.63,149.01,0.710,-1,-1,-1
129,528,553.95,450.87,34.37,72.53,0.325,-1,-1,-1
129,529,593.06,441.86,32.86,51.85,0.325,-1,-1,-1
129,543,1053.72,488.63,37.96,79.14,0.275,-1,-1,-1
129,501,487.13,462.97,40.90,101.40,0.375,-1,-1,-1
129,324,435.87,463.26,33.32,50.19,0.342,-1,-1,-1
129,8,1008.44,450.79,31.75,71.77,0.265,-1,-1,-1
129,552,933.72,444.62,24.76,72.31,0.326,-1,-1,-1
129,474,530.09,453.05,29.31,71.98,0.369,-1,-1,-1
129,16,842.81,440.46,40.80,84.91,0.450,-1,-1,-1
130,2,684.09,435.20,103.24,328.08,0.892,-1,-1,-1
130,3,565.09,436.51,150.14,397.58,0.892,-1,-1,-1
130,6,1225.10,453.98,36.86,90.97,0.503,-1,-1,-1
130,7,946.92,436.52,39.89,86.11,0.688,-1,-1,-1
130,19,789.26,456.02,98.29,250.97,0.905,-1,-1,-1
130,295,492.00,456.42,36.65,62.27,0.357,-1,-1,-1
130,352,1835.16,395.76,84.84,259.61,0.251,-1,-1,-1
130,438,781.87,446.70,37.43,73.79,0.483,-1,-1,-1
130,13,970.28,484.04,44.19,71.48,0.376,-1,-1,-1
130,11,937.44,485.21,86.24,103.54,0.369,-1,-1,-1
130,502,841.21,439.34,51.81,124.14,0.333,-1,-1,-1
130,261,1085.23,454.08,52.45,141.69,0.775,-1,-1,-1
130,528,553.70,452.34,33.31,70.53,0.344,-1,-1,-1
130,529,593.70,441.99,33.59,52.46,0.330,-1,-1,-1
130,543,1053.38,488.89,37.26,77.67,0.318,-1,-1,-1
130,501,486.70,459.64,42.35,105.48,0.420,-1,-1,-1
130,324,433.96,462.40,32.93,49.84,0.338,-1,-1,-1
130,8,1009.03,450.85,31.41,71.66,0.280,-1,-1,-1
130,552,934.76,443.78,24.61,71.87,0.333,-1,-1,-1
130,474,530.64,453.31,29.05,71.42,0.478,-1,-1,-1
130,16,846.15,438.63,34.65,69.95,0.445,-1,-1,-1
130,462,564.64,442.11,67.59,111.28,0.264,-1,-1,-1
131,2,685.56,434.88,102.89,328.18,0.901,-1,-1,-1
131,3,567.01,435.10,150.40,398.64,0.895,-1,-1,-1
131,6,1225.49,454.05,37.67,91.07,0.569,-1,-1,-1
131,7,948.12,436.41,40.02,86.77,0.698,-1,-1,-1
131,19,791.21,455.06,98.30,252.06,0.901,-1,-1,-1
131,295,494.16,456.49,36.04,61.55,0.374,-1,-1,-1
131,438,786.45,446.91,35.03,69.58,0.378,-1,-1,-1
131,13,970.02,483.28,44.59,71.87,0.368,-1,-1,-1
131,11,933.00,485.10,85.92,102.88,0.337,-1,-1,-1
131,502,843.74,437.94,50.24,122.08,0.322,-1,-1,-1
131,261,1085.50,454.59,52.81,140.43,0.715,-1,-1,-1
131,528,553.82,452.85,33.11,70.39,0.303,-1,-1,-1
131,529,594.19,442.08,34.40,53.05,0.267,-1,-1,-1
131,543,1055.42,494.34,34.17,70.89,0.254,-1,-1,-1
131,324,433.55,464.02,33.31,50.49,0.381,-1,-1,-1
131,8,1006.75,450.12,31.67,72.06,0.396,-1,-1,-1
131,552,934.53,443.70,25.07,73.13,0.364,-1,-1,-1
131,474,531.51,453.03,29.32,72.03,0.481,-1,-1,-1
131,16,849.02,437.19,33.94,67.42,0.420,-1,-1,-1
131,462,566.36,441.88,67.54,111.45,0.350,-1,-1,-1
131,273,1683.30,425.77,102.06,158.11,0.255,-1,-1,-1
132,2,686.33,434.83,102.19,328.02,0.897,-1,-1,-1
132,3,569.36,433.68,150.58,400.09,0.894,-1,-1,-1
132,6,1224.56,454.54,38.48,90.81,0.569,-1,-1,-1
132,7,949.45,436.50,39.57,86.32,0.636,-1,-1,-1
132,19,792.31,452.71,99.29,254.49,0.898,-1,-1,-1
132,295,494.25,456.10,35.64,60.90,0.417,-1,-1,-1
132,438,790.73,447.19,33.36,66.97,0.350,-1,-1,-1
132,13,969.44,483.13,44.80,72.08,0.389,-1,-1,-1
132,11,927.75,484.92,86.83,103.23,0.381,-1,-1,-1
132,502,847.74,436.82,50.70,124.35,0.285,-1,-1,-1
132,261,1085.62,453.14,53.59,141.65,0.531,-1,-1,-1
132,529,594.55,441.41,35.94,54.61,0.277,-1,-1,-1
132,324,432.95,465.15,33.84,50.71,0.437,-1,-1,-1
132,8,1006.89,450.15,31.73,72.16,0.488,-1,-1,-1
132,552,936.01,444.38,24.81,72.30,0.300,-1,-1,-1
132,474,531.52,454.30,28.74,70.55,0.435,-1,-1,-1
132,16,851.95,435.67,34.09,67.18,0.433,-1,-1,-1
132,462,568.31,441.29,67.62,111.96,0.359,-1,-1,-1
132,273,1684.00,426.66,101.71,157.40,0.338,-1,-1,-1
132,305,432.70,465.52,41.13,98.05,0.349,-1,-1,-1
132,196,371.75,444.58,40.16,63.07,0.294,-1,-1,-1
132,352,1833.81,393.22,85.49,261.63,0.292,-1,-1,-1
133,2,687.52,434.34,101.61,328.29,0.894,-1,-1,-1
133,3,570.10,432.82,150.83,401.43,0.897,-1,-1,-1
133,6,1223.40,452.94,39.71,92.37,0.628,-1,-1,-1
133,7,949.68,436.59,39.39,86.47,0.669,-1,-1,-1
133,19,794.73,453.98,98.61,253.19,0.886,-1,-1,-1
133,295,494.69,455.85,34.83,59.64,0.368,-1,-1,-1
133,438,795.47,446.58,30.22,61.24,0.364,-1,-1,-1
133,13,970.85,484.17,43.92,70.02,0.408,-1,-1,-1
133,11,926.83,485.73,86.71,102.03,0.392,-1,-1,-1
133,502,850.42,436.31,49.18,122.39,0.361,-1,-1,-1
133,261,1084.88,449.78,55.00,144.78,0.556,-1,-1,-1
133,529,593.94,440.99,37.36,56.06,0.307,-1,-1,-1
133,324,431.12,466.12,34.11,50.70,0.406,-1,-1,-1
133,8,1006.96,449.90,32.28,73.02,0.607,-1,-1,-1
133,474,531.24,454.17,28.67,70.55,0.434,-1,-1,-1
133,16,852.73,435.78,38.96,77.96,0.486,-1,-1,-1
133,462,568.69,440.95,66.66,110.11,0.322,-1,-1,-1
133,273,1685.29,427.11,101.25,156.99,0.348,-1,-1,-1
133,305,431.06,466.51,40.83,96.39,0.387,-1,-1,-1
133,352,1834.46,395.57,84.51,259.19,0.273,-1,-1,-1
133,501,487.11,455.98,44.90,112.98,0.290,-1,-1,-1
133,528,554.86,453.47,33.14,70.65,0.256,-1,-1,-1
134,2,689.32,433.73,101.37,328.75,0.895,-1,-1,-1
134,3,570.13,432.99,151.01,402.41,0.904,-1,-1,-1
134,6,1221.86,449.07,41.48,96.03,0.579,-1,-1,-1
134,7,949.82,436.42,39.81,87.80,0.698,-1,-1,-1
134,19,796.76,450.98,100.14,256.62,0.897,-1,-1,-1
134,295,494.96,455.30,33.92,58.33,0.316,-1,-1,-1
134,438,798.84,446.00,30.11,61.50,0.363,-1,-1,-1
134,13,971.50,486.36,43.17,68.02,0.381,-1,-1,-1
134,11,931.29,488.44,84.91,99.75,0.325,-1,-1,-1
134,502,853.67,435.54,48.94,122.86,0.455,-1,-1,-1
134,261,1083.13,450.31,55.18,144.20,0.598,-1,-1,-1
134,529,593.90,440.50,37.97,56.29,0.370,-1,-1,-1
134,324,429.05,465.63,34.89,51.68,0.306,-1,-1,-1
134,8,1006.48,450.02,32.28,72.69,0.619,-1,-1,-1
134,474,531.30,453.03,29.01,71.67,0.438,-1,-1,-1
134,16,856.25,434.91,36.31,72.02,0.368,-1,-1,-1
134,462,569.43,440.24,67.79,112.94,0.253,-1,-1,-1
134,273,1684.09,427.22,101.46,157.09,0.344,-1,-1,-1
134,305,429.65,467.57,41.72,97.65,0.504,-1,-1,-1
134,352,1833.99,395.25,84.70,259.89,0.310,-1,-1,-1
134,501,487.51,454.95,45.05,114.77,0.304,-1,-1,-1
134,528,553.90,453.21,33.25,71.15,0.275,-1,-1,-1
134,439,1672.97,424.60,114.01,210.01,0.280,-1,-1,-1
134,543,1054.50,492.57,35.41,73.15,0.267,-1,-1,-1
134,552,935.17,444.86,24.40,70.77,0.334,-1,-1,-1
135,2,690.40,432.98,101.00,328.96,0.900,-1,-1,-1
135,3,570.05,433.34,152.19,406.52,0.905,-1,-1,-1
135,6,1220.82,447.79,42.20,97.57,0.636,-1,-1,-1
135,7,950.53,436.19,40.08,88.73,0.686,-1,-1,-1
135,19,796.37,450.60,100.02,256.90,0.880,-1,-1,-1
135,295,494.20,455.54,34.06,58.60,0.361,-1,-1,-1
135,438,800.54,445.51,30.25,62.20,0.351,-1,-1,-1
135,13,971.27,487.66,42.65,66.87,0.323,-1,-1,-1
135,11,934.52,489.55,83.21,98.58,0.329,-1,-1,-1
135,502,855.96,435.45,47.76,121.19,0.365,-1,-1,-1
135,261,1081.86,460.14,52.11,135.26,0.514,-1,-1,-1
135,529,593.86,440.46,38.54,56.33,0.328,-1,-1,-1
135,324,427.91,466.56,34.39,50.65,0.313,-1,-1,-1
135,8,1005.67,449.77,32.15,72.67,0.540,-1,-1,-1
135,474,530.67,453.25,29.00,71.57,0.442,-1,-1,-1
135,16,858.97,434.94,34.26,67.54,0.375,-1,-1,-1
135,462,570.46,440.36,67.14,112.18,0.297,-1,-1,-1
135,273,1686.79,427.81,100.18,155.70,0.352,-1,-1,-1
135,305,427.17,467.49,41.51,97.25,0.437,-1,-1,-1
135,352,1833.33,396.06,84.44,258.28,0.291,-1,-1,-1
135,501,486.22,454.88,45.20,115.83,0.389,-1,-1,-1
135,528,553.59,454.03,32.94,70.74,0.252,-1,-1,-1
135,567,855.50,437.04,53.43,228.50,0.480,-1,-1,-1
135,439,1673.68,425.07,113.67,209.53,0.278,-1,-1,-1
135,552,935.44,444.90,24.12,69.54,0.320,-1,-1,-1
135,9,1106.09,448.02,32.61,93.31,0.398,-1,-1,-1
136,2,692.51,432.81,100.58,328.78,0.904,-1,-1,-1
136,3,570.12,432.89,153.85,412.81,0.900,-1,-1,-1
136,6,1219.47,446.39,42.63,98.99,0.582,-1,-1,-1
136,7,951.15,436.19,39.95,88.82,0.674,-1,-1,-1
136,19,796.28,449.89,99.61,257.12,0.878,-1,-1,-1
136,295,493.38,455.70,34.55,59.50,0.409,-1,-1,-1
136,438,801.81,445.04,30.22,61.98,0.389,-1,-1,-1
136,13,970.92,489.54,41.88,65.27,0.279,-1,-1,-1
136,11,933.78,492.04,81.41,96.37,0.318,-1,-1,-1
136,502,859.12,435.62,44.50,113.73,0.402,-1,-1,-1
136,261,1081.68,459.03,52.96,136.44,0.638,-1,-1,-1
136,529,593.80,440.74,39.21,56.40,0.294,-1,-1,-1
136,324,426.24,466.98,34.69,50.70,0.352,-1,-1,-1
136,8,1005.12,449.30,32.19,73.06,0.515,-1,-1,-1
136,474,529.68,451.06,29.89,73.76,0.403,-1,-1,-1
136,16,859.73,435.30,36.77,73.40,0.381,-1,-1,-1
136,462,571.65,440.82,65.54,109.15,0.344,-1,-1,-1
136,273,1683.36,427.25,101.54,157.22,0.278,-1,-1,-1
136,305,426.57,469.60,41.38,95.41,0.371,-1,-1,-1
136,352,1832.78,396.73,84.31,256.66,0.278,-1,-1,-1
136,501,483.64,455.30,44.47,113.34,0.323,-1,-1,-1
136,567,858.29,436.85,53.97,230.70,0.619,-1,-1,-1
136,439,1672.93,424.15,114.14,210.23,0.267,-1,-1,-1
136,552,935.16,445.08,23.94,68.47,0.310,-1,-1,-1
136,571,542.35,440.86,94.31,155.51,0.357,-1,-1,-1
136,196,371.18,444.49,39.20,63.10,0.258,-1,-1,-1
137,2,694.43,432.50,99.93,328.77,0.906,-1,-1,-1
137,3,569.92,433.04,155.43,419.19,0.899,-1,-1,-1
137,6,1217.70,445.57,42.28,99.79,0.585,-1,-1,-1
137,7,953.15,436.67,39.62,88.35,0.680,-1,-1,-1
137,19,798.84,450.09,98.90,256.74,0.892,-1,-1,-1
137,295,493.38,456.51,33.95,58.55,0.375,-1,-1,-1
137,438,803.97,444.50,29.37,59.75,0.420,-1,-1,-1
137,13,969.16,487.91,44.43,69.41,0.309,-1,-1,-1
137,11,930.31,491.65,82.00,96.19,0.301,-1,-1,-1
137,502,862.81,435.96,42.44,108.77,0.379,-1,-1,-1
137,261,1081.27,457.98,53.58,137.42,0.658,-1,-1,-1
137,529,594.45,440.63,40.32,57.24,0.264,-1,-1,-1
137,324,422.61,464.14,35.85,52.54,0.360,-1,-1,-1
137,8,1004.68,449.30,31.94,72.89,0.550,-1,-1,-1
137,474,530.01,452.84,29.33,72.08,0.409,-1,-1,-1
137,16,863.15,435.62,34.55,68.75,0.395,-1,-1,-1
137,462,572.68,440.70,65.98,109.91,0.346,-1,-1,-1
137,273,1682.99,426.51,101.60,156.90,0.288,-1,-1,-1
137,501,483.41,455.76,44.37,113.25,0.343,-1,-1,-1
137,567,862.73,437.76,54.25,231.41,0.490,-1,-1,-1
137,439,1671.99,424.66,114.18,209.32,0.267,-1,-1,-1
137,552,935.53,444.76,23.54,66.85,0.354,-1,-1,-1
137,571,541.81,440.47,97.01,160.09,0.282,-1,-1,-1
137,574,459.94,454.95,28.79,52.79,0.357,-1,-1,-1
137,196,371.79,444.66,38.34,62.13,0.253,-1,-1,-1
137,528,552.59,453.81,32.75,70.77,0.281,-1,-1,-1
137,9,1106.91,453.22,31.59,88.75,0.315,-1,-1,-1
138,2,696.99,432.20,99.94,329.46,0.914,-1,-1,-1
138,3,569.67,432.76,157.08,426.32,0.896,-1,-1,-1
138,6,1216.09,444.85,41.88,100.46,0.562,-1,-1,-1
138,7,953.71,436.94,39.66,89.14,0.707,-1,-1,-1
138,19,800.64,449.01,98.73,258.30,0.902,-1,-1,-1
138,295,492.69,456.25,33.97,58.63,0.319,-1,-1,-1
138,438,807.99,444.27,27.90,56.05,0.356,-1,-1,-1
138,502,863.77,436.76,44.55,115.43,0.447,-1,-1,-1
138,261,1080.74,458.37,53.53,136.83,0.392,-1,-1,-1
138,529,595.16,440.29,41.07,57.77,0.285,-1,-1,-1
138,324,421.88,463.19,36.52,53.58,0.349,-1,-1,-1
138,8,1005.89,448.87,32.05,73.41,0.583,-1,-1,-1
138,474,527.80,451.68,30.11,73.66,0.373,-1,-1,-1
138,16,866.68,436.49,34.03,66.81,0.365,-1,-1,-1
138,462,572.81,440.42,66.93,111.58,0.274,-1,-1,-1
138,273,1681.93,426.63,102.42,157.27,0.339,-1,-1,-1
138,501,484.13,455.29,44.24,113.64,0.459,-1,-1,-1
138,567,867.52,437.91,54.85,232.29,0.531,-1,-1,-1
138,439,1672.26,425.33,114.07,208.42,0.374,-1,-1,-1
138,552,937.02,444.93,23.61,66.45,0.361,-1,-1,-1
138,574,460.58,452.75,30.58,56.17,0.321,-1,-1,-1
138,528,551.21,451.86,33.25,72.08,0.299,-1,-1,-1
138,9,1105.07,450.08,33.46,92.68,0.396,-1,-1,-1
138,352,1833.97,396.04,84.65,258.21,0.264,-1,-1,-1
139,2,699.20,431.92,100.32,329.63,0.912,-1,-1,-1
139,3,570.07,433.05,156.88,428.22,0.901,-1,-1,-1
139,6,1215.51,444.28,41.39,100.72,0.592,-1,-1,-1
139,7,955.01,437.52,38.56,86.98,0.640,-1,-1,-1
139,19,804.62,449.71,98.19,258.42,0.904,-1,-1,-1
139,295,493.66,457.30,32.99,57.01,0.283,-1,-1,-1
139,438,809.38,443.99,28.30,56.47,0.370,-1,-1,-1
139,502,866.42,437.13,45.74,119.46,0.415,-1,-1,-1
139,261,1081.49,459.27,53.08,135.31,0.425,-1,-1,-1
139,529,596.27,439.91,41.87,58.73,0.277,-1,-1,-1
139,324,422.37,464.41,35.63,52.33,0.386,-1,-1,-1
139,8,1006.93,448.43,32.25,73.89,0.593,-1,-1,-1
139,474,526.31,452.60,29.89,72.90,0.256,-1,-1,-1
139,16,870.60,436.88,33.79,64.88,0.322,-1,-1,-1
139,462,574.33,440.23,65.87,109.84,0.288,-1,-1,-1
139,273,1682.00,426.58,102.94,157.19,0.372,-1,-1,-1
139,501,483.96,455.25,44.60,114.96,0.460,-1,-1,-1
139,567,875.17,438.86,55.79,231.88,0.444,-1,-1,-1
139,439,1672.26,424.48,115.00,209.56,0.364,-1,-1,-1
139,552,939.33,444.93,24.34,67.92,0.362,-1,-1,-1
139,528,549.07,451.67,33.32,72.72,0.300,-1,-1,-1
139,9,1105.41,449.27,33.74,92.85,0.386,-1,-1,-1
139,352,1834.93,397.52,84.08,257.54,0.340,-1,-1,-1
139,305,421.86,466.83,42.96,98.41,0.288,-1,-1,-1
139,13,968.93,487.09,45.50,71.05,0.253,-1,-1,-1
140,2,700.92,431.68,101.22,330.46,0.913,-1,-1,-1
140,3,570.37,431.82,156.71,429.64,0.884,-1,-1,-1
140,6,1214.30,444.71,40.55,100.21,0.643,-1,-1,-1
140,7,956.59,437.65,38.75,87.72,0.644,-1,-1,-1
140,19,806.34,449.64,98.40,261.71,0.896,-1,-1,-1
140,438,810.07,443.56,31.69,63.12,0.362,-1,-1,-1
140,502,867.70,438.20,50.91,135.54,0.384,-1,-1,-1
140,261,1082.21,460.25,52.81,134.29,0.376,-1,-1,-1
140,529,594.70,440.08,44.40,62.28,0.370,-1,-1,-1
140,324,420.96,464.49,35.56,52.11,0.402,-1,-1,-1
140,8,1007.30,448.16,32.37,74.10,0.499,-1,-1,-1
140,16,874.10,437.89,35.79,68.28,0.308,-1,-1,-1
140,462,570.86,440.26,70.96,119.03,0.255,-1,-1,-1
140,273,1683.89,426.26,102.73,156.81,0.330,-1,-1,-1
140,501,482.81,455.22,44.87,115.70,0.599,-1,-1,-1
140,439,1673.70,424.47,114.81,209.54,0.324,-1,-1,-1
140,552,938.80,445.15,24.55,67.98,0.415,-1,-1,-1
140,528,547.87,452.48,32.68,71.77,0.306,-1,-1,-1
140,9,1106.44,449.59,34.07,93.72,0.365,-1,-1,-1
140,352,1835.32,396.52,84.06,258.67,0.305,-1,-1,-1
140,305,418.56,465.42,43.82,100.31,0.266,-1,-1,-1
140,543,1055.37,482.53,39.55,81.90,0.306,-1,-1,-1
141,2,703.01,431.64,102.69,331.57,0.918,-1,-1,-1
141,3,569.39,431.27,156.67,430.89,0.895,-1,-1,-1
141,6,1212.86,445.26,40.01,100.35,0.685,-1,-1,-1
141,7,958.50,437.80,38.52,87.15,0.609,-1,-1,-1
141,19,808.32,448.88,97.91,263.91,0.893,-1,-1,-1
141,438,813.64,442.15,31.29,62.03,0.317,-1,-1,-1
141,502,871.27,439.29,53.59,143.80,0.283,-1,-1,-1
141,261,1083.15,460.17,53.11,134.63,0.389,-1,-1,-1
141,529,594.79,440.43,44.62,62.80,0.342,-1,-1,-1
141,324,421.04,465.55,35.04,51.25,0.371,-1,-1,-1
141,8,1007.44,448.34,32.58,74.41,0.566,-1,-1,-1
141,273,1685.88,425.91,102.78,157.30,0.367,-1,-1,-1
141,501,481.00,456.92,45.19,115.54,0.534,-1,-1,-1
141,552,938.73,444.84,25.00,68.94,0.383,-1,-1,-1
141,528,550.14,454.11,31.58,69.84,0.300,-1,-1,-1
141,9,1105.46,447.89,35.34,96.40,0.392,-1,-1,-1
141,352,1835.06,396.11,83.98,258.70,0.256,-1,-1,-1
141,305,417.86,466.65,43.51,99.23,0.294,-1,-1,-1
141,543,1054.93,481.95,40.09,83.28,0.324,-1,-1,-1
141,341,922.94,445.31,53.33,138.80,0.272,-1,-1,-1
141,11,929.22,491.54,81.50,94.16,0.257,-1,-1,-1
141,474,524.41,455.29,29.14,70.15,0.279,-1,-1,-1
141,567,882.51,439.14,57.81,232.70,0.409,-1,-1,-1
141,13,969.09,485.43,46.00,72.07,0.280,-1,-1,-1
142,2,704.83,432.14,104.39,332.22,0.927,-1,-1,-1
142,3,570.28,431.60,156.25,431.69,0.905,-1,-1,-1
142,6,1211.47,445.51,39.27,99.83,0.705,-1,-1,-1
142,7,959.16,437.95,38.93,87.75,0.555,-1,-1,-1
142,19,808.95,447.04,98.59,268.82,0.897,-1,-1,-1
142,438,815.51,442.24,31.33,61.09,0.268,-1,-1,-1
142,502,873.80,439.97,54.83,147.24,0.256,-1,-1,-1
142,261,1081.04,461.18,52.95,133.93,0.562,-1,-1,-1
142,529,595.58,440.53,44.04,62.22,0.313,-1,-1,-1
142,324,421.55,466.13,34.56,50.61,0.409,-1,-1,-1
142,8,1007.38,448.49,32.45,74.28,0.420,-1,-1,-1
142,273,1685.79,425.18,103.17,158.31,0.334,-1,-1,-1
142,501,481.42,457.88,44.21,112.42,0.403,-1,-1,-1
142,552,939.09,445.03,24.54,67.31,0.379,-1,-1,-1
142,528,551.85,454.28,31.24,69.57,0.346,-1,-1,-1
142,9,1104.34,447.26,36.36,98.58,0.363,-1,-1,-1
142,352,1836.50,409.50,80.11,245.34,0.270,-1,-1,-1
142,305,418.05,466.99,43.12,98.55,0.285,-1,-1,-1
142,593,959.66,437.97,48.54,117.88,0.451,-1,-1,-1
142,474,520.83,454.71,29.67,71.06,0.314,-1,-1,-1
142,567,882.59,440.01,59.38,233.39,0.408,-1,-1,-1
142,295,494.13,455.21,36.81,64.76,0.285,-1,-1,-1
142,462,570.62,440.44,72.84,123.76,0.250,-1,-1,-1
143,2,706.23,432.44,106.39,332.46,0.923,-1,-1,-1
143,3,570.68,432.01,156.23,433.80,0.900,-1,-1,-1
143,6,1210.34,445.95,38.50,99.15,0.716,-1,-1,-1
143,7,959.45,438.58,38.55,86.24,0.506,-1,-1,-1
143,19,809.95,444.57,99.02,273.90,0.890,-1,-1,-1
143,502,875.16,439.86,56.10,151.21,0.403,-1,-1,-1
143,261,1081.77,460.79,53.03,134.49,0.387,-1,-1,-1
143,324,421.20,466.00,34.68,50.72,0.448,-1,-1,-1
143,8,1007.61,448.48,32.30,74.07,0.348,-1,-1,-1
143,273,1683.66,425.38,103.54,158.25,0.354,-1,-1,-1
143,501,479.72,458.67,44.31,111.98,0.553,-1,-1,-1
143,552,937.97,445.16,24.56,67.20,0.358,-1,-1,-1
143,528,552.03,452.87,31.42,70.60,0.310,-1,-1,-1
143,9,1101.41,447.86,36.78,99.14,0.385,-1,-1,-1
143,305,417.15,466.23,43.33,99.45,0.310,-1,-1,-1
143,593,960.04,439.67,47.36,114.84,0.489,-1,-1,-1
143,474,518.25,453.81,30.26,72.08,0.326,-1,-1,-1
143,567,883.60,439.70,61.29,235.64,0.539,-1,-1,-1
143,598,399.45,471.02,31.92,46.60,0.352,-1,-1,-1
143,295,495.42,454.87,38.13,68.53,0.290,-1,-1,-1
143,439,1672.31,421.52,116.58,212.80,0.302,-1,-1,-1
144,2,707.82,433.35,108.35,332.07,0.922,-1,-1,-1
144,3,570.65,433.89,156.13,436.06,0.905,-1,-1,-1
144,6,1207.85,445.65,38.18,100.09,0.619,-1,-1,-1
144,7,959.14,439.44,38.65,86.26,0.501,-1,-1,-1
144,19,811.57,445.08,96.92,272.38,0.869,-1,-1,-1
144,261,1079.74,469.53,49.83,126.18,0.415,-1,-1,-1
144,324,420.79,466.65,34.68,50.40,0.404,-1,-1,-1
144,8,1007.06,448.13,32.40,74.71,0.364,-1,-1,-1
144,273,1683.10,426.37,102.88,156.80,0.326,-1,-1,-1
144,501,478.75,458.38,43.85,109.56,0.607,-1,-1,-1
144,552,937.70,445.13,24.80,67.71,0.260,-1,-1,-1
144,528,550.84,453.30,30.95,70.08,0.328,-1,-1,-1
144,9,1100.92,444.71,38.41,102.74,0.517,-1,-1,-1
144,305,418.17,466.85,41.62,94.77,0.327,-1,-1,-1
144,593,959.99,440.82,46.43,112.35,0.463,-1,-1,-1
144,474,514.98,454.34,30.42,72.21,0.306,-1,-1,-1
144,567,884.53,438.92,63.30,238.06,0.751,-1,-1,-1
144,598,399.90,471.38,32.35,47.26,0.361,-1,-1,-1
144,295,493.00,454.40,48.21,90.61,0.445,-1,-1,-1
144,604,1108.93,446.02,35.69,99.11,0.384,-1,-1,-1
144,607,1163.65,437.82,28.42,87.11,0.342,-1,-1,-1
144,439,1672.98,423.58,115.27,210.23,0.316,-1,-1,-1
144,352,1834.24,397.94,83.88,256.88,0.264,-1,-1,-1
145,2,710.02,433.91,110.70,332.33,0.917,-1,-1,-1
145,3,567.93,434.79,156.34,438.04,0.905,-1,-1,-1
145,6,1205.75,445.35,38.01,100.87,0.664,-1,-1,-1
145,7,959.23,439.82,38.71,85.84,0.528,-1,-1,-1
145,19,814.52,445.93,95.06,270.46,0.881,-1,-1,-1
145,261,1081.04,465.06,51.53,130.12,0.630,-1,-1,-1
145,324,420.33,467.08,34.67,50.09,0.381,-1,-1,-1
145,8,1006.86,448.60,32.23,74.58,0.282,-1,-1,-1
145,273,1682.36,425.62,103.53,157.47,0.312,-1,-1,-1
145,501,477.38,457.63,46.06,114.42,0.655,-1,-1,-1
145,552,937.55,445.09,25.64,69.81,0.329,-1,-1,-1
145,528,550.68,452.70,30.96,70.45,0.305,-1,-1,-1
145,9,1100.69,442.81,39.10,103.39,0.458,-1,-1,-1
145,305,416.53,466.96,42.95,98.06,0.389,-1,-1,-1
145,593,960.83,440.59,47.53,114.48,0.350,-1,-1,-1
145,474,515.29,454.52,30.36,72.10,0.267,-1,-1,-1
145,567,885.74,438.56,64.72,238.85,0.772,-1,-1,-1
145,598,400.51,471.30,32.61,47.67,0.358,-1,-1,-1
145,295,494.17,453.60,50.99,99.96,0.343,-1,-1,-1
145,607,1163.72,437.95,28.29,86.86,0.309,-1,-1,-1
145,439,1671.39,419.66,117.56,214.42,0.313,-1,-1,-1
145,352,1833.23,395.18,84.88,259.79,0.273,-1,-1,-1
145,13,969.37,485.04,45.86,71.72,0.303,-1,-1,-1
146,2,711.50,434.40,113.41,333.18,0.925,-1,-1,-1
146,3,567.68,435.35,156.55,441.10,0.894,-1,-1,-1
146,6,1203.25,444.21,37.95,101.53,0.650,-1,-1,-1
146,7,959.08,439.70,38.97,86.29,0.606,-1,-1,-1
146,19,817.58,446.79,93.76,270.22,0.888,-1,-1,-1
146,261,1079.51,475.34,48.04,120.61,0.442,-1,-1,-1
146,324,419.96,467.48,34.73,49.84,0.359,-1,-1,-1
146,8,1006.62,448.79,32.58,75.25,0.600,-1,-1,-1
146,273,1683.48,426.08,103.28,156.99,0.328,-1,-1,-1
146,501,475.87,458.65,46.54,115.08,0.616,-1,-1,-1
146,552,939.03,445.40,26.11,70.99,0.256,-1,-1,-1
146,528,552.27,453.04,30.66,70.32,0.324,-1,-1,-1
146,9,1100.38,441.62,39.80,103.25,0.547,-1,-1,-1
146,305,418.03,467.32,40.28,90.79,0.307,-1,-1,-1
146,567,885.74,436.13,66.21,241.41,0.758,-1,-1,-1
146,598,399.55,470.45,33.27,48.71,0.352,-1,-1,-1
146,295,494.46,453.65,51.16,104.00,0.483,-1,-1,-1
146,607,1162.67,437.85,28.56,87.79,0.400,-1,-1,-1
146,439,1671.62,422.09,116.45,211.83,0.330,-1,-1,-1
146,13,970.10,487.11,44.54,69.21,0.268,-1,-1,-1
147,2,712.48,435.02,115.71,334.31,0.927,-1,-1,-1
147,3,563.87,435.30,157.85,446.10,0.894,-1,-1,-1
147,6,1201.65,443.49,37.88,101.50,0.678,-1,-1,-1
147,7,960.11,440.45,40.31,88.66,0.620,-1,-1,-1
147,19,821.34,449.64,92.34,269.74,0.875,-1,-1,-1
147,261,1078.59,479.25,46.67,116.82,0.519,-1,-1,-1
147,324,419.39,467.81,34.62,49.28,0.346,-1,-1,-1
147,8,1006.72,448.79,32.61,75.16,0.540,-1,-1,-1
147,273,1682.74,426.01,103.43,156.80,0.269,-1,-1,-1
147,501,475.36,456.84,47.93,118.06,0.584,-1,-1,-1
147,528,552.84,453.74,29.81,68.78,0.360,-1,-1,-1
147,9,1098.53,442.02,39.68,102.33,0.482,-1,-1,-1
147,305,416.27,467.85,42.74,96.12,0.266,-1,-1,-1
147,567,887.09,435.69,67.18,241.77,0.813,-1,-1,-1
147,598,400.11,470.59,33.03,48.37,0.312,-1,-1,-1
147,295,495.51,453.86,50.12,105.11,0.462,-1,-1,-1
147,607,1162.48,438.44,28.44,87.69,0.325,-1,-1,-1
147,439,1669.23,416.19,119.89,218.20,0.250,-1,-1,-1
147,618,796.47,452.40,43.28,103.46,0.374,-1,-1,-1
147,619,587.40,454.64,32.40,52.06,0.370,-1,-1,-1
147,543,1053.05,488.44,36.72,76.33,0.329,-1,-1,-1
148,2,713.57,435.80,117.12,334.16,0.931,-1,-1,-1
148,3,559.01,434.38,159.84,452.47,0.905,-1,-1,-1
148,6,1200.59,444.07,37.48,100.57,0.691,-1,-1,-1
148,7,960.26,441.01,40.46,88.55,0.589,-1,-1,-1
148,19,824.74,452.17,91.46,270.18,0.878,-1,-1,-1
148,261,1077.99,477.34,47.63,119.03,0.592,-1,-1,-1
148,324,418.42,467.13,35.22,50.02,0.345,-1,-1,-1
148,8,1006.39,448.94,32.59,75.45,0.447,-1,-1,-1
148,273,1682.15,426.38,103.18,155.88,0.263,-1,-1,-1
148,501,473.36,458.20,47.37,117.20,0.440,-1,-1,-1
148,528,552.19,452.66,30.23,70.24,0.334,-1,-1,-1
148,9,1096.42,441.82,40.14,102.48,0.482,-1,-1,-1
148,567,889.69,435.80,67.99,242.00,0.826,-1,-1,-1
148,598,400.34,470.80,33.31,48.81,0.296,-1,-1,-1
148,295,494.93,453.61,49.36,105.75,0.488,-1,-1,-1
148,607,1162.58,438.66,28.19,87.37,0.303,-1,-1,-1
148,439,1670.04,421.47,117.38,212.88,0.348,-1,-1,-1
148,618,796.61,453.29,44.74,107.20,0.399,-1,-1,-1
148,619,588.89,454.53,31.40,50.40,0.347,-1,-1,-1
148,543,1052.63,489.02,36.87,76.88,0.330,-1,-1,-1
148,352,1833.81,392.43,85.50,262.55,0.274,-1,-1,-1
149,2,715.01,436.64,118.38,334.85,0.928,-1,-1,-1
149,3,554.71,433.94,161.02,455.59,0.916,-1,-1,-1
149,6,1199.27,444.94,37.16,99.53,0.691,-1,-1,-1
149,7,960.96,442.36,38.86,84.22,0.505,-1,-1,-1
149,19,826.76,452.04,90.93,271.46,0.881,-1,-1,-1
149,261,1077.20,472.72,49.44,124.05,0.569,-1,-1,-1
149,324,418.24,466.92,35.16,49.62,0.322,-1,-1,-1
149,8,1005.90,448.78,32.86,75.51,0.527,-1,-1,-1
149,273,1681.12,427.12,103.18,154.99,0.258,-1,-1,-1
149,528,552.52,452.16,30.51,71.20,0.341,-1,-1,-1
149,9,1094.79,441.50,39.97,101.77,0.428,-1,-1,-1
149,567,891.47,436.24,68.67,241.87,0.818,-1,-1,-1
149,598,399.32,469.53,33.80,49.59,0.284,-1,-1,-1
149,295,495.91,453.51,48.76,106.63,0.510,-1,-1,-1
149,439,1670.86,424.47,116.19,209.80,0.425,-1,-1,-1
149,618,798.51,454.94,41.55,99.59,0.389,-1,-1,-1
149,619,588.70,455.15,30.56,48.91,0.294,-1,-1,-1
149,543,1052.60,487.13,37.98,79.76,0.334,-1,-1,-1
149,626,474.64,460.27,33.86,56.48,0.372,-1,-1,-1
149,627,1124.27,454.13,34.63,88.16,0.433,-1,-1,-1
149,352,1834.10,393.43,84.94,261.64,0.284,-1,-1,-1
149,593,961.05,443.18,46.25,110.86,0.352,-1,-1,-1
149,305,411.55,467.14,44.59,99.72,0.270,-1,-1,-1
150,2,715.67,436.58,119.73,336.93,0.930,-1,-1,-1
150,3,551.63,431.27,162.77,459.82,0.912,-1,-1,-1
150,6,1198.07,445.30,37.30,99.52,0.714,-1,-1,-1
150,7,961.73,442.80,37.44,80.28,0.402,-1,-1,-1
150,19,828.36,451.92,90.96,274.40,0.887,-1,-1,-1
150,261,1077.11,473.07,49.33,123.79,0.553,-1,-1,-1
150,324,417.96,467.08,34.96,49.25,0.299,-1,-1,-1
150,8,1006.32,448.45,32.37,74.17,0.397,-1,-1,-1
150,273,1685.85,427.92,101.98,154.27,0.304,-1,-1,-1
150,528,552.22,451.23,31.19,72.67,0.361,-1,-1,-1
150,9,1093.71,441.35,39.67,100.49,0.432,-1,-1,-1
150,567,892.02,435.85,69.46,242.09,0.836,-1,-1,-1
150,598,399.22,468.24,34.52,50.67,0.270,-1,-1,-1
150,295,495.69,453.62,48.01,106.82,0.527,-1,-1,-1
150,439,1670.74,426.11,115.65,208.24,0.507,-1,-1,-1
150,618,798.63,455.59,40.69,97.53,0.430,-1,-1,-1
150,543,1052.94,488.78,36.74,77.10,0.265,-1,-1,-1
150,626,474.52,459.20,34.05,56.88,0.330,-1,-1,-1
150,627,1125.21,454.99,34.31,87.22,0.504,-1,-1,-1
150,352,1838.18,430.96,74.55,224.13,0.393,-1,-1,-1
150,593,961.47,443.73,46.26,110.32,0.480,-1,-1,-1
150,305,411.27,467.13,45.19,101.01,0.279,-1,-1,-1
150,13,967.81,487.87,44.07,68.07,0.262,-1,-1,-1
150,501,470.54,458.84,46.58,116.17,0.475,-1,-1,-1
151,2,715.84,435.24,120.55,338.92,0.928,-1,-1,-1
151,3,549.65,429.20,164.15,462.37,0.909,-1,-1,-1
151,6,1197.05,445.66,37.22,99.00,0.715,-1,-1,-1
151,7,961.70,443.48,38.30,81.50,0.436,-1,-1,-1
151,19,829.55,452.93,90.55,275.49,0.889,-1,-1,-1
151,261,1076.41,476.05,48.59,121.27,0.533,-1,-1,-1
151,324,417.75,467.18,34.97,49.17,0.320,-1,-1,-1
151,8,1005.58,448.21,32.46,74.67,0.466,-1,-1,-1
151,273,1683.69,428.12,102.61,155.07,0.295,-1,-1,-1
151,528,551.01,450.59,31.39,73.13,0.347,-1,-1,-1
151,9,1093.34,440.15,40.03,101.24,0.382,-1,-1,-1
151,567,894.58,434.36,70.56,243.61,0.853,-1,-1,-1
151,598,398.27,468.45,34.51,50.96,0.294,-1,-1,-1
151,295,496.34,453.82,47.24,107.02,0.548,-1,-1,-1
151,439,1671.20,426.59,115.56,207.87,0.408,-1,-1,-1
151,618,800.00,458.80,39.07,93.68,0.357,-1,-1,-1
151,543,1052.68,488.34,36.62,76.84,0.298,-1,-1,-1
151,626,473.70,459.92,33.43,55.99,0.328,-1,-1,-1
151,627,1126.50,453.76,35.02,88.91,0.559,-1,-1,-1
151,352,1840.35,446.41,70.65,208.99,0.355,-1,-1,-1
151,305,411.76,467.13,45.09,101.22,0.329,-1,-1,-1
151,501,469.69,459.67,45.76,115.77,0.580,-1,-1,-1
152,2,716.20,434.44,120.97,340.07,0.923,-1,-1,-1
152,3,546.88,427.58,165.28,463.90,0.906,-1,-1,-1
152,6,1196.52,447.19,36.73,97.36,0.749,-1,-1,-1
152,7,961.16,445.66,38.22,80.42,0.379,-1,-1,-1
152,19,830.67,454.77,89.67,274.67,0.885,-1,-1,-1
152,261,1075.22,458.84,55.00,137.50,0.521,-1,-1,-1
152,324,418.00,468.42,34.38,48.15,0.316,-1,-1,-1
152,8,1004.52,448.82,32.36,74.70,0.447,-1,-1,-1
152,273,1683.76,428.21,101.93,154.06,0.294,-1,-1,-1
152,528,552.16,449.88,31.20,71.83,0.294,-1,-1,-1
152,9,1094.19,440.44,40.12,101.29,0.400,-1,-1,-1
152,567,894.20,433.84,71.48,244.28,0.838,-1,-1,-1
152,598,397.85,469.12,33.91,50.21,0.338,-1,-1,-1
152,295,496.92,453.73,46.64,107.18,0.506,-1,-1,-1
152,439,1670.29,425.90,116.32,209.27,0.393,-1,-1,-1
152,618,801.94,460.65,37.13,89.34,0.326,-1,-1,-1
152,543,1052.44,487.29,37.59,79.53,0.293,-1,-1,-1
152,626,472.87,459.61,33.69,56.61,0.339,-1,-1,-1
152,627,1128.00,455.52,34.39,87.27,0.596,-1,-1,-1
152,352,1841.33,448.30,70.86,207.47,0.332,-1,-1,-1
152,305,411.75,467.93,44.81,100.56,0.386,-1,-1,-1
152,501,469.35,459.81,45.41,115.86,0.507,-1,-1,-1
152,474,505.69,454.69,30.50,69.35,0.296,-1,-1,-1
152,593,960.79,447.88,46.55,110.29,0.421,-1,-1,-1
152,13,965.55,485.11,47.40,74.30,0.369,-1,-1,-1
153,2,717.24,433.45,121.20,341.06,0.921,-1,-1,-1
153,3,543.68,426.87,165.70,464.98,0.916,-1,-1,-1
153,6,1195.53,447.60,36.79,97.24,0.739,-1,-1,-1
153,7,960.83,445.09,38.45,80.20,0.361,-1,-1,-1
153,19,831.41,453.96,89.58,275.75,0.882,-1,-1,-1
153,261,1074.57,470.50,50.69,126.03,0.546,-1,-1,-1
153,324,417.70,468.80,34.36,48.02,0.334,-1,-1,-1
153,8,1004.59,449.86,31.92,73.81,0.350,-1,-1,-1
153,273,1684.70,428.21,101.78,154.34,0.314,-1,-1,-1
153,528,552.01,450.51,30.51,69.28,0.257,-1,-1,-1
153,9,1094.23,441.33,39.15,99.28,0.491,-1,-1,-1
153,567,895.08,433.04,72.17,245.08,0.842,-1,-1,-1
153,598,397.46,469.03,33.65,49.93,0.325,-1,-1,-1
153,295,497.33,453.77,45.76,107.12,0.493,-1,-1,-1
153,439,1670.01,425.95,116.59,209.90,0.396,-1,-1,-1
153,543,1052.97,485.30,38.26,81.48,0.358,-1,-1,-1
153,626,473.49,460.57,33.10,55.74,0.343,-1,-1,-1
153,627,1129.30,458.55,33.40,84.66,0.618,-1,-1,-1
153,352,1840.65,450.21,71.36,205.62,0.336,-1,-1,-1
153,305,412.07,468.31,44.93,100.69,0.373,-1,-1,-1
153,501,469.31,460.11,44.81,115.42,0.479,-1,-1,-1
153,593,959.51,446.25,48.15,114.12,0.357,-1,-1,-1
153,13,965.59,485.91,46.61,73.80,0.265,-1,-1,-1
153,607,1161.27,440.08,27.08,84.56,0.283,-1,-1,-1
154,2,718.79,432.82,121.13,341.68,0.917,-1,-1,-1
154,3,540.80,426.34,166.01,465.48,0.914,-1,-1,-1
154,6,1194.67,448.89,36.27,95.89,0.719,-1,-1,-1
154,7,960.09,445.69,37.82,78.28,0.331,-1,-1,-1
154,19,832.49,453.23,89.18,276.25,0.893,-1,-1,-1
154,261,1072.96,475.57,49.14,121.29,0.568,-1,-1,-1
154,324,418.78,469.43,33.91,47.29,0.302,-1,-1,-1
154,8,1004.94,450.61,31.76,73.44,0.338,-1,-1,-1
154,273,1687.18,428.92,100.71,153.82,0.289,-1,-1,-1
154,528,551.16,450.77,30.42,68.13,0.294,-1,-1,-1
154,9,1094.04,442.09,38.47,97.99,0.453,-1,-1,-1
154,567,896.18,432.28,72.81,246.27,0.872,-1,-1,-1
154,598,397.60,470.05,32.80,48.78,0.290,-1,-1,-1
154,295,497.06,452.75,45.51,107.99,0.523,-1,-1,-1
154,439,1671.95,427.22,115.26,208.43,0.384,-1,-1,-1
154,543,1053.37,483.79,39.18,83.44,0.341,-1,-1,-1
154,626,472.00,457.98,34.47,58.39,0.370,-1,-1,-1
154,627,1129.98,460.22,32.91,83.22,0.650,-1,-1,-1
154,352,1843.02,458.91,68.84,197.06,0.411,-1,-1,-1
154,305,413.57,469.41,43.79,97.69,0.288,-1,-1,-1
154,501,468.24,456.96,45.32,118.14,0.466,-1,-1,-1
154,593,958.16,447.74,49.64,118.17,0.352,-1,-1,-1
154,13,964.52,483.77,48.08,77.61,0.291,-1,-1,-1
154,607,1161.21,440.87,26.27,82.54,0.279,-1,-1,-1
155,2,720.75,432.12,120.99,342.33,0.917,-1,-1,-1
155,3,538.37,426.21,166.22,465.78,0.913,-1,-1,-1
155,6,1193.75,448.46,36.47,96.47,0.719,-1,-1,-1
155,7,960.70,444.82,37.74,77.23,0.341,-1,-1,-1
155,19,833.98,451.26,89.38,278.35,0.891,-1,-1,-1
155,261,1072.21,477.90,48.40,118.72,0.539,-1,-1,-1
155,324,420.69,471.32,32.46,45.10,0.264,-1,-1,-1
155,8,1005.17,451.29,31.55,73.07,0.313,-1,-1,-1
155,273,1688.12,429.05,99.38,152.87,0.330,-1,-1,-1
155,528,551.66,450.39,30.28,66.73,0.276,-1,-1,-1
155,9,1094.66,442.38,38.31,98.22,0.429,-1,-1,-1
155,567,897.56,432.36,73.62,248.27,0.865,-1,-1,-1
155,598,397.83,469.87,32.35,48.12,0.266,-1,-1,-1
155,295,496.77,452.01,45.03,108.29,0.473,-1,-1,-1
155,439,1672.01,427.25,114.71,208.31,0.268,-1,-1,-1
155,543,1054.25,482.48,39.42,83.84,0.341,-1,-1,-1
155,626,470.40,457.07,34.95,59.58,0.330,-1,-1,-1
155,627,1130.38,458.83,33.32,84.56,0.634,-1,-1,-1
155,352,1843.35,458.97,69.04,197.28,0.426,-1,-1,-1
155,305,414.93,471.82,42.46,94.28,0.267,-1,-1,-1
155,501,467.33,456.39,44.82,118.46,0.517,-1,-1,-1
155,593,958.38,445.64,49.17,117.63,0.350,-1,-1,-1
155,607,1160.56,439.92,26.27,83.18,0.296,-1,-1,-1
155,642,667.50,450.94,68.20,336.44,0.599,-1,-1,-1
156,2,722.96,431.51,120.62,342.86,0.918,-1,-1,-1
156,3,536.37,426.41,166.40,465.31,0.906,-1,-1,-1
156,6,1193.44,449.32,36.35,96.37,0.736,-1,-1,-1
156,7,959.67,444.70,41.02,83.52,0.302,-1,-1,-1
156,19,835.16,449.56,89.63,280.23,0.894,-1,-1,-1
156,261,1072.10,480.63,47.53,115.64,0.504,-1,-1,-1
156,324,421.28,472.41,31.85,44.06,0.293,-1,-1,-1
156,273,1684.47,428.91,100.00,153.82,0.320,-1,-1,-1
156,528,550.55,448.70,30.46,66.03,0.263,-1,-1,-1
156,9,1095.28,442.56,38.75,99.91,0.402,-1,-1,-1
156,567,898.34,432.48,74.47,251.58,0.862,-1,-1,-1
156,598,397.86,469.95,32.15,47.80,0.306,-1,-1,-1
156,295,496.52,453.04,43.77,106.57,0.458,-1,-1,-1
156,439,1671.68,427.62,113.95,207.35,0.322,-1,-1,-1
156,543,1054.01,483.48,38.96,82.94,0.276,-1,-1,-1
156,626,470.62,457.98,34.33,58.67,0.338,-1,-1,-1
156,627,1129.22,458.80,33.04,84.31,0.449,-1,-1,-1
156,352,1841.81,454.55,70.76,201.78,0.360,-1,-1,-1
156,305,416.71,472.00,40.01,87.93,0.270,-1,-1,-1
156,501,466.90,457.55,43.97,117.54,0.468,-1,-1,-1
156,593,957.90,445.08,49.08,117.71,0.372,-1,-1,-1
156,642,666.96,446.70,68.91,339.86,0.658,-1,-1,-1
156,644,1306.38,429.76,33.87,113.72,0.332,-1,-1,-1
156,474,502.58,453.97,30.54,67.32,0.312,-1,-1,-1
157,2,725.44,431.35,120.65,343.11,0.918,-1,-1,-1
157,3,533.24,426.22,166.59,465.37,0.916,-1,-1,-1
157,6,1192.59,448.56,36.49,97.22,0.683,-1,-1,-1
157,7,961.03,443.25,37.70,75.92,0.300,-1,-1,-1
157,19,837.22,448.55,89.49,281.07,0.890,-1,-1,-1
157,261,1070.64,477.17,48.99,118.84,0.515,-1,-1,-1
157,324,421.38,472.00,32.03,44.26,0.294,-1,-1,-1
157,273,1684.71,428.78,99.77,153.99,0.344,-1,-1,-1
157,528,548.60,446.55,31.93,68.21,0.261,-1,-1,-1
157,9,1095.12,441.03,38.36,99.88,0.346,-1,-1,-1
157,567,900.57,433.60,74.68,252.11,0.868,-1,-1,-1
157,598,397.81,469.94,31.73,47.06,0.274,-1,-1,-1
157,295,496.40,451.64,43.71,107.78,0.373,-1,-1,-1
157,439,1671.34,426.65,113.91,207.97,0.270,-1,-1,-1
157,626,469.60,453.97,36.47,62.79,0.300,-1,-1,-1
157,627,1130.56,457.96,33.15,84.98,0.462,-1,-1,-1
157,352,1840.55,455.09,70.67,200.94,0.303,-1,-1,-1
157,305,417.75,471.36,38.31,83.50,0.309,-1,-1,-1
157,501,467.10,456.56,43.95,118.99,0.497,-1,-1,-1
157,593,957.26,444.28,50.31,121.95,0.409,-1,-1,-1
157,642,666.21,442.82,70.10,345.26,0.829,-1,-1,-1
157,644,1306.01,429.99,33.63,112.93,0.278,-1,-1,-1
157,474,501.79,452.00,31.94,68.44,0.289,-1,-1,-1
157,8,1003.86,450.32,31.70,73.97,0.425,-1,-1,-1
158,2,728.84,431.23,121.18,343.06,0.914,-1,-1,-1
158,3,532.17,425.91,166.58,465.38,0.914,-1,-1,-1
158,6,1192.32,449.02,36.14,96.97,0.657,-1,-1,-1
158,19,839.48,445.72,89.90,283.66,0.894,-1,-1,-1
158,261,1070.83,480.29,48.07,116.02,0.608,-1,-1,-1
158,324,421.27,472.12,31.91,43.82,0.276,-1,-1,-1
158,273,1686.49,428.52,99.13,153.99,0.356,-1,-1,-1
158,528,548.27,445.31,32.07,67.10,0.266,-1,-1,-1
158,9,1094.57,440.99,38.01,99.77,0.413,-1,-1,-1
158,567,903.23,434.99,74.81,250.96,0.866,-1,-1,-1
158,295,496.44,451.59,43.17,107.56,0.406,-1,-1,-1
158,626,469.05,452.68,36.96,64.01,0.293,-1,-1,-1
158,627,1131.02,453.25,34.82,90.04,0.472,-1,-1,-1
158,352,1840.81,452.26,72.02,203.69,0.402,-1,-1,-1
158,305,411.53,469.14,43.14,93.78,0.421,-1,-1,-1
158,501,466.93,455.84,43.43,118.91,0.531,-1,-1,-1
158,593,956.35,444.59,52.14,128.34,0.465,-1,-1,-1
158,642,667.31,441.00,71.00,348.04,0.862,-1,-1,-1
158,644,1306.69,430.15,33.61,112.81,0.312,-1,-1,-1
158,474,501.73,451.49,32.63,68.27,0.300,-1,-1,-1
158,8,1003.57,450.66,31.31,73.82,0.275,-1,-1,-1
159,2,732.44,430.78,121.56,343.47,0.913,-1,-1,-1
159,3,533.93,425.99,166.83,465.45,0.904,-1,-1,-1
159,6,1191.79,448.58,36.02,97.45,0.571,-1,-1,-1
159,19,841.22,446.48,89.17,282.93,0.887,-1,-1,-1
159,261,1071.51,481.02,47.81,114.98,0.542,-1,-1,-1
159,324,421.09,472.00,32.21,43.99,0.277,-1,-1,-1
159,273,1686.15,428.25,99.16,154.39,0.358,-1,-1,-1
159,9,1093.22,439.72,38.67,102.60,0.495,-1,-1,-1
159,567,906.18,435.82,75.79,250.69,0.826,-1,-1,-1
159,295,497.04,449.50,43.67,109.67,0.523,-1,-1,-1
159,626,469.80,454.39,35.76,62.05,0.280,-1,-1,-1
159,627,1132.03,447.60,36.64,95.71,0.490,-1,-1,-1
159,305,408.20,468.40,45.61,98.67,0.474,-1,-1,-1
159,501,466.49,452.95,44.08,122.42,0.617,-1,-1,-1
159,593,956.86,444.13,50.99,126.75,0.364,-1,-1,-1
159,642,668.50,440.36,71.83,349.36,0.866,-1,-1,-1
159,644,1306.68,429.64,33.74,113.17,0.307,-1,-1,-1
159,474,502.70,449.56,33.48,68.54,0.294,-1,-1,-1
159,8,1003.78,451.00,31.11,73.84,0.345,-1,-1,-1
159,607,1160.78,439.70,26.35,84.21,0.287,-1,-1,-1
159,7,962.32,442.65,34.38,67.67,0.288,-1,-1,-1
159,598,397.24,469.18,32.23,47.76,0.269,-1,-1,-1
160,2,734.75,431.33,121.24,343.05,0.920,-1,-1,-1
160,3,532.96,425.89,167.00,465.51,0.908,-1,-1,-1
160,6,1190.68,449.03,35.42,97.06,0.471,-1,-1,-1
160,19,842.89,446.56,88.42,282.71,0.893,-1,-1,-1
160,261,1071.47,481.34,48.00,114.85,0.555,-1,-1,-1
160,324,420.82,471.71,32.71,44.39,0.277,-1,-1,-1
160,273,1683.45,428.13,99.94,155.11,0.351,-1,-1,-1
160,9,1093.03,439.35,38.60,103.25,0.473,-1,-1,-1
160,567,909.39,436.15,76.95,250.53,0.857,-1,-1,-1
160,295,497.58,449.56,43.37,109.54,0.493,-1,-1,-1
160,626,469.73,454.33,35.58,61.92,0.278,-1,-1,-1
160,627,1132.52,445.38,37.02,97.99,0.462,-1,-1,-1
160,305,406.49,467.94,46.79,100.57,0.441,-1,-1,-1
160,501,466.35,452.55,43.54,122.60,0.640,-1,-1,-1
160,593,959.29,442.43,48.19,121.10,0.327,-1,-1,-1
160,642,669.35,440.42,72.51,349.63,0.865,-1,-1,-1
160,644,1306.42,429.35,34.04,113.99,0.294,-1,-1,-1
160,474,503.16,449.51,34.12,68.40,0.289,-1,-1,-1
160,8,1003.36,450.52,30.80,73.78,0.340,-1,-1,-1
160,543,1054.63,481.02,40.69,86.20,0.333,-1,-1,-1
160,352,1839.91,450.59,73.23,205.46,0.330,-1,-1,-1
161,2,736.92,431.11,121.27,343.43,0.920,-1,-1,-1
161,3,532.55,426.13,167.07,465.23,0.912,-1,-1,-1
161,6,1189.43,450.60,34.26,95.22,0.542,-1,-1,-1
161,19,845.60,446.02,88.05,282.19,0.897,-1,-1,-1
161,261,1071.58,481.69,48.15,114.47,0.559,-1,-1,-1
161,324,421.18,472.44,32.44,43.78,0.308,-1,-1,-1
161,273,1683.76,428.05,99.86,155.00,0.346,-1,-1,-1
161,9,1092.77,439.11,38.56,104.06,0.440,-1,-1,-1
161,567,912.80,436.91,78.26,251.29,0.858,-1,-1,-1
161,295,497.52,450.06,42.74,108.51,0.553,-1,-1,-1
161,626,469.58,454.69,35.21,61.65,0.312,-1,-1,-1
161,627,1133.34,444.87,36.79,98.56,0.502,-1,-1,-1
161,305,405.39,467.25,47.72,101.86,0.479,-1,-1,-1
161,501,466.45,453.74,42.47,120.83,0.578,-1,-1,-1
161,642,669.44,440.69,73.48,351.02,0.857,-1,-1,-1
161,644,1306.52,429.22,34.11,114.08,0.288,-1,-1,-1
161,474,502.86,450.18,34.41,67.70,0.302,-1,-1,-1
161,8,1002.61,449.94,30.51,73.76,0.300,-1,-1,-1
161,543,1054.44,481.01,40.85,85.97,0.339,-1,-1,-1
161,352,1839.29,448.85,74.58,207.65,0.379,-1,-1,-1
161,439,1671.01,425.39,114.59,209.57,0.261,-1,-1,-1
161,607,1161.00,439.95,26.65,84.71,0.253,-1,-1,-1
161,598,396.80,467.87,33.24,49.33,0.261,-1,-1,-1
162,2,738.87,431.18,121.10,343.75,0.917,-1,-1,-1
162,3,532.60,425.93,167.72,465.92,0.906,-1,-1,-1
162,6,1188.84,451.98,32.91,92.97,0.511,-1,-1,-1
162,19,847.64,445.29,88.06,283.44,0.901,-1,-1,-1
162,261,1073.04,481.73,48.21,114.20,0.574,-1,-1,-1
162,324,421.06,473.01,32.39,43.59,0.313,-1,-1,-1
162,273,1684.24,427.82,100.13,155.61,0.314,-1,-1,-1
162,9,1093.37,439.20,37.89,102.50,0.446,-1,-1,-1
162,567,915.69,438.45,79.19,251.85,0.822,-1,-1,-1
162,295,498.33,450.00,42.56,108.51,0.567,-1,-1,-1
162,626,470.24,455.34,34.85,61.23,0.336,-1,-1,-1
162,627,1134.45,443.21,36.79,99.81,0.496,-1,-1,-1
162,305,405.70,467.25,47.20,100.35,0.433,-1,-1,-1
162,501,466.87,454.53,41.97,120.48,0.560,-1,-1,-1
162,642,669.88,441.45,74.78,355.05,0.850,-1,-1,-1
162,644,1306.75,429.29,34.08,113.92,0.313,-1,-1,-1
162,474,503.33,450.15,34.91,67.37,0.315,-1,-1,-1
162,8,1002.18,449.85,30.37,73.78,0.490,-1,-1,-1
162,543,1054.17,481.42,40.41,84.74,0.300,-1,-1,-1
162,352,1839.04,450.95,74.15,205.09,0.274,-1,-1,-1
162,439,1671.49,425.24,114.43,209.67,0.258,-1,-1,-1
162,607,1161.16,439.87,26.63,84.67,0.284,-1,-1,-1
162,598,397.82,467.78,34.05,50.46,0.289,-1,-1,-1
162,528,548.56,443.16,33.97,69.17,0.288,-1,-1,-1
163,2,740.23,431.79,120.69,343.61,0.916,-1,-1,-1
163,3,533.76,425.80,168.25,465.86,0.904,-1,-1,-1
163,6,1187.89,451.42,32.40,93.50,0.533,-1,-1,-1
163,19,851.72,445.09,88.83,284.65,0.904,-1,-1,-1
163,261,1072.77,481.65,48.83,114.83,0.500,-1,-1,-1
163,324,422.38,474.36,31.65,42.51,0.276,-1,-1,-1
163,273,1682.39,427.93,100.28,155.01,0.341,-1,-1,-1
163,9,1093.58,438.20,38.04,103.52,0.426,-1,-1,-1
163,567,919.15,439.29,79.98,253.30,0.797,-1,-1,-1
163,295,500.06,447.76,43.16,110.68,0.532,-1,-1,-1
163,626,471.74,457.02,33.86,59.37,0.267,-1,-1,-1
163,627,1136.79,442.02,37.09,101.29,0.542,-1,-1,-1
163,305,405.61,467.12,47.78,101.21,0.465,-1,-1,-1
163,501,467.22,453.90,41.86,121.24,0.644,-1,-1,-1
163,642,670.81,442.85,75.50,357.33,0.837,-1,-1,-1
163,644,1307.11,428.27,34.31,114.74,0.294,-1,-1,-1
163,474,504.44,447.91,35.98,68.54,0.381,-1,-1,-1
163,8,1001.71,449.50,29.99,73.30,0.450,-1,-1,-1
163,543,1052.77,481.65,40.43,84.57,0.287,-1,-1,-1
163,352,1838.48,450.60,74.56,204.82,0.284,-1,-1,-1
163,439,1671.64,425.79,113.95,208.79,0.439,-1,-1,-1
163,598,397.88,467.55,33.91,50.01,0.267,-1,-1,-1
163,528,548.11,443.64,34.17,67.90,0.285,-1,-1,-1
164,2,743.19,432.80,119.94,342.65,0.910,-1,-1,-1
164,3,534.71,425.44,169.64,466.91,0.911,-1,-1,-1
164,6,1186.32,451.11,32.05,94.18,0.513,-1,-1,-1
164,19,856.35,446.23,90.18,284.69,0.913,-1,-1,-1
164,261,1072.65,473.87,52.09,122.92,0.442,-1,-1,-1
164,324,421.74,473.37,32.36,43.42,0.281,-1,-1,-1
164,273,1682.70,427.81,100.66,155.33,0.366,-1,-1,-1
164,9,1093.73,438.37,38.48,105.49,0.417,-1,-1,-1
164,567,922.27,439.09,80.18,254.36,0.839,-1,-1,-1
164,295,500.54,447.92,42.76,110.21,0.517,-1,-1,-1
164,626,470.64,454.42,35.47,62.40,0.308,-1,-1,-1
164,627,1141.80,439.95,38.41,103.87,0.582,-1,-1,-1
164,305,405.95,466.94,48.05,101.68,0.525,-1,-1,-1
164,501,467.02,453.07,41.81,122.16,0.631,-1,-1,-1
164,642,672.53,443.16,76.64,360.63,0.827,-1,-1,-1
164,644,1306.83,428.00,34.57,115.59,0.317,-1,-1,-1
164,474,504.64,447.78,36.29,68.33,0.379,-1,-1,-1
164,8,1001.43,449.22,29.98,73.78,0.510,-1,-1,-1
164,543,1051.94,482.58,39.85,82.56,0.252,-1,-1,-1
164,352,1837.69,450.82,74.95,203.57,0.315,-1,-1,-1
164,439,1671.50,425.36,114.25,209.54,0.430,-1,-1,-1
164,598,396.66,467.68,33.87,50.35,0.251,-1,-1,-1
165,2,745.62,433.03,120.18,344.38,0.909,-1,-1,-1
165,3,537.46,424.81,172.33,470.33,0.912,-1,-1,-1
165,6,1183.83,451.56,31.75,93.98,0.474,-1,-1,-1
165,19,862.11,445.92,92.91,286.31,0.914,-1,-1,-1
165,261,1067.86,480.97,50.60,115.57,0.347,-1,-1,-1
165,324,419.82,469.85,34.95,47.12,0.333,-1,-1,-1
165,273,1682.08,426.74,101.73,156.92,0.336,-1,-1,-1
165,9,1092.46,436.38,38.90,106.85,0.396,-1,-1,-1
165,567,924.18,438.43,80.48,256.05,0.854,-1,-1,-1
165,295,502.13,448.86,42.17,109.54,0.306,-1,-1,-1
165,626,471.28,455.42,34.64,61.01,0.332,-1,-1,-1
165,627,1143.34,438.09,39.24,106.15,0.587,-1,-1,-1
165,305,408.29,466.59,47.86,102.20,0.478,-1,-1,-1
165,501,468.19,455.06,40.69,119.66,0.506,-1,-1,-1
165,642,674.91,443.27,76.77,357.74,0.838,-1,-1,-1
165,644,1307.72,427.82,34.39,115.76,0.258,-1,-1,-1
165,474,505.24,449.52,35.65,66.48,0.410,-1,-1,-1
165,8,1000.92,448.27,29.91,74.37,0.487,-1,-1,-1
165,543,1052.48,482.22,40.34,83.84,0.354,-1,-1,-1
165,352,1833.46,424.90,84.11,229.85,0.349,-1,-1,-1
165,598,397.77,468.10,33.77,50.45,0.280,-1,-1,-1
166,2,747.20,433.20,120.58,346.10,0.908,-1,-1,-1
166,3,538.98,425.14,174.74,473.60,0.907,-1,-1,-1
166,6,1182.01,450.53,31.78,94.39,0.475,-1,-1,-1
166,19,866.49,446.77,95.20,285.61,0.921,-1,-1,-1
166,324,419.10,468.60,35.70,48.32,0.344,-1,-1,-1
166,273,1682.34,427.08,101.39,155.96,0.333,-1,-1,-1
166,9,1092.39,436.34,38.32,104.93,0.399,-1,-1,-1
166,567,925.51,437.83,80.73,257.26,0.872,-1,-1,-1
166,295,502.45,452.34,40.57,105.69,0.441,-1,-1,-1
166,626,472.02,456.20,34.06,59.99,0.322,-1,-1,-1
166,627,1144.45,437.73,39.30,106.03,0.580,-1,-1,-1
166,305,410.35,466.61,47.35,102.32,0.423,-1,-1,-1
166,501,468.97,456.93,39.86,117.86,0.558,-1,-1,-1
166,642,675.46,443.52,77.94,359.20,0.856,-1,-1,-1
166,474,506.83,452.05,34.38,63.32,0.406,-1,-1,-1
166,8,1000.98,447.72,29.69,74.32,0.545,-1,-1,-1
166,543,1052.39,483.22,39.57,82.26,0.329,-1,-1,-1
166,352,1833.93,420.29,85.44,235.06,0.379,-1,-1,-1
166,598,397.68,468.59,32.70,49.15,0.306,-1,-1,-1
166,671,1087.42,433.78,43.24,153.87,0.461,-1,-1,-1
166,439,1670.86,425.46,114.45,209.27,0.333,-1,-1,-1
167,2,748.87,432.81,120.90,347.84,0.908,-1,-1,-1
167,3,541.17,424.66,177.51,475.99,0.916,-1,-1,-1
167,6,1181.24,451.06,31.74,94.05,0.481,-1,-1,-1
167,19,870.62,445.73,98.32,287.11,0.923,-1,-1,-1
167,324,419.21,468.19,35.83,48.68,0.313,-1,-1,-1
167,273,1681.54,427.03,101.87,156.21,0.321,-1,-1,-1
167,9,1091.71,435.88,38.99,106.53,0.477,-1,-1,-1
167,567,927.54,437.33,80.38,257.77,0.886,-1,-1,-1
167,295,502.95,454.49,39.47,103.27,0.496,-1,-1,-1
167,626,472.74,457.67,33.37,58.54,0.307,-1,-1,-1
167,627,1145.42,437.91,39.39,105.93,0.611,-1,-1,-1
167,305,411.17,466.30,47.01,102.79,0.430,-1,-1,-1
167,501,469.61,458.04,39.42,116.94,0.587,-1,-1,-1
167,642,675.57,443.78,78.04,357.72,0.830,-1,-1,-1
167,474,507.73,453.99,33.37,60.78,0.368,-1,-1,-1
167,8,1000.74,447.48,29.61,74.38,0.518,-1,-1,-1
167,543,1052.18,482.87,39.51,82.22,0.323,-1,-1,-1
167,352,1833.10,413.01,86.90,242.45,0.366,-1,-1,-1
167,598,397.46,468.06,32.47,49.14,0.313,-1,-1,-1
167,671,1087.16,433.32,43.35,154.11,0.466,-1,-1,-1
167,439,1669.82,424.93,115.03,209.88,0.344,-1,-1,-1
168,2,749.16,434.09,121.31,350.67,0.906,-1,-1,-1
168,3,544.30,425.06,179.06,473.89,0.922,-1,-1,-1
168,6,1181.01,449.98,32.25,95.75,0.517,-1,-1,-1
168,19,873.92,444.78,101.25,288.32,0.926,-1,-1,-1
168,324,418.02,467.30,36.70,50.33,0.346,-1,-1,-1
168,273,1683.61,426.15,102.26,157.62,0.342,-1,-1,-1
168,9,1092.88,436.42,38.80,106.53,0.270,-1,-1,-1
168,567,930.16,436.15,80.50,259.06,0.891,-1,-1,-1
168,295,502.11,455.61,38.91,102.61,0.503,-1,-1,-1
168,626,471.21,456.66,33.94,59.96,0.275,-1,-1,-1
168,627,1146.28,438.82,39.32,105.08,0.667,-1,-1,-1
168,305,412.52,466.35,46.53,103.14,0.452,-1,-1,-1
168,501,468.46,455.48,39.75,119.24,0.622,-1,-1,-1
168,642,674.05,444.45,78.30,357.13,0.850,-1,-1,-1
168,8,1000.02,447.04,29.82,75.06,0.594,-1,-1,-1
168,543,1052.48,485.18,38.08,79.63,0.292,-1,-1,-1
168,352,1832.92,409.10,87.08,246.20,0.319,-1,-1,-1
168,671,1085.30,434.26,44.99,159.86,0.589,-1,-1,-1
168,439,1669.77,421.69,116.62,213.17,0.282,-1,-1,-1
169,2,749.65,434.61,121.99,353.45,0.903,-1,-1,-1
169,3,547.66,424.57,181.58,473.02,0.926,-1,-1,-1
169,6,1180.22,449.53,32.43,96.34,0.394,-1,-1,-1
169,19,875.59,444.91,103.90,289.06,0.921,-1,-1,-1
169,324,419.05,468.36,35.47,49.05,0.280,-1,-1,-1
169,273,1680.57,426.88,103.42,158.76,0.336,-1,-1,-1
169,9,1093.65,436.80,38.98,107.95,0.456,-1,-1,-1
169,567,932.97,436.47,80.06,259.07,0.867,-1,-1,-1
169,295,500.96,455.25,38.81,103.52,0.585,-1,-1,-1
169,627,1146.80,438.02,39.69,105.67,0.667,-1,-1,-1
169,305,412.34,466.38,46.00,103.29,0.436,-1,-1,-1
169,501,468.20,454.87,39.61,119.93,0.649,-1,-1,-1
169,642,676.29,444.84,78.88,357.37,0.845,-1,-1,-1
169,8,1000.01,446.73,29.71,75.30,0.485,-1,-1,-1
169,352,1832.66,406.64,87.34,248.83,0.267,-1,-1,-1
169,671,1083.84,436.32,45.13,159.84,0.494,-1,-1,-1
169,439,1670.14,424.00,115.52,210.61,0.328,-1,-1,-1
169,196,372.54,443.36,39.80,65.06,0.327,-1,-1,-1
169,644,1307.76,426.63,34.68,117.37,0.350,-1,-1,-1
169,474,508.22,455.08,32.79,59.26,0.258,-1,-1,-1
170,2,751.69,434.86,121.96,354.83,0.906,-1,-1,-1
170,3,551.29,425.27,184.20,472.19,0.930,-1,-1,-1
170,6,1177.97,448.22,33.05,97.59,0.465,-1,-1,-1
170,19,876.93,446.23,106.31,289.42,0.926,-1,-1,-1
170,324,418.80,468.09,35.14,48.99,0.289,-1,-1,-1
170,273,1681.13,426.97,103.53,158.92,0.308,-1,-1,-1
170,9,1094.24,437.62,38.84,108.41,0.378,-1,-1,-1
170,567,935.26,435.53,80.05,260.15,0.879,-1,-1,-1
170,295,500.28,455.97,37.94,102.65,0.546,-1,-1,-1
170,627,1147.47,438.71,39.42,104.72,0.636,-1,-1,-1
170,305,412.57,466.67,45.22,102.94,0.452,-1,-1,-1
170,501,467.94,455.16,39.09,119.70,0.657,-1,-1,-1
170,642,677.31,444.54,79.10,358.45,0.837,-1,-1,-1
170,8,1000.05,446.37,29.61,75.89,0.455,-1,-1,-1
170,352,1831.83,401.13,88.17,254.53,0.264,-1,-1,-1
170,671,1082.94,438.08,45.08,158.74,0.578,-1,-1,-1
170,439,1671.25,426.17,114.57,208.53,0.275,-1,-1,-1
170,196,372.70,443.74,39.78,65.12,0.259,-1,-1,-1
170,644,1307.96,426.64,34.42,117.27,0.293,-1,-1,-1
170,598,398.49,467.13,32.58,50.07,0.254,-1,-1,-1
171,2,753.40,434.87,121.51,355.47,0.908,-1,-1,-1
171,3,555.14,425.26,187.00,473.04,0.924,-1,-1,-1
171,6,1176.83,448.23,33.31,97.24,0.475,-1,-1,-1
171,19,878.22,447.25,108.22,289.47,0.926,-1,-1,-1
171,273,1682.45,427.20,103.13,158.63,0.331,-1,-1,-1
171,9,1094.95,438.01,38.37,107.92,0.309,-1,-1,-1
171,567,940.02,434.14,80.04,262.05,0.852,-1,-1,-1
171,295,500.43,455.98,37.43,102.78,0.541,-1,-1,-1
171,627,1148.12,438.37,39.55,105.02,0.634,-1,-1,-1
171,305,413.06,466.59,44.68,103.17,0.497,-1,-1,-1
171,501,468.13,455.00,38.64,119.91,0.665,-1,-1,-1
171,642,678.50,444.17,79.62,361.64,0.816,-1,-1,-1
171,8,1000.30,446.14,29.50,76.48,0.496,-1,-1,-1
171,352,1831.76,399.15,88.24,256.45,0.278,-1,-1,-1
171,671,1082.81,438.86,45.18,157.97,0.582,-1,-1,-1
171,439,1671.51,426.50,114.52,208.36,0.352,-1,-1,-1
171,644,1307.87,427.85,34.03,116.06,0.326,-1,-1,-1
171,683,1839.79,465.64,71.44,189.88,0.328,-1,-1,-1
172,2,756.76,435.03,121.14,355.47,0.906,-1,-1,-1
172,3,558.78,426.13,190.72,474.33,0.927,-1,-1,-1
172,6,1175.47,449.63,33.46,96.10,0.521,-1,-1,-1
172,19,877.79,447.57,109.92,290.52,0.923,-1,-1,-1
172,273,1683.71,427.23,102.73,158.58,0.379,-1,-1,-1
172,9,1095.46,439.84,37.71,106.32,0.257,-1,-1,-1
172,567,944.91,434.50,79.41,260.72,0.828,-1,-1,-1
172,295,502.27,456.08,37.10,102.80,0.558,-1,-1,-1
172,627,1148.55,439.88,38.99,103.47,0.568,-1,-1,-1
172,305,412.92,466.42,43.94,102.96,0.443,-1,-1,-1
172,501,468.48,456.90,37.67,118.29,0.705,-1,-1,-1
172,642,679.48,444.45,80.35,365.81,0.818,-1,-1,-1
172,8,1000.45,445.56,29.19,76.69,0.371,-1,-1,-1
172,352,1831.65,402.43,87.82,253.31,0.293,-1,-1,-1
172,671,1082.90,441.16,44.97,155.65,0.573,-1,-1,-1
172,439,1672.33,425.68,114.74,209.15,0.356,-1,-1,-1
172,644,1306.94,428.14,34.08,115.81,0.315,-1,-1,-1
172,683,1836.79,454.50,75.64,200.86,0.333,-1,-1,-1
172,324,419.53,469.10,33.94,47.76,0.267,-1,-1,-1
173,2,759.79,434.92,121.20,355.97,0.900,-1,-1,-1
173,3,558.32,426.70,194.91,478.00,0.933,-1,-1,-1
173,6,1174.23,450.48,33.97,95.67,0.495,-1,-1,-1
173,19,876.95,447.21,111.85,291.87,0.920,-1,-1,-1
173,273,1681.04,427.43,103.33,159.06,0.342,-1,-1,-1
173,567,946.52,431.19,80.10,263.40,0.860,-1,-1,-1
173,295,503.42,455.54,37.28,103.86,0.642,-1,-1,-1
173,627,1148.75,439.73,39.05,103.79,0.596,-1,-1,-1
173,305,412.56,466.84,43.19,102.35,0.375,-1,-1,-1
173,501,468.57,457.40,37.25,117.94,0.704,-1,-1,-1
173,642,683.10,444.02,80.53,367.38,0.795,-1,-1,-1
173,671,1083.09,443.63,44.75,153.23,0.615,-1,-1,-1
173,439,1671.93,425.71,114.74,209.22,0.373,-1,-1,-1
173,644,1306.79,427.16,34.37,116.89,0.296,-1,-1,-1
173,683,1836.28,444.33,79.45,211.14,0.345,-1,-1,-1
173,693,396.34,468.19,33.80,90.83,0.317,-1,-1,-1
173,324,418.62,468.02,34.48,49.30,0.289,-1,-1,-1
174,2,761.58,435.89,121.85,357.57,0.902,-1,-1,-1
174,3,559.81,427.61,198.14,479.92,0.932,-1,-1,-1
174,6,1169.02,451.25,35.82,95.77,0.622,-1,-1,-1
174,19,876.86,446.36,113.31,293.05,0.915,-1,-1,-1
174,273,1680.06,427.75,103.62,158.92,0.365,-1,-1,-1
174,567,948.92,430.48,80.27,263.29,0.871,-1,-1,-1
174,295,504.08,455.68,37.12,103.67,0.627,-1,-1,-1
174,627,1148.95,439.61,39.09,104.28,0.538,-1,-1,-1
174,305,412.63,466.58,42.82,102.75,0.416,-1,-1,-1
174,501,468.96,458.19,36.83,117.05,0.736,-1,-1,-1
174,642,686.01,443.99,80.60,368.74,0.676,-1,-1,-1
174,671,1082.56,446.58,44.60,150.56,0.623,-1,-1,-1
174,439,1671.27,425.54,115.18,209.85,0.349,-1,-1,-1
174,644,1307.69,427.91,34.02,116.09,0.293,-1,-1,-1
174,683,1835.88,443.95,79.66,211.49,0.387,-1,-1,-1
174,693,396.37,468.09,33.58,90.15,0.338,-1,-1,-1
174,324,418.73,467.55,34.05,49.45,0.268,-1,-1,-1
174,695,549.71,456.37,29.06,66.20,0.377,-1,-1,-1
174,9,1097.23,445.44,35.41,99.83,0.281,-1,-1,-1
175,2,763.38,436.63,121.95,359.44,0.894,-1,-1,-1
175,3,564.15,428.54,200.31,480.94,0.920,-1,-1,-1
175,6,1163.69,448.66,38.52,98.41,0.643,-1,-1,-1
175,19,877.31,445.96,114.20,293.50,0.916,-1,-1,-1
175,273,1683.35,427.82,102.46,157.96,0.415,-1,-1,-1
175,567,953.62,430.59,80.43,262.81,0.862,-1,-1,-1
175,295,502.73,456.14,37.04,103.52,0.603,-1,-1,-1
175,627,1148.25,442.66,37.87,101.90,0.409,-1,-1,-1
175,305,412.54,465.48,42.77,103.98,0.421,-1,-1,-1
175,501,468.99,458.04,36.65,117.08,0.714,-1,-1,-1
175,642,689.40,443.50,80.32,369.58,0.601,-1,-1,-1
175,671,1082.07,448.10,44.83,149.22,0.581,-1,-1,-1
175,439,1672.11,425.45,115.08,210.09,0.285,-1,-1,-1
175,644,1307.01,428.15,34.00,115.70,0.279,-1,-1,-1
175,683,1835.21,444.37,79.42,210.58,0.368,-1,-1,-1
175,693,395.23,467.09,34.15,91.62,0.325,-1,-1,-1
175,695,549.27,456.82,29.06,66.22,0.357,-1,-1,-1
175,9,1098.14,444.22,35.38,100.27,0.294,-1,-1,-1
175,261,1070.43,478.01,52.40,119.21,0.312,-1,-1,-1
176,2,763.85,437.18,121.45,361.60,0.893,-1,-1,-1
176,3,565.26,428.20,202.16,482.87,0.931,-1,-1,-1
176,6,1162.42,449.25,39.75,97.55,0.690,-1,-1,-1
176,19,878.19,444.96,114.86,294.59,0.916,-1,-1,-1
176,273,1685.39,427.70,101.55,157.72,0.416,-1,-1,-1
176,567,959.74,431.05,81.24,262.76,0.888,-1,-1,-1
176,295,501.75,455.45,36.99,103.84,0.673,-1,-1,-1
176,627,1148.41,445.47,36.52,100.03,0.292,-1,-1,-1
176,305,412.74,465.31,42.47,104.56,0.398,-1,-1,-1
176,501,469.18,459.12,36.09,116.07,0.757,-1,-1,-1
176,671,1082.71,446.30,45.74,150.80,0.597,-1,-1,-1
176,439,1671.38,425.06,115.20,210.51,0.279,-1,-1,-1
176,644,1306.99,428.83,33.93,115.34,0.304,-1,-1,-1
176,683,1836.16,446.46,78.72,208.24,0.393,-1,-1,-1
176,693,394.40,469.65,33.07,88.47,0.282,-1,-1,-1
176,695,546.88,458.02,28.16,64.32,0.335,-1,-1,-1
176,9,1098.58,443.56,34.19,96.41,0.257,-1,-1,-1
176,261,1071.92,474.63,53.12,122.92,0.425,-1,-1,-1
176,324,417.01,466.00,34.57,50.90,0.318,-1,-1,-1
177,2,765.17,437.88,120.99,362.56,0.886,-1,-1,-1
177,3,569.29,427.88,202.68,484.73,0.927,-1,-1,-1
177,6,1161.01,447.48,41.82,99.42,0.776,-1,-1,-1
177,19,879.48,444.27,115.16,295.36,0.910,-1,-1,-1
177,273,1683.99,427.31,101.88,158.51,0.452,-1,-1,-1
177,567,965.01,432.39,82.48,262.85,0.874,-1,-1,-1
177,295,501.63,454.94,37.20,104.36,0.675,-1,-1,-1
177,305,413.21,465.85,41.76,103.75,0.385,-1,-1,-1
177,501,468.91,459.09,36.09,116.69,0.783,-1,-1,-1
177,671,1081.41,452.55,44.57,144.42,0.601,-1,-1,-1
177,644,1306.64,428.91,34.05,115.29,0.316,-1,-1,-1
177,683,1835.14,445.08,79.21,208.74,0.337,-1,-1,-1
177,693,394.30,469.77,33.06,88.22,0.255,-1,-1,-1
177,695,545.36,458.65,27.03,61.89,0.306,-1,-1,-1
177,9,1099.75,442.81,33.37,94.04,0.296,-1,-1,-1
177,261,1071.32,476.28,52.15,120.96,0.252,-1,-1,-1
177,324,417.65,466.56,33.64,49.92,0.298,-1,-1,-1
178,2,766.95,438.10,120.15,362.91,0.890,-1,-1,-1
178,3,571.14,427.44,203.05,486.43,0.932,-1,-1,-1
178,6,1158.27,444.53,43.99,102.66,0.775,-1,-1,-1
178,19,882.74,443.94,114.90,295.98,0.905,-1,-1,-1
178,273,1685.06,426.63,101.18,158.45,0.340,-1,-1,-1
178,567,970.67,432.15,84.29,263.72,0.865,-1,-1,-1
178,295,499.91,453.70,37.24,105.32,0.662,-1,-1,-1
178,305,413.22,465.53,41.42,103.63,0.444,-1,-1,-1
178,501,468.30,459.34,35.72,116.22,0.768,-1,-1,-1
178,671,1085.36,445.29,46.23,150.16,0.369,-1,-1,-1
178,644,1305.59,429.15,34.12,115.07,0.351,-1,-1,-1
178,683,1834.30,446.53,79.12,207.88,0.338,-1,-1,-1
178,695,545.54,455.46,27.37,62.81,0.308,-1,-1,-1
178,9,1098.09,442.25,35.05,98.93,0.457,-1,-1,-1
178,261,1073.78,476.88,51.49,120.28,0.479,-1,-1,-1
178,324,417.60,466.35,33.53,50.16,0.355,-1,-1,-1
178,713,576.37,458.26,31.46,85.61,0.448,-1,-1,-1
179,2,768.79,437.37,119.67,363.88,0.881,-1,-1,-1
179,3,573.33,426.71,202.72,487.64,0.927,-1,-1,-1
179,6,1157.30,443.57,44.87,103.41,0.779,-1,-1,-1
179,19,886.48,443.74,114.31,296.30,0.906,-1,-1,-1
179,273,1680.92,427.42,101.92,158.95,0.367,-1,-1,-1
179,567,975.57,437.83,84.70,259.09,0.856,-1,-1,-1
179,295,499.74,453.19,37.27,105.83,0.645,-1,-1,-1
179,305,413.74,465.74,41.02,103.26,0.442,-1,-1,-1
179,501,467.54,459.83,35.78,116.18,0.768,-1,-1,-1
179,671,1085.24,440.82,47.28,153.41,0.483,-1,-1,-1
179,644,1304.38,429.19,34.35,115.19,0.385,-1,-1,-1
179,683,1835.48,446.85,79.35,208.86,0.398,-1,-1,-1
179,695,546.98,454.57,27.90,64.26,0.322,-1,-1,-1
179,9,1096.58,440.68,36.27,102.62,0.425,-1,-1,-1
179,261,1071.11,464.67,55.77,132.02,0.348,-1,-1,-1
179,324,418.39,466.80,32.91,49.69,0.307,-1,-1,-1
179,713,574.94,458.98,32.25,87.37,0.528,-1,-1,-1
179,439,1670.82,425.83,114.35,209.33,0.334,-1,-1,-1
180,2,771.84,436.62,119.36,365.01,0.894,-1,-1,-1
180,3,575.34,425.50,202.33,489.37,0.924,-1,-1,-1
180,6,1156.24,442.62,45.61,104.16,0.789,-1,-1,-1
180,19,889.94,443.74,113.49,296.29,0.906,-1,-1,-1
180,273,1680.53,428.00,101.69,158.63,0.253,-1,-1,-1
180,567,978.76,439.02,86.67,259.67,0.869,-1,-1,-1
180,295,500.30,453.44,37.21,105.98,0.652,-1,-1,-1
180,305,412.80,465.80,40.97,103.49,0.530,-1,-1,-1
180,501,467.26,461.14,35.61,114.95,0.797,-1,-1,-1
180,671,1084.56,439.66,47.73,154.49,0.426,-1,-1,-1
180,644,1303.85,429.06,34.53,115.04,0.263,-1,-1,-1
180,683,1834.88,446.25,79.85,209.84,0.347,-1,-1,-1
180,695,546.56,455.14,27.31,63.18,0.326,-1,-1,-1
180,9,1096.54,440.50,36.60,104.23,0.387,-1,-1,-1
180,261,1071.40,474.42,51.99,122.34,0.351,-1,-1,-1
180,324,418.04,466.78,32.42,49.27,0.293,-1,-1,-1
180,713,573.81,457.91,34.10,91.67,0.544,-1,-1,-1
180,598,397.44,467.83,30.53,47.35,0.293,-1,-1,-1
180,352,1831.76,398.04,88.24,257.40,0.318,-1,-1,-1
180,693,392.97,467.90,35.14,93.94,0.271,-1,-1,-1
181,2,774.28,435.88,119.00,365.20,0.893,-1,-1,-1
181,3,578.19,423.45,202.26,491.72,0.923,-1,-1,-1
181,6,1155.46,442.75,45.57,103.96,0.794,-1,-1,-1
181,19,896.23,445.70,111.32,294.43,0.897,-1,-1,-1
181,273,1680.66,427.71,101.74,158.70,0.298,-1,-1,-1
181,567,979.21,439.59,88.42,260.49,0.884,-1,-1,-1
181,295,500.57,453.51,37.08,106.08,0.636,-1,-1,-1
181,305,413.22,465.77,40.79,103.55,0.508,-1,-1,-1
181,501,467.01,461.52,35.65,114.40,0.796,-1,-1,-1
181,671,1083.93,439.94,47.85,154.58,0.451,-1,-1,-1
181,644,1303.70,429.11,34.71,115.06,0.318,-1,-1,-1
181,683,1834.11,445.61,80.28,210.75,0.379,-1,-1,-1
181,695,545.77,454.76,27.09,62.90,0.326,-1,-1,-1
181,9,1097.20,441.25,35.61,102.25,0.370,-1,-1,-1
181,261,1071.29,478.08,50.56,118.77,0.365,-1,-1,-1
181,324,418.14,466.54,32.34,49.36,0.307,-1,-1,-1
181,713,574.43,458.32,36.75,97.84,0.582,-1,-1,-1
182,2,776.56,434.92,119.04,367.01,0.906,-1,-1,-1
182,3,580.84,422.73,201.91,492.64,0.924,-1,-1,-1
182,6,1154.16,443.00,45.27,103.78,0.791,-1,-1,-1
182,19,901.18,444.50,110.17,296.19,0.909,-1,-1,-1
182,273,1683.95,427.62,100.11,157.13,0.295,-1,-1,-1
182,567,979.18,440.18,89.72,262.20,0.866,-1,-1,-1
182,295,499.82,453.21,36.86,106.03,0.622,-1,-1,-1
182,305,412.36,466.33,39.61,100.32,0.527,-1,-1,-1
182,501,466.25,461.95,35.65,113.60,0.799,-1,-1,-1
182,671,1083.25,440.64,47.93,153.56,0.465,-1,-1,-1
182,644,1303.58,428.95,34.96,115.35,0.350,-1,-1,-1
182,683,1834.23,446.35,79.93,209.32,0.372,-1,-1,-1
182,695,546.13,453.80,27.87,64.86,0.347,-1,-1,-1
182,9,1098.42,441.86,34.63,99.88,0.338,-1,-1,-1
182,261,1071.15,480.46,49.80,116.34,0.285,-1,-1,-1
182,713,574.29,457.11,41.02,108.24,0.633,-1,-1,-1
182,598,397.11,468.07,29.64,46.03,0.268,-1,-1,-1
182,693,394.48,468.03,35.20,94.22,0.333,-1,-1,-1
183,2,778.85,434.22,118.90,368.02,0.909,-1,-1,-1
183,3,584.18,421.55,201.81,493.82,0.912,-1,-1,-1
183,6,1153.20,442.77,44.72,103.63,0.774,-1,-1,-1
183,19,905.57,442.43,109.28,298.96,0.910,-1,-1,-1
183,273,1684.86,427.13,99.78,157.33,0.320,-1,-1,-1
183,567,981.83,441.75,90.20,262.11,0.858,-1,-1,-1
183,295,497.85,454.18,36.13,104.63,0.567,-1,-1,-1
183,305,412.28,466.13,39.03,98.59,0.456,-1,-1,-1
183,501,466.47,462.48,35.70,112.77,0.794,-1,-1,-1
183,671,1084.29,442.67,47.42,150.99,0.478,-1,-1,-1
183,644,1302.79,428.92,35.34,115.85,0.361,-1,-1,-1
183,683,1834.37,447.04,79.88,209.05,0.375,-1,-1,-1
183,695,547.34,454.52,28.07,65.44,0.339,-1,-1,-1
183,9,1099.59,443.58,33.38,96.29,0.289,-1,-1,-1
183,261,1070.21,481.05,49.75,115.50,0.296,-1,-1,-1
183,713,573.47,457.50,43.96,114.98,0.683,-1,-1,-1
183,598,396.20,467.39,30.12,47.06,0.267,-1,-1,-1
183,324,420.71,470.52,29.35,44.75,0.287,-1,-1,-1
184,2,780.50,433.60,119.05,368.77,0.898,-1,-1,-1
184,3,589.71,420.51,200.61,494.84,0.906,-1,-1,-1
184,6,1152.57,444.52,43.91,102.02,0.788,-1,-1,-1
184,19,909.86,441.21,107.92,301.05,0.905,-1,-1,-1
184,273,1684.08,426.94,99.76,157.48,0.283,-1,-1,-1
184,567,983.77,441.35,90.51,262.93,0.828,-1,-1,-1
184,295,498.24,453.76,36.25,105.35,0.636,-1,-1,-1
184,305,412.51,465.88,39.65,100.41,0.498,-1,-1,-1
184,501,466.04,462.85,35.92,112.37,0.788,-1,-1,-1
184,671,1081.92,445.37,48.03,150.47,0.529,-1,-1,-1
184,644,1302.49,429.15,35.43,115.54,0.328,-1,-1,-1
184,683,1834.34,446.75,80.12,209.57,0.365,-1,-1,-1
184,695,546.21,453.84,28.45,66.48,0.347,-1,-1,-1
184,9,1100.42,444.18,33.33,96.50,0.303,-1,-1,-1
184,261,1073.20,482.28,49.02,114.54,0.270,-1,-1,-1
184,713,572.53,461.87,46.09,119.72,0.700,-1,-1,-1
184,598,395.70,466.83,30.67,48.06,0.289,-1,-1,-1
184,324,420.25,469.70,29.94,45.68,0.287,-1,-1,-1
185,2,783.27,433.48,118.70,369.11,0.902,-1,-1,-1
185,3,594.25,419.81,198.59,495.49,0.908,-1,-1,-1
185,6,1152.25,444.60,43.89,102.07,0.758,-1,-1,-1
185,19,913.29,440.48,106.90,304.20,0.894,-1,-1,-1
185,273,1681.82,427.38,100.07,157.60,0.302,-1,-1,-1
185,567,985.60,433.91,92.81,270.76,0.795,-1,-1,-1
185,295,498.53,453.30,36.26,105.71,0.613,-1,-1,-1
185,305,412.97,465.98,39.42,99.78,0.497,-1,-1,-1
185,501,466.72,463.66,36.03,111.45,0.785,-1,-1,-1
185,671,1081.05,442.24,49.64,153.73,0.426,-1,-1,-1
185,644,1303.13,429.54,35.38,114.88,0.360,-1,-1,-1
185,683,1835.27,447.78,79.69,208.58,0.455,-1,-1,-1
185,695,544.71,451.40,29.62,69.10,0.390,-1,-1,-1
185,9,1100.59,442.68,33.84,98.51,0.395,-1,-1,-1
185,261,1073.31,481.87,49.24,115.08,0.394,-1,-1,-1
185,713,570.36,460.27,52.90,136.98,0.751,-1,-1,-1
185,598,395.88,467.04,30.41,47.90,0.262,-1,-1,-1
185,324,419.00,467.68,31.29,47.84,0.312,-1,-1,-1
185,439,1671.25,425.93,113.49,208.73,0.273,-1,-1,-1
186,2,785.71,433.54,118.62,369.23,0.904,-1,-1,-1
186,3,598.17,419.77,196.28,495.51,0.907,-1,-1,-1
186,6,1153.01,445.46,44.04,101.37,0.768,-1,-1,-1
186,19,916.48,441.60,105.86,306.98,0.897,-1,-1,-1
186,273,1682.33,427.48,99.92,157.55,0.330,-1,-1,-1
186,567,990.29,440.59,90.59,264.26,0.822,-1,-1,-1
186,295,497.64,453.63,35.89,105.12,0.528,-1,-1,-1
186,305,412.67,466.17,39.28,98.84,0.501,-1,-1,-1
186,501,467.17,463.54,36.39,111.77,0.772,-1,-1,-1
186,671,1080.26,441.21,50.58,154.71,0.493,-1,-1,-1
186,644,1303.23,429.37,35.56,114.94,0.310,-1,-1,-1
186,683,1834.91,448.21,79.57,208.00,0.458,-1,-1,-1
186,695,544.32,450.12,30.34,70.66,0.364,-1,-1,-1
186,9,1101.40,442.66,33.21,97.14,0.315,-1,-1,-1
186,261,1074.03,482.91,48.84,114.07,0.389,-1,-1,-1
186,713,567.92,455.49,58.17,150.68,0.779,-1,-1,-1
186,324,419.35,467.98,31.04,47.41,0.281,-1,-1,-1
186,439,1671.57,425.80,113.21,209.17,0.269,-1,-1,-1
186,474,498.24,451.32,55.38,109.11,0.591,-1,-1,-1
187,2,788.41,433.41,118.86,369.59,0.901,-1,-1,-1
187,3,602.66,419.63,194.20,496.05,0.904,-1,-1,-1
187,6,1154.85,446.40,44.55,100.34,0.787,-1,-1,-1
187,19,920.85,441.93,105.17,309.53,0.893,-1,-1,-1
187,273,1681.98,427.42,100.16,157.92,0.336,-1,-1,-1
187,567,993.02,443.17,89.42,261.70,0.807,-1,-1,-1
187,295,497.57,454.08,35.68,104.80,0.496,-1,-1,-1
187,305,412.48,466.04,39.82,99.83,0.480,-1,-1,-1
187,501,467.18,463.60,36.68,111.53,0.763,-1,-1,-1
187,671,1080.43,441.04,51.40,155.68,0.477,-1,-1,-1
187,644,1303.30,429.21,35.64,114.96,0.320,-1,-1,-1
187,683,1834.31,447.44,80.00,208.58,0.425,-1,-1,-1
187,695,544.35,449.38,30.85,71.70,0.384,-1,-1,-1
187,9,1101.57,442.41,33.45,98.18,0.311,-1,-1,-1
187,261,1073.95,483.29,48.84,114.00,0.446,-1,-1,-1
187,713,568.19,455.74,60.23,155.17,0.799,-1,-1,-1
187,324,417.98,466.83,32.01,48.75,0.303,-1,-1,-1
187,439,1670.79,425.43,113.29,209.69,0.253,-1,-1,-1
187,474,498.96,451.65,52.70,110.16,0.677,-1,-1,-1
188,2,790.38,432.98,119.21,370.44,0.905,-1,-1,-1
188,3,606.56,417.74,193.80,500.74,0.902,-1,-1,-1
188,6,1155.12,445.13,46.20,101.79,0.795,-1,-1,-1
188,19,926.60,442.85,103.70,308.16,0.891,-1,-1,-1
188,273,1685.52,427.56,99.10,157.27,0.430,-1,-1,-1
188,567,993.17,427.07,94.15,277.99,0.836,-1,-1,-1
188,295,497.02,453.51,35.75,105.52,0.475,-1,-1,-1
188,305,412.52,466.31,40.24,100.92,0.476,-1,-1,-1
188,501,465.72,463.07,37.13,112.22,0.738,-1,-1,-1
188,671,1079.19,441.89,52.01,155.33,0.484,-1,-1,-1
188,644,1303.62,429.00,35.57,114.41,0.277,-1,-1,-1
188,683,1834.60,447.87,79.83,208.04,0.463,-1,-1,-1
188,695,544.33,450.59,30.08,70.33,0.331,-1,-1,-1
188,9,1102.14,442.46,34.21,101.09,0.408,-1,-1,-1
188,713,567.47,454.19,62.34,160.11,0.805,-1,-1,-1
188,324,418.61,467.32,31.64,48.21,0.306,-1,-1,-1
188,439,1671.47,425.50,113.09,210.03,0.321,-1,-1,-1
188,474,500.08,450.64,51.07,111.79,0.582,-1,-1,-1
189,2,792.26,432.42,119.29,370.75,0.907,-1,-1,-1
189,3,609.57,416.66,194.75,508.28,0.910,-1,-1,-1
189,6,1155.51,444.29,47.72,102.93,0.769,-1,-1,-1
189,19,933.34,443.88,103.31,307.38,0.910,-1,-1,-1
189,273,1685.66,427.40,98.60,156.86,0.338,-1,-1,-1
189,567,994.75,420.18,95.49,285.22,0.856,-1,-1,-1
189,295,498.57,452.34,36.26,106.85,0.518,-1,-1,-1
189,305,412.07,465.98,40.36,101.47,0.489,-1,-1,-1
189,501,466.25,462.98,37.45,112.43,0.767,-1,-1,-1
189,671,1081.73,438.83,52.92,158.16,0.476,-1,-1,-1
189,644,1302.83,428.24,36.20,115.70,0.337,-1,-1,-1
189,683,1834.24,447.06,80.14,208.35,0.350,-1,-1,-1
189,695,545.89,449.73,30.65,71.67,0.330,-1,-1,-1
189,9,1100.72,440.41,36.00,106.35,0.503,-1,-1,-1
189,713,567.57,454.03,64.13,164.11,0.806,-1,-1,-1
189,324,417.41,466.71,31.96,48.86,0.352,-1,-1,-1
189,439,1672.02,424.86,112.90,210.28,0.259,-1,-1,-1
189,474,500.26,449.87,49.69,112.50,0.447,-1,-1,-1
189,598,397.63,468.14,28.81,45.55,0.257,-1,-1,-1
189,261,1073.53,484.81,48.09,112.89,0.362,-1,-1,-1
190,2,794.16,431.98,119.29,371.04,0.911,-1,-1,-1
190,3,611.20,416.40,196.89,518.88,0.906,-1,-1,-1
190,6,1154.86,444.76,48.49,102.47,0.759,-1,-1,-1
190,19,940.70,444.87,103.13,305.42,0.916,-1,-1,-1
190,273,1687.14,427.46,98.09,156.65,0.453,-1,-1,-1
190,567,998.31,420.26,94.22,285.19,0.835,-1,-1,-1
190,295,497.01,452.62,35.65,105.67,0.513,-1,-1,-1
190,305,411.96,465.46,40.30,101.64,0.454,-1,-1,-1
190,501,465.68,461.76,37.85,113.77,0.745,-1,-1,-1
190,671,1080.87,439.20,52.81,157.33,0.429,-1,-1,-1
190,644,1302.67,428.28,36.23,115.63,0.268,-1,-1,-1
190,683,1834.69,445.80,80.57,209.29,0.317,-1,-1,-1
190,695,545.59,452.75,29.07,68.59,0.338,-1,-1,-1
190,9,1099.72,439.01,37.76,111.72,0.531,-1,-1,-1
190,713,567.35,453.33,64.54,164.75,0.819,-1,-1,-1
190,324,416.31,465.71,32.51,49.86,0.361,-1,-1,-1
190,439,1673.28,424.49,112.65,210.73,0.297,-1,-1,-1
190,474,502.75,450.37,47.80,111.72,0.425,-1,-1,-1
190,626,470.63,463.81,30.02,53.51,0.277,-1,-1,-1
190,352,1835.23,401.28,84.77,253.82,0.283,-1,-1,-1
191,2,795.28,431.84,118.71,370.74,0.908,-1,-1,-1
191,3,614.49,416.78,196.90,524.55,0.912,-1,-1,-1
191,6,1153.52,444.86,49.26,102.45,0.730,-1,-1,-1
191,19,945.30,445.50,103.66,305.06,0.909,-1,-1,-1
191,273,1686.72,427.45,97.93,156.59,0.399,-1,-1,-1
191,567,1003.91,427.16,91.49,278.10,0.845,-1,-1,-1
191,295,496.85,451.95,35.98,106.86,0.665,-1,-1,-1
191,305,412.31,466.18,40.28,101.82,0.455,-1,-1,-1
191,501,464.12,462.03,37.71,113.57,0.775,-1,-1,-1
191,644,1302.10,428.25,36.42,115.92,0.257,-1,-1,-1
191,683,1835.32,448.33,79.73,207.29,0.390,-1,-1,-1
191,695,545.09,454.20,28.04,66.84,0.349,-1,-1,-1
191,9,1099.96,439.18,37.59,112.28,0.619,-1,-1,-1
191,713,566.85,453.45,64.78,165.26,0.833,-1,-1,-1
191,324,416.28,466.00,32.21,49.58,0.369,-1,-1,-1
191,439,1673.27,425.20,112.01,209.49,0.301,-1,-1,-1
191,598,398.41,468.07,29.24,46.20,0.277,-1,-1,-1
192,2,797.25,431.71,118.14,369.65,0.914,-1,-1,-1
192,3,616.85,417.07,197.09,530.82,0.914,-1,-1,-1
192,6,1151.43,444.37,50.33,103.14,0.747,-1,-1,-1
192,19,948.27,447.65,104.61,305.19,0.913,-1,-1,-1
192,273,1684.17,427.76,98.80,157.57,0.374,-1,-1,-1
192,567,1008.45,431.76,89.75,273.76,0.824,-1,-1,-1
192,295,497.45,451.66,36.31,107.58,0.631,-1,-1,-1
192,305,412.57,466.19,40.44,102.26,0.552,-1,-1,-1
192,501,463.57,461.85,37.94,113.72,0.786,-1,-1,-1
192,644,1301.77,428.21,36.66,116.34,0.283,-1,-1,-1
192,683,1836.01,449.20,79.36,207.41,0.410,-1,-1,-1
192,9,1099.44,438.80,37.34,112.15,0.528,-1,-1,-1
192,713,566.79,453.18,64.81,164.80,0.833,-1,-1,-1
192,324,417.14,466.36,32.16,49.60,0.333,-1,-1,-1
192,439,1673.31,425.81,111.58,208.63,0.305,-1,-1,-1
193,2,800.17,431.81,117.53,368.32,0.911,-1,-1,-1
193,3,619.33,416.66,196.24,535.69,0.915,-1,-1,-1
193,6,1148.51,443.97,50.89,103.62,0.697,-1,-1,-1
193,19,949.37,446.10,106.97,309.20,0.915,-1,-1,-1
193,273,1686.58,427.83,97.72,156.39,0.395,-1,-1,-1
193,567,1014.36,436.68,88.14,269.56,0.813,-1,-1,-1
193,295,496.77,451.80,36.25,107.42,0.599,-1,-1,-1
193,305,413.74,467.54,39.66,100.21,0.415,-1,-1,-1
193,501,462.73,461.63,38.16,113.91,0.766,-1,-1,-1
193,644,1301.68,428.89,36.57,115.61,0.288,-1,-1,-1
193,683,1835.98,449.21,79.29,207.53,0.388,-1,-1,-1
193,9,1100.52,440.20,36.00,108.73,0.487,-1,-1,-1
193,713,566.64,453.16,65.00,165.48,0.836,-1,-1,-1
193,324,418.50,467.62,31.38,48.64,0.378,-1,-1,-1
193,439,1672.48,425.83,111.83,208.79,0.301,-1,-1,-1
193,752,1145.60,448.27,29.83,98.85,0.348,-1,-1,-1
193,754,1182.71,449.16,27.54,96.94,0.350,-1,-1,-1
193,695,546.09,454.20,27.62,66.61,0.281,-1,-1,-1
193,598,397.64,467.97,29.93,47.21,0.282,-1,-1,-1
194,2,803.17,432.03,118.14,369.71,0.918,-1,-1,-1
194,3,622.25,417.16,195.06,540.53,0.911,-1,-1,-1
194,6,1149.74,444.61,51.41,102.92,0.683,-1,-1,-1
194,19,949.15,446.04,108.59,311.39,0.897,-1,-1,-1
194,273,1687.34,427.97,97.61,156.82,0.379,-1,-1,-1
194,567,1016.62,437.76,88.40,271.78,0.810,-1,-1,-1
194,295,497.66,452.84,36.08,106.80,0.653,-1,-1,-1
194,305,413.36,466.30,40.37,102.21,0.525,-1,-1,-1
194,501,461.65,460.53,38.68,115.13,0.791,-1,-1,-1
194,644,1301.20,428.96,36.73,115.66,0.263,-1,-1,-1
194,683,1836.55,451.84,77.99,204.21,0.359,-1,-1,-1
194,9,1100.83,439.50,35.94,108.98,0.531,-1,-1,-1
194,713,566.90,453.07,64.92,165.02,0.833,-1,-1,-1
194,324,418.06,466.73,31.92,49.84,0.358,-1,-1,-1
194,439,1673.03,426.16,111.50,208.24,0.290,-1,-1,-1
194,752,1144.80,448.96,29.54,97.79,0.386,-1,-1,-1
194,756,522.94,455.48,24.75,64.94,0.328,-1,-1,-1
194,695,545.78,455.24,26.89,65.45,0.282,-1,-1,-1
194,352,1837.19,418.06,80.74,237.88,0.285,-1,-1,-1
195,2,805.87,431.77,119.06,370.64,0.910,-1,-1,-1
195,3,624.52,416.90,194.37,546.77,0.899,-1,-1,-1
195,19,949.83,446.36,110.34,313.28,0.897,-1,-1,-1
195,273,1689.15,428.35,96.59,156.17,0.301,-1,-1,-1
195,567,1020.86,436.86,89.17,274.83,0.833,-1,-1,-1
195,295,495.38,453.85,35.21,105.19,0.489,-1,-1,-1
195,305,413.45,466.59,40.16,101.83,0.419,-1,-1,-1
195,501,460.99,460.03,39.00,115.59,0.744,-1,-1,-1
195,644,1302.09,429.25,36.78,115.55,0.344,-1,-1,-1
195,683,1841.71,472.36,70.00,183.85,0.303,-1,-1,-1
195,9,1101.69,439.39,35.59,108.98,0.545,-1,-1,-1
195,713,566.48,452.17,65.08,165.55,0.830,-1,-1,-1
195,324,418.72,467.47,31.48,49.47,0.330,-1,-1,-1
195,439,1674.18,427.22,110.69,207.07,0.619,-1,-1,-1
195,752,1146.52,448.63,29.99,98.47,0.558,-1,-1,-1
195,756,522.54,455.28,25.06,65.78,0.268,-1,-1,-1
195,352,1837.13,418.35,80.65,238.03,0.424,-1,-1,-1
195,474,503.39,444.31,48.90,117.31,0.361,-1,-1,-1
195,754,1179.44,449.13,28.06,97.61,0.522,-1,-1,-1
196,2,811.69,432.15,120.77,370.68,0.928,-1,-1,-1
196,3,628.73,416.47,192.11,547.46,0.902,-1,-1,-1
196,19,950.62,446.60,111.59,314.27,0.884,-1,-1,-1
196,273,1691.45,428.17,95.78,156.50,0.288,-1,-1,-1
196,567,1025.82,433.95,90.56,278.55,0.852,-1,-1,-1
196,295,492.63,454.88,34.50,103.99,0.534,-1,-1,-1
196,305,414.57,466.62,38.96,99.05,0.434,-1,-1,-1
196,501,460.65,461.52,38.66,114.11,0.763,-1,-1,-1
196,644,1303.09,429.46,36.53,115.28,0.288,-1,-1,-1
196,683,1844.22,479.83,67.16,176.36,0.309,-1,-1,-1
196,9,1102.02,440.00,34.74,107.09,0.562,-1,-1,-1
196,713,566.58,453.66,64.41,163.86,0.828,-1,-1,-1
196,324,419.03,467.49,31.20,49.31,0.364,-1,-1,-1
196,439,1674.41,426.97,110.66,207.44,0.497,-1,-1,-1
196,752,1145.06,448.63,30.31,98.74,0.649,-1,-1,-1
196,352,1835.93,415.11,81.72,241.21,0.339,-1,-1,-1
196,763,655.83,460.36,23.43,54.67,0.319,-1,-1,-1
196,754,1177.84,446.78,29.05,99.64,0.553,-1,-1,-1
196,695,546.43,456.10,26.40,64.91,0.268,-1,-1,-1
197,2,817.29,432.97,123.38,371.25,0.932,-1,-1,-1
197,3,633.02,416.37,189.64,547.93,0.896,-1,-1,-1
197,19,952.78,446.57,112.01,314.62,0.892,-1,-1,-1
197,567,1029.84,436.58,90.33,277.35,0.810,-1,-1,-1
197,295,491.25,455.59,33.96,103.12,0.566,-1,-1,-1
197,305,414.27,466.37,39.19,99.65,0.381,-1,-1,-1
197,501,460.05,461.74,38.59,113.77,0.720,-1,-1,-1
197,683,1838.65,460.95,74.30,194.85,0.337,-1,-1,-1
197,9,1101.80,441.66,34.03,104.83,0.597,-1,-1,-1
197,713,566.72,454.04,64.43,163.75,0.824,-1,-1,-1
197,324,418.85,467.38,31.07,49.37,0.362,-1,-1,-1
197,439,1673.57,426.64,110.98,207.81,0.519,-1,-1,-1
197,752,1145.12,447.43,31.13,100.18,0.673,-1,-1,-1
197,352,1835.68,415.76,81.60,240.42,0.353,-1,-1,-1
197,763,654.38,459.34,23.62,55.15,0.264,-1,-1,-1
197,754,1177.99,447.25,29.33,98.96,0.582,-1,-1,-1
197,765,370.86,444.46,36.93,65.15,0.312,-1,-1,-1
197,756,522.09,455.22,24.84,65.08,0.263,-1,-1,-1
198,2,823.04,433.52,126.15,371.36,0.933,-1,-1,-1
198,3,637.41,416.42,186.92,545.87,0.870,-1,-1,-1
198,19,956.79,446.48,111.69,314.75,0.882,-1,-1,-1
198,567,1034.55,437.63,90.82,277.14,0.853,-1,-1,-1
198,295,487.47,456.31,33.64,102.07,0.497,-1,-1,-1
198,305,413.49,466.85,39.05,98.85,0.352,-1,-1,-1
198,501,459.68,461.19,38.77,113.91,0.688,-1,-1,-1
198,683,1836.51,453.72,77.12,201.95,0.339,-1,-1,-1
198,9,1102.82,443.51,33.26,102.06,0.574,-1,-1,-1
198,713,567.14,449.94,65.79,168.01,0.799,-1,-1,-1
198,324,419.26,468.11,30.48,48.58,0.285,-1,-1,-1
198,439,1673.94,427.13,110.79,207.54,0.520,-1,-1,-1
198,752,1145.07,446.81,31.69,100.83,0.646,-1,-1,-1
198,352,1835.68,419.96,80.54,235.94,0.331,-1,-1,-1
198,754,1179.57,447.48,29.73,98.88,0.524,-1,-1,-1
198,765,369.57,444.41,37.02,65.14,0.288,-1,-1,-1
198,767,964.99,443.77,27.75,73.54,0.360,-1,-1,-1
198,474,507.14,452.26,44.69,108.87,0.559,-1,-1,-1
198,273,1690.12,427.93,95.32,155.90,0.280,-1,-1,-1
198,644,1303.55,430.03,36.28,114.51,0.292,-1,-1,-1
198,695,548.06,455.54,26.86,66.76,0.256,-1,-1,-1
199,2,827.49,433.87,129.39,371.72,0.931,-1,-1,-1
199,3,644.79,417.10,184.15,544.67,0.852,-1,-1,-1
199,19,960.42,447.06,110.78,314.02,0.867,-1,-1,-1
199,567,1038.56,438.04,91.68,277.88,0.847,-1,-1,-1
199,295,484.44,457.49,33.67,101.38,0.373,-1,-1,-1
199,305,412.92,467.12,38.92,98.55,0.393,-1,-1,-1
199,501,458.25,462.03,38.79,113.16,0.738,-1,-1,-1
199,683,1835.90,453.71,77.15,201.44,0.315,-1,-1,-1
199,9,1101.45,441.78,34.10,103.56,0.581,-1,-1,-1
199,713,568.23,447.79,66.46,169.73,0.823,-1,-1,-1
199,439,1673.54,427.03,110.89,207.74,0.420,-1,-1,-1
199,752,1145.11,444.82,32.80,103.09,0.698,-1,-1,-1
199,352,1835.38,420.27,80.63,235.37,0.277,-1,-1,-1
199,754,1180.97,446.33,30.39,100.02,0.620,-1,-1,-1
199,767,967.17,444.49,28.49,75.43,0.382,-1,-1,-1
199,474,507.98,452.99,43.52,108.03,0.613,-1,-1,-1
199,273,1688.91,428.11,95.23,155.52,0.301,-1,-1,-1
199,644,1303.77,430.19,36.05,114.02,0.289,-1,-1,-1
199,695,547.47,456.93,26.00,64.85,0.267,-1,-1,-1
200,2,830.33,434.70,132.69,371.97,0.934,-1,-1,-1
200,3,651.21,417.89,182.42,545.23,0.855,-1,-1,-1
200,19,965.79,446.05,109.90,314.82,0.880,-1,-1,-1
200,567,1042.11,437.91,92.62,279.79,0.852,-1,-1,-1
200,295,485.13,456.79,33.78,101.93,0.581,-1,-1,-1
200,305,414.19,467.43,36.76,92.66,0.344,-1,-1,-1
200,501,458.47,464.14,38.23,111.03,0.634,-1,-1,-1
200,683,1836.96,457.89,75.83,197.44,0.343,-1,-1,-1
200,9,1101.69,439.37,34.07,103.11,0.518,-1,-1,-1
200,713,568.60,447.95,66.64,169.92,0.828,-1,-1,-1
200,439,1673.53,426.95,111.02,207.98,0.543,-1,-1,-1
200,752,1143.69,442.22,34.07,105.72,0.695,-1,-1,-1
200,352,1836.08,418.98,81.00,236.85,0.280,-1,-1,-1
200,754,1181.37,447.36,30.36,98.67,0.546,-1,-1,-1
200,767,968.50,444.26,28.71,75.82,0.428,-1,-1,-1
200,474,508.72,454.44,42.49,106.62,0.584,-1,-1,-1
200,273,1687.61,428.04,95.92,156.38,0.300,-1,-1,-1
200,771,1847.40,481.59,62.28,174.57,0.375,-1,-1,-1
200,324,418.64,468.28,30.26,48.31,0.304,-1,-1,-1
201,2,831.73,435.14,135.44,374.10,0.935,-1,-1,-1
201,3,654.48,418.95,181.11,544.79,0.862,-1,-1,-1
201,19,970.91,443.84,109.25,317.14,0.887,-1,-1,-1
201,567,1044.89,438.30,93.48,281.47,0.848,-1,-1,-1
201,295,485.17,456.68,33.44,101.07,0.528,-1,-1,-1
201,305,412.98,467.71,38.20,95.91,0.366,-1,-1,-1
201,501,457.51,462.57,38.91,112.26,0.650,-1,-1,-1
201,683,1836.21,454.03,77.16,201.90,0.284,-1,-1,-1
201,9,1103.63,437.68,32.01,96.56,0.386,-1,-1,-1
201,713,569.64,448.90,66.77,169.62,0.846,-1,-1,-1
201,439,1671.49,425.56,111.90,208.79,0.418,-1,-1,-1
201,752,1142.22,441.58,34.85,106.69,0.751,-1,-1,-1
201,352,1836.00,414.81,82.28,241.67,0.337,-1,-1,-1
201,754,1182.07,446.41,30.94,99.86,0.554,-1,-1,-1
201,767,969.47,443.95,29.20,76.62,0.400,-1,-1,-1
201,474,508.21,455.07,41.86,106.08,0.637,-1,-1,-1
201,273,1684.73,427.62,97.08,157.52,0.258,-1,-1,-1
201,695,546.98,456.65,25.80,64.68,0.264,-1,-1,-1
202,2,831.93,435.59,137.30,375.62,0.935,-1,-1,-1
202,3,657.45,419.10,180.84,546.59,0.872,-1,-1,-1
202,19,976.19,443.68,107.66,317.31,0.881,-1,-1,-1
202,567,1047.15,438.78,93.71,281.93,0.853,-1,-1,-1
202,295,485.38,456.69,33.27,100.77,0.571,-1,-1,-1
202,305,413.49,468.34,38.58,96.77,0.400,-1,-1,-1
202,501,456.70,464.27,38.62,110.78,0.632,-1,-1,-1
202,683,1836.05,458.26,75.82,197.47,0.306,-1,-1,-1
202,9,1106.49,436.37,30.61,92.84,0.283,-1,-1,-1
202,713,571.13,450.20,66.81,167.99,0.844,-1,-1,-1
202,439,1670.90,427.34,111.39,207.38,0.386,-1,-1,-1
202,752,1141.23,441.36,35.68,107.60,0.727,-1,-1,-1
202,352,1833.85,404.54,85.27,251.79,0.307,-1,-1,-1
202,754,1183.59,447.32,30.66,98.09,0.617,-1,-1,-1
202,767,972.41,444.16,29.78,76.84,0.457,-1,-1,-1
202,474,508.64,455.34,41.22,105.56,0.646,-1,-1,-1
202,273,1682.74,428.31,97.40,157.03,0.310,-1,-1,-1
202,598,398.84,468.25,33.46,52.10,0.283,-1,-1,-1
202,765,368.63,443.79,37.35,65.13,0.311,-1,-1,-1
202,644,1302.86,429.76,36.19,113.79,0.320,-1,-1,-1
203,2,831.60,435.29,139.15,377.49,0.934,-1,-1,-1
203,3,656.21,419.43,181.96,549.44,0.878,-1,-1,-1
203,19,981.21,444.44,105.87,316.64,0.888,-1,-1,-1
203,567,1050.16,437.19,94.22,284.24,0.863,-1,-1,-1
203,295,485.56,455.99,33.37,101.50,0.512,-1,-1,-1
203,305,415.60,469.34,36.63,91.28,0.409,-1,-1,-1
203,501,455.33,464.22,38.97,110.34,0.618,-1,-1,-1
203,683,1834.66,454.77,77.10,200.91,0.309,-1,-1,-1
203,713,571.37,445.65,69.16,173.25,0.846,-1,-1,-1
203,439,1671.46,427.70,110.89,206.49,0.344,-1,-1,-1
203,752,1140.95,438.73,36.67,109.96,0.695,-1,-1,-1
203,352,1833.26,402.41,85.58,253.59,0.281,-1,-1,-1
203,754,1184.77,446.81,31.20,98.97,0.558,-1,-1,-1
203,767,974.52,443.94,30.99,78.19,0.431,-1,-1,-1
203,474,507.27,454.41,41.18,106.72,0.564,-1,-1,-1
203,273,1684.74,428.61,96.95,156.46,0.350,-1,-1,-1
203,644,1302.96,429.36,35.96,113.83,0.274,-1,-1,-1
203,756,520.53,455.40,24.32,63.63,0.258,-1,-1,-1
204,2,832.14,434.67,140.53,378.67,0.931,-1,-1,-1
204,3,659.00,419.71,183.44,555.27,0.907,-1,-1,-1
204,19,985.87,444.24,104.53,317.25,0.893,-1,-1,-1
204,567,1053.97,435.52,94.04,286.27,0.854,-1,-1,-1
204,295,485.20,456.50,33.20,101.88,0.472,-1,-1,-1
204,305,419.99,472.14,34.23,85.55,0.306,-1,-1,-1
204,501,455.00,463.54,39.48,111.04,0.674,-1,-1,-1
204,683,1833.86,451.06,78.42,204.50,0.344,-1,-1,-1
204,713,572.41,446.68,69.14,172.81,0.845,-1,-1,-1
204,439,1671.54,427.66,110.92,206.60,0.280,-1,-1,-1
204,752,1139.47,439.62,36.33,107.99,0.620,-1,-1,-1
204,352,1834.32,410.49,83.03,245.58,0.294,-1,-1,-1
204,754,1186.60,447.34,31.46,98.49,0.653,-1,-1,-1
204,767,976.95,444.20,30.55,75.10,0.361,-1,-1,-1
204,273,1685.76,428.34,96.93,156.84,0.407,-1,-1,-1
204,756,520.30,454.17,24.83,65.13,0.300,-1,-1,-1
204,695,546.57,454.25,25.89,65.43,0.269,-1,-1,-1
204,598,400.30,469.33,32.87,50.22,0.252,-1,-1,-1
204,765,368.83,443.75,37.32,64.55,0.254,-1,-1,-1
205,2,832.80,433.48,141.95,379.99,0.932,-1,-1,-1
205,3,661.14,419.17,184.80,561.76,0.911,-1,-1,-1
205,19,990.48,444.42,103.12,317.14,0.890,-1,-1,-1
205,567,1057.76,435.31,93.09,286.36,0.835,-1,-1,-1
205,295,483.00,456.93,33.35,102.53,0.494,-1,-1,-1
205,305,421.04,473.74,33.54,82.73,0.279,-1,-1,-1
205,501,452.05,464.09,40.04,110.92,0.566,-1,-1,-1
205,683,1834.91,459.19,75.74,196.45,0.364,-1,-1,-1
205,713,571.83,441.48,71.36,178.95,0.846,-1,-1,-1
205,439,1672.46,427.81,110.68,206.39,0.379,-1,-1,-1
205,752,1136.38,440.04,36.12,107.19,0.557,-1,-1,-1
205,352,1837.41,419.71,80.05,236.77,0.290,-1,-1,-1
205,754,1188.73,448.25,31.90,98.06,0.602,-1,-1,-1
205,273,1686.45,428.75,96.41,156.16,0.382,-1,-1,-1
205,765,367.22,443.90,37.23,64.28,0.258,-1,-1,-1
205,771,1846.67,481.11,62.53,175.14,0.348,-1,-1,-1
205,474,506.27,452.04,41.63,109.50,0.399,-1,-1,-1
205,644,1301.97,428.91,36.11,114.16,0.281,-1,-1,-1
206,2,833.13,431.90,143.31,381.72,0.920,-1,-1,-1
206,3,662.70,418.40,186.39,568.99,0.914,-1,-1,-1
206,19,996.49,443.27,102.72,318.57,0.887,-1,-1,-1
206,567,1060.98,433.77,92.93,288.06,0.872,-1,-1,-1
206,295,483.59,457.95,33.28,102.00,0.528,-1,-1,-1
206,305,415.70,470.95,36.58,89.17,0.343,-1,-1,-1
206,501,450.37,463.54,40.69,111.09,0.328,-1,-1,-1
206,683,1835.49,464.97,73.91,190.97,0.353,-1,-1,-1
206,713,574.38,445.37,69.97,175.54,0.856,-1,-1,-1
206,439,1673.65,427.33,110.98,207.17,0.426,-1,-1,-1
206,752,1136.09,440.43,35.88,106.27,0.504,-1,-1,-1
206,352,1837.15,414.03,81.65,242.93,0.298,-1,-1,-1
206,754,1189.78,447.83,32.54,98.49,0.690,-1,-1,-1
206,273,1687.83,428.47,95.52,154.67,0.318,-1,-1,-1
206,765,367.89,444.06,37.62,64.50,0.273,-1,-1,-1
206,474,505.94,451.70,41.24,109.73,0.436,-1,-1,-1
206,644,1302.35,428.67,36.38,114.73,0.271,-1,-1,-1
206,756,518.00,453.35,25.33,65.82,0.255,-1,-1,-1
206,598,404.32,468.80,33.96,50.73,0.378,-1,-1,-1
207,2,835.16,431.04,144.09,382.73,0.913,-1,-1,-1
207,3,664.99,417.41,186.73,573.11,0.912,-1,-1,-1
207,19,1005.04,443.30,103.47,319.00,0.901,-1,-1,-1
207,567,1065.11,432.68,92.65,290.18,0.873,-1,-1,-1
207,295,487.54,456.93,33.59,103.03,0.470,-1,-1,-1
207,305,413.63,469.55,38.13,92.85,0.297,-1,-1,-1
207,501,448.40,464.68,40.89,110.49,0.539,-1,-1,-1
207,683,1834.71,454.59,78.13,202.10,0.453,-1,-1,-1
207,713,575.56,444.33,70.14,176.87,0.848,-1,-1,-1
207,439,1673.65,427.72,110.58,206.70,0.443,-1,-1,-1
207,752,1134.29,441.32,35.28,105.44,0.477,-1,-1,-1
207,754,1191.32,447.61,33.30,98.94,0.663,-1,-1,-1
207,273,1685.04,428.95,96.64,155.98,0.336,-1,-1,-1
207,765,369.09,444.43,37.71,64.48,0.262,-1,-1,-1
207,474,506.97,453.32,40.13,107.90,0.526,-1,-1,-1
207,644,1302.16,429.42,36.35,114.27,0.333,-1,-1,-1
207,598,404.83,468.38,34.39,51.48,0.307,-1,-1,-1
208,2,839.14,430.57,145.30,383.17,0.906,-1,-1,-1
208,3,668.46,416.47,186.13,574.94,0.899,-1,-1,-1
208,19,1014.95,443.65,105.32,318.66,0.905,-1,-1,-1
208,567,1068.88,430.98,92.10,292.30,0.846,-1,-1,-1
208,295,486.32,457.79,33.29,101.81,0.528,-1,-1,-1
208,501,446.72,464.38,41.27,111.01,0.516,-1,-1,-1
208,683,1835.24,451.93,78.90,204.61,0.423,-1,-1,-1
208,713,578.44,449.28,68.10,172.36,0.846,-1,-1,-1
208,439,1672.58,427.67,110.77,206.68,0.414,-1,-1,-1
208,752,1135.41,446.78,33.23,100.25,0.409,-1,-1,-1
208,754,1192.25,446.99,33.72,98.96,0.708,-1,-1,-1
208,273,1682.41,428.90,97.83,156.84,0.293,-1,-1,-1
208,474,507.42,453.97,39.48,106.95,0.663,-1,-1,-1
208,644,1301.70,429.63,36.41,113.85,0.321,-1,-1,-1
208,598,406.16,468.88,33.17,49.19,0.341,-1,-1,-1
208,793,970.17,482.25,45.83,107.78,0.347,-1,-1,-1
208,795,449.97,463.97,32.70,52.61,0.365,-1,-1,-1
208,352,1836.74,412.51,82.01,244.47,0.329,-1,-1,-1
209,2,841.02,430.21,145.71,383.46,0.899,-1,-1,-1
209,3,670.95,412.80,186.19,579.81,0.895,-1,-1,-1
209,19,1023.99,443.34,108.39,319.03,0.915,-1,-1,-1
209,567,1073.55,429.53,91.34,293.45,0.833,-1,-1,-1
209,295,485.02,458.39,33.01,100.46,0.538,-1,-1,-1
209,501,445.55,463.45,41.80,112.06,0.500,-1,-1,-1
209,683,1834.83,450.08,79.52,206.26,0.410,-1,-1,-1
209,713,580.92,452.59,66.71,168.94,0.855,-1,-1,-1
209,439,1672.79,427.26,111.00,207.04,0.360,-1,-1,-1
209,754,1192.53,446.17,34.43,99.92,0.726,-1,-1,-1
209,273,1683.73,428.50,97.98,156.85,0.314,-1,-1,-1
209,474,508.60,454.29,39.22,106.84,0.680,-1,-1,-1
209,644,1301.74,429.86,36.61,113.97,0.288,-1,-1,-1
209,598,405.97,468.65,32.92,48.30,0.364,-1,-1,-1
209,793,972.02,482.30,45.97,107.96,0.325,-1,-1,-1
209,795,449.47,463.87,32.99,53.04,0.418,-1,-1,-1
209,352,1836.16,411.95,82.12,244.68,0.332,-1,-1,-1
209,771,1848.33,481.34,62.23,174.92,0.275,-1,-1,-1
209,765,370.50,444.57,37.45,64.27,0.258,-1,-1,-1
210,2,843.18,429.05,146.12,384.38,0.910,-1,-1,-1
210,3,675.36,410.39,185.03,581.71,0.891,-1,-1,-1
210,19,1031.82,444.64,111.88,317.84,0.925,-1,-1,-1
210,567,1081.66,428.38,84.46,271.78,0.755,-1,-1,-1
210,295,484.71,459.35,32.87,99.72,0.485,-1,-1,-1
210,501,442.20,464.63,41.84,111.43,0.621,-1,-1,-1
210,683,1837.07,461.70,75.31,194.33,0.362,-1,-1,-1
210,713,581.79,450.16,67.32,171.02,0.844,-1,-1,-1
210,439,1671.89,426.33,111.64,207.45,0.253,-1,-1,-1
210,754,1193.04,446.50,35.00,100.23,0.723,-1,-1,-1
210,273,1681.29,427.61,99.41,158.02,0.375,-1,-1,-1
210,474,508.65,454.36,38.86,106.68,0.686,-1,-1,-1
210,644,1301.79,429.93,36.69,113.89,0.263,-1,-1,-1
210,598,401.67,468.50,33.03,48.15,0.315,-1,-1,-1
210,795,448.76,465.38,32.51,52.22,0.336,-1,-1,-1
210,352,1836.83,413.13,81.59,243.48,0.274,-1,-1,-1
210,809,965.61,481.47,53.04,152.66,0.310,-1,-1,-1
210,765,367.99,444.60,37.69,64.41,0.274,-1,-1,-1
210,693,401.22,468.22,36.17,92.33,0.357,-1,-1,-1
211,2,848.09,428.52,146.85,384.89,0.905,-1,-1,-1
211,3,676.88,409.83,184.10,581.96,0.894,-1,-1,-1
211,19,1037.47,446.06,115.94,316.51,0.934,-1,-1,-1
211,567,1086.58,429.23,82.06,264.91,0.755,-1,-1,-1
211,295,484.42,460.81,32.50,98.27,0.478,-1,-1,-1
211,501,440.17,464.78,41.87,111.28,0.707,-1,-1,-1
211,683,1838.15,463.90,74.67,192.12,0.360,-1,-1,-1
211,713,583.91,450.81,67.23,170.43,0.845,-1,-1,-1
211,754,1194.22,447.52,35.10,99.44,0.690,-1,-1,-1
211,273,1682.45,427.48,99.43,157.74,0.371,-1,-1,-1
211,474,509.12,454.32,38.61,106.85,0.712,-1,-1,-1
211,644,1302.10,430.04,36.58,113.55,0.254,-1,-1,-1
211,598,399.72,468.94,32.62,47.40,0.269,-1,-1,-1
211,352,1837.23,413.05,81.48,243.69,0.279,-1,-1,-1
211,765,367.56,444.52,38.01,64.64,0.283,-1,-1,-1
211,811,1016.21,442.48,41.93,78.66,0.435,-1,-1,-1
211,693,401.47,468.50,37.42,92.91,0.445,-1,-1,-1
212,2,852.79,428.50,146.55,385.07,0.899,-1,-1,-1
212,3,679.93,409.05,183.13,582.61,0.895,-1,-1,-1
212,19,1040.08,446.84,120.34,316.50,0.934,-1,-1,-1
212,567,1090.38,428.69,84.35,274.82,0.809,-1,-1,-1
212,295,482.45,460.56,32.87,98.88,0.476,-1,-1,-1
212,501,439.29,464.90,41.72,110.33,0.659,-1,-1,-1
212,683,1837.45,454.10,78.29,202.38,0.407,-1,-1,-1
212,713,586.27,449.72,67.73,171.57,0.841,-1,-1,-1
212,754,1195.70,449.13,35.02,98.23,0.680,-1,-1,-1
212,273,1684.52,428.08,98.86,157.06,0.458,-1,-1,-1
212,474,510.09,454.30,38.19,106.61,0.708,-1,-1,-1
212,644,1302.09,429.77,36.82,113.97,0.257,-1,-1,-1
212,598,400.28,468.78,33.41,48.04,0.321,-1,-1,-1
212,765,368.89,444.51,37.99,64.59,0.252,-1,-1,-1
212,811,1016.98,442.36,43.94,82.43,0.469,-1,-1,-1
212,693,401.44,468.37,38.10,92.51,0.418,-1,-1,-1
212,439,1670.64,426.09,112.48,208.27,0.275,-1,-1,-1
212,795,447.10,467.63,31.15,49.72,0.321,-1,-1,-1
213,2,860.80,428.71,145.66,385.00,0.902,-1,-1,-1
213,3,683.84,409.60,181.77,581.64,0.878,-1,-1,-1
213,19,1039.80,447.95,124.59,316.71,0.932,-1,-1,-1
213,567,1095.56,430.74,85.50,281.15,0.760,-1,-1,-1
213,295,480.21,459.59,33.43,99.94,0.430,-1,-1,-1
213,501,438.10,465.81,41.57,108.94,0.684,-1,-1,-1
213,683,1835.79,448.24,80.33,207.45,0.430,-1,-1,-1
213,713,588.47,449.75,68.16,171.63,0.858,-1,-1,-1
213,754,1196.18,448.77,35.30,97.90,0.649,-1,-1,-1
213,273,1683.55,428.32,99.10,157.14,0.394,-1,-1,-1
213,474,510.00,454.25,37.98,106.64,0.719,-1,-1,-1
213,644,1301.37,429.12,37.11,114.71,0.289,-1,-1,-1
213,598,400.25,468.83,33.26,47.39,0.334,-1,-1,-1
213,765,368.86,444.68,37.80,64.51,0.286,-1,-1,-1
213,811,1018.49,443.06,44.98,84.49,0.575,-1,-1,-1
213,693,400.80,468.75,37.87,90.95,0.361,-1,-1,-1
213,439,1670.40,426.54,112.51,207.93,0.334,-1,-1,-1
214,2,867.11,428.40,144.71,385.81,0.911,-1,-1,-1
214,3,688.48,409.60,180.47,581.19,0.884,-1,-1,-1
214,19,1038.69,448.06,129.61,318.95,0.934,-1,-1,-1
214,567,1103.63,432.28,86.22,283.49,0.654,-1,-1,-1
214,295,479.43,459.52,33.61,100.03,0.441,-1,-1,-1
214,501,437.78,464.78,41.95,109.57,0.698,-1,-1,-1
214,683,1838.46,462.86,74.98,192.41,0.336,-1,-1,-1
214,713,589.84,447.57,69.08,173.51,0.840,-1,-1,-1
214,754,1196.90,448.44,35.76,98.15,0.619,-1,-1,-1
214,273,1684.02,428.42,98.79,156.60,0.342,-1,-1,-1
214,474,509.96,453.63,38.03,107.40,0.714,-1,-1,-1
214,644,1301.72,428.49,37.31,115.42,0.358,-1,-1,-1
214,598,399.97,468.63,33.60,47.60,0.309,-1,-1,-1
214,765,368.41,444.83,37.50,64.26,0.276,-1,-1,-1
214,811,1021.31,443.76,46.05,86.78,0.577,-1,-1,-1
214,693,399.68,468.60,38.34,91.67,0.372,-1,-1,-1
214,439,1670.67,426.69,112.42,207.33,0.338,-1,-1,-1
214,825,569.21,453.10,26.38,68.40,0.392,-1,-1,-1
214,352,1835.86,409.06,82.48,246.71,0.252,-1,-1,-1
214,795,443.94,467.31,31.59,50.17,0.277,-1,-1,-1
215,2,870.10,427.78,144.07,389.01,0.914,-1,-1,-1
215,3,688.04,408.90,180.76,581.79,0.864,-1,-1,-1
215,19,1037.58,448.07,134.15,321.25,0.928,-1,-1,-1
215,567,1111.95,431.08,87.83,287.77,0.726,-1,-1,-1
215,295,477.68,459.27,33.87,100.51,0.362,-1,-1,-1
215,501,437.49,465.83,41.83,108.35,0.668,-1,-1,-1
215,683,1834.85,451.03,79.78,204.33,0.399,-1,-1,-1
215,713,591.56,448.64,68.88,172.61,0.841,-1,-1,-1
215,754,1198.09,447.59,36.06,98.39,0.646,-1,-1,-1
215,273,1686.45,428.81,97.63,155.18,0.372,-1,-1,-1
215,474,509.56,453.60,37.88,107.55,0.691,-1,-1,-1
215,644,1302.47,428.59,37.05,114.75,0.276,-1,-1,-1
215,598,399.51,469.23,33.18,47.04,0.302,-1,-1,-1
215,765,369.38,444.76,37.33,63.94,0.263,-1,-1,-1
215,811,1024.16,443.61,47.20,88.96,0.491,-1,-1,-1
215,693,399.25,469.27,36.98,88.02,0.329,-1,-1,-1
215,439,1672.16,427.05,112.30,207.48,0.420,-1,-1,-1
215,825,570.17,454.17,25.92,67.24,0.409,-1,-1,-1
215,832,1159.50,438.31,29.23,87.90,0.404,-1,-1,-1
215,834,664.72,467.99,29.40,71.04,0.334,-1,-1,-1
215,305,410.83,470.68,38.01,94.07,0.250,-1,-1,-1
216,2,874.78,427.63,143.44,391.11,0.915,-1,-1,-1
216,3,690.65,407.64,181.30,583.02,0.862,-1,-1,-1
216,19,1037.45,448.13,138.04,322.84,0.926,-1,-1,-1
216,567,1121.62,433.14,88.82,287.38,0.640,-1,-1,-1
216,295,477.59,458.82,33.82,100.32,0.459,-1,-1,-1
216,501,437.22,464.83,42.56,109.58,0.684,-1,-1,-1
216,683,1834.12,447.71,81.23,208.02,0.380,-1,-1,-1
216,713,593.90,452.01,68.33,169.98,0.850,-1,-1,-1
216,754,1199.38,446.54,37.09,100.44,0.599,-1,-1,-1
216,273,1685.80,428.79,97.75,155.57,0.362,-1,-1,-1
216,474,509.89,453.25,37.95,107.82,0.715,-1,-1,-1
216,644,1303.40,428.93,36.68,113.81,0.264,-1,-1,-1
216,598,400.06,469.81,32.70,46.42,0.276,-1,-1,-1
216,765,369.95,444.64,37.51,64.23,0.305,-1,-1,-1
216,811,1026.82,441.15,49.26,93.06,0.525,-1,-1,-1
216,693,399.37,469.93,37.72,89.69,0.320,-1,-1,-1
216,439,1672.51,426.92,112.01,207.50,0.305,-1,-1,-1
216,825,570.49,455.54,25.63,66.52,0.436,-1,-1,-1
216,834,664.31,468.41,29.05,70.23,0.282,-1,-1,-1
216,771,1848.48,478.01,63.46,178.44,0.295,-1,-1,-1
217,2,878.00,427.73,143.10,393.58,0.916,-1,-1,-1
217,3,692.10,407.01,182.43,583.64,0.860,-1,-1,-1
217,19,1038.62,449.88,140.00,321.61,0.913,-1,-1,-1
217,567,1128.72,430.85,91.67,291.89,0.615,-1,-1,-1
217,295,478.15,458.37,34.21,101.32,0.463,-1,-1,-1
217,501,435.46,464.83,43.31,110.09,0.692,-1,-1,-1
217,683,1833.73,447.19,81.59,208.49,0.397,-1,-1,-1
217,713,594.92,453.81,68.37,168.80,0.851,-1,-1,-1
217,754,1202.25,446.65,37.75,100.85,0.609,-1,-1,-1
217,273,1685.33,428.83,97.71,155.49,0.282,-1,-1,-1
217,474,509.71,453.07,38.01,107.97,0.702,-1,-1,-1
217,644,1303.88,429.19,36.46,113.43,0.270,-1,-1,-1
217,598,399.96,470.50,31.70,44.88,0.252,-1,-1,-1
217,765,369.85,444.66,37.29,64.01,0.268,-1,-1,-1
217,811,1026.39,440.16,60.56,115.61,0.654,-1,-1,-1
217,693,400.20,470.46,35.56,83.80,0.302,-1,-1,-1
217,439,1671.64,426.73,112.18,207.70,0.332,-1,-1,-1
217,825,570.41,456.33,25.41,65.95,0.446,-1,-1,-1
217,834,664.71,468.30,28.68,69.30,0.279,-1,-1,-1
218,2,880.31,428.04,142.21,394.51,0.914,-1,-1,-1
218,3,692.31,405.76,184.28,585.14,0.880,-1,-1,-1
218,19,1038.99,445.63,143.44,326.14,0.910,-1,-1,-1
218,567,1135.45,430.25,93.65,294.69,0.701,-1,-1,-1
218,295,476.24,456.81,34.70,102.64,0.437,-1,-1,-1
218,501,433.90,465.65,43.89,109.49,0.652,-1,-1,-1
218,683,1833.88,446.00,81.96,209.66,0.410,-1,-1,-1
218,713,596.79,453.63,68.96,169.82,0.855,-1,-1,-1
218,754,1203.68,447.21,37.99,100.00,0.624,-1,-1,-1
218,273,1682.35,428.59,98.85,156.46,0.307,-1,-1,-1
218,474,509.33,453.16,38.07,107.86,0.731,-1,-1,-1
218,644,1303.92,429.62,36.35,113.13,0.277,-1,-1,-1
218,598,400.12,469.74,31.64,44.63,0.297,-1,-1,-1
218,765,370.32,444.39,37.24,64.13,0.251,-1,-1,-1
218,811,1027.67,439.23,65.65,126.54,0.602,-1,-1,-1
218,693,400.43,469.95,36.63,85.86,0.312,-1,-1,-1
218,439,1671.75,426.62,112.11,207.73,0.294,-1,-1,-1
218,825,571.74,455.13,25.88,67.10,0.465,-1,-1,-1
218,844,678.51,476.68,47.91,109.02,0.324,-1,-1,-1
219,2,882.71,428.18,142.27,398.45,0.911,-1,-1,-1
219,3,695.27,406.24,186.60,585.04,0.895,-1,-1,-1
219,19,1040.14,443.70,145.19,327.85,0.911,-1,-1,-1
219,567,1138.46,430.32,94.93,296.50,0.419,-1,-1,-1
219,295,475.01,456.00,34.37,101.41,0.327,-1,-1,-1
219,501,433.02,466.45,44.44,108.72,0.622,-1,-1,-1
219,683,1833.41,447.61,81.22,207.14,0.332,-1,-1,-1
219,713,597.30,454.33,69.11,170.17,0.842,-1,-1,-1
219,754,1204.94,447.04,38.64,100.99,0.635,-1,-1,-1
219,273,1680.84,428.50,99.71,157.14,0.318,-1,-1,-1
219,474,508.68,452.68,38.38,108.29,0.746,-1,-1,-1
219,598,400.58,470.14,31.90,44.40,0.318,-1,-1,-1
219,811,1027.59,439.02,68.58,134.21,0.569,-1,-1,-1
219,693,399.67,470.26,38.02,88.16,0.326,-1,-1,-1
219,439,1671.63,426.63,111.97,207.64,0.281,-1,-1,-1
219,825,572.26,455.04,25.93,67.18,0.473,-1,-1,-1
219,844,678.84,479.37,46.62,106.03,0.308,-1,-1,-1
219,6,1124.72,431.10,84.83,187.64,0.481,-1,-1,-1
219,352,1835.01,415.42,80.76,239.22,0.261,-1,-1,-1
219,795,438.01,470.03,31.33,48.27,0.265,-1,-1,-1
219,771,1849.44,478.26,63.15,177.25,0.260,-1,-1,-1
219,834,665.21,468.11,27.58,66.27,0.264,-1,-1,-1
220,2,884.02,428.24,142.54,403.33,0.915,-1,-1,-1
220,3,707.05,405.93,187.77,585.29,0.877,-1,-1,-1
220,19,1042.96,444.15,145.29,327.39,0.879,-1,-1,-1
220,567,1142.09,431.91,95.05,296.48,0.455,-1,-1,-1
220,295,471.70,453.33,35.07,103.67,0.443,-1,-1,-1
220,501,432.55,465.73,45.25,109.18,0.651,-1,-1,-1
220,683,1835.82,453.63,78.96,201.28,0.381,-1,-1,-1
220,713,597.73,454.27,68.91,169.68,0.843,-1,-1,-1
220,754,1206.71,447.52,39.08,100.85,0.582,-1,-1,-1
220,273,1682.28,428.77,99.34,156.55,0.283,-1,-1,-1
220,474,508.32,452.22,38.70,108.98,0.745,-1,-1,-1
220,598,400.36,470.35,31.86,43.85,0.280,-1,-1,-1
220,811,1028.86,439.17,68.64,136.39,0.567,-1,-1,-1
220,693,399.11,470.35,39.35,90.62,0.339,-1,-1,-1
220,439,1672.57,428.19,110.82,206.00,0.268,-1,-1,-1
220,825,571.55,455.75,25.66,66.25,0.501,-1,-1,-1
220,844,676.23,479.65,53.67,122.58,0.356,-1,-1,-1
220,6,1130.06,431.70,80.81,191.55,0.326,-1,-1,-1
220,771,1850.29,479.81,62.35,175.57,0.258,-1,-1,-1
220,834,664.94,467.80,27.48,65.61,0.264,-1,-1,-1
221,2,885.64,428.18,142.19,406.77,0.914,-1,-1,-1
221,3,716.96,405.36,189.58,585.80,0.892,-1,-1,-1
221,19,1049.63,442.64,144.85,329.30,0.898,-1,-1,-1
221,567,1145.91,431.59,95.30,297.62,0.688,-1,-1,-1
221,295,473.72,455.05,34.75,102.75,0.439,-1,-1,-1
221,501,433.18,467.40,45.02,107.45,0.645,-1,-1,-1
221,683,1835.54,451.35,79.89,204.16,0.395,-1,-1,-1
221,713,599.21,454.25,68.06,168.28,0.836,-1,-1,-1
221,754,1210.05,449.65,38.99,98.19,0.530,-1,-1,-1
221,273,1682.58,427.98,99.51,156.87,0.286,-1,-1,-1
221,474,508.18,452.59,38.59,108.41,0.747,-1,-1,-1
221,598,400.05,470.83,32.21,43.92,0.261,-1,-1,-1
221,811,1034.77,440.50,59.13,117.62,0.570,-1,-1,-1
221,693,397.79,470.88,39.29,90.22,0.338,-1,-1,-1
221,825,571.51,456.00,25.72,66.32,0.489,-1,-1,-1
221,844,677.57,479.40,51.44,117.60,0.376,-1,-1,-1
221,834,665.00,467.94,27.69,65.83,0.272,-1,-1,-1
221,765,369.19,444.81,36.50,62.74,0.257,-1,-1,-1
222,2,887.89,428.07,141.78,409.79,0.911,-1,-1,-1
222,3,725.23,404.19,193.75,586.95,0.898,-1,-1,-1
222,19,1057.13,440.73,143.33,331.14,0.900,-1,-1,-1
222,567,1151.06,430.59,94.76,299.59,0.816,-1,-1,-1
222,295,474.75,456.33,34.38,101.97,0.456,-1,-1,-1
222,501,432.53,466.99,45.76,108.22,0.625,-1,-1,-1
222,713,598.89,454.20,67.87,169.22,0.838,-1,-1,-1
222,754,1213.78,448.83,39.63,97.63,0.527,-1,-1,-1
222,273,1683.71,428.01,98.85,156.25,0.318,-1,-1,-1
222,474,507.31,451.34,39.13,109.87,0.743,-1,-1,-1
222,598,399.48,471.28,32.68,44.43,0.270,-1,-1,-1
222,811,1040.13,441.92,51.77,102.67,0.506,-1,-1,-1
222,693,397.01,471.44,39.31,90.15,0.324,-1,-1,-1
222,825,572.46,455.45,25.94,66.94,0.468,-1,-1,-1
222,844,676.25,479.86,53.90,123.84,0.399,-1,-1,-1
222,834,664.64,469.68,27.45,64.95,0.267,-1,-1,-1
222,863,734.41,476.27,35.07,47.79,0.350,-1,-1,-1
222,864,585.13,454.50,23.77,67.89,0.377,-1,-1,-1
222,352,1841.26,420.89,78.53,235.15,0.265,-1,-1,-1
222,771,1845.22,475.74,64.27,179.30,0.393,-1,-1,-1
223,2,890.73,428.51,140.60,410.65,0.914,-1,-1,-1
223,3,735.73,403.71,199.01,587.82,0.896,-1,-1,-1
223,19,1066.20,440.17,140.55,332.63,0.907,-1,-1,-1
223,567,1155.55,434.38,92.18,295.90,0.742,-1,-1,-1
223,295,474.48,456.35,34.15,101.25,0.414,-1,-1,-1
223,501,432.09,469.74,45.60,105.62,0.648,-1,-1,-1
223,713,600.17,453.77,67.29,169.91,0.837,-1,-1,-1
223,754,1216.52,448.84,40.41,97.88,0.595,-1,-1,-1
223,273,1683.51,427.32,99.40,157.63,0.325,-1,-1,-1
223,474,506.93,451.02,39.30,110.11,0.734,-1,-1,-1
223,598,399.21,472.17,32.33,43.99,0.285,-1,-1,-1
223,811,1042.48,443.35,49.96,98.77,0.504,-1,-1,-1
223,693,396.16,472.27,38.77,89.01,0.285,-1,-1,-1
223,825,572.97,454.97,26.04,67.16,0.484,-1,-1,-1
223,844,675.55,480.52,54.43,125.48,0.583,-1,-1,-1
223,863,732.01,476.00,38.95,53.08,0.333,-1,-1,-1
223,864,585.73,454.38,23.68,67.61,0.400,-1,-1,-1
223,352,1838.63,413.29,80.56,242.42,0.297,-1,-1,-1
223,683,1836.81,450.02,79.78,205.58,0.293,-1,-1,-1
224,2,893.64,429.45,139.30,411.32,0.916,-1,-1,-1
224,3,746.46,403.67,203.81,587.94,0.926,-1,-1,-1
224,19,1074.60,439.69,137.03,333.93,0.897,-1,-1,-1
224,567,1158.28,431.57,91.28,298.97,0.719,-1,-1,-1
224,295,473.62,455.14,34.49,102.34,0.446,-1,-1,-1
224,501,431.43,470.91,46.19,104.53,0.623,-1,-1,-1
224,713,601.25,454.64,66.95,170.72,0.836,-1,-1,-1
224,754,1218.76,448.86,40.71,98.53,0.587,-1,-1,-1
224,273,1685.23,427.03,99.09,157.93,0.374,-1,-1,-1
224,474,506.79,449.86,39.88,111.36,0.736,-1,-1,-1
224,598,398.89,472.08,32.78,44.60,0.268,-1,-1,-1
224,811,1044.07,442.97,53.00,104.86,0.525,-1,-1,-1
224,693,398.05,472.21,34.50,78.01,0.289,-1,-1,-1
224,825,572.04,454.38,26.40,67.85,0.520,-1,-1,-1
224,844,677.82,480.39,49.40,113.29,0.547,-1,-1,-1
224,863,731.36,476.01,38.63,52.64,0.263,-1,-1,-1
224,864,586.38,454.53,23.54,67.30,0.317,-1,-1,-1
224,352,1837.75,419.47,79.01,236.26,0.301,-1,-1,-1
224,683,1838.89,461.66,75.38,193.90,0.382,-1,-1,-1
224,439,1672.91,426.86,111.04,206.61,0.270,-1,-1,-1
224,834,665.96,467.62,28.51,67.19,0.256,-1,-1,-1
225,2,895.29,429.55,138.40,413.89,0.914,-1,-1,-1
225,3,755.12,403.51,209.88,588.84,0.928,-1,-1,-1
225,19,1081.92,438.90,133.96,336.33,0.884,-1,-1,-1
225,567,1166.62,438.77,87.46,291.52,0.697,-1,-1,-1
225,295,473.87,455.99,34.34,102.11,0.451,-1,-1,-1
225,501,429.25,470.00,47.40,105.81,0.683,-1,-1,-1
225,713,602.15,454.64,66.85,172.73,0.846,-1,-1,-1
225,754,1220.67,449.80,39.96,97.40,0.536,-1,-1,-1
225,273,1684.50,427.59,98.71,157.22,0.406,-1,-1,-1
225,474,506.66,450.26,39.79,110.90,0.721,-1,-1,-1
225,598,399.41,471.12,33.37,45.44,0.287,-1,-1,-1
225,811,1043.82,443.07,56.47,112.39,0.531,-1,-1,-1
225,693,398.51,471.02,35.08,79.36,0.368,-1,-1,-1
225,825,572.02,454.34,26.28,67.29,0.526,-1,-1,-1
225,844,677.64,480.93,50.55,116.28,0.537,-1,-1,-1
225,863,733.01,475.67,37.40,50.84,0.270,-1,-1,-1
225,864,586.88,453.94,23.62,67.56,0.327,-1,-1,-1
225,352,1840.67,422.86,77.21,232.77,0.293,-1,-1,-1
225,683,1838.09,464.73,74.08,190.58,0.339,-1,-1,-1
225,874,725.73,475.97,46.52,80.52,0.360,-1,-1,-1
225,439,1673.40,426.88,110.80,206.33,0.316,-1,-1,-1
225,834,666.62,468.75,28.29,66.35,0.262,-1,-1,-1
226,2,898.39,429.70,137.56,415.03,0.908,-1,-1,-1
226,3,762.59,403.37,216.33,589.25,0.919,-1,-1,-1
226,19,1089.25,445.37,128.63,332.33,0.892,-1,-1,-1
226,567,1168.48,431.10,88.07,299.29,0.787,-1,-1,-1
226,295,473.08,456.55,34.62,103.07,0.468,-1,-1,-1
226,501,427.61,470.33,47.51,105.22,0.683,-1,-1,-1
226,713,602.75,454.32,66.35,173.80,0.847,-1,-1,-1
226,754,1221.25,450.14,39.86,97.65,0.472,-1,-1,-1
226,273,1687.24,427.65,97.86,156.80,0.339,-1,-1,-1
226,474,505.90,449.23,40.20,111.96,0.702,-1,-1,-1
226,598,398.28,470.75,33.60,46.00,0.267,-1,-1,-1
226,811,1047.16,443.05,50.50,100.16,0.453,-1,-1,-1
226,693,396.62,470.55,35.95,81.83,0.353,-1,-1,-1
226,825,573.25,454.01,26.55,67.63,0.525,-1,-1,-1
226,844,678.01,480.86,50.68,116.86,0.434,-1,-1,-1
226,863,732.91,475.24,37.59,50.86,0.329,-1,-1,-1
226,864,586.38,454.01,23.64,67.68,0.335,-1,-1,-1
226,683,1838.53,467.94,72.76,186.97,0.275,-1,-1,-1
226,874,725.42,475.16,47.85,82.84,0.370,-1,-1,-1
226,644,1303.11,427.71,36.66,114.46,0.279,-1,-1,-1
227,2,900.07,429.74,136.41,415.41,0.909,-1,-1,-1
227,3,767.73,403.45,222.84,589.12,0.927,-1,-1,-1
227,19,1094.29,442.75,127.17,337.68,0.894,-1,-1,-1
227,567,1173.11,427.44,87.66,302.99,0.825,-1,-1,-1
227,295,470.85,454.66,35.19,104.83,0.359,-1,-1,-1
227,501,427.41,472.67,46.76,103.05,0.631,-1,-1,-1
227,713,603.65,454.59,65.42,173.66,0.852,-1,-1,-1
227,754,1222.19,451.59,39.10,95.87,0.459,-1,-1,-1
227,273,1685.65,428.00,97.37,156.04,0.263,-1,-1,-1
227,474,505.97,450.33,39.83,110.92,0.697,-1,-1,-1
227,598,397.67,470.82,33.75,46.23,0.281,-1,-1,-1
227,811,1046.75,442.51,56.43,113.13,0.495,-1,-1,-1
227,693,394.71,470.73,37.79,86.01,0.369,-1,-1,-1
227,825,573.12,453.67,26.80,68.04,0.556,-1,-1,-1
227,844,680.64,481.31,45.08,102.69,0.351,-1,-1,-1
227,863,730.62,475.33,38.03,51.35,0.253,-1,-1,-1
227,864,588.05,453.90,23.40,67.02,0.317,-1,-1,-1
227,683,1834.67,455.27,77.55,199.71,0.323,-1,-1,-1
227,874,726.11,474.97,47.43,82.04,0.345,-1,-1,-1
227,644,1303.51,427.80,36.24,113.57,0.274,-1,-1,-1
227,439,1673.46,428.06,109.84,205.18,0.340,-1,-1,-1
228,2,901.84,428.98,135.63,416.26,0.903,-1,-1,-1
228,3,770.07,404.32,229.50,590.11,0.927,-1,-1,-1
228,19,1098.19,440.30,126.15,344.88,0.905,-1,-1,-1
228,567,1176.88,425.01,87.08,305.58,0.836,-1,-1,-1
228,295,469.82,452.95,35.69,106.55,0.413,-1,-1,-1
228,501,427.20,472.80,47.14,103.10,0.682,-1,-1,-1
228,713,604.16,454.08,64.73,174.39,0.850,-1,-1,-1
228,754,1224.50,450.28,39.10,97.10,0.472,-1,-1,-1
228,273,1682.49,427.88,98.22,156.82,0.363,-1,-1,-1
228,474,506.33,451.39,39.47,109.82,0.695,-1,-1,-1
228,598,396.22,469.91,34.65,47.63,0.290,-1,-1,-1
228,811,1047.58,441.64,56.86,115.99,0.543,-1,-1,-1
228,693,393.81,470.19,38.34,87.49,0.404,-1,-1,-1
228,825,573.52,454.14,26.61,67.48,0.540,-1,-1,-1
228,844,676.83,481.22,50.40,116.03,0.402,-1,-1,-1
228,863,729.56,474.87,38.55,51.94,0.267,-1,-1,-1
228,864,588.70,453.72,23.42,67.12,0.292,-1,-1,-1
228,683,1833.42,454.08,78.06,201.33,0.292,-1,-1,-1
228,874,724.65,474.57,48.21,83.41,0.393,-1,-1,-1
228,877,1098.94,444.65,37.57,84.88,0.439,-1,-1,-1
228,439,1671.91,426.89,110.41,206.06,0.264,-1,-1,-1
228,352,1835.25,408.24,82.22,247.76,0.272,-1,-1,-1
229,2,903.26,428.06,135.29,417.34,0.910,-1,-1,-1
229,3,775.40,404.14,235.01,591.04,0.926,-1,-1,-1
229,19,1105.33,440.19,124.28,347.48,0.889,-1,-1,-1
229,567,1182.00,424.12,86.30,306.51,0.860,-1,-1,-1
229,295,469.01,450.33,36.70,109.68,0.477,-1,-1,-1
229,501,426.52,472.10,47.91,103.94,0.682,-1,-1,-1
229,713,604.86,453.85,64.05,174.34,0.839,-1,-1,-1
229,754,1228.20,450.36,38.32,96.55,0.284,-1,-1,-1
229,273,1680.85,428.24,98.68,156.71,0.322,-1,-1,-1
229,474,506.82,451.95,39.21,109.15,0.675,-1,-1,-1
229,598,395.77,469.67,34.42,47.36,0.278,-1,-1,-1
229,811,1048.53,440.92,57.59,119.37,0.571,-1,-1,-1
229,693,393.49,469.97,37.98,86.88,0.386,-1,-1,-1
229,825,573.93,454.36,26.57,67.32,0.504,-1,-1,-1
229,844,676.72,482.01,50.74,117.36,0.377,-1,-1,-1
229,863,728.32,474.66,38.63,52.23,0.269,-1,-1,-1
229,864,588.77,453.92,23.42,66.72,0.325,-1,-1,-1
229,683,1833.48,453.42,78.18,202.29,0.299,-1,-1,-1
229,874,723.64,474.02,48.30,83.75,0.350,-1,-1,-1
229,877,1098.96,446.15,39.74,89.97,0.381,-1,-1,-1
229,881,734.46,433.55,85.90,146.31,0.478,-1,-1,-1
229,883,678.86,482.16,45.84,96.01,0.359,-1,-1,-1
229,352,1835.22,410.07,81.76,246.06,0.265,-1,-1,-1
230,2,905.31,426.96,135.79,418.71,0.906,-1,-1,-1
230,3,780.21,405.23,238.85,591.40,0.925,-1,-1,-1
230,19,1115.08,441.32,123.16,347.05,0.903,-1,-1,-1
230,567,1186.80,423.69,85.24,306.86,0.810,-1,-1,-1
230,295,469.46,450.30,36.72,109.75,0.407,-1,-1,-1
230,501,426.14,472.87,47.60,103.07,0.690,-1,-1,-1
230,713,607.50,452.88,64.03,175.42,0.811,-1,-1,-1
230,273,1685.80,427.68,97.31,155.75,0.263,-1,-1,-1
230,474,506.90,451.92,39.22,109.04,0.684,-1,-1,-1
230,598,395.82,469.56,34.18,47.22,0.277,-1,-1,-1
230,811,1048.79,440.77,58.53,122.72,0.627,-1,-1,-1
230,693,392.98,469.67,38.56,88.70,0.381,-1,-1,-1
230,825,573.32,454.66,26.32,66.66,0.482,-1,-1,-1
230,844,677.12,482.73,50.47,117.38,0.495,-1,-1,-1
230,863,728.80,474.46,38.36,52.05,0.257,-1,-1,-1
230,864,589.72,453.52,23.67,66.93,0.302,-1,-1,-1
230,683,1833.28,449.24,79.74,206.45,0.369,-1,-1,-1
230,874,722.86,473.68,48.52,84.25,0.385,-1,-1,-1
230,877,1099.21,447.64,40.42,92.00,0.371,-1,-1,-1
230,881,736.08,432.50,92.43,157.78,0.531,-1,-1,-1
230,884,731.15,431.25,128.56,425.17,0.515,-1,-1,-1
230,644,1303.07,428.79,35.96,113.07,0.287,-1,-1,-1
231,2,909.48,426.18,135.75,419.67,0.911,-1,-1,-1
231,3,782.42,405.97,242.17,590.90,0.927,-1,-1,-1
231,19,1126.17,441.76,122.87,345.39,0.913,-1,-1,-1
231,567,1190.77,422.77,84.45,308.30,0.728,-1,-1,-1
231,295,470.07,451.79,35.80,106.98,0.378,-1,-1,-1
231,501,425.83,473.12,47.47,102.67,0.624,-1,-1,-1
231,713,609.61,451.92,64.18,176.16,0.839,-1,-1,-1
231,474,507.19,452.83,38.93,108.01,0.699,-1,-1,-1
231,598,396.03,470.04,33.52,46.49,0.299,-1,-1,-1
231,811,1051.03,441.66,58.82,124.75,0.624,-1,-1,-1
231,693,392.32,470.38,39.02,89.96,0.318,-1,-1,-1
231,825,573.76,454.85,26.18,66.21,0.482,-1,-1,-1
231,844,678.24,482.86,49.27,113.91,0.521,-1,-1,-1
231,863,728.42,474.27,38.87,52.98,0.256,-1,-1,-1
231,864,591.11,454.99,23.33,65.59,0.319,-1,-1,-1
231,683,1835.00,448.72,79.69,207.28,0.367,-1,-1,-1
231,874,723.25,474.13,47.39,82.50,0.344,-1,-1,-1
231,877,1100.40,447.50,42.58,97.91,0.377,-1,-1,-1
231,881,738.81,432.54,97.14,166.27,0.461,-1,-1,-1
231,884,743.24,430.80,129.37,427.61,0.493,-1,-1,-1
232,2,912.71,425.96,135.62,420.25,0.906,-1,-1,-1
232,3,784.76,407.80,244.26,589.11,0.919,-1,-1,-1
232,19,1134.12,442.12,123.82,345.66,0.920,-1,-1,-1
232,567,1194.36,422.83,84.80,315.33,0.732,-1,-1,-1
232,295,471.55,452.98,35.50,106.05,0.419,-1,-1,-1
232,501,424.42,471.74,48.09,104.13,0.613,-1,-1,-1
232,713,611.77,453.43,63.35,174.37,0.834,-1,-1,-1
232,474,507.58,452.89,38.88,107.77,0.645,-1,-1,-1
232,598,395.86,469.46,34.06,47.80,0.291,-1,-1,-1
232,811,1053.22,442.26,59.16,126.50,0.499,-1,-1,-1
232,693,392.43,469.78,39.01,90.69,0.328,-1,-1,-1
232,825,573.17,455.05,26.10,66.05,0.460,-1,-1,-1
232,844,677.53,482.79,50.42,117.46,0.515,-1,-1,-1
232,863,728.88,473.79,38.92,53.03,0.300,-1,-1,-1
232,864,591.03,453.94,23.97,67.02,0.357,-1,-1,-1
232,683,1837.39,450.10,78.35,205.67,0.387,-1,-1,-1
232,874,723.23,473.53,47.30,82.44,0.402,-1,-1,-1
232,877,1098.00,445.14,43.63,101.77,0.311,-1,-1,-1
232,881,741.43,433.07,100.11,172.01,0.468,-1,-1,-1
232,884,734.47,431.95,129.75,427.06,0.766,-1,-1,-1
232,352,1846.26,467.37,62.90,188.12,0.405,-1,-1,-1
233,2,915.37,425.59,135.41,420.63,0.906,-1,-1,-1
233,3,784.41,407.38,247.14,590.95,0.922,-1,-1,-1
233,19,1137.79,442.21,125.23,346.97,0.919,-1,-1,-1
233,567,1199.95,424.71,83.55,315.94,0.631,-1,-1,-1
233,501,423.01,471.30,47.99,104.40,0.582,-1,-1,-1
233,713,612.81,454.53,62.75,172.67,0.832,-1,-1,-1
233,474,507.75,452.33,39.12,108.47,0.695,-1,-1,-1
233,598,395.66,469.62,33.86,47.97,0.300,-1,-1,-1
233,811,1054.53,441.98,64.95,140.25,0.515,-1,-1,-1
233,693,392.19,469.99,38.91,90.81,0.359,-1,-1,-1
233,825,572.69,454.84,26.44,66.50,0.532,-1,-1,-1
233,844,678.12,483.06,49.87,116.84,0.484,-1,-1,-1
233,863,729.29,474.15,38.71,52.59,0.331,-1,-1,-1
233,864,593.12,453.33,24.06,66.97,0.317,-1,-1,-1
233,683,1834.02,427.58,85.95,228.89,0.255,-1,-1,-1
233,874,722.51,473.96,47.72,83.31,0.372,-1,-1,-1
233,877,1098.63,444.67,43.49,102.86,0.346,-1,-1,-1
233,881,745.03,433.47,101.68,175.22,0.386,-1,-1,-1
233,884,734.50,432.86,130.47,427.36,0.780,-1,-1,-1
233,890,1206.84,425.87,69.24,178.36,0.409,-1,-1,-1
233,352,1847.53,476.50,60.33,178.84,0.418,-1,-1,-1
233,752,1116.26,448.39,31.10,98.12,0.329,-1,-1,-1
234,2,917.76,425.50,134.70,420.47,0.902,-1,-1,-1
234,3,786.15,407.28,248.53,590.59,0.917,-1,-1,-1
234,19,1139.15,442.41,127.19,349.76,0.912,-1,-1,-1
234,567,1207.63,424.89,83.66,317.47,0.691,-1,-1,-1
234,501,422.15,472.06,47.26,103.53,0.619,-1,-1,-1
234,713,614.38,456.56,62.08,170.18,0.845,-1,-1,-1
234,474,507.60,451.96,39.26,108.86,0.708,-1,-1,-1
234,598,395.82,469.35,33.82,48.35,0.291,-1,-1,-1
234,811,1055.81,441.69,68.32,149.53,0.553,-1,-1,-1
234,693,392.77,469.64,38.28,89.89,0.356,-1,-1,-1
234,825,572.60,454.94,26.78,67.28,0.512,-1,-1,-1
234,844,679.00,483.60,49.21,116.09,0.477,-1,-1,-1
234,863,730.26,474.69,38.31,51.75,0.323,-1,-1,-1
234,864,594.15,454.79,23.49,65.29,0.301,-1,-1,-1
234,683,1831.25,418.71,88.46,237.22,0.290,-1,-1,-1
234,874,722.80,474.51,48.41,84.62,0.398,-1,-1,-1
234,877,1099.78,444.79,42.83,103.06,0.339,-1,-1,-1
234,884,732.52,433.54,130.73,428.28,0.790,-1,-1,-1
234,890,1211.64,425.55,69.28,178.47,0.350,-1,-1,-1
234,352,1848.17,479.97,59.49,175.24,0.420,-1,-1,-1
235,2,919.60,425.25,133.68,420.65,0.906,-1,-1,-1
235,3,787.91,406.74,249.51,590.81,0.924,-1,-1,-1
235,19,1140.05,443.36,129.67,353.89,0.916,-1,-1,-1
235,567,1214.97,424.83,84.16,318.60,0.787,-1,-1,-1
235,501,420.70,471.72,47.10,103.84,0.619,-1,-1,-1
235,713,616.05,455.97,62.40,171.14,0.858,-1,-1,-1
235,474,507.57,450.97,39.54,109.86,0.728,-1,-1,-1
235,598,396.23,469.80,32.76,47.14,0.267,-1,-1,-1
235,811,1058.41,441.83,69.07,153.55,0.541,-1,-1,-1
235,693,393.32,469.93,37.92,89.73,0.387,-1,-1,-1
235,825,573.20,454.73,26.76,67.16,0.529,-1,-1,-1
235,844,679.13,485.23,48.55,115.26,0.424,-1,-1,-1
235,863,730.43,473.13,38.89,52.16,0.301,-1,-1,-1
235,864,595.88,455.38,22.99,63.59,0.300,-1,-1,-1
235,683,1832.27,411.42,87.73,244.51,0.272,-1,-1,-1
235,874,723.21,473.19,49.20,85.89,0.332,-1,-1,-1
235,884,737.06,434.38,130.84,428.35,0.793,-1,-1,-1
235,352,1846.61,470.94,63.05,184.59,0.337,-1,-1,-1
235,295,475.24,466.49,32.14,94.09,0.349,-1,-1,-1
235,752,1114.30,446.98,31.94,99.53,0.448,-1,-1,-1
236,2,924.69,424.81,132.64,421.05,0.900,-1,-1,-1
236,3,787.88,406.39,250.20,590.89,0.908,-1,-1,-1
236,19,1141.21,443.00,131.59,356.92,0.915,-1,-1,-1
236,567,1222.05,425.23,84.73,319.70,0.778,-1,-1,-1
236,501,419.29,469.39,47.87,106.33,0.679,-1,-1,-1
236,713,618.07,455.65,62.56,171.64,0.855,-1,-1,-1
236,474,507.12,451.40,39.25,109.46,0.687,-1,-1,-1
236,811,1060.27,441.92,68.84,155.42,0.581,-1,-1,-1
236,693,393.49,468.82,37.24,88.77,0.424,-1,-1,-1
236,825,573.36,454.69,26.86,67.34,0.523,-1,-1,-1
236,844,677.93,484.91,49.52,118.67,0.446,-1,-1,-1
236,864,596.71,455.54,22.84,63.15,0.282,-1,-1,-1
236,874,723.42,474.35,48.71,84.92,0.300,-1,-1,-1
236,884,736.77,434.64,131.07,428.99,0.773,-1,-1,-1
236,352,1842.00,457.00,68.53,198.82,0.419,-1,-1,-1
236,295,473.55,466.16,33.21,95.36,0.387,-1,-1,-1
236,752,1113.94,447.84,31.78,98.82,0.450,-1,-1,-1
236,765,366.36,443.76,37.91,64.38,0.254,-1,-1,-1
237,2,930.01,424.12,131.67,421.72,0.884,-1,-1,-1
237,3,789.07,403.95,250.93,593.12,0.906,-1,-1,-1
237,19,1142.05,442.67,132.94,358.63,0.913,-1,-1,-1
237,567,1228.75,426.18,85.17,321.09,0.736,-1,-1,-1
237,501,418.28,467.46,48.06,108.06,0.664,-1,-1,-1
237,713,617.85,452.65,63.55,174.79,0.832,-1,-1,-1
237,474,506.57,450.04,39.57,110.84,0.684,-1,-1,-1
237,811,1062.34,441.14,68.27,156.76,0.591,-1,-1,-1
237,693,393.52,468.25,37.17,89.48,0.400,-1,-1,-1
237,825,572.80,454.40,27.26,68.45,0.517,-1,-1,-1
237,844,678.79,484.10,49.25,118.75,0.371,-1,-1,-1
237,864,595.99,455.23,22.87,63.42,0.291,-1,-1,-1
237,874,722.38,474.85,49.24,86.26,0.273,-1,-1,-1
237,884,731.26,435.56,131.71,428.68,0.782,-1,-1,-1
237,352,1839.64,454.49,70.08,201.28,0.408,-1,-1,-1
237,295,472.56,461.25,35.42,100.94,0.399,-1,-1,-1
237,752,1114.78,447.53,31.38,98.98,0.416,-1,-1,-1
237,273,1685.44,429.32,96.50,154.71,0.267,-1,-1,-1
237,863,729.48,473.47,38.95,52.09,0.251,-1,-1,-1
238,2,936.24,423.50,130.03,420.31,0.845,-1,-1,-1
238,3,790.47,402.40,251.21,594.58,0.915,-1,-1,-1
238,19,1144.53,441.77,133.43,360.00,0.904,-1,-1,-1
238,567,1233.71,427.56,85.33,322.26,0.812,-1,-1,-1
238,501,417.57,465.95,48.24,109.79,0.670,-1,-1,-1
238,713,622.00,453.80,63.87,174.37,0.849,-1,-1,-1
238,474,506.15,449.70,39.52,110.85,0.687,-1,-1,-1
238,811,1063.98,441.47,67.39,156.79,0.613,-1,-1,-1
238,693,393.60,467.89,37.13,90.07,0.389,-1,-1,-1
238,825,571.85,454.17,27.60,69.06,0.554,-1,-1,-1
238,844,679.59,482.72,48.65,117.92,0.435,-1,-1,-1
238,874,723.61,476.52,48.10,84.17,0.265,-1,-1,-1
238,884,743.15,436.05,131.55,428.24,0.792,-1,-1,-1
238,352,1838.16,452.91,71.34,203.10,0.402,-1,-1,-1
238,295,474.29,474.36,32.06,88.39,0.454,-1,-1,-1
238,752,1115.03,448.23,30.92,98.30,0.465,-1,-1,-1
239,2,941.49,422.62,129.04,421.89,0.866,-1,-1,-1
239,3,789.72,401.11,251.75,595.44,0.908,-1,-1,-1
239,19,1149.12,440.49,133.26,361.48,0.893,-1,-1,-1
239,567,1237.49,428.37,84.71,322.70,0.799,-1,-1,-1
239,501,417.01,466.46,47.30,109.19,0.641,-1,-1,-1
239,713,627.90,457.95,64.00,170.70,0.867,-1,-1,-1
239,474,506.22,449.62,39.45,110.88,0.688,-1,-1,-1
239,811,1064.78,440.86,66.42,156.97,0.602,-1,-1,-1
239,693,393.72,468.27,36.69,89.92,0.358,-1,-1,-1
239,825,572.89,454.42,27.52,68.73,0.509,-1,-1,-1
239,844,680.84,481.82,48.01,117.14,0.447,-1,-1,-1
239,874,723.28,474.18,50.08,88.27,0.319,-1,-1,-1
239,884,746.32,436.56,130.30,428.47,0.769,-1,-1,-1
239,352,1837.68,451.83,72.01,204.19,0.411,-1,-1,-1
239,295,476.05,482.05,30.22,81.08,0.522,-1,-1,-1
239,752,1116.26,448.63,30.36,97.61,0.458,-1,-1,-1
239,899,457.57,456.45,27.40,98.30,0.323,-1,-1,-1
239,863,729.54,472.57,39.66,52.75,0.278,-1,-1,-1
240,2,947.25,422.30,126.77,420.53,0.824,-1,-1,-1
240,3,794.99,403.51,249.84,593.35,0.904,-1,-1,-1
240,19,1153.07,439.19,132.69,363.09,0.872,-1,-1,-1
240,567,1239.94,428.51,83.75,323.29,0.760,-1,-1,-1
240,501,415.81,466.18,46.71,109.26,0.605,-1,-1,-1
240,713,630.95,457.73,65.58,171.34,0.874,-1,-1,-1
240,474,506.13,449.72,39.40,110.91,0.717,-1,-1,-1
240,811,1065.31,439.72,65.54,156.91,0.614,-1,-1,-1
240,693,393.94,468.67,36.25,89.80,0.349,-1,-1,-1
240,825,573.34,454.27,27.31,67.88,0.526,-1,-1,-1
240,844,679.61,483.51,47.45,114.87,0.322,-1,-1,-1
240,874,723.88,474.66,50.93,89.84,0.319,-1,-1,-1
240,884,746.50,437.15,129.83,428.70,0.775,-1,-1,-1
240,352,1839.13,450.44,72.65,205.68,0.407,-1,-1,-1
240,752,1116.21,447.84,30.31,98.21,0.457,-1,-1,-1
240,863,730.10,473.54,40.24,52.64,0.300,-1,-1,-1
240,644,1302.44,427.70,37.23,116.50,0.267,-1,-1,-1
241,2,951.19,422.05,125.41,422.16,0.844,-1,-1,-1
241,3,801.16,403.48,248.30,594.53,0.929,-1,-1,-1
241,19,1159.89,437.79,131.02,364.75,0.883,-1,-1,-1
241,567,1243.43,427.79,82.40,324.29,0.799,-1,-1,-1
241,501,414.87,464.92,46.54,111.02,0.644,-1,-1,-1
241,713,632.88,456.80,67.56,172.98,0.905,-1,-1,-1
241,474,505.93,449.69,39.42,110.98,0.721,-1,-1,-1
241,811,1065.58,440.26,64.60,156.29,0.594,-1,-1,-1
241,693,394.93,468.62,35.15,87.94,0.375,-1,-1,-1
241,825,573.59,454.45,27.16,67.22,0.534,-1,-1,-1
241,844,681.89,485.01,46.54,112.54,0.382,-1,-1,-1
241,874,723.87,472.61,52.43,92.84,0.312,-1,-1,-1
241,884,750.39,437.29,129.22,429.21,0.786,-1,-1,-1
241,352,1838.94,451.27,72.30,204.61,0.393,-1,-1,-1
241,752,1115.59,447.07,30.31,98.96,0.448,-1,-1,-1
241,863,729.36,471.90,42.11,54.53,0.337,-1,-1,-1
241,439,1673.43,429.64,108.35,203.21,0.280,-1,-1,-1
241,899,454.66,457.76,27.05,96.68,0.345,-1,-1,-1
242,2,955.38,421.00,123.94,423.12,0.824,-1,-1,-1
242,3,808.92,403.90,246.00,596.05,0.921,-1,-1,-1
242,19,1168.58,436.78,128.29,365.44,0.898,-1,-1,-1
242,567,1247.39,426.53,80.96,325.86,0.789,-1,-1,-1
242,501,414.65,463.55,46.31,112.49,0.645,-1,-1,-1
242,713,633.60,456.96,68.62,172.95,0.905,-1,-1,-1
242,474,506.68,449.97,39.23,110.89,0.702,-1,-1,-1
242,811,1065.83,441.99,62.29,152.28,0.539,-1,-1,-1
242,693,395.18,469.22,35.11,88.71,0.266,-1,-1,-1
242,825,573.25,454.29,27.19,67.17,0.572,-1,-1,-1
242,844,682.76,484.91,46.45,111.97,0.304,-1,-1,-1
242,874,724.43,470.78,53.67,95.30,0.274,-1,-1,-1
242,884,754.49,437.50,128.79,430.19,0.811,-1,-1,-1
242,352,1841.72,464.08,68.06,192.23,0.381,-1,-1,-1
242,752,1115.53,447.35,29.97,98.72,0.422,-1,-1,-1
242,863,729.22,471.40,42.92,54.68,0.305,-1,-1,-1
242,910,606.14,456.27,22.47,60.70,0.342,-1,-1,-1
242,899,455.85,456.52,27.65,98.52,0.378,-1,-1,-1
242,765,367.98,443.74,38.44,64.57,0.254,-1,-1,-1
243,2,961.18,420.21,122.13,423.62,0.795,-1,-1,-1
243,3,817.34,403.25,243.83,599.01,0.912,-1,-1,-1
243,19,1175.86,435.12,126.50,366.84,0.890,-1,-1,-1
243,567,1250.61,425.11,79.45,327.16,0.798,-1,-1,-1
243,501,415.06,462.19,46.10,113.86,0.635,-1,-1,-1
243,713,634.06,457.50,69.13,173.10,0.894,-1,-1,-1
243,474,506.83,449.77,39.27,111.16,0.686,-1,-1,-1
243,811,1067.54,453.16,57.61,141.61,0.318,-1,-1,-1
243,825,572.62,454.27,27.23,66.98,0.555,-1,-1,-1
243,844,684.37,484.25,46.36,111.65,0.361,-1,-1,-1
243,874,724.91,470.99,52.34,92.80,0.359,-1,-1,-1
243,884,759.43,437.01,128.53,430.88,0.830,-1,-1,-1
243,352,1840.61,454.10,71.50,202.06,0.408,-1,-1,-1
243,752,1116.54,448.48,29.52,98.04,0.414,-1,-1,-1
243,863,728.70,471.59,43.62,54.87,0.371,-1,-1,-1
243,910,607.18,456.49,22.45,60.63,0.371,-1,-1,-1
243,899,453.70,458.61,27.01,95.95,0.263,-1,-1,-1
243,765,369.58,443.72,38.15,64.87,0.250,-1,-1,-1
243,439,1674.33,428.04,108.42,204.78,0.278,-1,-1,-1
244,2,968.42,419.89,119.22,423.44,0.705,-1,-1,-1
244,3,826.70,402.40,241.65,603.08,0.897,-1,-1,-1
244,19,1185.31,434.04,125.18,367.91,0.887,-1,-1,-1
244,567,1256.34,423.44,78.62,329.54,0.758,-1,-1,-1
244,501,414.98,461.77,45.76,114.14,0.658,-1,-1,-1
244,713,634.59,460.32,68.76,170.96,0.894,-1,-1,-1
244,474,507.19,449.92,39.13,110.97,0.670,-1,-1,-1
244,811,1068.29,458.21,55.36,137.05,0.315,-1,-1,-1
244,825,572.24,454.41,27.10,66.62,0.541,-1,-1,-1
244,844,684.03,484.05,46.28,112.08,0.366,-1,-1,-1
244,874,725.20,472.16,52.63,93.66,0.361,-1,-1,-1
244,884,764.99,436.58,128.73,431.65,0.832,-1,-1,-1
244,352,1840.48,454.52,71.39,201.59,0.351,-1,-1,-1
244,752,1116.17,448.70,29.32,97.99,0.420,-1,-1,-1
244,863,729.56,473.23,42.95,53.30,0.319,-1,-1,-1
244,910,608.01,456.47,22.44,60.54,0.373,-1,-1,-1
244,899,451.54,461.10,26.30,93.08,0.258,-1,-1,-1
244,765,370.11,443.92,38.19,65.10,0.270,-1,-1,-1
244,295,468.42,456.16,39.81,108.01,0.447,-1,-1,-1
245,2,976.20,417.91,116.28,424.34,0.616,-1,-1,-1
245,3,836.67,400.99,240.28,612.82,0.889,-1,-1,-1
245,19,1192.72,433.51,124.31,369.09,0.885,-1,-1,-1
245,567,1262.10,420.98,78.02,331.71,0.700,-1,-1,-1
245,501,414.47,461.34,45.15,114.38,0.625,-1,-1,-1
245,713,634.72,461.06,68.92,170.71,0.879,-1,-1,-1
245,474,507.59,449.99,39.01,110.81,0.694,-1,-1,-1
245,811,1068.40,461.51,53.92,133.96,0.272,-1,-1,-1
245,825,571.61,454.44,26.98,66.32,0.553,-1,-1,-1
245,844,685.02,484.93,45.72,110.59,0.314,-1,-1,-1
245,874,724.58,470.77,54.52,97.71,0.302,-1,-1,-1
245,884,772.50,436.14,130.78,435.96,0.850,-1,-1,-1
245,352,1838.88,453.21,72.19,202.72,0.357,-1,-1,-1
245,752,1117.15,449.86,28.79,96.77,0.402,-1,-1,-1
245,863,728.74,472.78,44.57,54.90,0.280,-1,-1,-1
245,910,607.38,456.27,22.61,60.85,0.363,-1,-1,-1
245,765,369.93,443.92,38.15,64.91,0.299,-1,-1,-1
245,295,466.74,451.67,41.05,112.33,0.492,-1,-1,-1
245,439,1674.16,427.85,107.96,205.38,0.317,-1,-1,-1
246,2,981.04,416.63,114.96,428.04,0.657,-1,-1,-1
246,3,848.02,399.87,238.92,621.70,0.888,-1,-1,-1
246,19,1200.13,434.16,123.07,368.34,0.880,-1,-1,-1
246,567,1267.30,419.58,77.29,333.94,0.603,-1,-1,-1
246,501,415.46,461.31,44.63,113.88,0.637,-1,-1,-1
246,713,634.53,459.56,69.53,172.05,0.877,-1,-1,-1
246,474,507.69,450.44,38.85,110.39,0.668,-1,-1,-1
246,811,1068.32,462.25,53.47,133.82,0.408,-1,-1,-1
246,825,572.46,454.66,26.80,65.99,0.530,-1,-1,-1
246,844,685.21,481.52,46.63,113.98,0.397,-1,-1,-1
246,874,720.84,471.23,61.54,112.87,0.475,-1,-1,-1
246,884,778.01,436.07,133.12,440.47,0.865,-1,-1,-1
246,352,1836.77,452.29,73.06,203.47,0.387,-1,-1,-1
246,752,1117.07,449.71,28.54,97.06,0.272,-1,-1,-1
246,863,729.27,474.02,44.06,53.68,0.268,-1,-1,-1
246,910,607.16,455.69,22.87,61.39,0.362,-1,-1,-1
246,765,370.38,443.82,38.54,65.31,0.286,-1,-1,-1
246,295,466.30,450.11,41.40,114.08,0.455,-1,-1,-1
246,920,1086.35,439.47,42.38,107.27,0.373,-1,-1,-1
246,439,1674.47,427.26,107.73,206.19,0.331,-1,-1,-1
247,2,984.81,414.89,113.63,429.00,0.626,-1,-1,-1
247,3,858.61,400.41,236.76,627.13,0.884,-1,-1,-1
247,19,1207.82,434.82,122.82,367.80,0.902,-1,-1,-1
247,567,1272.11,419.18,75.97,334.14,0.559,-1,-1,-1
247,501,414.78,459.72,44.70,115.33,0.720,-1,-1,-1
247,713,634.31,457.26,70.51,174.74,0.873,-1,-1,-1
247,474,506.81,449.02,39.30,111.78,0.708,-1,-1,-1
247,811,1068.14,460.77,53.79,136.00,0.337,-1,-1,-1
247,825,571.14,455.39,26.22,64.41,0.532,-1,-1,-1
247,844,684.68,480.11,47.38,116.94,0.451,-1,-1,-1
247,874,720.04,472.45,62.55,116.58,0.400,-1,-1,-1
247,884,780.49,435.64,134.55,442.58,0.873,-1,-1,-1
247,352,1836.94,454.93,72.45,200.58,0.333,-1,-1,-1
247,752,1118.33,452.01,27.53,94.31,0.283,-1,-1,-1
247,295,465.74,450.53,41.03,113.43,0.599,-1,-1,-1
247,920,1084.26,438.70,43.48,110.09,0.380,-1,-1,-1
247,439,1671.42,423.71,109.80,210.10,0.299,-1,-1,-1
247,923,713.09,453.96,25.99,66.61,0.373,-1,-1,-1
247,683,1833.17,409.65,86.83,246.19,0.270,-1,-1,-1
247,864,595.72,456.40,23.41,63.79,0.445,-1,-1,-1
247,273,1678.66,427.59,100.10,159.43,0.260,-1,-1,-1
248,2,985.06,411.64,116.50,435.38,0.459,-1,-1,-1
248,3,871.69,402.78,236.09,631.21,0.894,-1,-1,-1
248,19,1218.01,436.02,123.95,367.46,0.927,-1,-1,-1
248,567,1277.66,418.81,74.60,332.10,0.310,-1,-1,-1
248,501,414.92,459.43,44.13,115.07,0.700,-1,-1,-1
248,713,634.80,455.43,70.98,176.56,0.882,-1,-1,-1
248,474,506.76,450.00,39.04,110.87,0.729,-1,-1,-1
248,811,1068.30,465.60,51.88,131.19,0.341,-1,-1,-1
248,825,570.64,455.45,26.08,64.15,0.527,-1,-1,-1
248,844,686.52,482.59,45.78,114.61,0.480,-1,-1,-1
248,874,718.81,473.38,63.75,120.75,0.403,-1,-1,-1
248,884,781.76,434.76,135.47,444.14,0.875,-1,-1,-1
248,352,1835.89,455.97,72.43,199.19,0.320,-1,-1,-1
248,295,465.67,450.80,40.66,112.38,0.545,-1,-1,-1
248,920,1090.66,438.50,42.85,108.65,0.415,-1,-1,-1
248,439,1670.44,424.23,109.96,209.82,0.361,-1,-1,-1
248,923,713.63,454.11,24.80,63.45,0.334,-1,-1,-1
248,927,1282.77,419.64,60.37,227.02,0.435,-1,-1,-1
248,683,1834.92,417.22,85.04,238.35,0.258,-1,-1,-1
248,864,593.83,456.23,23.82,64.39,0.432,-1,-1,-1
248,273,1676.89,428.48,100.92,159.02,0.287,-1,-1,-1
248,693,393.03,471.02,35.46,91.28,0.262,-1,-1,-1
248,863,728.70,476.41,43.06,51.52,0.288,-1,-1,-1
249,2,989.03,413.41,117.47,435.92,0.404,-1,-1,-1
249,3,881.58,402.35,236.03,636.23,0.893,-1,-1,-1
249,19,1228.71,436.68,126.73,367.11,0.937,-1,-1,-1
249,567,1284.83,417.32,70.45,315.98,0.273,-1,-1,-1
249,501,414.89,460.45,43.22,113.82,0.696,-1,-1,-1
249,713,636.40,454.56,71.04,177.50,0.862,-1,-1,-1
249,474,507.03,450.01,39.02,110.90,0.691,-1,-1,-1
249,811,1069.37,474.62,48.72,122.10,0.294,-1,-1,-1
249,825,570.91,455.88,25.89,63.68,0.533,-1,-1,-1
249,844,686.62,480.56,46.00,117.16,0.501,-1,-1,-1
249,874,719.25,474.25,62.81,120.67,0.543,-1,-1,-1
249,884,782.57,433.12,136.24,445.85,0.882,-1,-1,-1
249,352,1834.59,460.44,69.71,187.65,0.378,-1,-1,-1
249,295,465.68,450.86,40.57,112.08,0.510,-1,-1,-1
249,920,1094.56,440.97,41.79,105.68,0.450,-1,-1,-1
249,439,1673.50,427.19,108.04,206.86,0.307,-1,-1,-1
249,923,713.52,453.49,24.98,63.72,0.365,-1,-1,-1
249,927,1286.73,418.51,60.72,228.44,0.307,-1,-1,-1
249,683,1844.43,460.38,69.78,194.56,0.365,-1,-1,-1
249,864,593.45,456.87,23.70,63.37,0.448,-1,-1,-1
249,273,1682.03,428.12,99.34,157.97,0.299,-1,-1,-1
249,752,1118.18,448.24,28.53,98.21,0.263,-1,-1,-1
250,2,992.34,415.22,118.58,434.78,0.537,-1,-1,-1
250,3,891.24,400.76,234.56,641.04,0.876,-1,-1,-1
250,19,1238.30,437.44,131.61,367.41,0.937,-1,-1,-1
250,567,1292.63,417.53,66.76,298.58,0.419,-1,-1,-1
250,501,413.89,459.94,43.08,114.31,0.648,-1,-1,-1
250,713,640.12,455.03,70.42,177.12,0.847,-1,-1,-1
250,474,507.60,452.32,38.27,108.73,0.702,-1,-1,-1
250,811,1070.17,477.22,47.99,119.45,0.278,-1,-1,-1
250,825,571.27,455.73,25.92,63.73,0.523,-1,-1,-1
250,844,687.91,480.47,45.01,116.64,0.422,-1,-1,-1
250,874,719.07,473.60,62.60,122.07,0.606,-1,-1,-1
250,884,784.60,432.48,136.50,447.19,0.894,-1,-1,-1
250,295,465.95,452.22,39.92,110.14,0.494,-1,-1,-1
250,920,1098.36,442.66,42.00,105.76,0.486,-1,-1,-1
250,439,1673.64,427.23,108.16,206.44,0.308,-1,-1,-1
250,927,1292.56,418.48,61.15,230.08,0.269,-1,-1,-1
250,683,1842.02,465.06,69.50,190.49,0.387,-1,-1,-1
250,864,594.42,457.48,23.34,61.81,0.329,-1,-1,-1
250,273,1681.38,428.53,100.09,158.54,0.362,-1,-1,-1
251,2,998.30,421.50,117.40,426.46,0.520,-1,-1,-1
251,3,896.28,399.54,232.67,644.09,0.871,-1,-1,-1
251,19,1245.86,438.30,137.17,367.03,0.942,-1,-1,-1
251,501,412.91,459.85,42.71,114.13,0.647,-1,-1,-1
251,713,646.13,454.03,70.91,178.13,0.836,-1,-1,-1
251,474,507.35,452.91,38.05,108.03,0.692,-1,-1,-1
251,825,572.44,456.02,25.76,63.36,0.517,-1,-1,-1
251,844,689.34,477.54,45.15,118.32,0.281,-1,-1,-1
251,874,721.77,471.94,59.48,117.33,0.452,-1,-1,-1
251,884,786.31,432.08,136.58,448.51,0.902,-1,-1,-1
251,295,466.07,452.93,39.60,108.96,0.474,-1,-1,-1
251,920,1100.86,443.37,42.67,106.43,0.498,-1,-1,-1
251,439,1673.59,427.18,108.46,206.58,0.415,-1,-1,-1
251,927,1297.78,418.82,61.80,232.82,0.305,-1,-1,-1
251,683,1839.79,468.43,70.06,186.35,0.383,-1,-1,-1
251,864,595.71,457.68,23.36,61.37,0.330,-1,-1,-1
251,273,1680.32,428.61,100.51,158.11,0.392,-1,-1,-1
251,938,1840.25,458.20,77.20,326.32,0.410,-1,-1,-1
251,939,615.68,457.01,23.73,57.44,0.371,-1,-1,-1
251,923,713.42,456.00,24.33,61.85,0.252,-1,-1,-1
252,2,1006.81,430.80,115.32,418.08,0.422,-1,-1,-1
252,3,900.42,398.32,229.43,644.80,0.888,-1,-1,-1
252,19,1250.01,439.46,143.23,366.49,0.940,-1,-1,-1
252,501,412.93,460.02,42.40,113.91,0.656,-1,-1,-1
252,713,649.44,453.82,71.11,178.43,0.847,-1,-1,-1
252,474,506.80,452.19,38.42,108.79,0.709,-1,-1,-1
252,825,572.99,456.54,25.56,62.87,0.540,-1,-1,-1
252,874,722.15,473.21,57.34,114.08,0.515,-1,-1,-1
252,884,791.03,431.77,136.51,449.23,0.884,-1,-1,-1
252,295,465.91,453.62,39.68,108.32,0.491,-1,-1,-1
252,920,1102.46,443.72,43.11,106.89,0.441,-1,-1,-1
252,439,1673.05,426.87,108.97,207.08,0.349,-1,-1,-1
252,864,595.22,458.00,23.64,61.41,0.377,-1,-1,-1
252,273,1678.74,428.38,101.05,157.80,0.344,-1,-1,-1
252,938,1833.73,446.66,79.75,335.95,0.468,-1,-1,-1
252,939,615.88,457.78,23.46,56.84,0.357,-1,-1,-1
252,863,730.29,476.49,42.25,50.10,0.268,-1,-1,-1
252,352,1830.77,449.84,77.62,203.57,0.334,-1,-1,-1
252,567,1309.85,418.12,75.35,325.94,0.584,-1,-1,-1
253,3,908.18,398.83,226.56,644.16,0.919,-1,-1,-1
253,19,1250.85,440.91,148.88,366.96,0.935,-1,-1,-1
253,501,411.46,461.07,42.37,113.19,0.705,-1,-1,-1
253,713,651.56,455.30,70.63,177.31,0.837,-1,-1,-1
253,474,506.83,453.24,38.36,107.56,0.755,-1,-1,-1
253,825,574.49,456.51,25.87,63.31,0.547,-1,-1,-1
253,874,722.53,474.04,56.82,113.74,0.626,-1,-1,-1
253,884,793.76,431.58,135.68,449.39,0.888,-1,-1,-1
253,295,465.96,454.77,39.30,106.09,0.573,-1,-1,-1
253,920,1102.89,443.54,44.26,108.92,0.509,-1,-1,-1
253,439,1672.48,426.73,109.42,207.23,0.448,-1,-1,-1
253,864,594.77,458.36,23.83,61.34,0.330,-1,-1,-1
253,273,1678.14,428.44,101.77,157.85,0.389,-1,-1,-1
253,938,1829.60,443.32,80.66,337.02,0.580,-1,-1,-1
253,939,616.51,457.97,23.70,57.48,0.404,-1,-1,-1
253,352,1825.25,446.78,81.48,206.67,0.322,-1,-1,-1
253,567,1318.33,417.52,79.70,333.58,0.588,-1,-1,-1
254,3,913.09,399.38,223.43,643.64,0.917,-1,-1,-1
254,19,1250.32,440.78,154.75,368.82,0.938,-1,-1,-1
254,501,410.23,460.45,42.87,113.95,0.706,-1,-1,-1
254,713,653.05,455.14,70.48,177.29,0.840,-1,-1,-1
254,474,507.07,453.75,38.38,106.96,0.736,-1,-1,-1
254,825,574.36,455.97,26.15,63.87,0.564,-1,-1,-1
254,874,723.41,474.87,55.29,111.19,0.675,-1,-1,-1
254,884,797.87,431.15,134.54,449.09,0.865,-1,-1,-1
254,295,465.55,454.42,39.47,105.73,0.554,-1,-1,-1
254,920,1105.00,443.46,44.89,109.46,0.443,-1,-1,-1
254,439,1672.47,427.09,109.39,206.55,0.469,-1,-1,-1
254,864,594.27,457.64,24.31,62.29,0.363,-1,-1,-1
254,273,1676.95,428.57,102.92,158.61,0.356,-1,-1,-1
254,938,1831.77,404.92,88.23,375.08,0.566,-1,-1,-1
254,939,617.11,458.15,23.58,57.35,0.465,-1,-1,-1
254,567,1328.28,419.05,83.26,334.39,0.557,-1,-1,-1
254,951,1018.54,449.63,70.27,146.88,0.366,-1,-1,-1
255,3,916.39,400.28,220.53,642.92,0.917,-1,-1,-1
255,19,1249.26,440.23,160.75,372.32,0.937,-1,-1,-1
255,501,409.02,462.76,42.51,111.79,0.696,-1,-1,-1
255,713,654.45,455.12,70.60,177.83,0.842,-1,-1,-1
255,474,507.37,453.20,38.58,107.41,0.742,-1,-1,-1
255,825,573.36,455.43,26.39,64.47,0.580,-1,-1,-1
255,874,723.58,475.89,55.02,111.16,0.697,-1,-1,-1
255,884,801.85,430.95,134.02,450.34,0.861,-1,-1,-1
255,295,465.14,456.27,39.58,105.47,0.631,-1,-1,-1
255,920,1104.59,443.64,46.21,111.54,0.575,-1,-1,-1
255,439,1672.32,427.07,109.42,206.52,0.491,-1,-1,-1
255,864,594.16,456.60,24.65,63.08,0.329,-1,-1,-1
255,273,1675.84,428.46,103.61,158.86,0.343,-1,-1,-1
255,938,1818.80,390.58,93.73,388.48,0.807,-1,-1,-1
255,939,618.22,458.31,23.44,57.23,0.445,-1,-1,-1
255,567,1332.82,421.04,86.32,335.53,0.487,-1,-1,-1
255,951,1021.40,454.97,67.26,140.53,0.399,-1,-1,-1
255,844,693.29,474.29,44.21,119.33,0.318,-1,-1,-1
256,3,921.23,400.63,218.25,643.01,0.915,-1,-1,-1
256,19,1247.29,434.61,167.71,380.05,0.929,-1,-1,-1
256,501,406.47,464.19,42.87,110.99,0.716,-1,-1,-1
256,713,656.56,455.74,70.77,177.49,0.865,-1,-1,-1
256,474,506.91,452.36,38.99,108.22,0.748,-1,-1,-1
256,825,573.14,455.31,26.35,64.26,0.596,-1,-1,-1
256,874,724.90,476.72,55.25,112.12,0.722,-1,-1,-1
256,884,803.69,430.50,133.83,453.39,0.846,-1,-1,-1
256,295,464.68,455.65,40.25,107.15,0.652,-1,-1,-1
256,920,1105.77,443.29,47.11,111.86,0.499,-1,-1,-1
256,439,1671.55,426.59,110.09,207.54,0.380,-1,-1,-1
256,864,595.38,456.70,24.32,62.15,0.332,-1,-1,-1
256,273,1676.34,428.37,104.00,158.78,0.388,-1,-1,-1
256,938,1813.46,394.65,94.21,383.91,0.872,-1,-1,-1
256,939,618.50,458.47,23.34,57.13,0.478,-1,-1,-1
256,567,1332.98,422.79,89.72,338.17,0.372,-1,-1,-1
256,951,1025.30,452.47,70.41,146.60,0.412,-1,-1,-1
256,844,695.09,474.30,43.02,118.89,0.279,-1,-1,-1
257,3,926.15,398.55,217.65,644.80,0.912,-1,-1,-1
257,19,1246.62,430.48,172.70,384.86,0.937,-1,-1,-1
257,501,405.36,463.60,43.78,111.94,0.756,-1,-1,-1
257,713,657.94,456.90,70.67,176.91,0.871,-1,-1,-1
257,474,506.32,452.48,39.22,108.11,0.758,-1,-1,-1
257,825,572.29,455.18,26.40,64.28,0.582,-1,-1,-1
257,874,726.04,477.25,55.14,112.52,0.728,-1,-1,-1
257,884,803.75,430.36,135.36,460.17,0.827,-1,-1,-1
257,295,464.41,455.44,40.43,107.77,0.675,-1,-1,-1
257,920,1106.66,444.97,47.17,109.84,0.540,-1,-1,-1
257,439,1670.83,425.98,110.67,208.36,0.425,-1,-1,-1
257,864,594.75,456.60,24.46,62.25,0.354,-1,-1,-1
257,273,1675.10,428.42,105.18,159.74,0.414,-1,-1,-1
257,938,1811.55,392.72,96.79,389.14,0.871,-1,-1,-1
257,939,619.28,458.57,23.02,56.38,0.457,-1,-1,-1
257,951,1028.45,460.98,66.13,137.32,0.321,-1,-1,-1
258,3,931.78,397.43,218.05,646.14,0.898,-1,-1,-1
258,19,1248.19,427.43,175.91,387.99,0.935,-1,-1,-1
258,501,404.27,463.97,43.81,110.98,0.739,-1,-1,-1
258,713,659.09,457.10,71.10,177.86,0.863,-1,-1,-1
258,474,506.95,453.09,39.27,107.72,0.762,-1,-1,-1
258,825,572.23,455.06,26.50,64.49,0.539,-1,-1,-1
258,874,724.56,477.00,57.47,118.10,0.774,-1,-1,-1
258,884,804.15,429.85,136.95,467.51,0.833,-1,-1,-1
258,295,464.88,457.85,39.40,104.99,0.560,-1,-1,-1
258,920,1107.47,443.84,48.95,111.62,0.617,-1,-1,-1
258,439,1668.01,420.66,113.95,214.63,0.387,-1,-1,-1
258,864,594.82,456.91,24.27,61.46,0.331,-1,-1,-1
258,273,1674.45,428.15,105.69,159.65,0.368,-1,-1,-1
258,938,1808.01,394.15,98.39,387.96,0.901,-1,-1,-1
258,939,620.83,457.81,23.19,56.85,0.485,-1,-1,-1
258,951,1035.24,456.60,70.10,143.88,0.406,-1,-1,-1
258,754,1279.48,435.61,45.68,114.61,0.335,-1,-1,-1
259,3,926.48,396.33,215.77,647.63,0.857,-1,-1,-1
259,19,1254.08,426.19,177.10,389.39,0.929,-1,-1,-1
259,501,403.22,464.62,44.17,110.60,0.685,-1,-1,-1
259,713,660.71,457.50,71.02,177.29,0.846,-1,-1,-1
259,474,507.06,452.99,39.46,107.87,0.732,-1,-1,-1
259,825,571.12,454.66,26.69,64.92,0.524,-1,-1,-1
259,874,724.91,476.87,57.59,119.65,0.761,-1,-1,-1
259,884,804.46,429.65,137.69,474.04,0.838,-1,-1,-1
259,295,465.07,458.50,39.04,103.90,0.540,-1,-1,-1
259,920,1107.60,444.35,50.16,112.00,0.625,-1,-1,-1
259,864,594.96,457.87,24.10,60.62,0.330,-1,-1,-1
259,273,1673.24,428.11,106.50,159.90,0.386,-1,-1,-1
259,938,1800.98,396.07,100.36,384.51,0.917,-1,-1,-1
259,939,622.35,458.07,23.10,56.68,0.413,-1,-1,-1
259,951,1044.57,467.90,65.81,133.59,0.411,-1,-1,-1
259,754,1281.21,436.70,46.09,114.06,0.497,-1,-1,-1
259,765,373.27,444.40,38.11,64.92,0.251,-1,-1,-1
260,3,926.30,395.91,213.22,648.03,0.864,-1,-1,-1
260,19,1260.53,427.08,176.26,388.95,0.904,-1,-1,-1
260,501,401.89,463.17,45.10,112.01,0.673,-1,-1,-1
260,713,662.68,457.70,70.96,177.20,0.840,-1,-1,-1
260,474,506.29,452.57,39.94,108.36,0.733,-1,-1,-1
260,825,572.02,454.83,26.57,64.76,0.504,-1,-1,-1
260,874,725.35,476.03,57.99,121.62,0.742,-1,-1,-1
260,884,806.89,429.59,138.98,483.53,0.855,-1,-1,-1
260,295,464.54,459.07,38.94,102.85,0.506,-1,-1,-1
260,920,1105.70,443.42,50.27,111.15,0.474,-1,-1,-1
260,864,593.83,457.60,24.50,61.17,0.366,-1,-1,-1
260,273,1672.33,427.54,107.70,161.39,0.359,-1,-1,-1
260,938,1786.99,396.83,104.71,381.84,0.920,-1,-1,-1
260,939,622.09,457.83,23.58,57.86,0.465,-1,-1,-1
260,951,1045.96,459.33,70.14,141.69,0.406,-1,-1,-1
260,754,1282.92,434.28,48.39,116.77,0.628,-1,-1,-1
260,970,556.52,453.80,23.48,64.18,0.374,-1,-1,-1
260,765,371.29,444.50,37.18,64.47,0.260,-1,-1,-1
261,3,924.14,396.23,209.88,647.48,0.901,-1,-1,-1
261,19,1269.25,427.01,174.35,388.91,0.886,-1,-1,-1
261,501,400.42,463.45,45.46,111.63,0.663,-1,-1,-1
261,713,663.78,457.71,71.35,178.29,0.844,-1,-1,-1
261,474,505.81,452.59,40.26,108.36,0.683,-1,-1,-1
261,825,573.49,455.59,26.31,64.33,0.440,-1,-1,-1
261,874,725.20,475.22,57.90,122.26,0.697,-1,-1,-1
261,884,807.53,429.88,138.69,488.01,0.839,-1,-1,-1
261,295,463.35,456.91,39.49,104.57,0.468,-1,-1,-1
261,920,1105.55,444.89,50.63,111.04,0.544,-1,-1,-1
261,864,596.43,458.04,23.74,59.24,0.280,-1,-1,-1
261,273,1671.18,426.02,108.45,162.75,0.356,-1,-1,-1
261,938,1766.40,394.12,112.93,384.03,0.927,-1,-1,-1
261,939,622.25,457.78,23.76,58.38,0.431,-1,-1,-1
261,951,1045.48,453.37,73.43,148.20,0.526,-1,-1,-1
261,754,1284.28,434.25,49.62,116.97,0.583,-1,-1,-1
261,970,557.31,454.56,23.45,64.04,0.375,-1,-1,-1
261,765,371.12,444.71,36.13,63.27,0.304,-1,-1,-1
261,439,1668.27,417.82,114.86,216.78,0.270,-1,-1,-1
262,3,924.88,396.68,206.82,646.69,0.890,-1,-1,-1
262,19,1281.11,426.08,171.57,389.77,0.891,-1,-1,-1
262,501,398.73,463.67,45.66,110.83,0.612,-1,-1,-1
262,713,665.34,459.33,70.83,176.41,0.827,-1,-1,-1
262,474,505.79,454.00,40.04,107.01,0.693,-1,-1,-1
262,825,574.30,455.96,26.12,63.92,0.450,-1,-1,-1
262,874,725.84,475.56,57.39,121.82,0.657,-1,-1,-1
262,884,808.47,430.44,138.46,491.13,0.828,-1,-1,-1
262,295,462.32,454.65,40.01,106.75,0.480,-1,-1,-1
262,920,1104.89,441.33,53.14,116.64,0.553,-1,-1,-1
262,864,596.36,458.11,23.48,58.29,0.285,-1,-1,-1
262,273,1669.25,425.28,108.24,163.19,0.284,-1,-1,-1
262,938,1746.11,398.35,121.28,379.61,0.940,-1,-1,-1
262,939,622.04,457.74,23.74,58.43,0.407,-1,-1,-1
262,951,1043.72,437.63,80.41,163.60,0.509,-1,-1,-1
262,754,1287.67,434.03,49.29,116.89,0.484,-1,-1,-1
262,970,555.65,453.89,23.63,64.44,0.370,-1,-1,-1
263,3,926.20,396.57,203.82,646.74,0.906,-1,-1,-1
263,19,1291.19,424.05,168.55,391.79,0.876,-1,-1,-1
263,501,398.01,463.83,45.95,109.96,0.637,-1,-1,-1
263,713,665.71,457.85,71.18,177.89,0.805,-1,-1,-1
263,474,505.42,454.54,40.23,106.52,0.722,-1,-1,-1
263,825,574.10,455.95,26.03,63.76,0.475,-1,-1,-1
263,874,726.76,475.20,56.48,120.42,0.659,-1,-1,-1
263,884,812.85,431.03,137.52,491.75,0.828,-1,-1,-1
263,295,461.53,454.99,39.88,106.37,0.462,-1,-1,-1
263,920,1104.24,440.82,53.05,117.14,0.515,-1,-1,-1
263,864,597.86,458.29,23.17,57.31,0.270,-1,-1,-1
263,938,1731.49,406.86,129.18,370.27,0.949,-1,-1,-1
263,939,624.85,457.15,23.76,58.72,0.354,-1,-1,-1
263,951,1044.33,431.14,83.00,169.83,0.498,-1,-1,-1
263,754,1291.65,439.29,46.95,111.25,0.521,-1,-1,-1
263,970,553.96,453.61,23.55,64.13,0.337,-1,-1,-1
263,2,1045.70,418.88,131.54,450.23,0.343,-1,-1,-1
264,3,928.88,396.20,200.94,647.00,0.903,-1,-1,-1
264,19,1302.56,425.19,164.90,392.30,0.871,-1,-1,-1
264,501,398.72,463.07,45.73,108.00,0.551,-1,-1,-1
264,713,667.86,457.28,71.55,179.87,0.818,-1,-1,-1
264,474,505.05,453.98,40.67,107.02,0.704,-1,-1,-1
264,825,575.37,456.56,25.70,63.02,0.443,-1,-1,-1
264,874,727.16,475.83,55.57,118.58,0.659,-1,-1,-1
264,884,809.79,430.98,138.71,492.17,0.810,-1,-1,-1
264,295,460.80,453.68,40.26,107.46,0.525,-1,-1,-1
264,920,1106.52,440.55,51.54,115.00,0.466,-1,-1,-1
264,864,599.23,458.81,23.14,57.08,0.288,-1,-1,-1
264,938,1720.50,411.62,137.87,364.86,0.948,-1,-1,-1
264,939,626.15,457.49,23.41,58.17,0.346,-1,-1,-1
264,951,1049.03,437.66,79.51,162.41,0.434,-1,-1,-1
264,754,1294.51,439.28,46.00,110.51,0.450,-1,-1,-1
264,970,555.36,453.79,23.64,64.27,0.356,-1,-1,-1
264,2,1043.38,418.22,137.41,451.82,0.340,-1,-1,-1
264,352,1833.38,443.84,82.78,211.57,0.327,-1,-1,-1
264,765,369.87,444.81,36.22,63.63,0.262,-1,-1,-1
265,3,931.58,396.55,197.95,646.51,0.888,-1,-1,-1
265,19,1315.19,426.23,161.00,393.69,0.869,-1,-1,-1
265,501,397.31,462.31,47.11,109.98,0.648,-1,-1,-1
265,713,669.39,455.59,72.18,182.43,0.809,-1,-1,-1
265,474,505.24,455.04,40.46,105.90,0.716,-1,-1,-1
265,825,575.76,456.24,25.77,63.35,0.485,-1,-1,-1
265,874,728.64,476.69,55.04,117.89,0.588,-1,-1,-1
265,884,814.13,430.55,139.30,492.79,0.821,-1,-1,-1
265,295,460.34,454.32,39.71,106.33,0.520,-1,-1,-1
265,920,1109.55,442.40,49.27,111.41,0.493,-1,-1,-1
265,864,600.82,458.64,23.13,56.96,0.279,-1,-1,-1
265,938,1709.22,415.56,146.17,360.43,0.942,-1,-1,-1
265,939,627.99,456.77,23.66,59.07,0.402,-1,-1,-1
265,951,1048.71,430.96,82.23,168.13,0.506,-1,-1,-1
265,754,1297.25,435.33,47.19,114.48,0.497,-1,-1,-1
265,970,555.06,453.18,23.87,64.86,0.371,-1,-1,-1
265,2,1048.53,420.01,139.74,449.41,0.330,-1,-1,-1
265,352,1833.40,451.95,79.54,202.83,0.273,-1,-1,-1
266,3,934.65,397.39,195.38,646.09,0.878,-1,-1,-1
266,19,1325.23,428.22,158.12,397.64,0.867,-1,-1,-1
266,501,396.55,462.15,48.28,111.59,0.665,-1,-1,-1
266,713,670.37,454.14,72.52,184.09,0.819,-1,-1,-1
266,474,505.71,455.60,40.45,105.35,0.735,-1,-1,-1
266,825,575.37,456.37,25.57,62.90,0.510,-1,-1,-1
266,874,730.76,476.70,53.69,115.98,0.557,-1,-1,-1
266,884,819.18,430.24,139.40,493.02,0.835,-1,-1,-1
266,295,460.21,456.21,39.18,104.74,0.515,-1,-1,-1
266,920,1112.85,444.74,46.95,107.12,0.539,-1,-1,-1
266,938,1697.73,417.91,153.33,357.29,0.936,-1,-1,-1
266,939,629.35,456.81,23.57,59.16,0.420,-1,-1,-1
266,951,1051.79,433.22,81.90,166.75,0.609,-1,-1,-1
266,754,1299.54,432.43,47.81,117.32,0.416,-1,-1,-1
266,970,555.42,454.29,23.37,63.42,0.354,-1,-1,-1
266,2,1049.00,426.00,139.63,443.70,0.301,-1,-1,-1
266,352,1832.84,450.67,79.55,203.90,0.377,-1,-1,-1
267,3,937.78,397.97,193.05,645.29,0.873,-1,-1,-1
267,19,1334.83,434.55,153.49,394.57,0.874,-1,-1,-1
267,501,396.03,462.31,48.71,111.56,0.689,-1,-1,-1
267,713,670.19,452.98,72.95,185.77,0.828,-1,-1,-1
267,474,505.30,456.05,40.67,105.10,0.714,-1,-1,-1
267,825,573.65,456.20,25.57,62.78,0.495,-1,-1,-1
267,874,732.17,476.48,52.46,114.30,0.511,-1,-1,-1
267,884,816.25,429.36,139.60,493.73,0.823,-1,-1,-1
267,295,460.78,460.52,38.02,100.77,0.512,-1,-1,-1
267,920,1114.71,444.83,46.09,106.41,0.578,-1,-1,-1
267,938,1688.22,419.60,156.74,349.65,0.928,-1,-1,-1
267,939,629.55,457.33,23.33,58.86,0.403,-1,-1,-1
267,951,1053.16,433.45,83.16,168.54,0.479,-1,-1,-1
267,754,1300.26,431.37,47.77,118.57,0.439,-1,-1,-1
267,970,555.75,454.98,23.04,62.48,0.337,-1,-1,-1
267,2,1044.68,429.13,138.10,441.31,0.369,-1,-1,-1
267,352,1832.94,452.94,78.82,202.23,0.438,-1,-1,-1
268,3,939.27,398.39,190.70,644.39,0.863,-1,-1,-1
268,19,1346.77,437.56,152.51,395.29,0.895,-1,-1,-1
268,501,394.46,461.50,49.67,112.78,0.644,-1,-1,-1
268,713,671.77,453.01,71.53,181.33,0.800,-1,-1,-1
268,474,504.99,455.21,41.15,106.05,0.667,-1,-1,-1
268,825,575.20,456.38,25.60,62.76,0.487,-1,-1,-1
268,874,733.31,476.45,51.72,113.27,0.570,-1,-1,-1
268,884,808.20,428.91,140.98,494.14,0.836,-1,-1,-1
268,295,460.35,467.39,36.32,94.75,0.520,-1,-1,-1
268,920,1116.78,442.71,46.32,108.73,0.589,-1,-1,-1
268,938,1674.35,419.26,156.69,340.53,0.927,-1,-1,-1
268,939,630.57,456.71,23.96,60.09,0.417,-1,-1,-1
268,951,1054.06,429.91,86.03,172.99,0.491,-1,-1,-1
268,754,1301.24,430.56,47.20,119.02,0.483,-1,-1,-1
268,970,557.21,455.43,22.86,61.80,0.343,-1,-1,-1
268,2,1038.61,424.94,139.15,446.18,0.427,-1,-1,-1
268,352,1835.24,456.27,77.34,199.61,0.362,-1,-1,-1
269,3,940.17,398.02,188.50,644.74,0.889,-1,-1,-1
269,19,1359.06,435.72,154.46,398.74,0.910,-1,-1,-1
269,501,393.36,461.62,49.71,112.52,0.724,-1,-1,-1
269,713,677.05,453.00,65.40,159.81,0.725,-1,-1,-1
269,474,505.24,455.29,41.22,106.04,0.712,-1,-1,-1
269,825,575.09,456.18,25.74,63.02,0.480,-1,-1,-1
269,874,733.32,473.83,52.85,116.75,0.364,-1,-1,-1
269,884,807.51,428.00,142.72,495.16,0.833,-1,-1,-1
269,295,459.23,467.05,36.75,95.05,0.530,-1,-1,-1
269,920,1118.58,441.25,46.60,111.02,0.576,-1,-1,-1
269,938,1661.04,416.84,157.19,338.75,0.924,-1,-1,-1
269,939,631.44,456.21,24.35,60.64,0.446,-1,-1,-1
269,951,1058.95,437.04,83.43,166.18,0.492,-1,-1,-1
269,754,1302.51,430.53,46.37,118.97,0.365,-1,-1,-1
269,970,557.39,455.52,22.86,61.56,0.344,-1,-1,-1
269,2,1045.85,426.78,139.14,441.08,0.304,-1,-1,-1
269,352,1835.85,456.02,77.09,199.73,0.360,-1,-1,-1
269,993,1159.53,439.16,25.12,88.00,0.320,-1,-1,-1
270,3,941.69,397.84,186.63,645.25,0.870,-1,-1,-1
270,19,1370.31,438.16,156.84,397.76,0.919,-1,-1,-1
270,501,392.96,461.89,49.97,112.67,0.694,-1,-1,-1
270,713,675.96,451.46,64.50,154.28,0.767,-1,-1,-1
270,474,505.05,455.17,41.40,106.22,0.716,-1,-1,-1
270,825,575.90,455.93,25.87,63.34,0.478,-1,-1,-1
270,874,733.21,473.10,52.11,116.10,0.432,-1,-1,-1
270,884,806.45,427.55,145.31,495.65,0.840,-1,-1,-1
270,295,458.38,467.64,36.79,94.33,0.543,-1,-1,-1
270,920,1119.95,439.88,46.37,112.71,0.539,-1,-1,-1
270,938,1647.59,414.35,155.96,339.50,0.920,-1,-1,-1
270,939,632.14,455.33,25.02,61.64,0.434,-1,-1,-1
270,951,1058.19,428.07,88.17,174.47,0.518,-1,-1,-1
270,754,1304.28,430.17,46.20,119.73,0.383,-1,-1,-1
270,970,557.63,455.26,23.02,61.81,0.364,-1,-1,-1
270,2,1039.86,421.92,140.67,446.53,0.361,-1,-1,-1
270,352,1840.83,473.07,69.82,182.44,0.359,-1,-1,-1
270,993,1159.22,438.57,25.42,89.06,0.349,-1,-1,-1
271,3,943.11,399.10,184.29,644.22,0.880,-1,-1,-1
271,19,1378.30,438.43,161.03,399.06,0.935,-1,-1,-1
271,501,392.58,461.21,50.48,113.49,0.691,-1,-1,-1
271,713,678.98,451.36,63.85,150.79,0.728,-1,-1,-1
271,474,504.89,455.06,41.44,106.18,0.691,-1,-1,-1
271,825,576.14,455.89,25.95,63.62,0.463,-1,-1,-1
271,874,733.25,473.41,51.31,115.36,0.424,-1,-1,-1
271,884,805.77,427.20,147.22,496.15,0.830,-1,-1,-1
271,295,457.63,465.08,37.94,96.83,0.529,-1,-1,-1
271,920,1121.69,439.15,45.69,113.15,0.498,-1,-1,-1
271,938,1635.77,411.65,152.78,340.89,0.895,-1,-1,-1
271,939,632.33,454.90,25.30,62.06,0.429,-1,-1,-1
271,951,1060.06,426.92,90.15,177.42,0.437,-1,-1,-1
271,754,1306.50,429.99,46.38,120.25,0.451,-1,-1,-1
271,970,558.10,455.06,23.14,61.92,0.371,-1,-1,-1
271,2,1041.94,422.44,139.73,446.46,0.452,-1,-1,-1
271,352,1839.01,460.83,73.94,194.72,0.428,-1,-1,-1
271,993,1159.11,438.11,25.55,89.42,0.364,-1,-1,-1
272,3,948.16,398.95,183.16,644.13,0.868,-1,-1,-1
272,19,1382.40,438.69,165.64,401.04,0.938,-1,-1,-1
272,501,392.44,461.15,50.73,113.78,0.686,-1,-1,-1
272,713,682.21,451.65,65.28,152.43,0.692,-1,-1,-1
272,474,504.41,455.17,41.50,106.06,0.687,-1,-1,-1
272,825,575.17,456.71,25.56,62.65,0.435,-1,-1,-1
272,874,733.00,471.41,52.15,119.23,0.427,-1,-1,-1
272,884,810.52,427.01,148.43,496.24,0.820,-1,-1,-1
272,295,457.02,462.41,38.77,98.96,0.505,-1,-1,-1
272,920,1123.21,437.58,45.32,114.30,0.445,-1,-1,-1
272,938,1617.56,409.10,148.51,343.04,0.837,-1,-1,-1
272,939,635.78,455.72,25.12,61.29,0.381,-1,-1,-1
272,951,1062.16,422.78,92.66,181.72,0.528,-1,-1,-1
272,754,1307.99,431.55,45.95,118.50,0.340,-1,-1,-1
272,970,558.28,455.62,23.22,61.83,0.368,-1,-1,-1
272,2,1043.24,418.80,138.53,447.09,0.324,-1,-1,-1
272,352,1837.09,452.78,76.93,203.32,0.399,-1,-1,-1
272,993,1159.28,437.91,25.35,88.62,0.351,-1,-1,-1
272,1003,1836.62,411.53,81.07,245.04,0.371,-1,-1,-1
273,3,951.56,398.17,182.17,644.85,0.861,-1,-1,-1
273,19,1382.76,439.27,170.99,405.13,0.936,-1,-1,-1
273,501,391.79,460.89,50.88,114.09,0.726,-1,-1,-1
273,713,678.17,451.76,74.43,176.14,0.799,-1,-1,-1
273,474,504.22,455.39,41.34,105.72,0.663,-1,-1,-1
273,825,575.79,457.60,25.10,61.47,0.381,-1,-1,-1
273,874,733.27,472.09,52.79,123.28,0.459,-1,-1,-1
273,884,818.97,426.55,148.73,496.48,0.833,-1,-1,-1
273,295,456.44,461.06,38.98,99.51,0.453,-1,-1,-1
273,920,1125.31,436.50,44.88,114.67,0.425,-1,-1,-1
273,938,1605.45,407.93,143.89,344.52,0.835,-1,-1,-1
273,939,636.61,456.41,25.11,60.92,0.381,-1,-1,-1
273,951,1064.35,422.45,92.87,181.58,0.502,-1,-1,-1
273,754,1311.20,434.30,45.13,115.33,0.324,-1,-1,-1
273,970,557.74,455.79,23.12,61.22,0.338,-1,-1,-1
273,2,1045.24,418.57,138.98,447.37,0.357,-1,-1,-1
273,352,1836.41,451.16,77.22,204.81,0.398,-1,-1,-1
273,993,1159.58,437.85,25.33,88.46,0.314,-1,-1,-1
273,1003,1836.84,409.25,81.70,247.13,0.331,-1,-1,-1
273,1007,1045.15,418.74,165.72,440.59,0.369,-1,-1,-1
273,910,612.08,457.80,21.26,56.31,0.271,-1,-1,-1
274,3,956.99,397.48,182.28,645.45,0.851,-1,-1,-1
274,19,1383.86,440.02,176.38,409.27,0.936,-1,-1,-1
274,501,391.20,460.34,51.32,114.93,0.747,-1,-1,-1
274,713,680.01,450.80,77.94,186.11,0.804,-1,-1,-1
274,474,505.36,455.19,41.46,105.85,0.676,-1,-1,-1
274,825,577.13,457.97,24.88,60.91,0.355,-1,-1,-1
274,874,734.74,471.46,52.20,124.60,0.382,-1,-1,-1
274,884,823.33,426.12,149.27,496.82,0.854,-1,-1,-1
274,295,455.88,463.10,38.40,97.76,0.455,-1,-1,-1
274,920,1126.27,436.49,44.10,114.19,0.364,-1,-1,-1
274,938,1592.56,408.20,140.87,343.91,0.863,-1,-1,-1
274,939,637.42,457.22,24.57,59.68,0.336,-1,-1,-1
274,951,1065.98,421.15,93.80,182.88,0.534,-1,-1,-1
274,754,1314.18,441.21,43.57,108.41,0.391,-1,-1,-1
274,970,557.75,456.07,23.12,60.84,0.309,-1,-1,-1
274,2,1050.86,416.75,139.51,443.46,0.330,-1,-1,-1
274,352,1835.72,448.43,78.12,207.63,0.405,-1,-1,-1
274,993,1160.18,438.00,25.56,89.11,0.294,-1,-1,-1
274,1003,1834.10,394.46,85.90,262.71,0.282,-1,-1,-1
274,1007,1048.73,418.81,161.48,428.37,0.395,-1,-1,-1
274,1012,1148.94,435.31,32.13,114.96,0.338,-1,-1,-1
274,439,1684.28,424.12,106.96,211.63,0.329,-1,-1,-1
275,3,958.10,396.82,181.35,645.56,0.858,-1,-1,-1
275,19,1384.86,438.74,180.21,412.74,0.932,-1,-1,-1
275,501,391.05,460.29,51.49,115.11,0.778,-1,-1,-1
275,713,685.78,449.57,79.27,189.88,0.797,-1,-1,-1
275,474,505.30,455.56,41.66,105.77,0.701,-1,-1,-1
275,825,578.54,457.96,24.85,60.61,0.361,-1,-1,-1
275,874,738.23,471.38,50.28,123.44,0.343,-1,-1,-1
275,884,823.32,426.02,149.59,496.59,0.852,-1,-1,-1
275,295,456.26,462.95,38.55,98.08,0.500,-1,-1,-1
275,920,1127.70,437.74,42.32,110.43,0.274,-1,-1,-1
275,938,1579.32,410.38,139.96,341.84,0.913,-1,-1,-1
275,939,639.76,457.69,24.58,59.57,0.345,-1,-1,-1
275,951,1067.43,420.86,94.62,184.18,0.564,-1,-1,-1
275,754,1314.31,440.23,45.49,109.60,0.426,-1,-1,-1
275,970,557.59,455.85,23.28,60.86,0.333,-1,-1,-1
275,352,1836.00,448.82,77.59,207.10,0.413,-1,-1,-1
275,1007,1051.16,417.42,158.02,418.88,0.355,-1,-1,-1
275,439,1683.11,428.39,102.89,206.47,0.291,-1,-1,-1
276,3,958.68,395.83,180.61,646.35,0.865,-1,-1,-1
276,19,1386.23,433.94,183.80,418.26,0.923,-1,-1,-1
276,501,390.28,459.34,52.19,116.54,0.768,-1,-1,-1
276,713,693.89,449.75,78.88,190.75,0.821,-1,-1,-1
276,474,504.66,455.85,41.68,105.46,0.694,-1,-1,-1
276,825,578.64,457.12,25.25,61.57,0.377,-1,-1,-1
276,884,819.83,425.98,149.87,496.68,0.859,-1,-1,-1
276,295,456.09,463.18,38.35,97.56,0.528,-1,-1,-1
276,938,1567.62,412.02,140.98,340.78,0.922,-1,-1,-1
276,939,641.23,457.59,24.62,59.54,0.404,-1,-1,-1
276,951,1069.65,420.44,94.20,183.32,0.577,-1,-1,-1
276,754,1313.29,441.50,45.70,107.85,0.446,-1,-1,-1
276,970,557.04,455.43,23.58,61.47,0.344,-1,-1,-1
276,352,1836.47,448.05,77.55,207.89,0.389,-1,-1,-1
276,1007,1053.00,414.98,158.56,419.32,0.304,-1,-1,-1
276,439,1681.35,427.88,102.36,206.56,0.316,-1,-1,-1
276,1023,1330.64,445.73,36.46,103.23,0.355,-1,-1,-1
276,927,1404.96,450.21,49.15,188.73,0.350,-1,-1,-1
276,2,1055.16,415.23,136.07,433.19,0.308,-1,-1,-1
276,1003,1832.59,388.61,87.41,267.34,0.327,-1,-1,-1
277,3,960.37,395.81,179.50,646.38,0.863,-1,-1,-1
277,19,1389.98,428.85,186.06,423.65,0.905,-1,-1,-1
277,501,389.44,459.31,52.34,116.60,0.760,-1,-1,-1
277,713,698.68,449.07,79.10,192.14,0.807,-1,-1,-1
277,474,504.40,455.87,41.58,105.37,0.688,-1,-1,-1
277,825,577.78,456.58,25.52,62.31,0.372,-1,-1,-1
277,884,816.70,425.64,150.31,496.84,0.874,-1,-1,-1
277,295,456.22,462.54,37.31,94.84,0.394,-1,-1,-1
277,938,1556.16,414.62,143.32,337.75,0.926,-1,-1,-1
277,939,641.90,458.27,24.41,59.10,0.367,-1,-1,-1
277,951,1071.60,419.79,94.02,183.49,0.559,-1,-1,-1
277,754,1314.26,442.60,45.92,106.72,0.391,-1,-1,-1
277,970,556.56,454.97,23.94,62.13,0.347,-1,-1,-1
277,352,1836.37,446.40,77.87,209.60,0.391,-1,-1,-1
277,1007,1057.05,416.22,158.42,417.92,0.288,-1,-1,-1
277,439,1679.98,428.44,101.83,205.42,0.322,-1,-1,-1
277,1023,1332.72,445.47,36.55,103.68,0.417,-1,-1,-1
277,927,1412.22,439.65,51.87,199.02,0.284,-1,-1,-1
277,2,1066.97,417.23,121.10,383.10,0.330,-1,-1,-1
277,273,1680.05,427.39,105.38,160.81,0.338,-1,-1,-1
277,1012,1149.11,436.46,27.04,95.39,0.289,-1,-1,-1
278,3,963.99,396.53,178.40,645.50,0.888,-1,-1,-1
278,19,1404.31,425.89,189.80,426.64,0.894,-1,-1,-1
278,501,388.87,459.18,52.31,116.58,0.752,-1,-1,-1
278,713,702.94,448.94,79.21,193.34,0.865,-1,-1,-1
278,474,504.19,455.98,41.25,104.93,0.686,-1,-1,-1
278,825,576.95,456.55,25.20,61.79,0.337,-1,-1,-1
278,884,817.73,425.10,149.73,497.10,0.868,-1,-1,-1
278,295,455.43,461.73,37.67,96.31,0.429,-1,-1,-1
278,938,1551.50,417.53,145.17,334.00,0.928,-1,-1,-1
278,939,643.50,459.00,24.25,58.57,0.356,-1,-1,-1
278,951,1073.95,420.69,93.97,184.31,0.667,-1,-1,-1
278,970,556.37,454.59,24.32,62.82,0.373,-1,-1,-1
278,352,1837.42,451.32,75.89,204.80,0.411,-1,-1,-1
278,439,1679.35,429.21,101.50,205.15,0.276,-1,-1,-1
278,1023,1334.41,445.17,36.61,104.41,0.504,-1,-1,-1
278,1031,1298.92,429.87,37.73,116.01,0.436,-1,-1,-1
278,273,1682.93,426.63,103.07,160.01,0.329,-1,-1,-1
278,1012,1150.41,437.31,26.71,92.55,0.369,-1,-1,-1
279,3,966.57,397.41,176.84,644.70,0.867,-1,-1,-1
279,19,1415.20,424.15,188.89,428.40,0.858,-1,-1,-1
279,501,386.94,458.78,52.53,117.25,0.776,-1,-1,-1
279,713,706.85,449.96,79.03,192.80,0.854,-1,-1,-1
279,474,503.48,455.49,41.32,105.35,0.685,-1,-1,-1
279,825,576.55,456.42,25.19,62.14,0.380,-1,-1,-1
279,884,816.23,424.40,149.82,497.27,0.871,-1,-1,-1
279,295,454.09,459.75,37.41,96.65,0.406,-1,-1,-1
279,938,1548.84,419.99,146.47,330.52,0.924,-1,-1,-1
279,939,643.53,458.88,24.18,58.64,0.312,-1,-1,-1
279,951,1075.03,419.78,94.18,185.76,0.700,-1,-1,-1
279,970,556.91,455.00,24.12,62.03,0.348,-1,-1,-1
279,352,1840.64,467.44,69.87,188.15,0.318,-1,-1,-1
279,439,1678.42,426.12,102.57,208.03,0.273,-1,-1,-1
279,1023,1334.51,444.47,36.37,104.48,0.514,-1,-1,-1
279,1031,1298.59,430.04,37.11,114.20,0.367,-1,-1,-1
279,273,1682.73,427.16,101.63,159.07,0.291,-1,-1,-1
279,1012,1151.07,437.40,26.75,90.59,0.380,-1,-1,-1
280,3,969.24,398.74,175.71,643.19,0.879,-1,-1,-1
280,19,1425.03,424.25,183.44,428.49,0.865,-1,-1,-1
280,501,386.30,458.72,52.53,117.37,0.752,-1,-1,-1
280,713,709.11,451.20,79.01,191.78,0.859,-1,-1,-1
280,474,503.22,455.06,41.27,105.67,0.655,-1,-1,-1
280,825,576.24,456.81,25.01,61.80,0.398,-1,-1,-1
280,884,817.77,423.95,149.79,497.49,0.882,-1,-1,-1
280,295,453.47,456.79,37.91,99.11,0.373,-1,-1,-1
280,938,1550.03,420.70,146.19,328.94,0.903,-1,-1,-1
280,939,644.48,459.05,24.10,58.69,0.307,-1,-1,-1
280,951,1076.39,419.29,93.90,186.38,0.678,-1,-1,-1
280,970,557.08,455.23,24.12,61.65,0.365,-1,-1,-1
280,352,1838.56,460.55,72.48,195.34,0.299,-1,-1,-1
280,439,1677.68,426.99,102.40,206.70,0.365,-1,-1,-1
280,1023,1336.18,444.34,35.98,104.16,0.549,-1,-1,-1
280,1031,1298.59,429.95,37.12,114.28,0.383,-1,-1,-1
280,273,1681.89,428.20,100.53,157.54,0.277,-1,-1,-1
280,1012,1151.63,437.96,27.13,89.15,0.364,-1,-1,-1
280,1039,667.81,483.05,52.00,114.27,0.406,-1,-1,-1
280,1040,1434.86,420.53,101.25,219.66,0.472,-1,-1,-1
280,1003,1835.82,397.39,84.18,257.89,0.283,-1,-1,-1
281,3,971.13,400.21,173.97,641.90,0.887,-1,-1,-1
281,19,1434.80,423.73,178.49,429.07,0.868,-1,-1,-1
281,501,385.68,459.25,52.43,116.88,0.758,-1,-1,-1
281,713,712.93,453.57,79.22,190.19,0.846,-1,-1,-1
281,474,503.15,455.10,41.14,105.65,0.668,-1,-1,-1
281,825,577.41,457.25,24.82,61.38,0.448,-1,-1,-1
281,884,821.59,423.45,150.32,497.77,0.876,-1,-1,-1
281,295,452.81,456.99,37.47,98.74,0.422,-1,-1,-1
281,938,1548.15,421.76,144.29,325.59,0.902,-1,-1,-1
281,939,645.88,459.37,24.07,58.74,0.305,-1,-1,-1
281,951,1078.80,418.60,94.10,188.38,0.610,-1,-1,-1
281,970,556.68,455.81,23.87,60.86,0.351,-1,-1,-1
281,352,1837.61,461.17,72.59,194.39,0.336,-1,-1,-1
281,439,1676.28,427.05,103.18,206.76,0.349,-1,-1,-1
281,1023,1339.21,444.79,35.57,103.77,0.542,-1,-1,-1
281,1031,1300.08,430.22,36.81,113.38,0.334,-1,-1,-1
281,273,1679.58,428.69,101.37,158.07,0.337,-1,-1,-1
281,1039,668.55,480.28,51.88,113.97,0.424,-1,-1,-1
281,1040,1440.66,418.53,101.73,220.57,0.481,-1,-1,-1
281,1003,1837.20,409.37,80.65,245.90,0.282,-1,-1,-1
282,3,973.00,399.71,172.98,642.46,0.894,-1,-1,-1
282,19,1442.25,420.24,174.73,432.50,0.862,-1,-1,-1
282,501,383.80,459.59,52.01,116.67,0.724,-1,-1,-1
282,713,715.22,454.92,79.48,188.66,0.853,-1,-1,-1
282,474,503.73,454.32,41.28,106.71,0.658,-1,-1,-1
282,825,578.76,457.08,24.80,61.59,0.460,-1,-1,-1
282,884,824.75,423.28,151.28,498.32,0.878,-1,-1,-1
282,938,1542.01,421.60,140.87,321.40,0.862,-1,-1,-1
282,939,647.84,459.30,24.30,59.61,0.296,-1,-1,-1
282,951,1081.14,418.99,93.38,188.37,0.648,-1,-1,-1
282,970,557.35,456.27,23.60,60.11,0.319,-1,-1,-1
282,352,1838.31,464.66,71.59,190.78,0.295,-1,-1,-1
282,439,1675.50,426.01,103.97,207.49,0.335,-1,-1,-1
282,1023,1340.96,443.65,35.58,104.61,0.583,-1,-1,-1
282,1031,1300.90,429.57,37.27,114.60,0.353,-1,-1,-1
282,1039,669.17,479.67,52.49,115.34,0.410,-1,-1,-1
282,1040,1449.63,416.90,103.22,223.40,0.360,-1,-1,-1
282,1049,539.92,455.74,23.85,60.43,0.326,-1,-1,-1
283,3,974.14,399.23,171.81,642.94,0.882,-1,-1,-1
283,19,1451.77,418.31,171.32,434.45,0.853,-1,-1,-1
283,501,382.97,459.48,51.59,116.79,0.715,-1,-1,-1
283,713,717.00,454.41,80.59,189.40,0.885,-1,-1,-1
283,474,503.99,454.07,41.22,107.18,0.642,-1,-1,-1
283,825,579.28,456.98,24.91,61.97,0.484,-1,-1,-1
283,884,826.35,423.36,153.37,497.85,0.897,-1,-1,-1
283,938,1533.15,417.99,134.38,313.41,0.472,-1,-1,-1
283,939,649.21,458.98,24.40,60.11,0.313,-1,-1,-1
283,951,1082.29,419.07,92.64,188.48,0.611,-1,-1,-1
283,970,558.07,456.52,23.52,59.93,0.336,-1,-1,-1
283,352,1838.90,469.76,69.91,185.74,0.314,-1,-1,-1
283,439,1677.47,427.87,102.78,205.25,0.300,-1,-1,-1
283,1023,1342.48,443.22,35.58,105.27,0.604,-1,-1,-1
283,1031,1301.07,429.78,37.44,114.70,0.314,-1,-1,-1
283,1039,670.43,479.60,52.38,115.01,0.396,-1,-1,-1
283,1040,1456.41,416.12,102.71,221.85,0.384,-1,-1,-1
283,1049,539.77,455.39,23.96,60.72,0.327,-1,-1,-1
283,920,1145.71,440.83,40.27,104.87,0.325,-1,-1,-1
283,295,450.80,454.99,38.02,101.83,0.402,-1,-1,-1
283,273,1685.11,428.00,99.49,157.01,0.309,-1,-1,-1
284,3,974.61,399.66,170.78,642.71,0.870,-1,-1,-1
284,19,1467.24,424.43,166.74,427.56,0.876,-1,-1,-1
284,501,382.60,459.62,51.16,116.74,0.717,-1,-1,-1
284,713,718.33,453.32,81.76,190.19,0.880,-1,-1,-1
284,474,504.24,454.21,40.81,106.52,0.593,-1,-1,-1
284,825,579.89,456.91,24.78,61.89,0.485,-1,-1,-1
284,884,828.78,423.31,156.74,497.87,0.909,-1,-1,-1
284,951,1084.30,424.32,89.30,183.19,0.542,-1,-1,-1
284,970,558.69,456.43,23.36,59.73,0.306,-1,-1,-1
284,352,1837.39,469.48,70.40,185.70,0.297,-1,-1,-1
284,439,1678.20,427.68,102.91,205.22,0.296,-1,-1,-1
284,1023,1343.91,443.48,35.42,105.40,0.656,-1,-1,-1
284,1031,1301.26,429.70,37.78,115.06,0.360,-1,-1,-1
284,1039,672.93,482.69,48.98,106.91,0.374,-1,-1,-1
284,1040,1459.81,414.58,102.77,222.28,0.580,-1,-1,-1
284,1049,539.79,454.86,24.04,60.90,0.325,-1,-1,-1
284,920,1146.97,441.01,41.25,107.82,0.477,-1,-1,-1
284,273,1686.91,428.23,98.36,156.44,0.369,-1,-1,-1
285,3,977.09,400.33,169.87,642.45,0.850,-1,-1,-1
285,19,1476.63,426.83,163.26,424.52,0.896,-1,-1,-1
285,501,381.42,459.59,50.82,116.72,0.705,-1,-1,-1
285,713,718.67,451.47,83.11,192.65,0.875,-1,-1,-1
285,474,503.90,454.75,40.33,105.82,0.575,-1,-1,-1
285,825,580.90,457.18,24.80,61.91,0.479,-1,-1,-1
285,884,833.62,423.75,159.80,496.93,0.902,-1,-1,-1
285,951,1086.14,423.72,88.61,184.07,0.537,-1,-1,-1
285,970,558.86,456.93,23.16,59.25,0.307,-1,-1,-1
285,352,1835.20,460.22,74.01,195.27,0.344,-1,-1,-1
285,439,1677.60,427.24,103.24,205.58,0.322,-1,-1,-1
285,1023,1345.92,442.90,35.59,106.19,0.670,-1,-1,-1
285,1031,1300.72,429.74,37.73,114.77,0.372,-1,-1,-1
285,1039,673.01,479.82,50.59,109.77,0.326,-1,-1,-1
285,1040,1462.83,413.69,102.60,223.10,0.507,-1,-1,-1
285,1049,540.36,455.35,23.89,60.46,0.311,-1,-1,-1
285,920,1147.40,441.96,41.30,107.80,0.451,-1,-1,-1
285,273,1686.68,428.86,97.19,155.11,0.328,-1,-1,-1
285,1064,500.95,456.73,28.22,91.51,0.336,-1,-1,-1
285,295,449.98,453.55,37.60,102.45,0.414,-1,-1,-1
286,3,982.26,400.89,168.71,641.93,0.844,-1,-1,-1
286,19,1490.20,428.90,163.18,424.07,0.916,-1,-1,-1
286,501,380.04,459.29,50.48,116.74,0.710,-1,-1,-1
286,713,719.84,449.34,84.36,195.30,0.884,-1,-1,-1
286,474,503.66,454.10,40.40,106.58,0.581,-1,-1,-1
286,825,581.58,457.25,24.79,61.92,0.485,-1,-1,-1
286,884,838.31,423.96,162.78,496.73,0.902,-1,-1,-1
286,951,1087.69,423.20,88.06,185.55,0.504,-1,-1,-1
286,970,559.22,456.61,23.22,59.66,0.315,-1,-1,-1
286,352,1834.36,455.10,76.07,200.62,0.312,-1,-1,-1
286,439,1677.51,426.30,103.83,206.81,0.272,-1,-1,-1
286,1023,1348.93,441.99,36.06,107.41,0.630,-1,-1,-1
286,1031,1300.44,429.68,37.79,114.85,0.374,-1,-1,-1
286,1039,674.53,479.74,49.82,107.21,0.399,-1,-1,-1
286,1040,1472.02,414.55,101.71,221.10,0.365,-1,-1,-1
286,1049,540.77,455.40,23.89,60.45,0.310,-1,-1,-1
286,920,1148.30,441.79,41.40,108.88,0.463,-1,-1,-1
286,273,1687.95,428.23,96.66,155.47,0.449,-1,-1,-1
286,1064,500.44,455.83,28.57,92.68,0.331,-1,-1,-1
286,1072,419.93,480.35,31.79,83.64,0.312,-1,-1,-1
286,295,450.32,451.87,37.69,104.32,0.498,-1,-1,-1
286,1003,1835.82,407.13,81.80,248.66,0.256,-1,-1,-1
287,3,984.04,401.01,168.11,641.98,0.831,-1,-1,-1
287,19,1504.39,429.64,166.22,424.04,0.912,-1,-1,-1
287,501,379.21,459.60,50.14,116.50,0.727,-1,-1,-1
287,713,721.17,447.71,85.22,197.57,0.885,-1,-1,-1
287,474,502.94,452.37,40.98,108.50,0.635,-1,-1,-1
287,825,581.87,457.04,24.79,61.73,0.460,-1,-1,-1
287,884,837.57,424.61,166.04,495.98,0.915,-1,-1,-1
287,951,1089.81,424.85,85.90,183.28,0.407,-1,-1,-1
287,970,558.80,456.18,23.39,60.18,0.321,-1,-1,-1
287,352,1833.91,451.78,77.27,203.96,0.347,-1,-1,-1
287,1023,1349.88,442.06,35.94,107.06,0.595,-1,-1,-1
287,1031,1300.48,429.42,37.94,115.04,0.304,-1,-1,-1
287,1039,675.31,479.46,50.35,107.34,0.442,-1,-1,-1
287,1040,1477.99,414.06,101.94,221.69,0.417,-1,-1,-1
287,1049,540.37,455.20,24.01,60.83,0.305,-1,-1,-1
287,920,1148.51,443.48,40.75,107.36,0.453,-1,-1,-1
287,273,1685.78,427.90,97.19,156.18,0.404,-1,-1,-1
287,1072,419.99,480.01,31.89,83.83,0.326,-1,-1,-1
287,295,450.72,452.43,36.70,103.12,0.461,-1,-1,-1
288,3,987.16,400.20,168.29,642.69,0.823,-1,-1,-1
288,19,1516.60,429.76,171.99,426.31,0.918,-1,-1,-1
288,501,378.45,459.52,49.86,116.54,0.728,-1,-1,-1
288,713,722.64,446.36,85.94,199.82,0.888,-1,-1,-1
288,474,503.22,454.65,40.11,106.05,0.634,-1,-1,-1
288,825,581.75,457.52,24.61,61.07,0.443,-1,-1,-1
288,884,838.54,424.69,168.73,495.78,0.904,-1,-1,-1
288,951,1096.81,439.18,77.80,167.27,0.314,-1,-1,-1
288,970,558.35,456.15,23.58,60.71,0.326,-1,-1,-1
288,352,1832.90,451.39,77.42,203.85,0.326,-1,-1,-1
288,1023,1353.01,441.43,36.70,107.47,0.592,-1,-1,-1
288,1031,1301.35,429.60,38.16,115.02,0.290,-1,-1,-1
288,1039,674.01,477.72,51.59,108.64,0.518,-1,-1,-1
288,1040,1479.04,413.06,107.48,235.59,0.401,-1,-1,-1
288,1049,539.76,455.26,24.17,61.25,0.325,-1,-1,-1
288,920,1149.26,442.60,41.03,109.05,0.475,-1,-1,-1
288,273,1684.74,427.84,97.56,156.80,0.372,-1,-1,-1
288,1072,419.72,480.46,32.32,84.89,0.345,-1,-1,-1
288,295,450.80,453.49,36.06,102.45,0.502,-1,-1,-1
288,938,1458.67,415.73,149.25,364.31,0.555,-1,-1,-1
288,439,1675.85,426.97,104.16,206.94,0.289,-1,-1,-1
289,3,987.98,400.42,168.13,642.46,0.844,-1,-1,-1
289,19,1526.59,430.18,178.59,427.93,0.929,-1,-1,-1
289,501,378.84,459.05,50.05,116.97,0.733,-1,-1,-1
289,713,725.34,445.39,86.28,201.44,0.862,-1,-1,-1
289,474,503.26,454.00,40.43,106.81,0.637,-1,-1,-1
289,825,581.96,457.83,24.63,60.75,0.414,-1,-1,-1
289,884,839.71,424.37,171.02,496.41,0.900,-1,-1,-1
289,951,1102.11,446.01,72.63,158.22,0.367,-1,-1,-1
289,970,558.47,456.28,23.59,60.72,0.296,-1,-1,-1
289,352,1833.64,450.06,77.94,205.36,0.433,-1,-1,-1
289,1023,1355.19,442.37,37.53,106.62,0.576,-1,-1,-1
289,1031,1301.48,429.03,38.63,115.84,0.405,-1,-1,-1
289,1039,672.86,476.04,53.50,111.12,0.582,-1,-1,-1
289,1049,539.63,455.38,24.26,61.44,0.292,-1,-1,-1
289,920,1151.28,442.49,40.82,109.31,0.449,-1,-1,-1
289,273,1681.91,428.47,97.72,155.73,0.416,-1,-1,-1
289,1072,420.42,481.60,32.69,85.76,0.322,-1,-1,-1
289,295,450.43,452.75,35.74,102.71,0.439,-1,-1,-1
289,938,1447.66,417.69,129.73,327.99,0.651,-1,-1,-1
289,439,1675.19,427.26,104.26,205.55,0.476,-1,-1,-1
290,3,991.01,400.49,167.08,642.46,0.865,-1,-1,-1
290,19,1530.84,431.21,186.17,430.92,0.934,-1,-1,-1
290,501,378.44,458.87,49.77,117.00,0.738,-1,-1,-1
290,713,728.28,444.98,85.62,201.45,0.875,-1,-1,-1
290,474,503.38,453.32,40.62,107.44,0.699,-1,-1,-1
290,825,581.10,457.55,24.82,61.03,0.433,-1,-1,-1
290,884,840.19,424.29,172.47,496.50,0.907,-1,-1,-1
290,951,1104.46,445.17,68.70,150.07,0.272,-1,-1,-1
290,970,557.19,455.88,23.85,61.13,0.335,-1,-1,-1
290,352,1835.23,449.96,77.88,205.99,0.416,-1,-1,-1
290,1023,1357.90,442.47,38.62,106.32,0.581,-1,-1,-1
290,1031,1300.89,428.44,39.43,116.54,0.264,-1,-1,-1
290,1039,672.26,475.89,54.12,110.93,0.670,-1,-1,-1
290,1049,539.48,455.53,24.25,61.31,0.295,-1,-1,-1
290,920,1152.83,441.31,40.89,110.48,0.491,-1,-1,-1
290,273,1680.75,428.73,98.79,156.75,0.331,-1,-1,-1
290,1072,421.03,483.74,32.83,85.94,0.397,-1,-1,-1
290,295,450.44,454.11,35.01,101.74,0.356,-1,-1,-1
290,938,1439.77,419.99,122.43,305.75,0.693,-1,-1,-1
290,439,1676.25,428.05,104.50,205.71,0.280,-1,-1,-1
291,3,994.07,401.05,165.98,641.84,0.859,-1,-1,-1
291,19,1532.38,431.87,193.83,434.19,0.936,-1,-1,-1
291,501,378.56,459.09,49.52,116.63,0.721,-1,-1,-1
291,713,731.15,444.88,84.92,201.55,0.873,-1,-1,-1
291,474,503.45,453.28,40.68,107.28,0.673,-1,-1,-1
291,825,580.39,457.00,25.07,61.50,0.428,-1,-1,-1
291,884,840.04,424.65,173.46,496.10,0.915,-1,-1,-1
291,951,1105.40,446.34,67.42,147.56,0.255,-1,-1,-1
291,970,555.98,456.72,23.65,60.30,0.364,-1,-1,-1
291,352,1838.21,461.22,73.79,194.76,0.381,-1,-1,-1
291,1023,1359.00,443.56,39.72,105.59,0.602,-1,-1,-1
291,1031,1300.67,427.91,40.03,117.11,0.307,-1,-1,-1
291,1039,671.23,474.42,56.20,114.52,0.687,-1,-1,-1
291,1049,539.27,455.81,24.13,60.97,0.276,-1,-1,-1
291,920,1154.69,440.80,40.53,110.58,0.536,-1,-1,-1
291,273,1681.32,428.70,99.20,157.12,0.262,-1,-1,-1
291,1072,419.80,482.21,33.14,86.62,0.301,-1,-1,-1
291,938,1426.09,423.63,119.64,291.69,0.745,-1,-1,-1
291,439,1677.43,428.05,104.25,205.39,0.282,-1,-1,-1
291,1040,1457.67,421.19,150.65,344.35,0.549,-1,-1,-1
292,3,997.20,400.00,165.91,642.62,0.866,-1,-1,-1
292,19,1531.56,433.33,200.49,435.61,0.928,-1,-1,-1
292,501,378.18,459.16,49.32,116.29,0.716,-1,-1,-1
292,713,734.13,445.39,83.57,200.60,0.864,-1,-1,-1
292,474,503.10,452.77,41.00,107.69,0.656,-1,-1,-1
292,825,579.33,456.99,25.19,61.54,0.424,-1,-1,-1
292,884,841.05,424.89,174.03,495.95,0.916,-1,-1,-1
292,970,556.55,456.95,23.73,60.09,0.338,-1,-1,-1
292,352,1839.69,464.88,72.40,191.27,0.380,-1,-1,-1
292,1023,1359.53,443.58,40.91,105.63,0.531,-1,-1,-1
292,1031,1300.95,427.60,40.28,117.33,0.263,-1,-1,-1
292,1039,672.22,475.89,56.07,113.31,0.664,-1,-1,-1
292,1049,538.95,455.99,24.07,60.73,0.287,-1,-1,-1
292,920,1155.97,440.33,40.36,110.93,0.544,-1,-1,-1
292,1072,419.80,481.65,33.31,86.63,0.274,-1,-1,-1
292,938,1411.29,424.70,118.37,283.68,0.725,-1,-1,-1
292,439,1676.17,426.72,105.11,206.91,0.319,-1,-1,-1
292,1040,1467.94,418.03,157.47,366.72,0.543,-1,-1,-1
293,3,998.99,400.62,165.27,641.84,0.865,-1,-1,-1
293,19,1531.07,433.17,208.00,440.45,0.932,-1,-1,-1
293,501,377.78,460.01,48.69,115.26,0.689,-1,-1,-1
293,713,736.05,445.56,82.62,200.47,0.847,-1,-1,-1
293,474,502.25,451.42,41.61,109.23,0.667,-1,-1,-1
293,825,577.56,456.32,25.51,62.11,0.407,-1,-1,-1
293,884,842.25,424.63,174.52,496.40,0.918,-1,-1,-1
293,970,556.32,456.54,24.05,60.57,0.279,-1,-1,-1
293,352,1841.88,477.00,67.48,179.27,0.418,-1,-1,-1
293,1023,1359.63,443.78,41.90,105.24,0.437,-1,-1,-1
293,1031,1301.06,428.03,40.26,116.87,0.348,-1,-1,-1
293,1039,672.73,477.06,55.96,112.60,0.619,-1,-1,-1
293,1049,538.61,455.52,24.38,61.26,0.313,-1,-1,-1
293,920,1157.23,440.14,40.20,110.72,0.553,-1,-1,-1
293,938,1404.50,425.82,119.55,281.42,0.843,-1,-1,-1
293,439,1677.22,426.32,104.77,206.59,0.257,-1,-1,-1
293,1102,1517.91,420.00,98.64,227.56,0.345,-1,-1,-1
293,1003,1836.49,446.60,70.94,208.50,0.304,-1,-1,-1
293,295,450.55,451.73,35.97,103.85,0.272,-1,-1,-1
293,273,1682.06,427.98,99.35,157.23,0.307,-1,-1,-1
294,3,1001.66,400.34,165.11,641.93,0.874,-1,-1,-1
294,19,1529.28,432.00,214.24,444.80,0.932,-1,-1,-1
294,501,377.34,459.72,48.79,115.63,0.721,-1,-1,-1
294,713,738.36,445.93,82.33,200.16,0.835,-1,-1,-1
294,474,502.42,452.25,41.56,108.55,0.687,-1,-1,-1
294,825,576.95,456.02,25.74,62.63,0.458,-1,-1,-1
294,884,843.82,423.93,174.69,496.81,0.921,-1,-1,-1
294,970,555.49,456.38,24.25,60.84,0.364,-1,-1,-1
294,352,1843.37,485.88,63.68,170.04,0.460,-1,-1,-1
294,1023,1361.74,443.75,43.15,105.54,0.484,-1,-1,-1
294,1031,1300.91,427.77,40.29,116.97,0.281,-1,-1,-1
294,1039,674.56,477.24,56.40,113.30,0.676,-1,-1,-1
294,1049,538.24,455.64,24.34,61.29,0.279,-1,-1,-1
294,920,1158.65,440.43,39.73,110.11,0.546,-1,-1,-1
294,938,1403.11,425.98,121.50,280.41,0.902,-1,-1,-1
294,1102,1519.99,424.36,99.53,230.27,0.451,-1,-1,-1
294,1003,1839.42,451.94,70.23,204.11,0.324,-1,-1,-1
294,939,661.04,461.85,29.92,73.81,0.328,-1,-1,-1
294,951,1105.23,448.04,66.40,145.72,0.252,-1,-1,-1
294,1072,420.40,479.81,34.21,88.23,0.307,-1,-1,-1
295,3,1002.22,399.90,164.82,642.01,0.875,-1,-1,-1
295,19,1530.49,430.18,219.06,448.50,0.931,-1,-1,-1
295,501,377.15,459.66,48.70,115.81,0.678,-1,-1,-1
295,713,739.94,446.22,81.97,201.02,0.804,-1,-1,-1
295,474,501.75,452.52,41.67,108.17,0.672,-1,-1,-1
295,825,578.13,455.60,25.90,63.00,0.461,-1,-1,-1
295,884,844.83,422.72,175.14,498.45,0.919,-1,-1,-1
295,970,556.08,456.40,24.24,60.80,0.351,-1,-1,-1
295,352,1844.51,482.34,64.75,173.44,0.440,-1,-1,-1
295,1023,1362.59,443.48,44.23,106.33,0.562,-1,-1,-1
295,1031,1301.24,428.23,40.13,116.41,0.273,-1,-1,-1
295,1039,675.22,479.47,56.18,112.81,0.695,-1,-1,-1
295,1049,537.34,455.85,24.10,61.06,0.256,-1,-1,-1
295,920,1160.51,441.37,39.28,108.88,0.515,-1,-1,-1
295,938,1402.30,426.17,124.05,280.49,0.906,-1,-1,-1
295,1102,1525.18,436.39,93.82,217.98,0.600,-1,-1,-1
295,1003,1838.50,449.97,71.80,205.51,0.315,-1,-1,-1
295,939,660.30,463.08,29.55,73.69,0.292,-1,-1,-1
295,1072,420.49,480.33,34.69,88.56,0.308,-1,-1,-1
296,3,1002.14,399.93,164.13,640.60,0.875,-1,-1,-1
296,19,1533.47,428.64,222.21,450.99,0.922,-1,-1,-1
296,501,377.07,459.40,48.68,116.27,0.705,-1,-1,-1
296,713,741.26,446.21,81.77,202.17,0.796,-1,-1,-1
296,474,501.71,453.51,41.51,107.05,0.680,-1,-1,-1
296,825,577.67,455.15,25.85,62.91,0.420,-1,-1,-1
296,884,846.35,421.71,175.00,499.89,0.919,-1,-1,-1
296,970,556.42,455.87,24.44,61.31,0.337,-1,-1,-1
296,352,1844.54,479.46,65.62,176.22,0.452,-1,-1,-1
296,1023,1367.23,444.13,43.63,105.47,0.437,-1,-1,-1
296,1031,1300.99,428.20,40.09,116.51,0.340,-1,-1,-1
296,1039,674.52,477.77,57.10,115.09,0.674,-1,-1,-1
296,1049,537.61,455.84,23.96,61.07,0.253,-1,-1,-1
296,920,1161.51,441.04,39.59,108.95,0.565,-1,-1,-1
296,938,1402.74,426.31,126.64,281.11,0.918,-1,-1,-1
296,1102,1533.40,432.82,93.83,219.34,0.484,-1,-1,-1
296,1003,1837.48,449.88,72.66,205.07,0.312,-1,-1,-1
296,939,661.19,463.74,29.27,73.34,0.285,-1,-1,-1
296,1072,420.71,478.08,35.84,90.94,0.327,-1,-1,-1
297,3,1003.45,400.46,163.59,639.60,0.864,-1,-1,-1
297,19,1538.59,426.57,223.89,453.19,0.904,-1,-1,-1
297,501,377.32,459.67,48.37,116.04,0.672,-1,-1,-1
297,713,749.86,446.91,80.89,203.11,0.801,-1,-1,-1
297,474,501.28,451.77,42.30,108.96,0.621,-1,-1,-1
297,825,576.35,455.63,25.71,62.50,0.428,-1,-1,-1
297,884,848.94,421.23,174.25,500.70,0.914,-1,-1,-1
297,970,556.39,456.20,24.26,60.80,0.328,-1,-1,-1
297,352,1844.46,478.41,65.76,176.99,0.452,-1,-1,-1
297,1023,1371.34,444.35,43.54,105.20,0.375,-1,-1,-1
297,1031,1301.58,428.35,39.88,116.12,0.291,-1,-1,-1
297,1039,675.18,478.23,56.48,114.36,0.652,-1,-1,-1
297,920,1162.99,441.44,40.01,107.61,0.541,-1,-1,-1
297,938,1400.23,426.28,128.17,282.04,0.912,-1,-1,-1
297,1102,1544.36,432.54,92.75,218.45,0.545,-1,-1,-1
297,939,663.12,465.55,28.68,72.05,0.258,-1,-1,-1
297,1072,420.73,479.90,35.61,89.38,0.334,-1,-1,-1
297,1114,830.67,450.87,39.28,92.56,0.352,-1,-1,-1
297,1040,1492.28,433.13,152.62,362.70,0.374,-1,-1,-1
297,273,1689.37,427.33,96.89,155.44,0.287,-1,-1,-1
298,3,1004.44,400.71,163.18,638.48,0.861,-1,-1,-1
298,19,1540.48,427.46,224.55,452.30,0.860,-1,-1,-1
298,501,377.62,459.83,48.14,116.04,0.725,-1,-1,-1
298,713,753.66,448.08,79.64,202.35,0.792,-1,-1,-1
298,474,500.84,450.90,42.81,109.98,0.652,-1,-1,-1
298,825,576.01,455.80,25.87,62.59,0.445,-1,-1,-1
298,884,852.39,420.97,173.21,501.83,0.901,-1,-1,-1
298,970,556.10,456.39,24.17,60.42,0.324,-1,-1,-1
298,352,1844.54,478.15,65.58,177.26,0.427,-1,-1,-1
298,1023,1374.64,443.06,42.68,105.60,0.301,-1,-1,-1
298,1039,673.51,477.04,56.80,114.69,0.700,-1,-1,-1
298,920,1164.28,441.80,40.77,106.72,0.599,-1,-1,-1
298,938,1395.62,427.81,127.00,279.81,0.912,-1,-1,-1
298,1102,1556.10,419.69,98.64,232.74,0.581,-1,-1,-1
298,1072,422.12,478.82,36.47,89.77,0.341,-1,-1,-1
298,1114,831.61,451.23,38.59,90.76,0.369,-1,-1,-1
298,1118,733.32,470.39,36.64,124.81,0.404,-1,-1,-1
298,1040,1513.54,421.49,145.39,347.90,0.411,-1,-1,-1
298,951,1108.23,445.67,62.22,136.85,0.282,-1,-1,-1
298,1003,1835.02,419.00,83.04,236.60,0.280,-1,-1,-1
299,3,1004.93,400.44,162.82,637.97,0.878,-1,-1,-1
299,19,1551.86,427.06,222.74,452.72,0.854,-1,-1,-1
299,501,377.70,459.41,47.99,116.31,0.682,-1,-1,-1
299,713,758.60,447.16,78.92,203.41,0.826,-1,-1,-1
299,474,501.12,451.53,42.70,109.58,0.610,-1,-1,-1
299,825,575.10,456.18,25.79,62.03,0.386,-1,-1,-1
299,884,855.12,420.91,172.05,503.99,0.898,-1,-1,-1
299,970,556.39,456.98,24.07,59.95,0.324,-1,-1,-1
299,352,1845.69,480.25,64.41,175.05,0.437,-1,-1,-1
299,1023,1377.72,444.06,41.15,104.25,0.357,-1,-1,-1
299,1039,673.38,477.82,57.25,115.65,0.678,-1,-1,-1
299,920,1164.94,442.10,41.49,105.97,0.533,-1,-1,-1
299,938,1392.32,445.64,117.88,261.39,0.889,-1,-1,-1
299,1102,1563.55,414.86,99.52,236.19,0.495,-1,-1,-1
299,1072,420.62,478.09,37.89,92.16,0.400,-1,-1,-1
299,1114,832.91,452.21,38.81,90.80,0.356,-1,-1,-1
299,1118,735.50,471.17,37.09,126.10,0.433,-1,-1,-1
299,1040,1536.28,417.30,137.47,340.26,0.458,-1,-1,-1
299,1003,1834.98,414.62,83.94,240.92,0.256,-1,-1,-1
299,1031,1302.12,428.98,39.29,115.24,0.314,-1,-1,-1
299,273,1698.00,427.83,93.88,155.45,0.311,-1,-1,-1
300,3,1007.22,400.52,161.96,634.40,0.874,-1,-1,-1
300,19,1564.04,424.89,220.44,454.73,0.848,-1,-1,-1
300,501,377.79,459.86,47.47,115.40,0.535,-1,-1,-1
300,713,761.77,444.62,79.02,206.14,0.829,-1,-1,-1
300,474,501.71,453.28,42.00,107.69,0.624,-1,-1,-1
300,825,575.43,456.25,25.77,61.65,0.371,-1,-1,-1
300,884,856.51,420.71,171.38,507.12,0.893,-1,-1,-1
300,970,554.68,457.31,24.02,59.59,0.330,-1,-1,-1
300,352,1842.37,468.58,69.09,186.82,0.364,-1,-1,-1
300,1039,674.62,478.78,56.87,115.35,0.643,-1,-1,-1
300,920,1166.27,442.68,42.77,106.25,0.508,-1,-1,-1
300,938,1378.35,428.74,122.22,278.44,0.900,-1,-1,-1
300,1102,1570.93,413.13,99.15,237.16,0.515,-1,-1,-1
300,1072,421.13,475.97,39.10,93.77,0.308,-1,-1,-1
300,1114,832.50,451.22,39.73,92.47,0.392,-1,-1,-1
300,1118,737.25,470.64,37.77,128.06,0.516,-1,-1,-1
300,1040,1548.63,415.51,132.90,339.72,0.552,-1,-1,-1
300,273,1702.90,427.95,91.08,155.58,0.427,-1,-1,-1
300,1049,537.71,456.34,23.80,60.64,0.269,-1,-1,-1
300,939,663.67,464.45,29.16,73.46,0.295,-1,-1,-1
301,3,1009.60,400.16,161.47,630.68,0.871,-1,-1,-1
301,19,1583.09,421.68,217.06,458.38,0.857,-1,-1,-1
301,501,377.67,459.57,47.55,116.16,0.660,-1,-1,-1
301,713,766.88,444.92,78.44,206.79,0.849,-1,-1,-1
301,474,501.41,454.03,41.68,106.99,0.629,-1,-1,-1
301,825,575.56,456.14,25.92,61.94,0.349,-1,-1,-1
301,884,858.63,420.83,170.64,511.07,0.875,-1,-1,-1
301,970,554.69,457.48,23.91,59.26,0.274,-1,-1,-1
301,352,1843.59,471.13,68.40,184.34,0.343,-1,-1,-1
301,1039,675.17,478.60,55.92,114.20,0.603,-1,-1,-1
301,920,1167.13,444.37,43.26,104.80,0.501,-1,-1,-1
301,938,1365.79,419.14,121.89,287.51,0.892,-1,-1,-1
301,1072,422.95,482.99,37.17,86.81,0.276,-1,-1,-1
301,1114,832.01,450.33,40.56,94.17,0.397,-1,-1,-1
301,1118,739.15,470.67,38.20,128.73,0.632,-1,-1,-1
301,1040,1553.35,413.18,135.94,355.76,0.752,-1,-1,-1
301,273,1710.19,426.93,87.32,155.32,0.354,-1,-1,-1
301,1124,0.00,706.93,111.51,152.56,0.431,-1,-1,-1
301,939,663.47,463.17,29.18,74.15,0.288,-1,-1,-1
302,3,1011.78,400.09,161.60,627.18,0.867,-1,-1,-1
302,19,1597.64,424.28,211.27,457.21,0.849,-1,-1,-1
302,501,377.84,459.74,47.37,116.26,0.673,-1,-1,-1
302,713,771.03,445.82,78.08,205.88,0.851,-1,-1,-1
302,474,501.63,454.51,41.44,106.93,0.650,-1,-1,-1
302,825,575.91,456.61,25.67,61.39,0.309,-1,-1,-1
302,884,859.94,420.67,170.66,518.19,0.865,-1,-1,-1
302,970,554.70,457.59,24.00,59.51,0.264,-1,-1,-1
302,352,1842.71,466.92,70.01,188.43,0.303,-1,-1,-1
302,1039,674.57,480.50,54.70,111.79,0.656,-1,-1,-1
302,920,1168.35,445.53,43.74,104.06,0.510,-1,-1,-1
302,938,1356.21,420.58,118.00,286.34,0.883,-1,-1,-1
302,1114,832.60,449.33,40.36,93.47,0.326,-1,-1,-1
302,1118,738.88,471.06,38.37,128.36,0.670,-1,-1,-1
302,1040,1559.37,410.21,142.31,380.50,0.831,-1,-1,-1
302,273,1718.73,427.63,80.99,150.55,0.431,-1,-1,-1
302,1124,0.00,692.93,120.14,167.49,0.466,-1,-1,-1
302,939,664.23,461.94,29.27,74.85,0.270,-1,-1,-1
302,1128,2.45,623.50,109.47,236.97,0.445,-1,-1,-1
303,3,1011.37,399.83,162.48,624.80,0.873,-1,-1,-1
303,19,1613.58,418.74,209.98,467.75,0.855,-1,-1,-1
303,501,377.90,460.31,46.84,115.63,0.678,-1,-1,-1
303,713,773.35,447.50,77.99,205.86,0.837,-1,-1,-1
303,474,501.23,454.48,41.37,107.09,0.642,-1,-1,-1
303,825,576.22,456.53,25.74,61.51,0.308,-1,-1,-1
303,884,858.25,420.49,170.75,523.40,0.880,-1,-1,-1
303,970,554.55,457.63,24.06,59.60,0.275,-1,-1,-1
303,352,1840.73,459.71,72.79,195.74,0.384,-1,-1,-1
303,1039,674.05,481.29,54.25,111.27,0.653,-1,-1,-1
303,920,1169.90,446.37,44.05,103.15,0.457,-1,-1,-1
303,938,1346.48,421.52,115.08,285.28,0.900,-1,-1,-1
303,1118,738.63,471.78,38.36,127.25,0.646,-1,-1,-1
303,1040,1565.49,407.93,143.33,392.59,0.671,-1,-1,-1
303,939,664.22,460.36,29.66,76.51,0.291,-1,-1,-1
303,1128,6.05,631.38,106.01,228.82,0.536,-1,-1,-1
303,1102,1591.80,406.65,101.89,243.84,0.432,-1,-1,-1
303,1072,422.50,477.20,39.89,92.29,0.280,-1,-1,-1
304,3,1013.63,400.03,163.88,623.95,0.883,-1,-1,-1
304,19,1624.51,413.71,207.97,477.45,0.868,-1,-1,-1
304,501,378.07,460.64,46.54,115.39,0.682,-1,-1,-1
304,713,775.49,448.10,78.10,205.99,0.827,-1,-1,-1
304,474,501.23,454.68,41.19,106.99,0.664,-1,-1,-1
304,825,575.59,457.84,25.38,60.39,0.328,-1,-1,-1
304,884,858.31,420.31,170.43,527.23,0.890,-1,-1,-1
304,970,554.87,458.32,23.95,59.10,0.291,-1,-1,-1
304,352,1840.89,464.26,71.28,191.12,0.418,-1,-1,-1
304,1039,673.93,480.14,54.52,111.98,0.674,-1,-1,-1
304,920,1172.64,446.65,43.90,102.45,0.442,-1,-1,-1
304,938,1336.72,424.87,112.59,282.03,0.901,-1,-1,-1
304,1118,738.58,472.43,38.46,125.81,0.660,-1,-1,-1
304,1040,1574.93,406.11,142.83,401.22,0.589,-1,-1,-1
304,939,663.86,459.88,29.60,76.93,0.315,-1,-1,-1
304,1128,3.87,615.60,113.36,244.33,0.486,-1,-1,-1
304,1102,1599.34,404.72,102.93,246.74,0.494,-1,-1,-1
304,1072,423.95,482.10,38.43,86.74,0.251,-1,-1,-1
304,1031,1302.44,428.69,40.06,117.29,0.319,-1,-1,-1
305,3,1017.49,399.99,165.96,622.98,0.889,-1,-1,-1
305,19,1634.72,411.24,209.30,491.99,0.866,-1,-1,-1
305,501,377.72,460.41,46.60,115.70,0.714,-1,-1,-1
305,713,775.77,446.68,79.12,208.58,0.854,-1,-1,-1
305,474,501.46,455.18,40.93,106.66,0.617,-1,-1,-1
305,825,574.56,457.62,25.28,60.00,0.273,-1,-1,-1
305,884,861.34,420.23,169.00,528.35,0.895,-1,-1,-1
305,970,555.17,458.25,24.00,58.89,0.283,-1,-1,-1
305,352,1841.15,470.54,69.22,184.36,0.307,-1,-1,-1
305,1039,673.60,480.49,54.51,112.03,0.668,-1,-1,-1
305,920,1175.73,447.71,43.31,100.36,0.480,-1,-1,-1
305,938,1327.87,424.33,112.57,281.89,0.919,-1,-1,-1
305,1118,738.73,472.88,38.58,124.14,0.705,-1,-1,-1
305,1040,1586.25,405.51,140.32,404.01,0.621,-1,-1,-1
305,939,664.00,459.89,29.44,76.93,0.295,-1,-1,-1
305,1128,1.92,607.50,117.19,252.33,0.467,-1,-1,-1
305,1102,1606.60,404.22,104.04,249.56,0.464,-1,-1,-1
305,1072,423.38,483.26,39.35,86.68,0.321,-1,-1,-1
305,1133,0.00,378.81,124.99,481.92,0.365,-1,-1,-1
305,1031,1301.90,428.65,40.20,117.36,0.341,-1,-1,-1
306,3,1022.74,399.99,168.73,621.37,0.909,-1,-1,-1
306,19,1648.95,410.83,208.48,498.09,0.900,-1,-1,-1
306,501,377.91,460.46,46.49,115.68,0.685,-1,-1,-1
306,713,776.88,446.97,78.97,209.14,0.849,-1,-1,-1
306,474,501.11,455.78,40.51,105.80,0.607,-1,-1,-1
306,825,575.69,457.03,25.35,60.21,0.262,-1,-1,-1
306,884,863.48,420.25,167.43,529.09,0.895,-1,-1,-1
306,970,555.62,457.70,24.11,59.01,0.279,-1,-1,-1
306,352,1841.03,471.27,69.36,183.65,0.305,-1,-1,-1
306,1039,673.44,480.04,54.87,112.56,0.648,-1,-1,-1
306,920,1180.27,446.65,43.74,101.50,0.525,-1,-1,-1
306,938,1319.92,424.68,113.62,281.43,0.924,-1,-1,-1
306,1118,738.51,474.91,38.39,121.50,0.615,-1,-1,-1
306,1040,1594.76,406.42,137.89,402.93,0.741,-1,-1,-1
306,939,663.09,458.94,29.06,76.89,0.275,-1,-1,-1
306,1102,1615.84,405.29,104.19,249.64,0.297,-1,-1,-1
306,1072,422.34,483.83,39.71,86.20,0.310,-1,-1,-1
306,1133,0.00,397.37,122.77,463.47,0.726,-1,-1,-1
306,1031,1302.02,429.11,40.22,116.89,0.314,-1,-1,-1
306,951,1112.39,445.45,60.39,131.95,0.259,-1,-1,-1
306,1114,835.05,448.46,41.89,96.78,0.285,-1,-1,-1
307,3,1026.44,400.03,172.15,619.60,0.910,-1,-1,-1
307,19,1671.21,415.36,210.22,498.64,0.903,-1,-1,-1
307,501,378.20,460.60,46.22,115.43,0.684,-1,-1,-1
307,713,778.74,446.38,78.99,209.97,0.844,-1,-1,-1
307,474,500.74,455.60,40.49,105.96,0.641,-1,-1,-1
307,825,576.55,456.24,25.50,60.78,0.259,-1,-1,-1
307,884,865.52,419.49,166.22,530.05,0.899,-1,-1,-1
307,970,554.52,456.09,24.59,60.13,0.277,-1,-1,-1
307,1039,673.08,481.20,54.36,111.33,0.629,-1,-1,-1
307,920,1183.06,444.52,44.28,103.52,0.532,-1,-1,-1
307,938,1313.48,426.31,115.04,279.80,0.923,-1,-1,-1
307,1118,738.50,475.75,38.98,121.15,0.676,-1,-1,-1
307,1040,1602.93,406.48,136.42,403.10,0.728,-1,-1,-1
307,939,662.14,458.20,28.95,77.31,0.303,-1,-1,-1
307,1102,1624.36,405.59,104.51,249.06,0.316,-1,-1,-1
307,1072,418.52,473.70,43.67,96.29,0.288,-1,-1,-1
307,1133,0.00,400.58,122.41,460.26,0.773,-1,-1,-1
307,1031,1300.65,428.50,40.21,116.16,0.312,-1,-1,-1
307,951,1112.52,446.74,63.19,138.73,0.310,-1,-1,-1
308,3,1030.96,400.16,176.15,616.72,0.919,-1,-1,-1
308,19,1687.11,424.31,211.36,492.27,0.914,-1,-1,-1
308,501,378.74,460.47,46.07,115.51,0.720,-1,-1,-1
308,713,781.99,447.14,78.09,208.99,0.827,-1,-1,-1
308,474,500.21,455.63,40.61,105.99,0.678,-1,-1,-1
308,825,577.80,458.28,24.97,59.44,0.288,-1,-1,-1
308,884,865.73,418.94,165.38,530.73,0.910,-1,-1,-1
308,970,555.47,456.10,24.60,60.20,0.253,-1,-1,-1
308,1039,672.87,482.38,54.16,111.05,0.616,-1,-1,-1
308,920,1186.63,443.86,44.47,104.35,0.537,-1,-1,-1
308,938,1307.42,426.85,117.11,279.01,0.935,-1,-1,-1
308,1118,738.73,476.89,39.67,120.96,0.683,-1,-1,-1
308,1040,1608.67,406.43,136.31,403.43,0.697,-1,-1,-1
308,939,662.99,457.78,29.08,78.21,0.274,-1,-1,-1
308,1102,1631.60,405.29,105.80,250.99,0.281,-1,-1,-1
308,1072,417.13,469.55,44.74,100.24,0.304,-1,-1,-1
308,1133,0.00,400.80,122.70,460.04,0.832,-1,-1,-1
308,1031,1301.36,428.66,39.06,112.22,0.388,-1,-1,-1
308,951,1113.16,446.29,64.03,141.53,0.336,-1,-1,-1
308,1023,1402.40,441.08,41.30,103.57,0.274,-1,-1,-1
309,3,1035.18,399.34,180.54,615.57,0.936,-1,-1,-1
309,19,1690.42,424.61,215.59,495.79,0.912,-1,-1,-1
309,501,378.88,460.67,45.91,115.34,0.753,-1,-1,-1
309,713,786.38,446.82,77.92,209.11,0.809,-1,-1,-1
309,474,499.51,455.84,40.71,105.60,0.683,-1,-1,-1
309,825,578.81,458.69,24.75,58.49,0.263,-1,-1,-1
309,884,867.08,418.71,164.30,530.94,0.912,-1,-1,-1
309,970,556.69,456.26,24.52,59.93,0.260,-1,-1,-1
309,1039,672.68,483.00,54.02,110.49,0.647,-1,-1,-1
309,920,1189.17,443.18,44.54,105.30,0.563,-1,-1,-1
309,938,1301.11,428.09,118.98,276.74,0.931,-1,-1,-1
309,1118,738.59,477.19,40.04,119.90,0.740,-1,-1,-1
309,1040,1618.21,407.30,137.61,403.78,0.789,-1,-1,-1
309,939,663.18,457.24,29.11,78.51,0.281,-1,-1,-1
309,1072,416.44,465.22,45.54,103.98,0.338,-1,-1,-1
309,1133,0.00,400.46,122.31,460.28,0.893,-1,-1,-1
309,1031,1301.41,428.97,37.39,106.06,0.410,-1,-1,-1
309,951,1112.87,444.46,65.76,146.01,0.293,-1,-1,-1
310,3,1037.01,398.96,184.76,613.80,0.934,-1,-1,-1
310,19,1690.82,425.92,220.16,500.97,0.931,-1,-1,-1
310,501,378.07,461.20,45.53,114.62,0.749,-1,-1,-1
310,713,790.59,445.30,78.18,210.60,0.821,-1,-1,-1
310,474,498.46,456.31,40.76,105.23,0.704,-1,-1,-1
310,825,579.35,457.94,24.81,58.42,0.268,-1,-1,-1
310,884,869.41,418.44,163.01,531.42,0.899,-1,-1,-1
310,970,555.88,455.64,24.56,60.17,0.268,-1,-1,-1
310,1039,672.12,481.42,54.76,111.81,0.686,-1,-1,-1
310,920,1191.42,445.80,43.35,102.53,0.531,-1,-1,-1
310,938,1293.93,428.73,120.41,273.98,0.931,-1,-1,-1
310,1118,737.88,475.96,40.59,119.38,0.749,-1,-1,-1
310,1040,1624.57,407.45,139.24,403.83,0.821,-1,-1,-1
310,939,662.24,457.39,28.97,78.43,0.343,-1,-1,-1
310,1072,416.70,469.65,43.05,99.66,0.337,-1,-1,-1
310,1133,0.00,398.97,122.32,461.30,0.904,-1,-1,-1
310,1031,1298.51,429.36,36.16,100.46,0.300,-1,-1,-1
311,3,1036.18,399.67,188.98,612.27,0.937,-1,-1,-1
311,19,1689.19,427.06,224.58,506.39,0.935,-1,-1,-1
311,501,377.79,461.65,45.33,114.18,0.722,-1,-1,-1
311,713,794.51,444.63,77.84,211.24,0.839,-1,-1,-1
311,474,497.68,456.30,41.04,105.56,0.698,-1,-1,-1
311,825,579.88,457.61,25.07,59.14,0.320,-1,-1,-1
311,884,869.62,418.49,162.21,531.62,0.908,-1,-1,-1
311,970,556.55,455.82,24.39,59.97,0.293,-1,-1,-1
311,1039,673.19,481.21,54.64,111.80,0.619,-1,-1,-1
311,920,1192.97,446.77,42.59,101.53,0.510,-1,-1,-1
311,938,1285.04,428.52,120.95,269.91,0.920,-1,-1,-1
311,1118,737.36,475.03,41.47,120.36,0.751,-1,-1,-1
311,1040,1626.09,407.92,140.42,403.31,0.881,-1,-1,-1
311,939,662.22,459.25,28.61,77.54,0.343,-1,-1,-1
311,1072,415.86,469.88,42.33,99.64,0.364,-1,-1,-1
311,1133,0.00,397.65,121.54,460.70,0.912,-1,-1,-1
311,1138,709.56,478.84,28.25,106.61,0.317,-1,-1,-1
312,3,1035.61,399.42,192.78,612.12,0.935,-1,-1,-1
312,19,1688.38,426.68,228.07,510.77,0.938,-1,-1,-1
312,501,377.62,461.70,45.23,114.11,0.743,-1,-1,-1
312,713,796.18,445.16,77.07,210.73,0.841,-1,-1,-1
312,474,496.04,456.76,41.14,105.00,0.711,-1,-1,-1
312,825,580.96,458.53,24.54,57.75,0.302,-1,-1,-1
312,884,869.36,418.57,161.76,531.61,0.907,-1,-1,-1
312,970,556.65,456.97,23.74,58.42,0.276,-1,-1,-1
312,1039,672.83,481.60,54.72,111.79,0.688,-1,-1,-1
312,920,1193.79,447.84,42.16,101.27,0.562,-1,-1,-1
312,938,1275.59,427.82,119.30,264.05,0.919,-1,-1,-1
312,1118,737.97,475.86,40.59,116.16,0.736,-1,-1,-1
312,1040,1629.56,410.84,141.47,400.41,0.877,-1,-1,-1
312,1072,415.19,468.37,42.35,101.16,0.344,-1,-1,-1
312,1133,0.67,396.52,123.73,462.27,0.909,-1,-1,-1
312,1138,710.69,479.17,28.36,106.94,0.311,-1,-1,-1
312,951,1114.51,440.21,64.30,142.22,0.259,-1,-1,-1
313,3,1034.08,398.61,196.90,613.42,0.935,-1,-1,-1
313,19,1689.01,426.60,229.91,512.66,0.938,-1,-1,-1
313,501,377.80,461.71,45.10,114.20,0.742,-1,-1,-1
313,713,799.50,444.27,77.71,211.79,0.843,-1,-1,-1
313,474,495.98,456.83,41.48,105.16,0.730,-1,-1,-1
313,825,581.14,458.73,24.36,57.19,0.296,-1,-1,-1
313,884,868.34,418.87,161.37,531.11,0.906,-1,-1,-1
313,970,557.13,457.94,23.39,57.30,0.271,-1,-1,-1
313,1039,673.69,481.70,54.42,111.06,0.615,-1,-1,-1
313,920,1194.18,447.97,42.16,101.30,0.598,-1,-1,-1
313,938,1267.43,428.24,117.84,261.36,0.905,-1,-1,-1
313,1118,737.46,475.86,41.43,117.46,0.743,-1,-1,-1
313,1040,1632.64,410.37,144.16,401.39,0.866,-1,-1,-1
313,1072,414.45,462.97,43.77,106.61,0.430,-1,-1,-1
313,1133,7.78,396.15,125.43,464.42,0.916,-1,-1,-1
313,1138,710.18,478.48,28.08,105.55,0.269,-1,-1,-1
314,3,1033.89,397.74,200.11,614.24,0.932,-1,-1,-1
314,19,1692.87,424.18,227.13,515.38,0.857,-1,-1,-1
314,501,377.88,461.71,45.10,114.34,0.757,-1,-1,-1
314,713,800.92,444.80,77.59,211.10,0.826,-1,-1,-1
314,474,495.15,456.84,41.92,105.35,0.717,-1,-1,-1
314,825,580.81,459.21,24.39,57.14,0.305,-1,-1,-1
314,884,868.78,418.62,161.29,531.23,0.902,-1,-1,-1
314,970,557.55,459.03,23.16,56.44,0.288,-1,-1,-1
314,1039,673.97,481.10,54.56,111.53,0.652,-1,-1,-1
314,920,1193.69,447.90,42.40,102.08,0.581,-1,-1,-1
314,938,1260.72,427.33,116.04,261.97,0.879,-1,-1,-1
314,1118,736.68,476.21,42.20,118.48,0.733,-1,-1,-1
314,1040,1637.58,411.59,147.33,401.19,0.840,-1,-1,-1
314,1072,414.62,459.67,44.63,110.55,0.449,-1,-1,-1
314,1133,18.21,397.41,127.36,462.46,0.921,-1,-1,-1
314,1023,1415.71,438.81,42.26,110.01,0.329,-1,-1,-1
314,939,664.81,462.76,27.65,74.43,0.250,-1,-1,-1
315,3,1034.60,397.79,202.33,613.90,0.934,-1,-1,-1
315,19,1695.81,422.25,224.19,518.10,0.931,-1,-1,-1
315,501,378.08,461.53,45.09,114.54,0.704,-1,-1,-1
315,713,801.78,444.07,78.38,212.68,0.842,-1,-1,-1
315,474,495.13,456.78,42.24,105.41,0.703,-1,-1,-1
315,825,581.20,459.53,23.98,56.16,0.258,-1,-1,-1
315,884,867.59,418.48,161.49,531.42,0.902,-1,-1,-1
315,970,558.19,460.55,22.58,54.60,0.274,-1,-1,-1
315,1039,672.85,480.92,54.36,110.87,0.632,-1,-1,-1
315,920,1194.15,447.50,42.90,103.46,0.601,-1,-1,-1
315,938,1255.96,426.09,113.87,263.72,0.879,-1,-1,-1
315,1118,735.61,476.57,42.35,117.34,0.713,-1,-1,-1
315,1040,1642.24,412.03,149.96,400.52,0.842,-1,-1,-1
315,1072,415.14,464.22,42.32,105.62,0.413,-1,-1,-1
315,1133,36.01,398.04,131.45,461.51,0.936,-1,-1,-1
315,1023,1418.89,438.28,41.53,110.35,0.559,-1,-1,-1
316,3,1036.46,397.39,204.01,614.82,0.930,-1,-1,-1
316,19,1702.64,419.73,217.36,521.63,0.903,-1,-1,-1
316,501,378.29,461.38,45.08,114.63,0.683,-1,-1,-1
316,713,800.59,445.40,78.34,211.18,0.838,-1,-1,-1
316,474,494.84,456.81,42.58,105.44,0.714,-1,-1,-1
316,825,581.86,459.92,23.72,55.52,0.294,-1,-1,-1
316,884,868.37,418.45,161.84,531.29,0.892,-1,-1,-1
316,970,557.81,461.28,22.37,53.81,0.305,-1,-1,-1
316,1039,671.79,481.10,54.36,110.59,0.648,-1,-1,-1
316,920,1194.96,446.96,43.18,104.44,0.584,-1,-1,-1
316,938,1252.14,427.41,109.47,261.49,0.867,-1,-1,-1
316,1118,734.80,476.70,42.86,117.17,0.688,-1,-1,-1
316,1040,1650.92,408.68,154.63,405.05,0.852,-1,-1,-1
316,1072,415.77,466.42,41.14,103.31,0.427,-1,-1,-1
316,1133,54.20,399.85,137.74,459.42,0.926,-1,-1,-1
316,1023,1422.55,438.50,40.85,110.25,0.579,-1,-1,-1
317,3,1038.44,397.07,205.05,615.32,0.931,-1,-1,-1
317,19,1717.73,418.61,202.27,522.44,0.807,-1,-1,-1
317,501,378.45,461.28,45.15,114.75,0.647,-1,-1,-1
317,713,799.58,444.21,79.05,212.34,0.845,-1,-1,-1
317,474,493.26,456.54,43.17,105.86,0.718,-1,-1,-1
317,825,581.92,461.05,23.23,54.36,0.256,-1,-1,-1
317,884,869.77,418.60,162.34,531.11,0.900,-1,-1,-1
317,970,558.06,461.82,22.14,53.19,0.298,-1,-1,-1
317,1039,671.46,483.05,53.73,109.05,0.674,-1,-1,-1
317,920,1195.63,446.79,43.73,106.02,0.587,-1,-1,-1
317,938,1249.44,426.22,106.05,261.14,0.870,-1,-1,-1
317,1118,734.35,476.11,43.80,119.10,0.655,-1,-1,-1
317,1040,1660.78,405.38,158.34,408.05,0.823,-1,-1,-1
317,1072,415.84,466.14,40.98,103.63,0.398,-1,-1,-1
317,1133,66.74,400.70,146.18,457.78,0.937,-1,-1,-1
317,1023,1425.18,437.85,40.87,111.13,0.580,-1,-1,-1
318,3,1039.80,397.55,205.52,614.94,0.924,-1,-1,-1
318,19,1733.86,416.64,186.14,524.17,0.798,-1,-1,-1
318,501,378.51,461.35,45.19,114.79,0.624,-1,-1,-1
318,713,798.84,444.08,79.18,212.44,0.848,-1,-1,-1
318,474,492.56,456.28,43.72,106.24,0.721,-1,-1,-1
318,884,870.04,418.83,163.03,530.71,0.909,-1,-1,-1
318,970,558.34,462.46,21.98,52.77,0.318,-1,-1,-1
318,1039,670.99,483.13,53.77,109.08,0.649,-1,-1,-1
318,920,1197.56,447.06,43.41,105.76,0.562,-1,-1,-1
318,938,1244.49,426.61,103.48,259.67,0.872,-1,-1,-1
318,1118,733.33,475.35,44.34,119.15,0.693,-1,-1,-1
318,1040,1671.39,404.33,159.82,410.60,0.741,-1,-1,-1
318,1072,416.04,467.01,40.44,102.72,0.384,-1,-1,-1
318,1133,74.22,401.74,155.99,456.53,0.942,-1,-1,-1
318,1023,1430.12,437.94,40.63,111.01,0.580,-1,-1,-1
319,3,1041.14,398.64,205.57,613.97,0.930,-1,-1,-1
319,19,1759.75,413.63,160.25,527.51,0.786,-1,-1,-1
319,501,378.39,461.25,45.36,114.94,0.615,-1,-1,-1
319,713,801.53,444.61,78.73,212.08,0.818,-1,-1,-1
319,474,491.87,456.09,44.10,106.42,0.709,-1,-1,-1
319,884,870.11,418.92,163.72,530.56,0.908,-1,-1,-1
319,970,558.49,462.95,21.89,52.39,0.330,-1,-1,-1
319,1039,670.74,482.78,53.88,109.18,0.623,-1,-1,-1
319,920,1200.36,447.62,43.06,104.91,0.579,-1,-1,-1
319,938,1239.30,428.39,101.88,257.69,0.863,-1,-1,-1
319,1118,732.73,474.84,45.10,119.79,0.691,-1,-1,-1
319,1040,1688.08,398.77,166.49,434.58,0.744,-1,-1,-1
319,1072,415.85,466.02,40.60,103.87,0.376,-1,-1,-1
319,1133,77.59,403.15,166.22,454.71,0.946,-1,-1,-1
319,1023,1433.03,437.95,40.94,110.84,0.613,-1,-1,-1
319,825,581.57,461.49,23.04,53.97,0.257,-1,-1,-1
320,3,1042.40,399.00,205.51,613.65,0.928,-1,-1,-1
320,19,1775.53,409.82,144.47,531.11,0.765,-1,-1,-1
320,501,378.33,461.31,45.30,114.73,0.631,-1,-1,-1
320,713,805.81,445.56,78.04,210.86,0.798,-1,-1,-1
320,474,491.65,456.00,44.30,106.57,0.711,-1,-1,-1
320,884,869.69,419.32,164.23,529.86,0.901,-1,-1,-1
320,970,558.71,463.06,21.84,52.11,0.320,-1,-1,-1
320,1039,671.18,482.82,53.79,108.94,0.636,-1,-1,-1
320,920,1202.65,448.45,42.79,104.19,0.523,-1,-1,-1
320,938,1232.32,428.38,102.72,258.08,0.857,-1,-1,-1
320,1118,732.67,474.15,45.80,120.98,0.697,-1,-1,-1
320,1040,1695.42,394.97,167.60,441.81,0.846,-1,-1,-1
320,1072,416.06,465.60,40.80,104.75,0.415,-1,-1,-1
320,1133,78.99,405.21,176.09,452.17,0.950,-1,-1,-1
320,1023,1436.85,438.04,41.26,111.32,0.589,-1,-1,-1
320,825,581.12,461.28,23.10,54.08,0.276,-1,-1,-1
321,3,1043.90,399.58,205.23,613.22,0.923,-1,-1,-1
321,19,1789.66,412.50,130.34,528.54,0.690,-1,-1,-1
321,501,378.34,461.25,45.14,114.66,0.634,-1,-1,-1
321,713,812.25,446.94,76.49,209.35,0.807,-1,-1,-1
321,474,491.17,455.65,44.25,106.79,0.703,-1,-1,-1
321,884,868.77,419.64,165.15,529.58,0.909,-1,-1,-1
321,970,558.04,463.18,21.71,51.86,0.278,-1,-1,-1
321,1039,671.38,481.61,54.43,110.34,0.604,-1,-1,-1
321,920,1205.48,448.68,42.65,103.84,0.526,-1,-1,-1
321,938,1228.72,429.12,103.43,257.90,0.850,-1,-1,-1
321,1118,732.51,473.00,46.47,122.72,0.690,-1,-1,-1
321,1040,1706.03,394.70,169.03,451.32,0.843,-1,-1,-1
321,1072,415.70,463.63,41.38,106.74,0.420,-1,-1,-1
321,1133,77.01,406.44,185.36,449.84,0.948,-1,-1,-1
321,1023,1440.02,439.20,41.19,110.32,0.596,-1,-1,-1
321,825,580.94,462.37,22.64,52.95,0.271,-1,-1,-1
322,3,1045.71,399.58,204.88,613.22,0.923,-1,-1,-1
322,19,1802.52,415.40,117.48,525.98,0.646,-1,-1,-1
322,501,378.34,461.36,45.08,114.64,0.642,-1,-1,-1
322,713,816.59,447.95,75.55,208.40,0.815,-1,-1,-1
322,474,490.86,455.59,44.09,106.78,0.700,-1,-1,-1
322,884,868.16,419.90,165.77,529.43,0.904,-1,-1,-1
322,970,558.06,463.03,21.83,52.10,0.276,-1,-1,-1
322,1039,672.08,482.02,54.25,110.06,0.604,-1,-1,-1
322,920,1206.52,448.90,42.26,103.19,0.503,-1,-1,-1
322,938,1227.71,431.25,103.23,255.58,0.832,-1,-1,-1
322,1118,732.55,472.89,46.91,123.89,0.721,-1,-1,-1
322,1040,1717.17,394.32,167.92,455.58,0.818,-1,-1,-1
322,1072,417.20,469.25,39.25,100.80,0.361,-1,-1,-1
322,1133,76.10,406.40,194.16,446.83,0.947,-1,-1,-1
322,1023,1441.13,439.06,42.01,110.44,0.620,-1,-1,-1
322,825,581.18,461.55,22.98,53.69,0.298,-1,-1,-1
323,3,1047.26,400.35,204.08,612.52,0.920,-1,-1,-1
323,501,377.80,461.50,45.24,114.80,0.724,-1,-1,-1
323,713,819.90,448.38,75.09,207.73,0.801,-1,-1,-1
323,474,489.48,455.97,44.30,107.03,0.752,-1,-1,-1
323,884,868.28,420.10,166.36,529.24,0.905,-1,-1,-1
323,970,557.15,462.68,21.99,52.31,0.307,-1,-1,-1
323,1039,672.46,478.54,55.54,113.06,0.562,-1,-1,-1
323,920,1206.14,448.49,41.30,101.54,0.474,-1,-1,-1
323,938,1230.06,452.12,96.38,233.88,0.794,-1,-1,-1
323,1118,732.12,472.17,47.55,125.40,0.768,-1,-1,-1
323,1040,1728.95,393.97,165.61,456.90,0.832,-1,-1,-1
323,1072,418.36,476.18,37.26,94.10,0.424,-1,-1,-1
323,1133,75.65,406.94,202.11,443.15,0.951,-1,-1,-1
323,1023,1443.79,439.36,42.98,109.88,0.671,-1,-1,-1
323,825,580.38,459.23,24.24,56.64,0.381,-1,-1,-1
323,939,666.02,460.70,28.92,76.20,0.277,-1,-1,-1
324,3,1048.69,400.38,203.26,612.28,0.925,-1,-1,-1
324,501,377.95,461.56,45.11,114.62,0.749,-1,-1,-1
324,713,823.03,448.17,75.10,207.86,0.783,-1,-1,-1
324,474,489.35,455.36,44.45,107.53,0.751,-1,-1,-1
324,884,869.36,420.47,166.70,529.01,0.896,-1,-1,-1
324,970,557.08,462.51,22.12,52.55,0.268,-1,-1,-1
324,1039,672.50,478.29,55.65,113.72,0.544,-1,-1,-1
324,920,1206.12,450.17,39.20,97.53,0.313,-1,-1,-1
324,938,1224.68,440.66,101.51,245.40,0.850,-1,-1,-1
324,1118,732.04,471.93,47.56,125.57,0.753,-1,-1,-1
324,1040,1740.70,393.85,163.43,457.16,0.796,-1,-1,-1
324,1072,417.56,472.10,38.88,98.02,0.413,-1,-1,-1
324,1133,74.38,406.98,209.29,440.95,0.950,-1,-1,-1
324,1023,1445.51,439.73,44.29,109.20,0.718,-1,-1,-1
324,825,580.62,458.75,24.35,57.00,0.352,-1,-1,-1
324,1150,1863.22,491.66,56.70,450.37,0.439,-1,-1,-1
324,1152,1149.50,438.20,73.56,151.90,0.398,-1,-1,-1
324,939,665.37,462.61,28.59,74.28,0.302,-1,-1,-1
325,3,1051.11,400.27,202.35,612.29,0.924,-1,-1,-1
325,501,378.07,461.52,45.04,114.60,0.750,-1,-1,-1
325,713,825.98,448.20,75.23,207.78,0.766,-1,-1,-1
325,474,489.31,454.68,44.62,108.25,0.754,-1,-1,-1
325,884,869.80,420.65,166.86,528.63,0.898,-1,-1,-1
325,970,556.86,461.50,22.55,53.60,0.280,-1,-1,-1
325,1039,674.47,478.56,55.31,113.69,0.568,-1,-1,-1
325,938,1221.93,438.53,102.06,246.67,0.800,-1,-1,-1
325,1118,732.23,471.68,47.65,125.82,0.767,-1,-1,-1
325,1040,1751.94,394.01,161.96,458.32,0.842,-1,-1,-1
325,1072,417.17,470.70,39.53,99.60,0.412,-1,-1,-1
325,1133,76.30,405.40,215.39,440.10,0.948,-1,-1,-1
325,1023,1447.30,440.20,45.47,108.32,0.766,-1,-1,-1
325,825,580.62,457.70,24.75,58.04,0.384,-1,-1,-1
325,1150,1859.05,413.04,60.95,528.08,0.315,-1,-1,-1
325,1152,1154.05,444.97,73.08,150.86,0.357,-1,-1,-1
325,939,665.13,463.92,28.34,73.17,0.314,-1,-1,-1
325,1138,710.02,477.34,28.55,106.76,0.276,-1,-1,-1
326,3,1052.28,399.00,201.85,613.80,0.926,-1,-1,-1
326,501,378.15,461.50,45.09,114.86,0.687,-1,-1,-1
326,713,828.76,445.31,76.56,211.41,0.683,-1,-1,-1
326,474,489.24,454.23,44.66,108.77,0.732,-1,-1,-1
326,884,870.20,420.73,167.13,528.70,0.885,-1,-1,-1
326,970,555.91,460.47,23.25,55.05,0.311,-1,-1,-1
326,1039,673.55,481.61,54.21,111.09,0.667,-1,-1,-1
326,938,1218.04,453.64,93.71,225.59,0.645,-1,-1,-1
326,1118,732.48,473.31,46.91,123.54,0.754,-1,-1,-1
326,1040,1753.50,394.81,166.50,512.82,0.815,-1,-1,-1
326,1072,416.72,468.22,40.50,102.09,0.433,-1,-1,-1
326,1133,82.79,404.51,218.81,438.83,0.946,-1,-1,-1
326,1023,1447.36,440.04,46.49,107.61,0.756,-1,-1,-1
326,825,580.05,457.45,24.85,58.33,0.374,-1,-1,-1
326,1150,1857.94,387.21,62.06,552.99,0.419,-1,-1,-1
326,1152,1155.89,439.84,76.76,158.20,0.339,-1,-1,-1
326,939,664.66,463.58,28.19,72.79,0.274,-1,-1,-1
327,3,1052.83,398.52,201.28,614.51,0.922,-1,-1,-1
327,501,378.43,461.61,45.13,114.75,0.682,-1,-1,-1
327,474,488.83,454.29,44.42,108.44,0.720,-1,-1,-1
327,884,870.61,420.91,167.43,528.60,0.866,-1,-1,-1
327,970,555.61,460.24,23.30,54.91,0.371,-1,-1,-1
327,1039,673.79,481.55,53.93,110.87,0.609,-1,-1,-1
327,938,1205.66,439.78,79.87,196.69,0.608,-1,-1,-1
327,1118,732.40,474.03,46.57,122.50,0.767,-1,-1,-1
327,1040,1754.55,395.42,165.45,531.73,0.805,-1,-1,-1
327,1072,416.32,465.07,41.45,105.05,0.406,-1,-1,-1
327,1133,91.23,403.09,219.39,435.82,0.947,-1,-1,-1
327,1023,1448.30,440.60,47.59,106.37,0.768,-1,-1,-1
327,825,580.04,457.26,24.70,57.92,0.348,-1,-1,-1
327,1152,1154.98,432.16,80.75,166.89,0.418,-1,-1,-1
327,939,665.08,463.90,28.47,73.12,0.310,-1,-1,-1
327,1114,849.06,443.15,58.33,135.68,0.599,-1,-1,-1
328,3,1053.24,397.69,200.71,615.29,0.922,-1,-1,-1
328,501,378.32,461.61,45.24,114.89,0.772,-1,-1,-1
328,474,488.38,454.57,44.15,108.08,0.720,-1,-1,-1
328,884,872.28,421.05,167.21,528.51,0.884,-1,-1,-1
328,970,555.13,459.67,23.78,55.65,0.387,-1,-1,-1
328,1039,674.52,481.44,53.58,110.43,0.663,-1,-1,-1
328,938,1198.38,433.28,87.53,219.24,0.556,-1,-1,-1
328,1118,732.98,474.58,45.94,120.70,0.771,-1,-1,-1
328,1040,1763.56,393.47,156.44,488.62,0.846,-1,-1,-1
328,1072,416.42,464.13,41.69,106.13,0.463,-1,-1,-1
328,1133,103.12,401.90,216.35,429.35,0.943,-1,-1,-1
328,1023,1450.22,440.87,48.55,106.69,0.736,-1,-1,-1
328,825,579.27,456.78,24.99,58.42,0.330,-1,-1,-1
328,1152,1155.76,422.17,83.92,174.53,0.320,-1,-1,-1
328,939,664.80,464.77,28.65,73.15,0.354,-1,-1,-1
328,1114,852.31,443.96,57.93,136.89,0.575,-1,-1,-1
329,3,1053.37,397.75,199.99,615.39,0.915,-1,-1,-1
329,501,378.57,461.75,45.11,114.54,0.744,-1,-1,-1
329,474,488.62,454.09,43.13,105.61,0.688,-1,-1,-1
329,884,873.00,421.15,167.18,528.73,0.890,-1,-1,-1
329,970,554.88,457.72,24.57,57.50,0.391,-1,-1,-1
329,1039,674.48,480.75,53.48,110.54,0.633,-1,-1,-1
329,938,1193.53,428.17,74.11,188.03,0.564,-1,-1,-1
329,1118,733.33,475.82,45.71,119.85,0.773,-1,-1,-1
329,1040,1767.13,393.53,152.87,468.84,0.880,-1,-1,-1
329,1072,416.27,461.17,42.32,108.35,0.489,-1,-1,-1
329,1133,116.64,401.34,212.36,425.30,0.942,-1,-1,-1
329,1023,1451.26,440.58,49.28,106.87,0.707,-1,-1,-1
329,825,578.88,456.53,25.13,58.66,0.330,-1,-1,-1
329,1152,1159.88,417.03,87.28,182.01,0.374,-1,-1,-1
329,939,664.83,465.34,28.54,72.70,0.337,-1,-1,-1
329,1114,856.81,448.20,56.23,133.81,0.465,-1,-1,-1
330,3,1053.89,397.35,199.34,615.61,0.918,-1,-1,-1
330,501,379.10,461.84,44.92,114.02,0.667,-1,-1,-1
330,474,489.11,454.38,42.23,103.37,0.677,-1,-1,-1
330,884,869.90,421.18,168.06,528.57,0.893,-1,-1,-1
330,970,555.91,457.89,24.42,57.40,0.402,-1,-1,-1
330,1039,674.82,480.69,53.32,110.23,0.622,-1,-1,-1
330,1118,733.92,477.02,45.11,118.04,0.779,-1,-1,-1
330,1040,1768.40,395.01,151.60,460.51,0.863,-1,-1,-1
330,1072,416.08,459.85,42.59,109.69,0.495,-1,-1,-1
330,1133,131.50,400.66,207.18,423.30,0.935,-1,-1,-1
330,1023,1453.96,439.76,49.39,107.49,0.675,-1,-1,-1
330,825,578.37,456.84,24.80,57.97,0.301,-1,-1,-1
330,1152,1161.71,413.18,88.89,185.42,0.438,-1,-1,-1
330,939,664.68,466.04,27.73,70.97,0.313,-1,-1,-1
330,1114,861.97,447.68,55.10,130.98,0.463,-1,-1,-1
330,1166,630.25,459.25,23.87,60.73,0.324,-1,-1,-1
330,920,1200.98,428.20,50.09,123.19,0.553,-1,-1,-1
330,1138,710.64,480.62,27.37,101.80,0.298,-1,-1,-1
331,3,1054.71,397.52,198.32,615.16,0.926,-1,-1,-1
331,501,379.11,461.96,44.90,113.69,0.700,-1,-1,-1
331,474,488.85,454.25,41.57,101.92,0.662,-1,-1,-1
331,884,870.41,421.22,168.32,528.36,0.895,-1,-1,-1
331,970,555.60,457.54,24.52,57.79,0.418,-1,-1,-1
331,1039,675.03,479.76,53.50,110.71,0.646,-1,-1,-1
331,1118,733.93,477.66,44.82,117.14,0.786,-1,-1,-1
331,1040,1769.23,397.08,150.77,456.49,0.859,-1,-1,-1
331,1072,415.85,458.87,42.54,110.41,0.499,-1,-1,-1
331,1133,147.32,399.32,201.17,423.35,0.910,-1,-1,-1
331,1023,1457.29,438.43,48.85,108.60,0.679,-1,-1,-1
331,825,578.91,457.14,24.67,57.71,0.328,-1,-1,-1
331,1152,1165.78,412.86,90.53,189.23,0.332,-1,-1,-1
331,939,664.12,465.97,27.26,70.03,0.343,-1,-1,-1
331,1114,865.20,445.07,55.31,130.94,0.476,-1,-1,-1
331,1166,631.87,459.56,24.11,61.41,0.359,-1,-1,-1
331,1138,710.95,480.30,27.17,100.85,0.263,-1,-1,-1
331,938,1187.05,424.57,70.27,178.62,0.443,-1,-1,-1
332,3,1055.82,397.77,197.50,614.97,0.925,-1,-1,-1
332,501,378.89,461.83,45.16,114.27,0.732,-1,-1,-1
332,474,487.51,453.85,42.86,105.79,0.681,-1,-1,-1
332,884,872.83,421.03,168.47,528.35,0.906,-1,-1,-1
332,970,554.11,457.10,24.61,58.10,0.410,-1,-1,-1
332,1039,674.79,479.97,53.54,111.00,0.643,-1,-1,-1
332,1118,734.50,477.28,44.19,115.28,0.769,-1,-1,-1
332,1040,1769.61,399.45,150.39,453.71,0.810,-1,-1,-1
332,1072,415.74,458.56,42.46,111.00,0.514,-1,-1,-1
332,1133,169.40,399.03,194.37,422.93,0.882,-1,-1,-1
332,1023,1460.53,437.37,48.41,109.82,0.725,-1,-1,-1
332,825,579.62,457.81,24.45,57.20,0.324,-1,-1,-1
332,939,664.39,466.71,27.09,69.71,0.374,-1,-1,-1
332,1114,867.36,442.37,55.15,130.65,0.453,-1,-1,-1
332,1166,630.87,460.05,23.34,59.46,0.332,-1,-1,-1
332,938,1184.65,424.37,70.35,176.44,0.402,-1,-1,-1
333,3,1058.44,398.87,196.59,613.69,0.918,-1,-1,-1
333,501,379.36,461.54,45.33,114.68,0.739,-1,-1,-1
333,474,488.39,453.96,42.89,106.70,0.686,-1,-1,-1
333,884,873.09,421.23,168.73,528.58,0.908,-1,-1,-1
333,970,554.53,457.14,24.49,57.99,0.436,-1,-1,-1
333,1039,673.84,481.26,53.32,109.86,0.715,-1,-1,-1
333,1118,735.14,476.99,44.03,114.33,0.755,-1,-1,-1
333,1040,1770.11,400.15,149.89,452.98,0.790,-1,-1,-1
333,1072,416.90,460.41,41.37,108.79,0.412,-1,-1,-1
333,1133,188.40,398.99,189.41,423.55,0.862,-1,-1,-1
333,1023,1465.07,436.96,47.65,109.97,0.676,-1,-1,-1
333,825,580.41,457.78,24.51,57.23,0.360,-1,-1,-1
333,939,665.75,467.59,27.01,69.07,0.312,-1,-1,-1
333,1114,870.26,442.50,54.97,129.59,0.410,-1,-1,-1
333,1166,631.07,459.59,24.30,61.96,0.399,-1,-1,-1
333,1179,1695.25,428.24,88.10,155.67,0.351,-1,-1,-1
333,1180,1677.44,425.82,107.71,208.44,0.328,-1,-1,-1
333,1128,0.00,505.98,118.21,282.68,0.354,-1,-1,-1
333,1152,1176.96,424.99,84.97,176.97,0.397,-1,-1,-1
333,1138,709.78,480.27,27.74,101.89,0.374,-1,-1,-1
334,3,1059.30,399.34,195.83,613.02,0.923,-1,-1,-1
334,501,379.58,461.48,45.40,114.88,0.682,-1,-1,-1
334,474,489.54,454.29,41.82,104.42,0.631,-1,-1,-1
334,884,873.94,420.84,169.11,528.81,0.909,-1,-1,-1
334,970,554.16,456.77,24.53,58.26,0.396,-1,-1,-1
334,1039,673.70,481.88,53.71,110.04,0.702,-1,-1,-1
334,1118,735.63,478.00,44.18,114.29,0.755,-1,-1,-1
334,1040,1772.14,403.44,147.86,449.72,0.747,-1,-1,-1
334,1072,417.40,460.83,41.07,108.57,0.420,-1,-1,-1
334,1133,203.58,398.49,186.18,424.48,0.867,-1,-1,-1
334,1023,1468.30,436.48,47.19,110.62,0.600,-1,-1,-1
334,825,580.04,457.95,24.41,56.94,0.319,-1,-1,-1
334,939,665.45,468.64,26.61,67.74,0.314,-1,-1,-1
334,1114,872.58,439.86,55.97,132.01,0.398,-1,-1,-1
334,1166,631.13,458.70,24.56,62.61,0.408,-1,-1,-1
334,1179,1689.66,428.70,89.51,157.74,0.361,-1,-1,-1
334,1180,1675.85,426.13,107.72,208.24,0.270,-1,-1,-1
334,1128,0.00,462.88,131.12,321.95,0.643,-1,-1,-1
334,1152,1179.86,427.03,86.20,179.06,0.409,-1,-1,-1
334,1138,710.59,480.68,27.83,101.16,0.356,-1,-1,-1
335,3,1059.20,399.11,195.28,613.28,0.925,-1,-1,-1
335,501,379.69,461.59,45.33,114.81,0.737,-1,-1,-1
335,474,487.67,454.32,42.68,107.06,0.711,-1,-1,-1
335,884,873.35,421.10,168.95,528.70,0.902,-1,-1,-1
335,970,554.74,457.20,24.32,57.76,0.432,-1,-1,-1
335,1039,672.78,482.34,53.82,109.73,0.730,-1,-1,-1
335,1118,734.92,477.91,44.73,115.05,0.774,-1,-1,-1
335,1040,1779.26,421.19,140.74,431.73,0.632,-1,-1,-1
335,1072,417.02,460.84,40.71,107.92,0.433,-1,-1,-1
335,1133,215.63,398.51,183.73,424.50,0.888,-1,-1,-1
335,1023,1470.74,436.74,46.30,110.53,0.591,-1,-1,-1
335,825,579.90,458.34,24.29,56.57,0.323,-1,-1,-1
335,939,665.18,469.68,26.29,66.86,0.273,-1,-1,-1
335,1114,874.36,442.75,54.37,127.76,0.336,-1,-1,-1
335,1166,630.81,458.41,24.85,63.44,0.409,-1,-1,-1
335,1179,1694.07,429.05,88.03,155.14,0.341,-1,-1,-1
335,1180,1676.92,427.36,106.69,206.18,0.357,-1,-1,-1
335,1128,0.00,448.73,137.91,333.49,0.771,-1,-1,-1
335,1152,1181.80,421.24,87.38,181.00,0.444,-1,-1,-1
336,3,1059.74,398.32,195.30,614.25,0.917,-1,-1,-1
336,501,379.39,461.76,45.24,114.31,0.707,-1,-1,-1
336,474,486.72,453.92,43.02,108.39,0.698,-1,-1,-1
336,884,874.79,420.92,169.03,528.61,0.907,-1,-1,-1
336,970,551.96,457.08,24.22,57.43,0.387,-1,-1,-1
336,1039,673.60,480.16,54.32,110.60,0.720,-1,-1,-1
336,1118,733.78,477.82,45.24,115.86,0.766,-1,-1,-1
336,1040,1785.77,431.17,134.23,423.65,0.451,-1,-1,-1
336,1072,417.33,459.18,41.31,109.80,0.436,-1,-1,-1
336,1133,224.40,398.59,183.14,424.83,0.869,-1,-1,-1
336,1023,1472.44,437.03,45.36,110.21,0.597,-1,-1,-1
336,825,578.51,457.74,24.46,56.94,0.306,-1,-1,-1
336,939,664.81,468.44,26.78,68.62,0.305,-1,-1,-1
336,1114,877.91,448.08,51.51,120.50,0.348,-1,-1,-1
336,1166,631.16,458.52,25.09,64.38,0.389,-1,-1,-1
336,1179,1692.56,429.12,87.93,154.61,0.367,-1,-1,-1
336,1180,1675.94,427.39,106.97,206.70,0.362,-1,-1,-1
336,1128,0.00,443.37,142.67,339.66,0.842,-1,-1,-1
336,1152,1183.68,420.58,87.86,181.11,0.486,-1,-1,-1
337,3,1059.66,397.75,195.54,615.09,0.910,-1,-1,-1
337,501,379.00,462.14,45.21,113.68,0.668,-1,-1,-1
337,474,486.38,453.81,42.75,108.32,0.673,-1,-1,-1
337,884,875.38,420.78,168.95,528.41,0.914,-1,-1,-1
337,970,552.78,457.78,23.84,56.42,0.405,-1,-1,-1
337,1039,673.65,478.83,55.36,112.09,0.734,-1,-1,-1
337,1118,733.41,477.96,45.42,115.86,0.779,-1,-1,-1
337,1040,1793.51,437.89,126.49,417.42,0.430,-1,-1,-1
337,1072,416.75,458.36,41.56,110.82,0.423,-1,-1,-1
337,1133,231.41,399.10,184.40,424.47,0.899,-1,-1,-1
337,1023,1475.74,437.16,45.13,110.08,0.562,-1,-1,-1
337,825,577.55,457.31,24.65,57.37,0.296,-1,-1,-1
337,939,664.75,469.94,26.41,67.56,0.297,-1,-1,-1
337,1114,880.19,447.87,50.97,119.59,0.267,-1,-1,-1
337,1166,630.45,458.10,25.00,64.29,0.354,-1,-1,-1
337,1179,1694.80,429.21,87.04,153.15,0.341,-1,-1,-1
337,1128,0.00,442.41,145.86,342.08,0.904,-1,-1,-1
337,1152,1183.98,418.39,90.20,185.21,0.510,-1,-1,-1
337,1197,1801.99,691.93,118.01,162.06,0.379,-1,-1,-1
337,1198,833.37,446.84,47.66,99.83,0.362,-1,-1,-1
338,3,1060.47,397.30,195.84,615.40,0.907,-1,-1,-1
338,501,378.53,462.25,45.26,113.25,0.679,-1,-1,-1
338,474,486.20,453.75,42.41,108.08,0.653,-1,-1,-1
338,884,876.20,420.62,168.88,528.22,0.915,-1,-1,-1
338,970,551.85,458.00,23.85,56.17,0.414,-1,-1,-1
338,1039,674.10,479.59,55.64,112.30,0.753,-1,-1,-1
338,1118,732.85,478.46,45.36,115.02,0.791,-1,-1,-1
338,1040,1803.45,439.09,116.55,415.54,0.341,-1,-1,-1
338,1072,416.93,457.86,41.65,111.40,0.438,-1,-1,-1
338,1133,243.19,399.45,186.05,423.77,0.907,-1,-1,-1
338,1023,1478.90,436.50,45.29,110.68,0.543,-1,-1,-1
338,825,576.79,456.87,24.83,57.75,0.314,-1,-1,-1
338,939,664.87,469.77,26.65,68.08,0.331,-1,-1,-1
338,1114,879.79,442.23,53.43,125.32,0.386,-1,-1,-1
338,1166,630.35,458.04,25.02,64.49,0.362,-1,-1,-1
338,1179,1696.00,428.70,86.78,152.99,0.311,-1,-1,-1
338,1128,0.54,441.96,147.21,342.55,0.917,-1,-1,-1
338,1152,1185.31,418.91,91.01,186.51,0.467,-1,-1,-1
338,1197,1814.24,701.54,105.76,151.56,0.361,-1,-1,-1
338,1198,832.89,446.51,47.05,98.59,0.369,-1,-1,-1
338,352,1833.63,443.24,78.44,210.25,0.271,-1,-1,-1
339,3,1062.72,396.72,196.94,615.91,0.901,-1,-1,-1
339,501,378.45,462.29,45.26,112.72,0.624,-1,-1,-1
339,474,488.40,454.35,39.37,100.03,0.562,-1,-1,-1
339,884,878.22,420.71,168.82,528.04,0.910,-1,-1,-1
339,970,551.95,458.45,23.75,55.74,0.373,-1,-1,-1
339,1039,675.03,479.44,55.79,112.98,0.714,-1,-1,-1
339,1118,732.58,478.61,45.33,114.16,0.784,-1,-1,-1
339,1072,417.17,457.55,41.49,111.42,0.400,-1,-1,-1
339,1133,251.16,403.00,187.06,419.95,0.897,-1,-1,-1
339,1023,1483.05,437.31,45.59,109.92,0.561,-1,-1,-1
339,825,576.59,457.16,24.75,57.60,0.313,-1,-1,-1
339,939,663.75,469.05,26.87,68.66,0.331,-1,-1,-1
339,1114,881.91,440.14,53.80,126.82,0.434,-1,-1,-1
339,1166,630.89,459.13,24.74,63.78,0.352,-1,-1,-1
339,1179,1695.16,428.92,86.90,153.10,0.418,-1,-1,-1
339,1128,1.14,441.61,147.68,342.93,0.916,-1,-1,-1
339,1152,1186.96,416.20,93.29,191.22,0.452,-1,-1,-1
339,1197,1826.61,709.05,93.39,146.27,0.293,-1,-1,-1
339,1198,833.59,446.37,47.31,99.05,0.411,-1,-1,-1
339,352,1833.69,440.86,79.23,212.93,0.342,-1,-1,-1
339,1180,1675.30,427.32,107.06,206.91,0.281,-1,-1,-1
340,3,1063.57,397.32,197.38,615.24,0.903,-1,-1,-1
340,501,378.52,462.16,45.40,112.82,0.540,-1,-1,-1
340,474,487.61,453.42,41.26,105.57,0.460,-1,-1,-1
340,884,878.49,420.95,168.40,527.66,0.910,-1,-1,-1
340,970,552.44,458.50,23.74,55.74,0.385,-1,-1,-1
340,1039,675.10,479.29,56.15,113.91,0.744,-1,-1,-1
340,1118,732.13,478.51,45.36,113.33,0.792,-1,-1,-1
340,1072,417.44,459.97,40.32,108.27,0.305,-1,-1,-1
340,1133,255.38,404.22,189.55,418.42,0.919,-1,-1,-1
340,1023,1486.11,437.26,46.37,109.71,0.590,-1,-1,-1
340,825,576.39,457.25,24.56,57.15,0.313,-1,-1,-1
340,939,663.35,469.21,26.70,68.26,0.306,-1,-1,-1
340,1114,883.98,440.22,52.74,124.65,0.450,-1,-1,-1
340,1166,630.97,459.33,24.71,63.71,0.384,-1,-1,-1
340,1179,1692.52,429.19,87.61,153.72,0.390,-1,-1,-1
340,1128,1.34,440.51,148.54,344.39,0.922,-1,-1,-1
340,1152,1187.28,415.78,96.63,198.35,0.474,-1,-1,-1
340,352,1834.88,442.75,79.22,211.45,0.376,-1,-1,-1
340,1205,378.36,462.68,44.91,55.72,0.370,-1,-1,-1
340,1206,491.62,454.65,36.94,62.29,0.456,-1,-1,-1
340,1180,1675.18,428.16,106.69,206.09,0.325,-1,-1,-1
341,3,1065.10,396.49,198.45,616.34,0.904,-1,-1,-1
341,501,378.52,462.21,45.60,112.85,0.609,-1,-1,-1
341,474,486.75,453.37,41.54,106.39,0.379,-1,-1,-1
341,884,879.13,421.28,168.16,527.21,0.907,-1,-1,-1
341,970,553.14,457.84,23.96,56.34,0.410,-1,-1,-1
341,1039,675.61,480.29,55.67,113.06,0.749,-1,-1,-1
341,1118,731.96,478.19,46.60,116.19,0.801,-1,-1,-1
341,1072,417.87,463.04,39.48,105.47,0.275,-1,-1,-1
341,1133,256.26,400.64,193.90,422.00,0.926,-1,-1,-1
341,1023,1487.94,436.57,47.56,110.18,0.562,-1,-1,-1
341,825,577.37,457.46,24.40,56.84,0.317,-1,-1,-1
341,939,663.15,468.46,26.83,68.75,0.337,-1,-1,-1
341,1114,885.57,440.41,51.58,122.27,0.372,-1,-1,-1
341,1166,631.34,459.25,24.11,62.03,0.346,-1,-1,-1
341,1179,1693.77,428.77,87.74,154.05,0.381,-1,-1,-1
341,1128,1.71,439.05,148.88,344.78,0.937,-1,-1,-1
341,1152,1186.61,414.12,102.68,211.88,0.381,-1,-1,-1
341,352,1835.35,445.69,78.73,208.53,0.391,-1,-1,-1
341,1205,378.81,462.90,44.19,54.83,0.307,-1,-1,-1
341,1206,491.02,454.39,37.43,63.10,0.444,-1,-1,-1
341,1180,1675.58,427.34,107.13,207.08,0.301,-1,-1,-1
341,1198,836.99,446.17,47.29,98.40,0.336,-1,-1,-1
342,3,1065.64,395.93,198.86,616.74,0.900,-1,-1,-1
342,501,378.52,461.88,46.02,113.34,0.486,-1,-1,-1
342,474,484.21,453.94,42.53,108.37,0.347,-1,-1,-1
342,884,881.59,421.43,168.02,527.02,0.909,-1,-1,-1
342,970,550.95,457.56,24.30,56.97,0.381,-1,-1,-1
342,1039,674.51,480.44,55.61,112.84,0.731,-1,-1,-1
342,1118,732.64,478.15,46.78,116.38,0.801,-1,-1,-1
342,1072,417.44,462.38,40.03,106.40,0.329,-1,-1,-1
342,1133,258.98,406.73,194.08,415.81,0.937,-1,-1,-1
342,1023,1488.98,437.73,48.08,108.84,0.507,-1,-1,-1
342,825,576.81,458.06,24.31,56.36,0.307,-1,-1,-1
342,939,663.99,467.67,27.03,69.21,0.296,-1,-1,-1
342,1114,889.88,440.81,50.20,120.29,0.382,-1,-1,-1
342,1166,631.31,459.39,23.66,60.39,0.399,-1,-1,-1
342,1179,1692.72,428.64,88.20,154.14,0.357,-1,-1,-1
342,1128,1.79,438.32,149.29,344.61,0.935,-1,-1,-1
342,1152,1186.00,413.97,114.72,238.50,0.502,-1,-1,-1
342,352,1836.84,448.45,77.88,205.73,0.353,-1,-1,-1
342,1205,378.29,462.59,44.85,55.78,0.361,-1,-1,-1
342,1206,491.32,454.61,37.51,63.31,0.467,-1,-1,-1
342,1180,1675.75,427.02,107.27,207.14,0.328,-1,-1,-1
343,3,1067.30,396.75,199.20,615.90,0.896,-1,-1,-1
343,501,378.76,461.68,46.10,113.55,0.401,-1,-1,-1
343,474,483.62,453.44,43.11,109.11,0.410,-1,-1,-1
343,884,884.24,421.76,167.96,526.68,0.908,-1,-1,-1
343,970,554.11,458.41,24.04,56.29,0.428,-1,-1,-1
343,1039,674.42,481.82,55.12,111.21,0.748,-1,-1,-1
343,1118,733.30,477.90,46.71,115.94,0.795,-1,-1,-1
343,1072,416.28,462.76,40.54,106.52,0.298,-1,-1,-1
343,1133,259.76,408.17,196.07,414.06,0.945,-1,-1,-1
343,1023,1489.01,437.29,49.24,109.15,0.543,-1,-1,-1
343,825,576.65,458.54,24.24,56.01,0.316,-1,-1,-1
343,939,664.52,467.33,26.93,68.84,0.345,-1,-1,-1
343,1114,894.21,440.84,48.06,115.83,0.392,-1,-1,-1
343,1166,631.32,458.84,24.18,61.35,0.356,-1,-1,-1
343,1179,1693.81,428.59,88.51,154.40,0.361,-1,-1,-1
343,1128,0.00,437.60,152.88,354.06,0.905,-1,-1,-1
343,1152,1186.95,415.21,118.45,247.65,0.407,-1,-1,-1
343,352,1835.89,445.04,79.16,209.14,0.386,-1,-1,-1
343,1205,378.36,462.27,45.23,56.57,0.328,-1,-1,-1
343,1206,491.89,454.35,37.72,63.64,0.499,-1,-1,-1
343,1180,1676.05,426.83,107.49,207.04,0.376,-1,-1,-1
343,1213,1189.55,414.51,93.97,190.43,0.388,-1,-1,-1
343,1138,709.67,481.36,27.69,100.65,0.256,-1,-1,-1
344,3,1066.59,396.08,199.43,616.48,0.901,-1,-1,-1
344,501,379.89,462.00,45.45,112.08,0.349,-1,-1,-1
344,474,484.21,454.47,43.19,108.45,0.381,-1,-1,-1
344,884,886.21,421.96,167.59,526.23,0.900,-1,-1,-1
344,970,555.69,459.27,23.65,55.51,0.406,-1,-1,-1
344,1039,673.81,481.71,55.52,111.44,0.758,-1,-1,-1
344,1118,733.18,477.56,47.16,116.38,0.820,-1,-1,-1
344,1072,416.61,465.61,39.99,103.67,0.281,-1,-1,-1
344,1133,259.78,408.14,198.10,413.25,0.947,-1,-1,-1
344,1023,1489.49,435.38,50.68,110.74,0.409,-1,-1,-1
344,825,576.39,458.87,24.18,55.85,0.324,-1,-1,-1
344,939,664.75,467.60,26.57,67.99,0.323,-1,-1,-1
344,1114,896.75,440.77,47.06,114.15,0.426,-1,-1,-1
344,1166,631.65,458.59,24.79,62.74,0.418,-1,-1,-1
344,1179,1693.08,428.47,88.75,154.57,0.362,-1,-1,-1
344,1128,0.64,436.79,152.56,353.38,0.932,-1,-1,-1
344,1152,1201.88,438.43,108.74,229.98,0.359,-1,-1,-1
344,352,1836.47,446.82,78.59,207.34,0.391,-1,-1,-1
344,1205,378.86,462.12,45.18,56.94,0.319,-1,-1,-1
344,1206,493.54,454.98,37.20,62.77,0.489,-1,-1,-1
344,1180,1675.37,426.74,107.32,206.52,0.345,-1,-1,-1
344,1213,1189.57,413.19,94.89,192.40,0.331,-1,-1,-1
344,1222,795.05,476.03,33.10,57.23,0.330,-1,-1,-1
344,1138,709.11,480.69,27.73,101.23,0.253,-1,-1,-1
345,3,1067.27,396.19,199.76,616.44,0.903,-1,-1,-1
345,474,483.52,453.60,43.63,109.24,0.544,-1,-1,-1
345,884,886.63,422.06,166.98,526.28,0.897,-1,-1,-1
345,970,555.64,459.46,23.47,54.97,0.390,-1,-1,-1
345,1039,674.13,480.24,56.16,112.26,0.759,-1,-1,-1
345,1118,733.35,477.40,47.48,116.52,0.825,-1,-1,-1
345,1072,416.39,464.06,41.40,106.18,0.359,-1,-1,-1
345,1133,261.34,407.45,199.87,413.51,0.948,-1,-1,-1
345,1023,1492.55,434.08,51.02,111.42,0.352,-1,-1,-1
345,825,576.69,458.96,24.10,55.52,0.313,-1,-1,-1
345,939,665.32,467.82,26.64,68.21,0.310,-1,-1,-1
345,1114,899.00,440.94,45.76,111.11,0.363,-1,-1,-1
345,1166,631.14,459.32,25.49,64.30,0.448,-1,-1,-1
345,1179,1688.54,428.55,90.25,155.31,0.329,-1,-1,-1
345,1128,5.17,436.31,151.19,351.65,0.905,-1,-1,-1
345,1152,1194.68,422.74,116.60,248.09,0.388,-1,-1,-1
345,352,1836.12,448.94,78.16,205.91,0.418,-1,-1,-1
345,1205,381.43,461.63,43.96,56.10,0.306,-1,-1,-1
345,1206,494.22,455.12,36.48,61.68,0.391,-1,-1,-1
345,1180,1674.33,426.69,107.28,205.54,0.482,-1,-1,-1
345,1213,1191.69,413.06,92.39,187.32,0.416,-1,-1,-1
345,1222,795.59,475.91,32.98,56.98,0.316,-1,-1,-1
345,1138,706.41,479.04,29.07,104.86,0.358,-1,-1,-1
346,3,1068.05,396.09,200.08,616.32,0.898,-1,-1,-1
346,474,483.36,453.04,44.09,110.06,0.565,-1,-1,-1
346,884,887.82,422.21,165.90,525.98,0.892,-1,-1,-1
346,970,555.97,459.95,23.24,54.39,0.374,-1,-1,-1
346,1039,673.72,480.12,56.11,111.71,0.738,-1,-1,-1
346,1118,733.05,477.03,48.17,117.73,0.827,-1,-1,-1
346,1072,415.95,462.94,42.25,107.66,0.336,-1,-1,-1
346,1133,265.37,407.48,199.57,411.63,0.948,-1,-1,-1
346,1023,1497.05,432.36,50.79,113.17,0.321,-1,-1,-1
346,825,578.50,460.57,23.24,53.42,0.284,-1,-1,-1
346,939,665.96,468.84,26.32,67.32,0.288,-1,-1,-1
346,1114,902.26,442.62,43.72,106.09,0.376,-1,-1,-1
346,1166,631.32,460.15,25.75,65.07,0.499,-1,-1,-1
346,1179,1687.10,428.77,90.97,154.93,0.299,-1,-1,-1
346,1128,20.34,436.00,147.00,348.29,0.876,-1,-1,-1
346,1152,1193.19,417.23,118.77,253.85,0.318,-1,-1,-1
346,352,1836.21,450.70,77.60,204.19,0.433,-1,-1,-1
346,1205,383.01,461.12,44.26,57.61,0.300,-1,-1,-1
346,1206,494.99,455.14,36.38,61.66,0.389,-1,-1,-1
346,1180,1673.98,426.67,107.60,205.55,0.479,-1,-1,-1
346,1213,1192.71,412.62,92.10,186.81,0.405,-1,-1,-1
346,1222,796.76,476.07,33.57,58.02,0.313,-1,-1,-1
346,1138,706.30,478.89,29.38,105.45,0.334,-1,-1,-1
346,1232,1243.53,448.34,34.34,78.28,0.357,-1,-1,-1
347,3,1068.48,395.56,200.60,616.82,0.905,-1,-1,-1
347,474,483.14,453.08,44.26,110.10,0.527,-1,-1,-1
347,884,888.64,422.20,164.98,525.85,0.894,-1,-1,-1
347,970,555.19,459.48,23.40,54.69,0.352,-1,-1,-1
347,1039,673.09,481.17,55.48,109.70,0.737,-1,-1,-1
347,1118,732.96,476.78,48.65,118.63,0.823,-1,-1,-1
347,1072,416.05,462.73,42.30,107.47,0.293,-1,-1,-1
347,1133,271.39,405.04,199.04,412.35,0.942,-1,-1,-1
347,1023,1497.71,432.91,49.96,112.45,0.467,-1,-1,-1
347,825,579.51,460.79,23.07,52.81,0.292,-1,-1,-1
347,939,666.15,468.66,26.41,67.54,0.270,-1,-1,-1
347,1114,903.91,445.05,42.44,102.46,0.332,-1,-1,-1
347,1166,631.15,460.31,25.90,65.56,0.493,-1,-1,-1
347,1179,1685.08,428.89,92.67,156.24,0.347,-1,-1,-1
347,1128,36.38,435.36,144.17,347.06,0.866,-1,-1,-1
347,1152,1192.27,414.19,122.52,263.92,0.295,-1,-1,-1
347,352,1835.85,450.37,77.78,204.15,0.410,-1,-1,-1
347,1206,496.28,455.55,36.16,61.52,0.366,-1,-1,-1
347,1180,1674.05,427.32,107.58,204.84,0.451,-1,-1,-1
347,1213,1193.74,412.02,89.49,181.67,0.390,-1,-1,-1
347,1222,796.85,477.03,32.41,55.96,0.291,-1,-1,-1
347,1138,707.66,479.66,29.14,104.21,0.314,-1,-1,-1
347,1232,1243.28,448.56,34.27,78.19,0.380,-1,-1,-1
348,3,1068.84,395.22,201.00,617.28,0.904,-1,-1,-1
348,474,482.67,452.94,44.21,110.13,0.523,-1,-1,-1
348,884,889.94,422.19,164.24,526.32,0.901,-1,-1,-1
348,970,554.68,457.81,24.21,56.50,0.385,-1,-1,-1
348,1039,672.70,480.10,55.73,109.95,0.721,-1,-1,-1
348,1118,732.40,475.36,49.19,119.69,0.823,-1,-1,-1
348,1072,416.29,468.94,40.57,102.54,0.353,-1,-1,-1
348,1133,280.33,403.55,196.07,410.68,0.941,-1,-1,-1
348,1023,1499.17,430.79,50.21,114.78,0.564,-1,-1,-1
348,825,579.82,457.99,24.04,55.11,0.296,-1,-1,-1
348,1114,906.81,452.52,39.88,96.31,0.260,-1,-1,-1
348,1166,630.16,459.39,26.41,66.63,0.556,-1,-1,-1
348,1179,1690.05,427.10,92.52,156.65,0.291,-1,-1,-1
348,1128,51.08,435.07,142.21,347.78,0.884,-1,-1,-1
348,352,1835.05,449.22,78.16,204.31,0.282,-1,-1,-1
348,1206,495.69,455.58,35.57,60.98,0.294,-1,-1,-1
348,1213,1194.96,413.44,89.92,182.82,0.444,-1,-1,-1
348,1138,708.99,479.48,28.69,103.44,0.272,-1,-1,-1
348,1232,1243.80,448.68,33.14,75.74,0.340,-1,-1,-1
349,3,1069.44,395.51,201.60,617.19,0.908,-1,-1,-1
349,474,481.45,451.56,44.60,111.61,0.598,-1,-1,-1
349,884,891.21,422.08,163.59,526.48,0.902,-1,-1,-1
349,970,554.86,457.41,24.32,56.59,0.353,-1,-1,-1
349,1039,672.54,479.61,56.06,110.53,0.713,-1,-1,-1
349,1118,732.08,474.61,48.99,119.46,0.814,-1,-1,-1
349,1072,416.89,468.52,40.68,103.36,0.327,-1,-1,-1
349,1133,289.45,401.42,191.17,406.85,0.939,-1,-1,-1
349,1023,1500.96,429.77,49.91,116.06,0.491,-1,-1,-1
349,825,579.44,457.07,24.48,56.20,0.346,-1,-1,-1
349,1114,909.11,458.49,36.66,87.71,0.270,-1,-1,-1
349,1166,630.05,459.86,26.10,65.72,0.497,-1,-1,-1
349,1179,1693.25,427.52,91.23,155.34,0.347,-1,-1,-1
349,1128,61.09,435.27,140.64,347.20,0.867,-1,-1,-1
349,352,1834.85,447.26,79.15,206.30,0.347,-1,-1,-1
349,1213,1195.79,413.58,88.14,179.72,0.467,-1,-1,-1
349,1138,709.76,479.25,28.61,103.94,0.300,-1,-1,-1
349,1232,1244.00,449.02,33.27,76.14,0.345,-1,-1,-1
349,1180,1673.35,422.13,110.25,210.43,0.271,-1,-1,-1
350,3,1069.20,395.22,202.24,617.21,0.911,-1,-1,-1
350,474,480.70,450.20,44.88,112.90,0.628,-1,-1,-1
350,884,893.09,422.11,162.95,526.58,0.901,-1,-1,-1
350,970,554.54,457.89,23.96,55.78,0.312,-1,-1,-1
350,1039,672.86,477.75,56.59,111.43,0.716,-1,-1,-1
350,1118,732.07,474.31,48.58,118.80,0.805,-1,-1,-1
350,1072,417.79,468.19,40.19,103.25,0.288,-1,-1,-1
350,1133,300.35,397.80,186.31,406.36,0.929,-1,-1,-1
350,1023,1504.76,430.94,48.60,114.97,0.508,-1,-1,-1
350,825,579.29,456.68,24.61,56.67,0.298,-1,-1,-1
350,1114,911.39,459.94,36.06,85.95,0.255,-1,-1,-1
350,1166,630.12,460.42,25.37,63.86,0.446,-1,-1,-1
350,1179,1694.12,427.06,90.90,155.51,0.330,-1,-1,-1
350,1128,72.19,435.52,141.09,346.87,0.900,-1,-1,-1
350,352,1834.63,444.43,80.29,208.88,0.334,-1,-1,-1
350,1213,1196.93,413.08,86.84,177.66,0.406,-1,-1,-1
350,1232,1243.41,448.81,33.82,77.29,0.357,-1,-1,-1
350,939,664.54,463.51,28.07,72.65,0.262,-1,-1,-1
351,3,1068.60,394.89,202.93,617.69,0.908,-1,-1,-1
351,474,480.69,450.53,44.24,112.51,0.632,-1,-1,-1
351,884,891.76,422.13,161.57,526.31,0.897,-1,-1,-1
351,970,554.44,457.82,23.95,55.70,0.357,-1,-1,-1
351,1039,672.80,478.61,56.35,110.71,0.752,-1,-1,-1
351,1118,732.44,473.98,48.40,119.08,0.808,-1,-1,-1
351,1133,314.36,396.73,179.26,404.36,0.908,-1,-1,-1
351,1023,1508.83,431.21,47.67,114.93,0.527,-1,-1,-1
351,825,579.59,456.51,24.67,56.94,0.324,-1,-1,-1
351,1166,630.01,461.02,24.92,62.94,0.463,-1,-1,-1
351,1179,1695.27,427.06,90.11,155.04,0.319,-1,-1,-1
351,1128,86.46,436.83,142.94,345.27,0.926,-1,-1,-1
351,352,1834.50,445.11,80.19,208.26,0.346,-1,-1,-1
351,1213,1198.39,412.90,84.86,174.58,0.391,-1,-1,-1
351,1232,1243.21,448.26,33.48,76.46,0.319,-1,-1,-1
351,1264,830.23,461.74,35.13,80.09,0.380,-1,-1,-1
351,1265,1223.93,452.81,56.00,132.95,0.429,-1,-1,-1
351,1266,0.00,521.19,52.77,336.45,0.471,-1,-1,-1
351,939,664.69,463.42,27.75,72.50,0.289,-1,-1,-1
351,1222,798.06,476.30,37.97,66.58,0.306,-1,-1,-1
352,3,1068.17,393.84,203.60,618.63,0.913,-1,-1,-1
352,474,480.39,450.81,43.73,112.10,0.685,-1,-1,-1
352,884,894.20,422.14,160.87,525.81,0.894,-1,-1,-1
352,970,555.10,457.78,23.95,55.56,0.332,-1,-1,-1
352,1039,673.26,480.21,54.65,106.63,0.734,-1,-1,-1
352,1118,732.35,475.11,47.94,118.40,0.809,-1,-1,-1
352,1133,327.50,397.03,172.56,403.75,0.870,-1,-1,-1
352,1023,1511.02,431.49,46.31,114.48,0.363,-1,-1,-1
352,825,580.52,456.67,24.54,56.71,0.320,-1,-1,-1
352,1166,629.62,460.62,24.77,62.74,0.431,-1,-1,-1
352,1179,1694.63,426.98,89.98,155.28,0.318,-1,-1,-1
352,1128,97.80,439.38,146.17,342.32,0.910,-1,-1,-1
352,352,1835.49,447.27,79.04,206.45,0.311,-1,-1,-1
352,1213,1198.39,412.62,83.98,173.68,0.391,-1,-1,-1
352,1232,1243.24,447.96,33.57,76.73,0.266,-1,-1,-1
352,1264,833.27,462.11,35.37,80.48,0.360,-1,-1,-1
352,1265,1222.22,444.45,59.58,141.65,0.296,-1,-1,-1
352,1266,0.20,466.88,63.01,390.39,0.580,-1,-1,-1
352,939,664.84,463.01,27.36,72.08,0.276,-1,-1,-1
352,1138,709.15,478.67,27.88,101.69,0.252,-1,-1,-1
353,3,1068.04,393.43,204.26,619.23,0.910,-1,-1,-1
353,474,479.73,450.57,43.56,112.36,0.587,-1,-1,-1
353,884,893.72,422.03,160.27,526.26,0.898,-1,-1,-1
353,970,552.59,457.56,24.04,55.80,0.350,-1,-1,-1
353,1039,673.79,478.99,55.48,108.04,0.708,-1,-1,-1
353,1118,731.87,474.93,48.17,119.41,0.810,-1,-1,-1
353,1133,340.18,397.62,167.04,404.47,0.846,-1,-1,-1
353,1023,1514.75,432.51,45.32,113.54,0.465,-1,-1,-1
353,825,580.02,456.63,24.52,56.86,0.342,-1,-1,-1
353,1166,629.25,458.97,25.11,63.65,0.411,-1,-1,-1
353,1179,1693.48,427.19,89.93,155.34,0.272,-1,-1,-1
353,1128,104.12,439.78,151.21,341.77,0.924,-1,-1,-1
353,352,1835.50,450.69,77.50,203.12,0.274,-1,-1,-1
353,1232,1243.59,448.30,33.89,77.69,0.306,-1,-1,-1
353,1264,835.51,462.74,35.22,80.01,0.336,-1,-1,-1
353,1265,1224.92,446.66,58.10,138.38,0.401,-1,-1,-1
353,1266,3.43,445.21,66.72,411.69,0.712,-1,-1,-1
353,939,664.57,461.31,27.69,73.40,0.333,-1,-1,-1
354,3,1068.83,393.73,204.68,618.77,0.904,-1,-1,-1
354,474,478.34,450.52,43.40,112.36,0.601,-1,-1,-1
354,884,895.03,422.18,159.18,523.79,0.897,-1,-1,-1
354,970,552.32,457.33,24.35,56.29,0.378,-1,-1,-1
354,1039,673.61,479.02,56.07,108.96,0.713,-1,-1,-1
354,1118,731.87,475.95,48.18,119.66,0.817,-1,-1,-1
354,1133,352.19,398.16,161.91,403.11,0.872,-1,-1,-1
354,1023,1516.31,431.38,45.33,114.75,0.377,-1,-1,-1
354,825,580.72,456.01,24.68,57.22,0.323,-1,-1,-1
354,1166,629.00,458.59,25.16,63.49,0.422,-1,-1,-1
354,1179,1693.38,427.33,89.58,154.88,0.264,-1,-1,-1
354,1128,109.45,440.73,155.72,340.11,0.940,-1,-1,-1
354,1232,1243.86,448.56,34.31,78.85,0.314,-1,-1,-1
354,1264,836.69,463.01,35.11,79.72,0.352,-1,-1,-1
354,1265,1226.77,448.55,57.94,138.33,0.436,-1,-1,-1
354,1266,7.56,436.75,68.75,419.81,0.820,-1,-1,-1
354,939,664.50,461.55,27.31,72.73,0.263,-1,-1,-1
354,1138,708.24,477.40,28.23,103.04,0.253,-1,-1,-1
355,3,1069.08,393.52,205.40,618.84,0.907,-1,-1,-1
355,474,477.28,449.79,43.56,112.94,0.608,-1,-1,-1
355,884,896.65,422.14,159.25,523.51,0.889,-1,-1,-1
355,970,553.00,458.94,23.73,54.74,0.429,-1,-1,-1
355,1039,673.06,480.01,56.22,108.64,0.738,-1,-1,-1
355,1118,732.29,477.82,47.63,117.99,0.807,-1,-1,-1
355,1133,362.51,399.24,158.54,400.86,0.879,-1,-1,-1
355,1023,1519.88,429.14,46.35,117.08,0.477,-1,-1,-1
355,825,580.80,456.93,24.37,56.30,0.334,-1,-1,-1
355,1166,628.30,458.69,24.99,62.65,0.386,-1,-1,-1
355,1179,1692.53,428.12,89.48,154.25,0.388,-1,-1,-1
355,1128,111.20,441.09,160.86,340.05,0.940,-1,-1,-1
355,1232,1242.93,448.67,35.01,80.85,0.326,-1,-1,-1
355,1264,835.03,462.85,35.10,79.38,0.359,-1,-1,-1
355,1265,1227.06,447.55,57.84,138.78,0.348,-1,-1,-1
355,1266,15.63,439.40,70.11,416.96,0.849,-1,-1,-1
355,1283,1059.75,441.45,61.60,206.64,0.596,-1,-1,-1
355,1285,1835.24,405.25,82.70,248.81,0.351,-1,-1,-1
355,1180,1674.20,425.17,108.66,207.01,0.256,-1,-1,-1
356,3,1069.84,392.63,206.45,619.47,0.927,-1,-1,-1
356,474,476.23,449.55,43.85,113.03,0.571,-1,-1,-1
356,884,897.57,422.13,158.59,521.34,0.891,-1,-1,-1
356,970,553.95,459.64,23.47,53.99,0.404,-1,-1,-1
356,1039,673.26,480.07,56.37,108.19,0.761,-1,-1,-1
356,1118,732.82,479.17,46.80,115.67,0.801,-1,-1,-1
356,1133,373.83,400.15,157.42,399.18,0.882,-1,-1,-1
356,1023,1521.72,429.92,46.28,116.21,0.401,-1,-1,-1
356,825,580.60,457.79,23.98,55.21,0.337,-1,-1,-1
356,1166,627.91,458.66,25.52,63.69,0.451,-1,-1,-1
356,1179,1691.28,427.58,90.10,154.76,0.281,-1,-1,-1
356,1128,115.61,440.78,163.82,337.92,0.941,-1,-1,-1
356,1232,1241.90,448.33,37.35,87.28,0.397,-1,-1,-1
356,1264,834.14,462.80,35.20,79.33,0.374,-1,-1,-1
356,1266,31.46,440.00,74.28,416.36,0.899,-1,-1,-1
356,1283,1057.30,439.12,62.29,209.18,0.675,-1,-1,-1
356,1285,1839.37,436.24,72.72,218.20,0.377,-1,-1,-1
356,939,663.97,463.47,26.47,70.74,0.255,-1,-1,-1
357,3,1069.12,393.42,206.57,618.80,0.918,-1,-1,-1
357,474,476.62,451.22,42.78,109.71,0.452,-1,-1,-1
357,884,898.31,422.34,157.96,520.80,0.885,-1,-1,-1
357,970,553.60,458.96,23.82,54.66,0.388,-1,-1,-1
357,1039,673.75,479.62,56.95,108.18,0.757,-1,-1,-1
357,1118,733.00,479.22,46.31,114.40,0.794,-1,-1,-1
357,1133,386.86,399.89,158.32,399.16,0.880,-1,-1,-1
357,1023,1524.24,432.00,46.09,114.00,0.448,-1,-1,-1
357,825,579.44,457.32,24.34,55.98,0.317,-1,-1,-1
357,1166,627.35,458.77,26.14,65.02,0.529,-1,-1,-1
357,1179,1687.26,427.81,92.06,156.18,0.401,-1,-1,-1
357,1128,123.73,440.96,163.22,331.39,0.922,-1,-1,-1
357,1232,1241.09,448.49,39.51,93.78,0.393,-1,-1,-1
357,1264,833.56,462.16,35.18,79.31,0.350,-1,-1,-1
357,1266,46.36,438.27,81.03,417.35,0.942,-1,-1,-1
357,1283,1056.35,432.73,64.16,215.43,0.684,-1,-1,-1
357,1285,1840.01,449.29,68.77,205.29,0.313,-1,-1,-1
357,939,663.57,463.99,26.42,70.80,0.261,-1,-1,-1
357,1222,805.78,479.25,38.81,69.50,0.324,-1,-1,-1
357,1180,1673.40,425.65,109.41,207.36,0.273,-1,-1,-1
358,3,1069.10,392.94,207.36,619.39,0.916,-1,-1,-1
358,474,476.19,450.84,42.83,109.70,0.388,-1,-1,-1
358,884,899.44,421.93,156.80,517.86,0.883,-1,-1,-1
358,970,554.29,458.42,24.03,55.20,0.393,-1,-1,-1
358,1039,672.92,477.93,58.52,110.59,0.750,-1,-1,-1
358,1118,732.10,477.49,47.47,117.32,0.786,-1,-1,-1
358,1133,396.54,401.70,158.89,396.72,0.901,-1,-1,-1
358,1023,1526.68,430.18,46.71,115.45,0.440,-1,-1,-1
358,825,578.87,456.50,24.73,57.03,0.311,-1,-1,-1
358,1166,627.03,458.55,26.68,66.55,0.486,-1,-1,-1
358,1179,1689.43,427.81,91.88,155.61,0.313,-1,-1,-1
358,1128,130.17,440.88,161.96,325.74,0.922,-1,-1,-1
358,1232,1241.96,448.15,40.32,97.24,0.401,-1,-1,-1
358,1264,832.38,461.61,35.98,80.69,0.376,-1,-1,-1
358,1266,54.61,440.37,88.48,414.89,0.945,-1,-1,-1
358,1283,1053.20,429.43,64.90,217.89,0.697,-1,-1,-1
358,1285,1840.01,451.95,68.12,202.06,0.291,-1,-1,-1
358,939,664.00,463.93,26.85,72.31,0.270,-1,-1,-1
359,3,1068.95,393.33,207.85,619.05,0.908,-1,-1,-1
359,474,476.72,452.82,42.20,108.26,0.448,-1,-1,-1
359,884,901.37,421.94,156.48,517.43,0.898,-1,-1,-1
359,970,553.40,457.42,24.51,56.22,0.370,-1,-1,-1
359,1039,672.64,478.43,58.08,108.79,0.760,-1,-1,-1
359,1118,731.86,476.60,48.08,119.17,0.798,-1,-1,-1
359,1133,406.26,402.07,161.70,396.49,0.925,-1,-1,-1
359,1023,1529.73,430.78,46.44,114.62,0.480,-1,-1,-1
359,825,579.15,456.48,24.68,57.10,0.330,-1,-1,-1
359,1166,626.89,458.69,26.26,65.49,0.474,-1,-1,-1
359,1179,1691.73,427.79,91.52,155.32,0.340,-1,-1,-1
359,1128,136.25,440.23,161.07,324.14,0.919,-1,-1,-1
359,1232,1242.51,447.47,40.44,98.79,0.413,-1,-1,-1
359,1264,833.51,461.81,35.77,79.94,0.382,-1,-1,-1
359,1266,58.12,442.49,96.68,412.62,0.946,-1,-1,-1
359,1283,1048.37,429.96,64.25,215.89,0.612,-1,-1,-1
359,1285,1840.16,449.96,69.11,203.64,0.346,-1,-1,-1
359,1138,707.00,477.13,28.77,104.47,0.270,-1,-1,-1
360,3,1068.49,393.38,208.56,619.33,0.908,-1,-1,-1
360,474,475.51,453.65,42.30,108.37,0.371,-1,-1,-1
360,884,904.29,421.96,155.77,515.91,0.887,-1,-1,-1
360,970,553.01,458.06,24.28,55.67,0.380,-1,-1,-1
360,1039,672.00,477.39,59.55,111.89,0.702,-1,-1,-1
360,1118,732.04,476.35,47.45,117.17,0.786,-1,-1,-1
360,1133,410.94,403.85,164.12,394.28,0.924,-1,-1,-1
360,1023,1531.92,432.35,45.73,112.88,0.483,-1,-1,-1
360,825,579.32,456.97,24.49,56.62,0.328,-1,-1,-1
360,1166,626.66,460.00,26.30,65.56,0.496,-1,-1,-1
360,1179,1692.00,428.18,91.32,154.93,0.370,-1,-1,-1
360,1128,141.06,439.68,160.45,324.00,0.914,-1,-1,-1
360,1232,1242.58,447.67,40.46,99.52,0.409,-1,-1,-1
360,1264,833.48,461.83,35.88,79.73,0.372,-1,-1,-1
360,1266,58.81,443.53,105.38,411.30,0.944,-1,-1,-1
360,1283,1042.85,426.73,65.14,219.91,0.556,-1,-1,-1
360,1285,1839.50,452.78,68.79,201.02,0.307,-1,-1,-1
360,1138,703.36,473.71,30.83,110.08,0.284,-1,-1,-1
360,939,663.55,464.18,26.51,71.28,0.278,-1,-1,-1
361,3,1067.39,393.44,209.06,619.17,0.908,-1,-1,-1
361,474,477.07,453.15,42.55,110.01,0.276,-1,-1,-1
361,884,905.52,421.30,155.37,515.77,0.885,-1,-1,-1
361,970,553.45,458.67,23.95,54.97,0.365,-1,-1,-1
361,1039,669.49,477.85,59.74,112.29,0.707,-1,-1,-1
361,1118,731.30,475.69,48.39,119.24,0.797,-1,-1,-1
361,1133,413.31,404.81,167.29,393.46,0.931,-1,-1,-1
361,1023,1534.26,433.72,44.87,111.35,0.415,-1,-1,-1
361,825,579.39,456.94,24.66,56.95,0.311,-1,-1,-1
361,1166,626.65,460.38,26.70,66.70,0.569,-1,-1,-1
361,1179,1689.77,428.67,91.68,155.06,0.373,-1,-1,-1
361,1128,145.01,438.56,160.35,326.63,0.883,-1,-1,-1
361,1232,1242.62,447.09,40.35,100.11,0.340,-1,-1,-1
361,1264,833.79,461.98,35.65,78.84,0.358,-1,-1,-1
361,1266,56.96,443.68,114.48,411.07,0.946,-1,-1,-1
361,1283,1037.39,429.33,63.91,216.82,0.511,-1,-1,-1
361,1285,1844.66,475.51,61.31,179.08,0.437,-1,-1,-1
361,1138,701.69,474.87,31.43,111.01,0.377,-1,-1,-1
361,1180,1673.71,427.40,108.79,206.04,0.274,-1,-1,-1
362,3,1067.40,394.98,209.06,617.58,0.909,-1,-1,-1
362,884,908.94,420.91,155.66,515.59,0.885,-1,-1,-1
362,970,553.43,458.50,24.04,55.14,0.366,-1,-1,-1
362,1039,668.93,474.24,61.37,115.02,0.688,-1,-1,-1
362,1118,731.48,476.34,48.44,119.01,0.803,-1,-1,-1
362,1133,414.41,405.44,170.51,393.05,0.936,-1,-1,-1
362,1023,1535.15,433.45,44.60,111.66,0.418,-1,-1,-1
362,825,579.95,456.30,24.90,57.53,0.340,-1,-1,-1
362,1166,626.81,460.53,26.65,66.74,0.492,-1,-1,-1
362,1179,1692.74,428.28,90.78,154.37,0.294,-1,-1,-1
362,1128,151.76,437.12,158.25,327.23,0.891,-1,-1,-1
362,1232,1242.78,446.96,40.54,101.78,0.356,-1,-1,-1
362,1264,834.15,461.93,35.88,79.14,0.361,-1,-1,-1
362,1266,54.63,443.68,123.64,411.36,0.945,-1,-1,-1
362,1283,1035.61,440.04,60.68,206.12,0.503,-1,-1,-1
362,1285,1846.46,481.16,59.38,173.49,0.433,-1,-1,-1
362,1138,702.48,471.97,32.01,112.75,0.279,-1,-1,-1
363,3,1067.21,395.01,209.38,617.49,0.904,-1,-1,-1
363,884,912.68,419.85,155.92,515.53,0.888,-1,-1,-1
363,970,553.53,457.85,24.15,55.31,0.350,-1,-1,-1
363,1039,672.64,469.70,63.32,119.92,0.688,-1,-1,-1
363,1118,731.21,476.00,48.63,119.08,0.791,-1,-1,-1
363,1133,412.27,406.20,173.53,392.06,0.932,-1,-1,-1
363,1023,1536.52,430.96,44.94,114.11,0.360,-1,-1,-1
363,825,579.85,455.64,25.20,58.28,0.369,-1,-1,-1
363,1166,627.20,460.24,26.68,66.79,0.492,-1,-1,-1
363,1179,1690.72,427.33,91.63,155.69,0.337,-1,-1,-1
363,1128,160.12,436.12,154.52,327.23,0.890,-1,-1,-1
363,1232,1243.57,446.93,39.96,100.52,0.396,-1,-1,-1
363,1264,834.54,462.08,36.16,79.04,0.397,-1,-1,-1
363,1266,50.97,443.44,132.45,411.78,0.949,-1,-1,-1
363,1283,1035.56,453.93,56.77,192.04,0.453,-1,-1,-1
363,1285,1847.43,484.00,58.25,170.45,0.313,-1,-1,-1
363,1304,1837.93,453.83,73.45,201.26,0.392,-1,-1,-1
363,1307,377.08,461.90,42.21,59.49,0.402,-1,-1,-1
363,939,661.14,459.84,27.17,72.84,0.264,-1,-1,-1
364,3,1069.37,395.44,209.86,616.67,0.906,-1,-1,-1
364,884,915.08,420.28,155.73,515.27,0.891,-1,-1,-1
364,970,555.19,457.48,24.58,55.95,0.351,-1,-1,-1
364,1039,671.19,471.86,63.20,119.49,0.683,-1,-1,-1
364,1118,731.87,477.13,48.69,119.02,0.791,-1,-1,-1
364,1133,413.44,407.31,176.13,391.05,0.941,-1,-1,-1
364,1023,1539.46,432.10,43.52,112.30,0.421,-1,-1,-1
364,825,580.07,455.62,25.19,58.13,0.353,-1,-1,-1
364,1166,626.70,459.35,26.85,67.22,0.468,-1,-1,-1
364,1179,1691.22,427.46,91.39,155.58,0.270,-1,-1,-1
364,1128,170.69,435.15,150.06,328.27,0.887,-1,-1,-1
364,1232,1244.85,447.60,39.57,99.48,0.416,-1,-1,-1
364,1264,834.60,462.30,36.35,79.43,0.362,-1,-1,-1
364,1266,47.41,442.95,140.61,411.56,0.951,-1,-1,-1
364,1283,1032.48,445.38,59.11,200.76,0.338,-1,-1,-1
364,1285,1847.39,483.76,58.20,170.84,0.396,-1,-1,-1
364,1304,1835.16,429.68,81.99,225.07,0.322,-1,-1,-1
364,1307,378.63,461.96,41.55,58.44,0.445,-1,-1,-1
365,3,1073.38,396.45,211.42,615.69,0.886,-1,-1,-1
365,884,917.67,420.88,155.66,515.02,0.886,-1,-1,-1
365,970,556.09,458.94,24.01,54.76,0.358,-1,-1,-1
365,1039,674.07,474.13,61.81,117.25,0.700,-1,-1,-1
365,1118,731.66,478.16,48.68,118.87,0.807,-1,-1,-1
365,1133,413.46,409.33,178.20,388.87,0.942,-1,-1,-1
365,1023,1544.00,428.92,43.84,115.92,0.390,-1,-1,-1
365,825,580.35,456.32,24.76,57.11,0.339,-1,-1,-1
365,1166,627.71,460.11,26.35,66.07,0.439,-1,-1,-1
365,1179,1689.20,427.87,91.81,155.89,0.348,-1,-1,-1
365,1128,181.84,435.43,145.09,328.24,0.870,-1,-1,-1
365,1232,1245.05,447.14,40.16,100.73,0.416,-1,-1,-1
365,1264,835.19,462.89,36.03,78.70,0.384,-1,-1,-1
365,1266,44.75,441.72,147.78,409.88,0.944,-1,-1,-1
365,1285,1842.95,460.31,66.32,193.98,0.361,-1,-1,-1
365,1304,1834.05,418.56,85.63,235.67,0.350,-1,-1,-1
365,1307,380.52,462.49,40.54,56.72,0.452,-1,-1,-1
365,501,376.74,461.49,46.62,110.87,0.251,-1,-1,-1
366,3,1072.38,396.77,212.60,615.28,0.897,-1,-1,-1
366,884,919.93,420.17,156.21,515.74,0.905,-1,-1,-1
366,970,556.07,459.74,23.76,54.19,0.347,-1,-1,-1
366,1039,673.58,475.97,60.65,114.00,0.691,-1,-1,-1
366,1118,731.51,477.92,48.29,117.68,0.783,-1,-1,-1
366,1133,414.48,410.33,179.51,385.51,0.943,-1,-1,-1
366,1023,1544.93,428.77,42.92,116.00,0.393,-1,-1,-1
366,825,581.01,456.70,24.44,56.41,0.355,-1,-1,-1
366,1166,628.43,459.86,26.36,65.93,0.442,-1,-1,-1
366,1179,1687.25,427.80,92.56,156.36,0.307,-1,-1,-1
366,1128,192.24,434.97,141.17,328.56,0.873,-1,-1,-1
366,1232,1246.12,447.34,39.52,98.89,0.435,-1,-1,-1
366,1264,834.49,462.97,35.95,78.10,0.386,-1,-1,-1
366,1266,44.68,441.38,153.25,406.12,0.926,-1,-1,-1
366,1285,1845.68,474.91,61.62,179.84,0.447,-1,-1,-1
366,1304,1832.39,419.08,85.66,236.05,0.252,-1,-1,-1
366,1307,380.91,462.37,40.25,55.99,0.414,-1,-1,-1
366,501,376.62,461.46,47.82,113.06,0.471,-1,-1,-1
367,3,1073.80,395.71,214.68,616.25,0.883,-1,-1,-1
367,884,922.65,419.29,156.59,516.74,0.904,-1,-1,-1
367,970,556.70,459.03,24.08,54.87,0.399,-1,-1,-1
367,1039,679.00,475.90,59.07,112.95,0.736,-1,-1,-1
367,1118,731.02,478.96,47.76,116.54,0.796,-1,-1,-1
367,1133,415.09,410.75,180.46,382.27,0.946,-1,-1,-1
367,825,581.16,456.14,24.54,56.50,0.406,-1,-1,-1
367,1166,628.72,459.10,26.19,65.44,0.435,-1,-1,-1
367,1179,1689.98,427.81,91.91,155.77,0.270,-1,-1,-1
367,1128,202.96,434.16,138.94,329.67,0.880,-1,-1,-1
367,1232,1247.74,447.39,39.14,97.65,0.453,-1,-1,-1
367,1264,833.76,462.01,36.51,78.98,0.388,-1,-1,-1
367,1266,51.25,440.94,154.77,397.81,0.918,-1,-1,-1
367,1285,1847.40,481.50,59.42,173.33,0.360,-1,-1,-1
367,1304,1835.09,440.30,78.19,215.09,0.435,-1,-1,-1
367,501,376.00,461.53,48.47,114.28,0.667,-1,-1,-1
368,3,1074.63,396.02,216.33,615.67,0.878,-1,-1,-1
368,884,924.42,418.28,156.85,517.72,0.912,-1,-1,-1
368,970,558.08,458.00,24.60,55.95,0.358,-1,-1,-1
368,1039,680.54,475.17,58.31,112.86,0.734,-1,-1,-1
368,1118,731.06,479.86,46.59,113.47,0.770,-1,-1,-1
368,1133,415.31,409.17,182.38,382.41,0.945,-1,-1,-1
368,825,580.04,455.74,24.84,57.02,0.404,-1,-1,-1
368,1166,628.51,458.56,26.42,65.87,0.445,-1,-1,-1
368,1179,1689.89,428.44,91.64,155.41,0.273,-1,-1,-1
368,1128,216.79,434.42,138.24,329.42,0.902,-1,-1,-1
368,1232,1248.75,446.26,39.77,97.84,0.425,-1,-1,-1
368,1264,834.33,462.09,36.67,79.13,0.374,-1,-1,-1
368,1266,64.40,439.44,153.11,388.38,0.919,-1,-1,-1
368,1285,1848.97,484.86,58.34,170.04,0.264,-1,-1,-1
368,1304,1836.08,446.97,76.19,208.98,0.419,-1,-1,-1
368,501,375.47,461.53,49.15,114.84,0.660,-1,-1,-1
369,3,1075.57,396.73,218.15,614.85,0.881,-1,-1,-1
369,884,925.69,416.98,157.01,518.71,0.909,-1,-1,-1
369,970,558.59,454.87,25.70,58.65,0.302,-1,-1,-1
369,1039,679.50,473.33,58.75,114.75,0.710,-1,-1,-1
369,1118,730.90,479.76,46.43,113.16,0.772,-1,-1,-1
369,1133,417.10,406.23,184.32,384.68,0.946,-1,-1,-1
369,825,579.75,455.07,25.12,57.49,0.394,-1,-1,-1
369,1166,628.54,458.10,26.86,66.55,0.425,-1,-1,-1
369,1179,1690.07,428.39,91.83,155.98,0.350,-1,-1,-1
369,1128,230.61,435.07,138.81,329.32,0.923,-1,-1,-1
369,1232,1249.02,445.28,40.49,98.57,0.418,-1,-1,-1
369,1264,834.69,462.54,36.49,78.74,0.375,-1,-1,-1
369,1266,79.47,438.40,151.47,384.60,0.896,-1,-1,-1
369,1304,1835.96,448.85,75.91,207.53,0.406,-1,-1,-1
369,501,374.90,461.33,49.33,114.93,0.689,-1,-1,-1
369,1180,1673.51,427.81,108.21,205.73,0.254,-1,-1,-1
370,3,1078.27,397.15,220.90,614.46,0.881,-1,-1,-1
370,884,927.68,415.24,157.11,520.21,0.908,-1,-1,-1
370,1039,680.78,474.68,57.37,113.66,0.667,-1,-1,-1
370,1118,730.71,478.90,46.30,112.90,0.762,-1,-1,-1
370,1133,420.39,405.69,183.89,383.54,0.948,-1,-1,-1
370,825,579.50,454.63,25.07,57.31,0.361,-1,-1,-1
370,1166,627.54,457.72,27.27,67.16,0.434,-1,-1,-1
370,1179,1689.90,428.73,91.55,155.27,0.318,-1,-1,-1
370,1128,242.90,435.37,140.37,328.88,0.928,-1,-1,-1
370,1232,1249.37,445.77,40.68,97.89,0.398,-1,-1,-1
370,1264,835.76,463.03,36.47,78.78,0.326,-1,-1,-1
370,1266,97.43,436.39,149.29,385.65,0.876,-1,-1,-1
370,1304,1837.04,450.81,75.35,205.58,0.417,-1,-1,-1
370,501,374.58,461.38,49.47,114.95,0.712,-1,-1,-1
370,1327,1066.87,464.93,54.32,130.82,0.349,-1,-1,-1
371,3,1076.14,396.92,222.63,614.43,0.881,-1,-1,-1
371,884,929.50,414.12,157.00,521.49,0.912,-1,-1,-1
371,1039,679.93,471.28,58.37,117.58,0.588,-1,-1,-1
371,1118,730.11,478.21,46.63,113.80,0.774,-1,-1,-1
371,1133,426.70,404.23,181.49,380.61,0.948,-1,-1,-1
371,825,581.54,454.26,24.88,56.96,0.360,-1,-1,-1
371,1166,626.90,457.45,27.28,66.87,0.415,-1,-1,-1
371,1179,1691.16,428.24,91.40,155.38,0.322,-1,-1,-1
371,1128,251.13,436.58,142.55,327.93,0.926,-1,-1,-1
371,1232,1249.46,445.69,41.03,97.68,0.406,-1,-1,-1
371,1264,835.24,463.28,36.08,78.36,0.316,-1,-1,-1
371,1266,112.20,435.92,146.09,385.35,0.876,-1,-1,-1
371,1304,1836.78,449.34,75.93,206.55,0.388,-1,-1,-1
371,501,374.54,461.13,49.60,115.10,0.711,-1,-1,-1
371,1327,1069.04,457.66,57.20,137.67,0.310,-1,-1,-1
371,1331,661.49,464.28,65.08,127.41,0.493,-1,-1,-1
371,1332,1303.44,429.82,36.68,113.88,0.333,-1,-1,-1
371,1072,416.14,456.42,41.44,108.93,0.348,-1,-1,-1
371,970,559.73,455.93,25.17,57.94,0.331,-1,-1,-1
372,3,1075.88,397.15,224.47,614.42,0.879,-1,-1,-1
372,884,931.36,413.73,156.71,522.01,0.909,-1,-1,-1
372,1039,678.25,466.20,59.74,121.76,0.639,-1,-1,-1
372,1118,730.26,476.82,46.77,114.36,0.753,-1,-1,-1
372,1133,434.20,403.65,177.46,375.75,0.941,-1,-1,-1
372,1166,626.73,457.34,27.28,66.51,0.433,-1,-1,-1
372,1179,1687.86,427.87,92.33,156.02,0.297,-1,-1,-1
372,1128,256.32,438.31,144.80,325.71,0.934,-1,-1,-1
372,1232,1251.07,444.77,41.43,98.10,0.456,-1,-1,-1
372,1264,835.06,462.97,36.34,78.91,0.327,-1,-1,-1
372,1266,125.86,435.85,143.28,383.97,0.883,-1,-1,-1
372,1304,1836.37,450.12,75.69,205.66,0.391,-1,-1,-1
372,501,374.08,460.64,49.89,115.66,0.701,-1,-1,-1
372,1327,1072.93,454.17,58.66,140.82,0.329,-1,-1,-1
372,1331,657.80,463.42,65.74,128.93,0.438,-1,-1,-1
372,1332,1304.22,429.14,36.82,114.42,0.294,-1,-1,-1
372,1072,415.88,457.04,41.83,109.90,0.393,-1,-1,-1
372,970,561.05,455.14,25.48,59.33,0.312,-1,-1,-1
372,1285,1848.38,486.05,58.04,169.23,0.269,-1,-1,-1
373,3,1073.52,397.17,225.50,614.56,0.892,-1,-1,-1
373,884,933.95,413.31,156.42,522.67,0.910,-1,-1,-1
373,1039,680.76,470.19,56.25,116.05,0.624,-1,-1,-1
373,1118,730.72,477.70,46.29,113.47,0.724,-1,-1,-1
373,1133,444.93,402.48,172.98,372.25,0.931,-1,-1,-1
373,1166,626.75,457.55,27.16,66.15,0.367,-1,-1,-1
373,1179,1687.93,428.41,92.37,155.43,0.385,-1,-1,-1
373,1128,261.80,439.81,145.47,322.71,0.921,-1,-1,-1
373,1232,1253.02,444.90,41.18,97.35,0.511,-1,-1,-1
373,1264,834.65,462.80,36.90,79.62,0.350,-1,-1,-1
373,1266,144.09,438.75,141.94,379.52,0.911,-1,-1,-1
373,1304,1837.28,453.52,74.77,201.97,0.350,-1,-1,-1
373,501,375.42,460.86,49.77,115.66,0.741,-1,-1,-1
373,1327,1077.07,450.84,60.32,144.63,0.370,-1,-1,-1
373,1331,658.71,474.79,59.73,116.91,0.448,-1,-1,-1
373,1332,1304.44,428.83,37.03,115.10,0.380,-1,-1,-1
373,1072,417.13,456.21,42.55,111.31,0.471,-1,-1,-1
373,970,563.26,454.79,25.82,60.48,0.268,-1,-1,-1
373,825,582.03,454.95,24.91,57.52,0.271,-1,-1,-1
374,3,1072.66,397.26,226.58,614.71,0.895,-1,-1,-1
374,884,936.21,413.43,155.98,522.82,0.916,-1,-1,-1
374,1118,731.04,477.07,46.56,114.57,0.723,-1,-1,-1
374,1133,458.11,401.86,168.94,370.16,0.912,-1,-1,-1
374,1166,627.54,457.82,27.51,67.16,0.389,-1,-1,-1
374,1179,1687.42,428.08,93.61,156.64,0.356,-1,-1,-1
374,1128,268.43,440.76,142.89,312.31,0.899,-1,-1,-1
374,1232,1253.94,446.10,40.66,95.90,0.540,-1,-1,-1
374,1264,837.15,463.50,36.54,79.04,0.331,-1,-1,-1
374,1266,160.04,439.73,142.83,377.12,0.917,-1,-1,-1
374,1304,1837.32,451.14,75.74,204.20,0.388,-1,-1,-1
374,501,376.58,461.25,49.49,114.99,0.756,-1,-1,-1
374,1331,660.49,469.52,61.81,121.12,0.377,-1,-1,-1
374,1332,1305.01,428.53,37.13,115.48,0.370,-1,-1,-1
374,1072,418.38,455.82,42.90,111.94,0.524,-1,-1,-1
374,1344,2.76,481.83,44.51,328.65,0.525,-1,-1,-1
374,1138,695.96,478.48,33.09,108.76,0.602,-1,-1,-1
375,3,1073.53,397.39,227.70,614.55,0.895,-1,-1,-1
375,884,938.92,413.46,155.69,522.57,0.912,-1,-1,-1
375,1118,731.28,477.64,46.37,114.34,0.711,-1,-1,-1
375,1133,470.04,401.55,165.88,369.15,0.886,-1,-1,-1
375,1166,628.60,459.56,26.84,65.48,0.371,-1,-1,-1
375,1179,1686.72,427.97,94.12,156.48,0.324,-1,-1,-1
375,1128,275.52,440.85,141.07,306.95,0.899,-1,-1,-1
375,1232,1254.68,447.28,40.07,94.37,0.512,-1,-1,-1
375,1264,838.31,464.72,36.22,78.15,0.306,-1,-1,-1
375,1266,173.75,440.68,146.27,375.78,0.921,-1,-1,-1
375,1304,1837.15,447.37,77.11,207.63,0.401,-1,-1,-1
375,501,376.87,461.17,49.49,114.69,0.779,-1,-1,-1
375,1331,658.14,477.39,57.94,113.10,0.394,-1,-1,-1
375,1332,1304.90,428.97,36.92,114.84,0.326,-1,-1,-1
375,1072,418.00,457.31,42.68,111.58,0.556,-1,-1,-1
375,1344,4.38,442.47,50.60,372.32,0.610,-1,-1,-1
375,1039,684.38,473.52,52.06,109.13,0.639,-1,-1,-1
376,3,1077.22,397.22,229.96,614.52,0.895,-1,-1,-1
376,884,940.81,413.25,155.34,522.59,0.912,-1,-1,-1
376,1118,731.21,477.23,46.80,116.09,0.727,-1,-1,-1
376,1133,477.36,401.87,163.76,368.76,0.885,-1,-1,-1
376,1166,627.91,459.56,26.99,65.88,0.421,-1,-1,-1
376,1179,1686.76,426.94,94.86,157.14,0.300,-1,-1,-1
376,1128,279.90,440.30,140.08,305.05,0.901,-1,-1,-1
376,1232,1254.91,447.68,40.03,94.13,0.486,-1,-1,-1
376,1264,836.15,463.63,36.99,79.36,0.294,-1,-1,-1
376,1266,180.02,441.37,150.44,375.53,0.936,-1,-1,-1
376,1304,1836.90,450.29,76.34,205.03,0.345,-1,-1,-1
376,501,376.97,461.41,49.49,114.11,0.710,-1,-1,-1
376,1331,653.89,477.37,60.06,117.14,0.485,-1,-1,-1
376,1332,1304.73,429.12,36.84,114.58,0.283,-1,-1,-1
376,1072,417.07,458.23,42.82,111.53,0.469,-1,-1,-1
376,1344,9.55,429.62,52.90,384.21,0.715,-1,-1,-1
376,1039,684.61,473.60,52.41,111.71,0.657,-1,-1,-1
376,1180,1673.51,423.29,110.51,210.11,0.266,-1,-1,-1
377,3,1073.37,396.79,230.76,615.04,0.906,-1,-1,-1
377,884,941.62,413.94,155.13,522.43,0.912,-1,-1,-1
377,1118,731.69,477.77,44.53,110.29,0.684,-1,-1,-1
377,1133,484.18,401.26,162.86,369.20,0.858,-1,-1,-1
377,1166,626.77,459.96,27.20,66.41,0.456,-1,-1,-1
377,1179,1687.41,427.51,94.47,156.17,0.350,-1,-1,-1
377,1128,282.94,439.55,139.67,305.40,0.879,-1,-1,-1
377,1232,1254.69,446.42,40.61,95.62,0.483,-1,-1,-1
377,1264,837.54,463.55,36.88,78.72,0.342,-1,-1,-1
377,1266,185.38,444.74,154.76,372.27,0.932,-1,-1,-1
377,1304,1835.89,450.99,76.15,203.05,0.290,-1,-1,-1
377,501,377.19,461.14,50.05,114.60,0.685,-1,-1,-1
377,1331,651.47,468.36,63.71,125.05,0.345,-1,-1,-1
377,1332,1304.47,429.04,36.82,114.74,0.297,-1,-1,-1
377,1072,416.88,459.72,42.93,110.67,0.459,-1,-1,-1
377,1344,23.20,425.15,55.41,386.37,0.825,-1,-1,-1
377,1039,686.78,474.97,50.93,110.48,0.622,-1,-1,-1
377,474,478.12,455.29,28.45,64.31,0.368,-1,-1,-1
378,3,1073.62,395.92,232.34,615.94,0.895,-1,-1,-1
378,884,944.01,415.83,154.49,520.74,0.914,-1,-1,-1
378,1118,731.93,478.08,43.03,106.48,0.692,-1,-1,-1
378,1133,488.61,400.79,162.29,369.87,0.879,-1,-1,-1
378,1166,626.37,459.74,27.56,67.18,0.436,-1,-1,-1
378,1179,1686.71,427.65,94.73,156.12,0.340,-1,-1,-1
378,1128,289.85,437.86,138.20,306.75,0.873,-1,-1,-1
378,1232,1254.44,447.40,40.11,94.56,0.462,-1,-1,-1
378,1264,837.70,463.50,36.87,78.46,0.349,-1,-1,-1
378,1266,186.11,444.55,160.39,372.50,0.937,-1,-1,-1
378,1304,1835.61,449.73,76.89,204.09,0.299,-1,-1,-1
378,501,377.28,461.12,50.67,115.57,0.641,-1,-1,-1
378,1331,649.74,465.10,64.72,128.24,0.377,-1,-1,-1
378,1332,1304.38,428.97,36.84,114.86,0.291,-1,-1,-1
378,1072,416.84,459.61,43.04,110.55,0.447,-1,-1,-1
378,1344,38.00,424.10,59.46,386.52,0.880,-1,-1,-1
378,1039,686.71,472.39,51.74,114.01,0.687,-1,-1,-1
378,474,476.94,455.09,31.95,66.19,0.380,-1,-1,-1
379,3,1071.65,395.90,232.81,615.80,0.910,-1,-1,-1
379,884,945.82,416.67,154.38,520.22,0.919,-1,-1,-1
379,1118,732.36,480.54,41.67,101.85,0.747,-1,-1,-1
379,1133,497.02,400.55,160.74,369.86,0.881,-1,-1,-1
379,1166,627.18,460.31,26.64,64.94,0.354,-1,-1,-1
379,1179,1685.32,427.20,95.64,156.87,0.331,-1,-1,-1
379,1128,294.38,437.14,136.29,307.49,0.873,-1,-1,-1
379,1232,1254.59,447.30,40.00,94.33,0.457,-1,-1,-1
379,1264,836.84,463.45,36.69,78.04,0.362,-1,-1,-1
379,1266,185.57,445.73,165.08,371.32,0.941,-1,-1,-1
379,1304,1835.65,451.23,76.61,202.33,0.312,-1,-1,-1
379,501,376.96,460.77,50.89,116.12,0.533,-1,-1,-1
379,1331,646.82,465.47,63.36,126.19,0.428,-1,-1,-1
379,1332,1303.99,428.73,36.92,115.15,0.300,-1,-1,-1
379,1072,417.39,458.52,43.90,112.04,0.405,-1,-1,-1
379,1344,47.43,427.22,64.37,382.79,0.909,-1,-1,-1
379,1039,687.57,473.26,50.09,111.96,0.622,-1,-1,-1
379,1358,468.08,454.53,47.62,103.58,0.404,-1,-1,-1
379,1285,1849.99,482.16,59.72,172.69,0.274,-1,-1,-1
380,3,1071.14,395.52,233.40,616.10,0.903,-1,-1,-1
380,884,948.25,417.21,154.60,519.76,0.916,-1,-1,-1
380,1118,732.01,481.22,42.20,102.39,0.743,-1,-1,-1
380,1133,506.10,401.68,159.35,368.88,0.889,-1,-1,-1
380,1166,627.15,459.63,27.06,66.11,0.305,-1,-1,-1
380,1179,1688.09,427.50,94.73,155.83,0.265,-1,-1,-1
380,1128,299.22,435.72,134.28,309.54,0.855,-1,-1,-1
380,1232,1254.67,447.60,39.67,93.51,0.477,-1,-1,-1
380,1264,836.20,463.19,37.03,78.49,0.333,-1,-1,-1
380,1266,184.50,444.74,170.38,371.95,0.945,-1,-1,-1
380,1304,1836.16,449.17,77.39,204.45,0.270,-1,-1,-1
380,501,376.53,460.87,51.77,117.63,0.306,-1,-1,-1
380,1331,644.66,466.35,61.25,122.88,0.495,-1,-1,-1
380,1072,416.50,458.22,44.10,112.80,0.450,-1,-1,-1
380,1344,52.43,430.46,70.39,378.89,0.936,-1,-1,-1
380,1039,686.63,474.50,49.54,111.63,0.690,-1,-1,-1
380,1358,467.07,454.17,48.24,105.16,0.396,-1,-1,-1
380,1362,794.59,478.68,34.21,54.55,0.310,-1,-1,-1
380,474,478.17,455.16,32.42,64.25,0.311,-1,-1,-1
381,3,1075.14,395.41,235.04,616.21,0.887,-1,-1,-1
381,884,951.47,417.11,155.16,520.10,0.906,-1,-1,-1
381,1118,731.92,482.13,42.69,102.81,0.759,-1,-1,-1
381,1133,514.12,403.12,157.48,367.52,0.897,-1,-1,-1
381,1166,627.25,457.90,26.86,65.14,0.266,-1,-1,-1
381,1179,1684.71,427.44,95.91,157.07,0.304,-1,-1,-1
381,1128,305.47,435.05,131.71,310.83,0.857,-1,-1,-1
381,1232,1254.84,447.05,39.67,93.65,0.468,-1,-1,-1
381,1264,835.66,463.32,36.97,78.63,0.354,-1,-1,-1
381,1266,184.21,443.71,174.46,370.90,0.943,-1,-1,-1
381,1304,1837.80,454.33,75.56,199.65,0.312,-1,-1,-1
381,1331,640.60,466.48,63.86,129.69,0.499,-1,-1,-1
381,1072,416.90,458.44,43.99,112.94,0.469,-1,-1,-1
381,1344,51.49,433.49,76.44,375.49,0.943,-1,-1,-1
381,1039,686.66,475.11,49.35,112.11,0.713,-1,-1,-1
381,1358,466.52,452.41,49.50,108.24,0.450,-1,-1,-1
381,1362,795.35,478.87,34.28,54.66,0.305,-1,-1,-1
382,3,1072.30,395.73,234.46,615.86,0.910,-1,-1,-1
382,884,953.07,417.41,155.51,519.82,0.896,-1,-1,-1
382,1118,733.09,481.66,43.72,104.92,0.747,-1,-1,-1
382,1133,524.98,404.74,154.95,365.63,0.890,-1,-1,-1
382,1179,1684.88,427.14,96.54,157.46,0.332,-1,-1,-1
382,1128,314.51,434.71,128.75,310.95,0.844,-1,-1,-1
382,1232,1255.28,448.05,38.95,92.11,0.418,-1,-1,-1
382,1264,836.45,463.44,37.41,79.47,0.338,-1,-1,-1
382,1266,190.37,446.74,175.02,365.16,0.932,-1,-1,-1
382,1304,1837.55,446.51,78.31,207.42,0.370,-1,-1,-1
382,1331,640.50,465.38,58.22,120.05,0.492,-1,-1,-1
382,1072,418.25,456.62,44.31,114.69,0.428,-1,-1,-1
382,1344,51.61,435.76,83.42,373.38,0.942,-1,-1,-1
382,1039,686.23,472.94,49.94,114.32,0.722,-1,-1,-1
382,1358,466.66,452.42,49.52,108.85,0.546,-1,-1,-1
383,3,1070.88,396.40,233.69,615.25,0.922,-1,-1,-1
383,884,953.95,417.53,156.05,519.66,0.900,-1,-1,-1
383,1118,733.54,480.75,43.97,104.78,0.738,-1,-1,-1
383,1133,531.17,406.33,153.83,363.98,0.903,-1,-1,-1
383,1179,1683.66,426.68,98.03,158.85,0.293,-1,-1,-1
383,1128,324.78,433.73,126.50,311.63,0.844,-1,-1,-1
383,1232,1255.59,448.10,38.91,92.09,0.420,-1,-1,-1
383,1264,835.37,463.55,37.83,80.14,0.370,-1,-1,-1
383,1266,197.11,445.70,176.13,364.99,0.937,-1,-1,-1
383,1304,1837.33,446.62,78.39,207.73,0.364,-1,-1,-1
383,1331,641.94,466.74,56.97,119.35,0.478,-1,-1,-1
383,1072,419.53,456.72,44.04,114.81,0.304,-1,-1,-1
383,1344,53.14,437.15,91.47,372.30,0.949,-1,-1,-1
383,1039,686.00,471.79,50.24,116.33,0.730,-1,-1,-1
383,1358,465.48,452.16,49.30,109.32,0.499,-1,-1,-1
383,1370,908.61,444.52,60.81,142.34,0.503,-1,-1,-1
383,1371,949.98,439.27,48.53,117.29,0.349,-1,-1,-1
383,1180,1671.91,427.42,110.18,206.06,0.284,-1,-1,-1
384,3,1072.24,396.81,233.45,614.82,0.920,-1,-1,-1
384,884,954.49,416.74,156.50,520.54,0.888,-1,-1,-1
384,1118,732.50,479.92,46.01,109.42,0.747,-1,-1,-1
384,1133,536.49,407.21,152.87,362.66,0.917,-1,-1,-1
384,1128,333.56,433.97,124.97,311.12,0.864,-1,-1,-1
384,1232,1255.34,447.34,39.32,93.25,0.413,-1,-1,-1
384,1264,835.89,463.96,37.91,79.73,0.334,-1,-1,-1
384,1266,202.69,444.62,174.61,360.58,0.931,-1,-1,-1
384,1304,1837.86,447.93,77.80,206.68,0.313,-1,-1,-1
384,1331,642.47,468.76,51.43,109.22,0.371,-1,-1,-1
384,1344,53.48,438.23,99.90,371.05,0.950,-1,-1,-1
384,1039,685.87,472.13,49.63,116.06,0.727,-1,-1,-1
384,1358,466.28,453.31,48.32,108.05,0.522,-1,-1,-1
384,1370,907.44,444.91,60.50,141.82,0.431,-1,-1,-1
384,1371,952.86,439.18,48.31,116.82,0.413,-1,-1,-1
384,1180,1670.55,421.29,113.95,212.18,0.328,-1,-1,-1
384,1166,625.17,456.61,31.92,78.42,0.280,-1,-1,-1
384,1362,794.97,476.93,34.88,55.80,0.264,-1,-1,-1
385,3,1072.64,396.63,233.02,614.75,0.912,-1,-1,-1
385,884,955.59,415.75,157.02,521.43,0.885,-1,-1,-1
385,1118,732.08,478.59,47.39,113.17,0.768,-1,-1,-1
385,1133,540.16,408.36,152.05,361.73,0.923,-1,-1,-1
385,1128,343.97,434.10,123.64,311.26,0.894,-1,-1,-1
385,1232,1255.28,446.97,39.45,94.02,0.377,-1,-1,-1
385,1264,836.75,464.18,37.87,79.50,0.318,-1,-1,-1
385,1266,210.81,443.05,172.68,358.28,0.932,-1,-1,-1
385,1304,1837.46,445.79,78.49,209.00,0.374,-1,-1,-1
385,1331,642.48,469.83,47.64,103.02,0.331,-1,-1,-1
385,1344,52.56,438.29,108.76,371.05,0.950,-1,-1,-1
385,1039,683.71,473.80,49.49,115.95,0.719,-1,-1,-1
385,1358,466.07,453.25,46.82,105.59,0.438,-1,-1,-1
385,1370,903.04,445.45,60.09,141.43,0.410,-1,-1,-1
385,1371,949.72,439.10,52.20,126.44,0.359,-1,-1,-1
385,1180,1672.14,425.82,112.01,207.39,0.374,-1,-1,-1
385,1362,795.87,477.74,34.42,55.12,0.274,-1,-1,-1
385,474,476.81,456.81,31.22,60.13,0.281,-1,-1,-1
386,3,1073.12,396.22,232.82,615.12,0.911,-1,-1,-1
386,884,957.32,416.11,157.42,520.56,0.883,-1,-1,-1
386,1118,731.46,476.80,48.17,115.25,0.753,-1,-1,-1
386,1133,543.44,409.61,151.05,360.50,0.933,-1,-1,-1
386,1128,358.29,435.00,123.94,310.22,0.912,-1,-1,-1
386,1232,1255.41,445.89,39.79,95.00,0.367,-1,-1,-1
386,1264,838.01,464.04,37.40,78.91,0.348,-1,-1,-1
386,1266,222.38,443.26,168.90,356.38,0.915,-1,-1,-1
386,1304,1837.95,451.02,76.53,203.91,0.338,-1,-1,-1
386,1331,642.14,470.67,49.80,109.81,0.303,-1,-1,-1
386,1344,49.71,436.65,117.32,371.41,0.948,-1,-1,-1
386,1039,686.50,475.03,47.54,112.38,0.639,-1,-1,-1
386,1358,466.11,452.74,46.42,105.48,0.348,-1,-1,-1
386,1370,902.39,447.20,59.05,139.86,0.441,-1,-1,-1
386,1371,942.38,439.69,55.06,133.14,0.400,-1,-1,-1
386,1362,795.73,476.50,35.00,56.15,0.310,-1,-1,-1
386,474,476.47,456.79,32.24,61.14,0.337,-1,-1,-1
386,1179,1686.95,426.88,96.59,156.93,0.275,-1,-1,-1
387,3,1074.15,396.22,232.71,615.45,0.908,-1,-1,-1
387,884,957.69,417.10,157.54,519.60,0.880,-1,-1,-1
387,1118,729.45,474.88,49.75,119.19,0.740,-1,-1,-1
387,1133,545.05,409.90,150.51,359.94,0.935,-1,-1,-1
387,1128,371.28,436.59,125.73,308.69,0.918,-1,-1,-1
387,1232,1255.60,446.71,38.71,92.42,0.320,-1,-1,-1
387,1264,837.15,463.73,37.54,79.39,0.362,-1,-1,-1
387,1266,234.38,440.82,165.17,358.01,0.896,-1,-1,-1
387,1304,1837.15,457.28,74.56,197.34,0.306,-1,-1,-1
387,1344,46.33,435.36,124.92,371.02,0.948,-1,-1,-1
387,1039,685.68,475.72,47.70,113.74,0.638,-1,-1,-1
387,1358,465.35,450.34,47.64,109.09,0.495,-1,-1,-1
387,1370,901.73,447.85,58.36,139.36,0.402,-1,-1,-1
387,1371,939.21,437.34,58.09,140.78,0.669,-1,-1,-1
387,1362,795.47,473.34,38.21,61.80,0.307,-1,-1,-1
388,3,1075.77,395.56,234.01,616.01,0.908,-1,-1,-1
388,884,955.49,417.11,156.96,519.67,0.867,-1,-1,-1
388,1118,728.92,473.00,50.22,121.16,0.776,-1,-1,-1
388,1133,546.21,410.28,149.57,358.36,0.939,-1,-1,-1
388,1128,382.09,439.54,128.19,305.34,0.914,-1,-1,-1
388,1232,1256.69,447.26,36.12,85.74,0.291,-1,-1,-1
388,1264,837.44,463.75,37.33,79.06,0.338,-1,-1,-1
388,1266,247.84,441.34,158.93,357.28,0.868,-1,-1,-1
388,1304,1838.09,460.24,73.60,194.42,0.360,-1,-1,-1
388,1344,46.08,434.34,131.24,370.60,0.937,-1,-1,-1
388,1039,686.50,474.66,48.04,114.63,0.658,-1,-1,-1
388,1358,466.08,451.53,46.92,108.33,0.490,-1,-1,-1
388,1370,902.77,453.51,55.55,133.67,0.411,-1,-1,-1
388,1362,795.54,472.92,39.33,64.10,0.310,-1,-1,-1
388,1383,1063.18,435.45,57.08,131.76,0.383,-1,-1,-1
388,1285,1849.72,484.74,58.62,169.72,0.272,-1,-1,-1
388,1179,1688.82,427.04,95.67,155.97,0.279,-1,-1,-1
389,3,1074.99,395.75,235.77,615.70,0.907,-1,-1,-1
389,884,955.39,417.46,156.36,518.98,0.863,-1,-1,-1
389,1118,727.43,471.87,51.24,124.04,0.801,-1,-1,-1
389,1133,547.56,410.97,148.46,356.33,0.940,-1,-1,-1
389,1128,387.12,440.24,131.58,304.02,0.921,-1,-1,-1
389,1232,1256.79,446.70,35.64,83.99,0.319,-1,-1,-1
389,1264,836.70,463.23,37.43,79.39,0.339,-1,-1,-1
389,1266,256.78,440.66,154.12,357.97,0.799,-1,-1,-1
389,1304,1838.08,459.79,74.03,194.83,0.321,-1,-1,-1
389,1344,51.76,434.06,134.44,366.64,0.930,-1,-1,-1
389,1039,685.55,473.21,48.67,116.34,0.670,-1,-1,-1
389,1358,466.58,450.95,46.79,109.32,0.475,-1,-1,-1
389,1370,901.50,452.39,55.23,134.64,0.465,-1,-1,-1
389,1362,795.29,474.47,36.80,60.12,0.305,-1,-1,-1
389,1383,1065.34,432.50,57.63,132.74,0.487,-1,-1,-1
389,1385,523.29,455.89,25.90,68.86,0.357,-1,-1,-1
389,1285,1849.37,483.44,59.27,171.16,0.260,-1,-1,-1
389,1179,1683.62,427.19,97.40,157.38,0.305,-1,-1,-1
389,1371,932.07,436.90,59.94,145.97,0.373,-1,-1,-1
390,3,1070.82,395.86,237.68,615.44,0.907,-1,-1,-1
390,884,955.69,417.82,155.90,518.87,0.857,-1,-1,-1
390,1118,727.09,471.18,51.74,125.79,0.793,-1,-1,-1
390,1133,549.66,409.53,148.17,358.00,0.930,-1,-1,-1
390,1128,389.32,440.55,135.45,303.45,0.926,-1,-1,-1
390,1264,836.45,462.89,38.00,80.56,0.372,-1,-1,-1
390,1266,270.69,440.77,148.56,357.77,0.807,-1,-1,-1
390,1304,1837.54,455.21,75.86,199.71,0.267,-1,-1,-1
390,1344,55.34,432.68,137.72,366.17,0.919,-1,-1,-1
390,1039,684.06,472.31,48.86,117.05,0.642,-1,-1,-1
390,1358,469.16,453.16,44.60,106.20,0.330,-1,-1,-1
390,1370,901.49,449.30,55.71,137.96,0.421,-1,-1,-1
390,1362,794.52,471.35,37.62,61.91,0.321,-1,-1,-1
390,1383,1066.16,431.66,57.45,131.70,0.550,-1,-1,-1
390,1385,523.91,455.66,25.80,68.62,0.317,-1,-1,-1
390,1179,1684.56,427.35,97.55,157.38,0.335,-1,-1,-1
390,1371,925.50,436.06,62.22,151.09,0.601,-1,-1,-1
390,1180,1672.30,429.71,110.03,202.93,0.252,-1,-1,-1
391,3,1069.65,395.77,239.43,615.19,0.922,-1,-1,-1
391,884,956.20,418.11,155.13,518.35,0.857,-1,-1,-1
391,1118,727.22,470.35,50.56,122.97,0.780,-1,-1,-1
391,1133,555.25,408.02,143.78,350.07,0.915,-1,-1,-1
391,1128,396.13,441.05,135.29,297.96,0.908,-1,-1,-1
391,1264,836.66,462.71,38.26,80.95,0.382,-1,-1,-1
391,1266,278.71,440.14,145.23,358.47,0.797,-1,-1,-1
391,1304,1837.44,456.30,75.71,198.55,0.271,-1,-1,-1
391,1344,65.73,431.88,138.60,366.01,0.860,-1,-1,-1
391,1039,684.39,472.36,47.68,114.28,0.641,-1,-1,-1
391,1370,899.39,446.81,55.89,140.48,0.375,-1,-1,-1
391,1362,794.08,471.60,37.11,61.24,0.315,-1,-1,-1
391,1383,1070.61,431.04,57.44,130.33,0.608,-1,-1,-1
391,1385,523.72,456.26,25.45,67.68,0.320,-1,-1,-1
391,1179,1684.14,426.66,98.09,158.01,0.311,-1,-1,-1
391,1371,917.62,436.71,62.98,151.99,0.527,-1,-1,-1
391,1180,1670.98,423.54,113.21,209.16,0.274,-1,-1,-1
391,1232,1256.62,447.21,34.23,80.27,0.270,-1,-1,-1
392,3,1069.07,395.56,241.10,615.50,0.916,-1,-1,-1
392,884,957.00,418.18,154.71,518.22,0.849,-1,-1,-1
392,1118,726.95,469.27,50.81,123.71,0.785,-1,-1,-1
392,1133,562.40,407.64,141.01,348.97,0.910,-1,-1,-1
392,1128,402.81,442.23,135.27,293.16,0.901,-1,-1,-1
392,1264,836.25,463.02,38.43,80.85,0.376,-1,-1,-1
392,1266,291.33,439.75,144.58,358.94,0.810,-1,-1,-1
392,1304,1841.10,466.60,72.05,188.64,0.300,-1,-1,-1
392,1344,77.46,431.53,138.34,365.83,0.829,-1,-1,-1
392,1039,684.10,470.13,48.20,115.69,0.652,-1,-1,-1
392,1370,899.78,444.20,56.10,143.15,0.292,-1,-1,-1
392,1362,794.34,471.63,36.90,61.28,0.308,-1,-1,-1
392,1383,1071.88,430.26,57.57,129.39,0.664,-1,-1,-1
392,1385,525.58,457.31,25.04,66.40,0.354,-1,-1,-1
392,1179,1682.30,427.18,98.91,158.30,0.320,-1,-1,-1
392,1371,913.99,437.09,63.60,152.64,0.559,-1,-1,-1
392,1180,1671.40,425.52,112.28,206.91,0.346,-1,-1,-1
392,1389,497.24,458.44,26.02,67.24,0.358,-1,-1,-1
392,1232,1256.63,447.20,34.63,80.72,0.258,-1,-1,-1
393,3,1068.16,395.73,242.05,615.35,0.921,-1,-1,-1
393,884,957.55,417.89,154.47,518.67,0.854,-1,-1,-1
393,1118,726.45,467.58,51.05,124.53,0.794,-1,-1,-1
393,1133,568.70,406.87,136.43,343.89,0.919,-1,-1,-1
393,1128,407.31,441.63,135.97,292.47,0.897,-1,-1,-1
393,1264,835.72,463.07,38.74,81.38,0.372,-1,-1,-1
393,1266,306.32,440.70,145.34,357.82,0.871,-1,-1,-1
393,1304,1837.71,450.80,77.70,203.96,0.362,-1,-1,-1
393,1344,77.74,431.85,140.00,365.43,0.864,-1,-1,-1
393,1039,682.71,467.65,49.07,118.84,0.611,-1,-1,-1
393,1362,794.44,470.69,37.31,62.50,0.315,-1,-1,-1
393,1383,1072.28,429.97,57.56,128.29,0.578,-1,-1,-1
393,1385,528.00,457.81,24.88,65.70,0.370,-1,-1,-1
393,1179,1683.10,427.70,98.76,157.85,0.306,-1,-1,-1
393,1371,914.77,437.48,68.34,167.19,0.737,-1,-1,-1
393,1180,1671.40,427.93,111.47,204.91,0.313,-1,-1,-1
393,1389,497.79,458.17,26.25,67.92,0.340,-1,-1,-1
393,1232,1254.72,447.46,34.56,80.00,0.282,-1,-1,-1
394,3,1067.50,395.75,243.30,615.53,0.912,-1,-1,-1
394,884,958.26,417.98,154.64,518.53,0.851,-1,-1,-1
394,1118,724.93,467.41,52.39,128.42,0.797,-1,-1,-1
394,1133,575.15,407.20,132.63,341.14,0.911,-1,-1,-1
394,1128,411.67,441.20,135.76,291.81,0.900,-1,-1,-1
394,1264,835.68,463.35,38.58,80.83,0.363,-1,-1,-1
394,1266,316.88,441.80,146.72,356.63,0.902,-1,-1,-1
394,1304,1836.72,444.39,79.65,209.59,0.303,-1,-1,-1
394,1344,85.44,432.07,140.76,365.66,0.846,-1,-1,-1
394,1039,683.10,470.49,47.10,114.41,0.561,-1,-1,-1
394,1362,794.62,470.51,37.23,62.90,0.339,-1,-1,-1
394,1383,1076.54,430.48,57.73,126.68,0.651,-1,-1,-1
394,1385,527.47,457.43,24.99,65.71,0.388,-1,-1,-1
394,1371,913.26,438.24,69.59,173.32,0.807,-1,-1,-1
394,1180,1670.59,423.25,114.00,209.76,0.329,-1,-1,-1
394,1389,500.31,458.36,25.97,67.16,0.301,-1,-1,-1
394,1232,1253.94,447.56,35.23,81.11,0.304,-1,-1,-1
395,3,1066.27,395.92,243.79,615.52,0.925,-1,-1,-1
395,884,958.84,418.38,153.50,517.89,0.855,-1,-1,-1
395,1118,723.54,467.00,53.16,131.11,0.795,-1,-1,-1
395,1133,579.73,406.07,130.59,340.66,0.898,-1,-1,-1
395,1128,417.89,439.77,134.81,292.47,0.869,-1,-1,-1
395,1264,835.84,463.61,38.47,80.43,0.350,-1,-1,-1
395,1266,323.14,445.36,147.77,353.27,0.911,-1,-1,-1
395,1304,1835.97,443.32,79.96,210.24,0.282,-1,-1,-1
395,1344,95.42,432.29,141.10,364.93,0.831,-1,-1,-1
395,1039,682.26,470.16,46.46,112.94,0.461,-1,-1,-1
395,1362,794.42,469.89,37.07,63.05,0.313,-1,-1,-1
395,1383,1081.48,430.58,58.24,125.65,0.666,-1,-1,-1
395,1385,527.40,457.29,25.32,66.35,0.422,-1,-1,-1
395,1371,912.23,438.88,69.09,175.55,0.825,-1,-1,-1
395,1180,1671.38,426.40,112.60,206.91,0.280,-1,-1,-1
395,1389,502.98,458.82,25.70,66.50,0.308,-1,-1,-1
395,1232,1252.14,447.41,37.11,84.88,0.299,-1,-1,-1
395,1394,970.94,484.23,38.57,77.69,0.350,-1,-1,-1
396,3,1065.68,396.90,243.99,614.71,0.928,-1,-1,-1
396,884,959.41,418.26,152.93,518.31,0.853,-1,-1,-1
396,1118,723.40,466.32,52.08,128.66,0.785,-1,-1,-1
396,1133,584.83,404.86,128.93,340.48,0.888,-1,-1,-1
396,1128,421.26,440.66,133.03,291.69,0.867,-1,-1,-1
396,1264,837.55,463.48,38.45,80.31,0.357,-1,-1,-1
396,1266,326.26,448.95,148.64,349.75,0.931,-1,-1,-1
396,1304,1835.41,445.55,79.34,207.72,0.285,-1,-1,-1
396,1344,114.71,432.97,140.56,364.25,0.862,-1,-1,-1
396,1039,683.84,476.86,45.11,109.00,0.482,-1,-1,-1
396,1362,795.17,472.40,35.68,60.58,0.298,-1,-1,-1
396,1383,1086.33,430.67,57.61,122.08,0.570,-1,-1,-1
396,1385,526.27,458.45,25.21,65.73,0.369,-1,-1,-1
396,1371,910.71,439.69,68.11,175.81,0.844,-1,-1,-1
396,1180,1669.42,426.27,112.89,206.43,0.429,-1,-1,-1
396,1389,504.24,458.81,25.29,65.26,0.265,-1,-1,-1
396,1232,1250.39,446.36,37.83,85.92,0.379,-1,-1,-1
396,1394,970.16,484.48,39.27,78.92,0.318,-1,-1,-1
396,1179,1680.61,428.19,98.93,156.44,0.265,-1,-1,-1
397,3,1066.16,396.86,244.19,615.57,0.930,-1,-1,-1
397,884,959.11,417.70,152.07,519.07,0.863,-1,-1,-1
397,1118,721.67,466.29,51.89,127.81,0.801,-1,-1,-1
397,1133,590.53,406.46,127.73,338.98,0.906,-1,-1,-1
397,1128,427.06,444.52,129.58,288.33,0.854,-1,-1,-1
397,1264,837.54,463.59,38.48,80.21,0.373,-1,-1,-1
397,1266,327.18,450.82,150.17,347.37,0.937,-1,-1,-1
397,1304,1834.88,442.62,80.52,210.34,0.288,-1,-1,-1
397,1344,130.28,433.30,141.34,363.74,0.899,-1,-1,-1
397,1039,681.35,474.53,46.53,113.62,0.469,-1,-1,-1
397,1362,795.13,473.24,35.27,59.75,0.339,-1,-1,-1
397,1383,1090.64,430.40,56.47,118.46,0.403,-1,-1,-1
397,1385,528.09,458.88,24.92,64.91,0.359,-1,-1,-1
397,1371,908.64,440.12,67.16,176.21,0.840,-1,-1,-1
397,1180,1669.67,427.46,113.00,205.70,0.304,-1,-1,-1
397,1232,1250.06,445.85,38.29,86.42,0.387,-1,-1,-1
397,1394,968.80,484.59,39.29,78.52,0.334,-1,-1,-1
397,1179,1682.83,427.87,98.96,156.10,0.252,-1,-1,-1
398,3,1066.78,397.37,243.69,615.84,0.931,-1,-1,-1
398,884,960.24,417.54,151.11,519.47,0.859,-1,-1,-1
398,1118,720.84,465.66,52.47,129.28,0.795,-1,-1,-1
398,1133,595.13,406.57,127.60,339.53,0.904,-1,-1,-1
398,1128,431.29,442.98,127.68,289.57,0.875,-1,-1,-1
398,1264,838.88,464.56,37.73,78.83,0.323,-1,-1,-1
398,1266,326.73,450.27,152.31,346.99,0.929,-1,-1,-1
398,1304,1833.65,426.76,85.79,226.34,0.260,-1,-1,-1
398,1344,143.97,434.88,143.27,362.28,0.915,-1,-1,-1
398,1039,682.85,476.17,45.14,110.52,0.323,-1,-1,-1
398,1362,795.17,473.11,35.24,59.73,0.322,-1,-1,-1
398,1383,1091.75,430.54,54.30,113.05,0.372,-1,-1,-1
398,1385,530.54,459.61,24.65,64.00,0.396,-1,-1,-1
398,1371,906.69,439.95,66.17,177.10,0.830,-1,-1,-1
398,1180,1669.67,424.50,114.51,208.31,0.312,-1,-1,-1
398,1232,1249.03,445.84,38.86,87.15,0.456,-1,-1,-1
398,1394,968.37,484.57,39.72,78.75,0.334,-1,-1,-1
398,1179,1683.64,427.31,98.82,155.67,0.280,-1,-1,-1
398,1332,1305.93,428.85,36.20,114.41,0.255,-1,-1,-1
399,3,1066.41,398.10,242.86,615.37,0.918,-1,-1,-1
399,884,962.38,418.05,149.44,518.90,0.848,-1,-1,-1
399,1118,720.01,465.78,53.97,133.57,0.810,-1,-1,-1
399,1133,600.13,404.27,128.05,340.41,0.919,-1,-1,-1
399,1128,437.52,441.99,124.74,290.55,0.879,-1,-1,-1
399,1264,838.21,463.72,38.16,79.69,0.352,-1,-1,-1
399,1266,326.66,449.74,154.69,346.88,0.937,-1,-1,-1
399,1304,1834.81,433.37,83.26,220.06,0.306,-1,-1,-1
399,1344,150.74,435.82,146.23,361.17,0.899,-1,-1,-1
399,1039,683.78,476.77,43.37,106.89,0.288,-1,-1,-1
399,1362,795.41,472.35,35.50,60.43,0.321,-1,-1,-1
399,1383,1091.55,432.18,52.05,108.01,0.283,-1,-1,-1
399,1385,528.68,459.52,24.95,64.56,0.315,-1,-1,-1
399,1371,904.96,440.30,64.85,176.28,0.817,-1,-1,-1
399,1180,1669.44,425.85,114.06,206.90,0.302,-1,-1,-1
399,1232,1247.41,446.23,40.08,89.86,0.436,-1,-1,-1
399,1394,967.26,484.11,40.73,79.91,0.315,-1,-1,-1
399,1179,1685.40,428.20,98.03,154.60,0.263,-1,-1,-1
399,970,580.22,454.33,23.97,57.21,0.305,-1,-1,-1
400,3,1066.49,397.47,242.43,616.40,0.922,-1,-1,-1
400,884,965.28,418.50,147.70,518.48,0.853,-1,-1,-1
400,1118,718.41,465.19,54.37,134.61,0.804,-1,-1,-1
400,1133,606.20,404.10,129.61,340.45,0.911,-1,-1,-1
400,1128,443.56,437.31,123.66,295.14,0.843,-1,-1,-1
400,1264,837.49,463.75,38.11,79.51,0.362,-1,-1,-1
400,1266,326.94,447.73,156.55,347.04,0.927,-1,-1,-1
400,1304,1835.43,436.86,81.87,216.66,0.369,-1,-1,-1
400,1344,156.71,436.20,150.25,360.17,0.922,-1,-1,-1
400,1362,796.21,475.38,33.94,57.20,0.253,-1,-1,-1
400,1385,531.65,458.41,25.14,65.06,0.313,-1,-1,-1
400,1371,903.29,439.76,64.12,176.18,0.805,-1,-1,-1
400,1180,1670.37,426.03,114.14,207.32,0.391,-1,-1,-1
400,1232,1245.87,446.76,40.44,91.21,0.498,-1,-1,-1
400,1394,966.41,484.07,41.01,79.49,0.295,-1,-1,-1
400,1179,1686.44,428.46,97.72,154.47,0.372,-1,-1,-1
400,970,581.05,454.95,23.75,56.75,0.324,-1,-1,-1
401,3,1066.49,397.46,241.57,617.19,0.923,-1,-1,-1
401,884,965.47,418.56,146.52,518.40,0.854,-1,-1,-1
401,1118,716.58,464.81,53.74,132.56,0.795,-1,-1,-1
401,1133,614.28,404.67,131.95,340.56,0.920,-1,-1,-1
401,1128,453.69,444.35,117.53,287.90,0.812,-1,-1,-1
401,1264,837.08,463.65,38.41,79.67,0.366,-1,-1,-1
401,1266,331.71,445.53,157.03,347.27,0.927,-1,-1,-1
401,1304,1835.64,436.28,81.95,217.47,0.325,-1,-1,-1
401,1344,158.41,437.78,153.74,358.40,0.929,-1,-1,-1
401,1371,903.12,440.80,62.05,171.19,0.791,-1,-1,-1
401,1180,1670.55,426.63,113.68,206.55,0.322,-1,-1,-1
401,1232,1244.91,447.09,40.04,91.23,0.501,-1,-1,-1
401,1394,967.10,484.31,41.44,79.26,0.284,-1,-1,-1
401,1179,1685.67,428.36,98.14,155.19,0.310,-1,-1,-1
401,970,580.69,455.65,23.67,56.09,0.329,-1,-1,-1
402,3,1064.29,397.59,239.24,617.49,0.917,-1,-1,-1
402,884,965.16,419.05,145.34,517.81,0.857,-1,-1,-1
402,1118,715.21,464.37,54.20,133.64,0.790,-1,-1,-1
402,1133,624.56,405.18,133.74,339.85,0.925,-1,-1,-1
402,1128,464.05,441.97,115.99,290.21,0.849,-1,-1,-1
402,1264,837.68,463.94,38.28,79.28,0.341,-1,-1,-1
402,1266,338.27,449.22,154.36,342.55,0.914,-1,-1,-1
402,1304,1836.19,437.03,81.41,216.99,0.380,-1,-1,-1
402,1344,163.91,439.00,158.11,356.65,0.937,-1,-1,-1
402,1371,900.55,442.77,61.53,170.37,0.798,-1,-1,-1
402,1180,1670.44,427.02,113.64,206.53,0.299,-1,-1,-1
402,1232,1244.73,447.38,39.66,91.23,0.520,-1,-1,-1
402,1394,966.58,484.10,42.09,79.20,0.317,-1,-1,-1
402,1179,1686.16,428.40,98.04,155.40,0.311,-1,-1,-1
402,970,579.67,455.64,23.89,56.43,0.317,-1,-1,-1
402,1362,796.95,477.43,33.28,55.61,0.275,-1,-1,-1
403,3,1064.11,396.89,236.90,618.25,0.917,-1,-1,-1
403,884,966.69,419.53,143.99,517.45,0.852,-1,-1,-1
403,1118,712.94,463.42,56.81,141.42,0.777,-1,-1,-1
403,1133,631.22,406.42,136.00,338.53,0.935,-1,-1,-1
403,1128,476.95,439.72,115.88,291.91,0.845,-1,-1,-1
403,1264,837.69,464.36,38.10,79.19,0.334,-1,-1,-1
403,1266,345.48,447.85,150.25,335.44,0.909,-1,-1,-1
403,1304,1833.71,423.69,85.66,229.94,0.285,-1,-1,-1
403,1344,165.28,439.35,162.56,356.11,0.938,-1,-1,-1
403,1371,899.35,443.79,60.92,170.01,0.789,-1,-1,-1
403,1180,1670.74,426.62,113.64,206.76,0.253,-1,-1,-1
403,1232,1243.97,447.34,39.27,91.56,0.545,-1,-1,-1
403,1394,965.43,484.31,43.46,80.27,0.268,-1,-1,-1
403,1179,1688.68,428.69,96.93,154.62,0.317,-1,-1,-1
403,1362,796.86,476.85,33.65,56.05,0.257,-1,-1,-1
403,1332,1306.31,428.76,35.29,113.72,0.257,-1,-1,-1
404,3,1064.29,395.82,234.89,620.06,0.915,-1,-1,-1
404,884,967.96,419.49,142.68,517.29,0.848,-1,-1,-1
404,1118,710.69,460.57,58.46,146.70,0.781,-1,-1,-1
404,1133,636.66,407.82,138.43,337.54,0.925,-1,-1,-1
404,1128,488.15,437.85,117.67,293.87,0.891,-1,-1,-1
404,1264,839.33,464.91,37.01,77.61,0.309,-1,-1,-1
404,1266,353.53,443.33,147.80,335.04,0.902,-1,-1,-1
404,1304,1832.65,417.98,87.24,236.15,0.296,-1,-1,-1
404,1344,167.22,438.52,166.16,355.35,0.938,-1,-1,-1
404,1371,897.12,451.24,58.05,162.84,0.789,-1,-1,-1
404,1180,1670.43,426.87,113.65,206.52,0.268,-1,-1,-1
404,1232,1243.05,447.47,38.94,91.53,0.567,-1,-1,-1
404,1179,1692.08,428.82,95.60,154.15,0.258,-1,-1,-1
404,1332,1306.31,429.18,34.65,112.65,0.265,-1,-1,-1
405,3,1063.65,394.71,232.01,621.35,0.917,-1,-1,-1
405,884,968.91,419.67,141.34,517.05,0.852,-1,-1,-1
405,1118,710.81,460.04,58.39,148.58,0.770,-1,-1,-1
405,1133,641.09,407.79,140.71,337.50,0.930,-1,-1,-1
405,1128,499.87,438.12,119.36,292.91,0.912,-1,-1,-1
405,1264,840.18,464.73,36.67,77.68,0.303,-1,-1,-1
405,1266,365.28,446.91,141.72,328.41,0.891,-1,-1,-1
405,1304,1835.07,437.60,80.22,215.94,0.312,-1,-1,-1
405,1344,167.18,436.64,169.69,355.70,0.942,-1,-1,-1
405,1371,893.37,447.48,59.07,166.18,0.817,-1,-1,-1
405,1180,1670.27,426.68,113.95,207.13,0.283,-1,-1,-1
405,1232,1242.12,446.84,38.97,92.73,0.524,-1,-1,-1
405,1179,1689.54,428.65,96.16,155.40,0.319,-1,-1,-1
405,1421,377.21,461.69,43.78,55.11,0.497,-1,-1,-1
405,1423,564.05,480.83,76.31,132.51,0.458,-1,-1,-1
405,1362,795.33,473.15,35.75,59.49,0.295,-1,-1,-1
406,3,1063.02,393.65,229.40,622.95,0.911,-1,-1,-1
406,884,970.31,419.65,140.01,516.96,0.857,-1,-1,-1
406,1118,711.37,457.29,57.93,150.45,0.712,-1,-1,-1
406,1133,644.21,408.30,142.43,336.97,0.939,-1,-1,-1
406,1128,507.59,440.25,120.98,290.69,0.907,-1,-1,-1
406,1264,838.72,463.89,36.73,78.28,0.311,-1,-1,-1
406,1266,377.12,443.06,137.22,328.49,0.865,-1,-1,-1
406,1304,1838.70,450.33,75.77,203.83,0.328,-1,-1,-1
406,1344,170.54,435.90,171.35,355.80,0.939,-1,-1,-1
406,1371,891.60,447.93,58.84,165.42,0.799,-1,-1,-1
406,1180,1670.96,426.40,113.82,207.62,0.305,-1,-1,-1
406,1232,1241.76,447.11,38.18,92.61,0.510,-1,-1,-1
406,1179,1686.88,428.70,96.78,156.34,0.372,-1,-1,-1
406,1421,376.81,461.34,45.32,57.13,0.546,-1,-1,-1
406,1423,566.42,487.04,74.72,129.98,0.400,-1,-1,-1
407,3,1062.09,393.86,226.10,622.84,0.911,-1,-1,-1
407,884,968.29,419.60,139.38,517.00,0.855,-1,-1,-1
407,1118,714.04,460.38,55.09,147.02,0.709,-1,-1,-1
407,1133,646.35,410.78,142.76,334.19,0.938,-1,-1,-1
407,1128,511.03,440.83,123.47,290.45,0.922,-1,-1,-1
407,1264,839.39,464.34,36.20,77.69,0.298,-1,-1,-1
407,1266,386.57,442.04,133.80,329.21,0.835,-1,-1,-1
407,1304,1838.09,449.33,76.02,204.43,0.284,-1,-1,-1
407,1344,174.87,433.95,171.93,356.80,0.929,-1,-1,-1
407,1371,888.27,449.41,58.59,162.98,0.820,-1,-1,-1
407,1180,1670.30,427.32,113.17,206.38,0.280,-1,-1,-1
407,1232,1241.10,446.98,37.63,92.76,0.551,-1,-1,-1
407,1179,1681.12,428.47,98.99,158.44,0.359,-1,-1,-1
407,1421,377.79,461.15,45.66,57.60,0.625,-1,-1,-1
407,1362,795.19,471.88,36.50,60.72,0.280,-1,-1,-1
408,3,1062.64,394.27,223.62,622.39,0.905,-1,-1,-1
408,884,966.96,418.99,139.00,517.61,0.854,-1,-1,-1
408,1118,713.71,455.95,55.81,153.97,0.339,-1,-1,-1
408,1133,648.76,411.61,143.51,333.23,0.945,-1,-1,-1
408,1128,510.92,440.47,126.18,291.05,0.919,-1,-1,-1
408,1264,839.68,464.58,35.59,76.97,0.256,-1,-1,-1
408,1266,396.63,438.64,130.84,331.65,0.833,-1,-1,-1
408,1304,1837.18,446.37,77.36,207.56,0.322,-1,-1,-1
408,1344,183.26,433.05,168.09,350.48,0.920,-1,-1,-1
408,1371,884.17,455.31,58.02,157.50,0.855,-1,-1,-1
408,1180,1670.33,428.56,112.83,205.12,0.334,-1,-1,-1
408,1232,1241.46,447.59,37.01,92.59,0.591,-1,-1,-1
408,1179,1679.46,428.77,100.34,159.28,0.309,-1,-1,-1
408,1421,378.18,460.93,46.56,58.91,0.660,-1,-1,-1
408,1166,622.90,461.72,27.83,68.89,0.413,-1,-1,-1
409,3,1062.01,394.86,221.06,622.11,0.903,-1,-1,-1
409,884,966.33,419.00,138.67,517.89,0.860,-1,-1,-1
409,1133,649.74,412.12,144.19,332.22,0.942,-1,-1,-1
409,1128,512.43,440.77,128.27,290.77,0.901,-1,-1,-1
409,1264,840.11,464.08,36.43,78.36,0.276,-1,-1,-1
409,1266,407.52,439.36,127.57,330.12,0.833,-1,-1,-1
409,1304,1837.21,445.93,77.72,208.69,0.405,-1,-1,-1
409,1344,194.28,432.20,163.13,344.65,0.906,-1,-1,-1
409,1371,879.56,452.47,60.06,160.31,0.832,-1,-1,-1
409,1180,1671.82,427.96,112.80,205.38,0.403,-1,-1,-1
409,1232,1240.59,448.12,36.28,92.40,0.554,-1,-1,-1
409,1179,1683.20,428.94,99.36,157.87,0.316,-1,-1,-1
409,1421,378.81,461.10,46.89,59.45,0.630,-1,-1,-1
409,1166,621.48,461.18,27.60,69.41,0.393,-1,-1,-1
409,1362,797.39,478.33,33.11,53.71,0.256,-1,-1,-1
410,3,1060.88,394.37,218.65,622.55,0.907,-1,-1,-1
410,884,966.93,419.02,138.09,517.75,0.859,-1,-1,-1
410,1133,650.39,411.50,144.93,332.26,0.944,-1,-1,-1
410,1128,518.34,439.80,128.35,288.76,0.891,-1,-1,-1
410,1264,838.57,463.96,36.42,78.26,0.262,-1,-1,-1
410,1266,417.57,436.98,127.29,331.63,0.858,-1,-1,-1
410,1304,1837.16,446.68,77.57,208.44,0.375,-1,-1,-1
410,1344,214.64,431.20,156.59,342.23,0.866,-1,-1,-1
410,1371,877.76,445.44,62.60,166.89,0.816,-1,-1,-1
410,1180,1671.93,427.80,112.98,205.79,0.384,-1,-1,-1
410,1232,1240.17,448.29,35.51,91.86,0.559,-1,-1,-1
410,1179,1687.49,428.65,97.74,155.64,0.307,-1,-1,-1
410,1421,378.92,460.75,46.72,59.49,0.655,-1,-1,-1
410,1166,621.01,460.53,27.83,71.21,0.412,-1,-1,-1
410,1362,796.58,476.64,34.09,55.10,0.270,-1,-1,-1
411,3,1058.87,395.54,215.68,621.97,0.902,-1,-1,-1
411,884,966.94,419.53,137.41,517.20,0.866,-1,-1,-1
411,1133,650.51,411.98,144.76,330.17,0.945,-1,-1,-1
411,1128,523.80,437.90,126.70,284.01,0.865,-1,-1,-1
411,1264,841.28,463.81,36.77,78.98,0.276,-1,-1,-1
411,1266,429.40,438.78,127.36,329.53,0.904,-1,-1,-1
411,1304,1836.92,447.84,77.58,207.56,0.384,-1,-1,-1
411,1344,229.24,430.23,151.10,342.02,0.831,-1,-1,-1
411,1371,876.18,442.23,63.80,170.04,0.833,-1,-1,-1
411,1180,1671.95,427.93,113.06,205.92,0.355,-1,-1,-1
411,1232,1239.14,447.91,35.19,92.09,0.525,-1,-1,-1
411,1179,1685.90,428.38,98.50,156.40,0.312,-1,-1,-1
411,1421,379.23,460.87,46.44,59.41,0.666,-1,-1,-1
411,1166,621.56,459.72,27.62,70.43,0.474,-1,-1,-1
411,1362,796.36,476.25,34.46,55.55,0.258,-1,-1,-1
411,1447,1205.17,461.15,63.19,125.90,0.335,-1,-1,-1
411,1448,933.20,446.89,28.91,69.51,0.341,-1,-1,-1
411,1449,412.39,455.25,38.32,54.73,0.398,-1,-1,-1
412,3,1057.58,396.79,213.27,621.17,0.906,-1,-1,-1
412,884,965.91,419.33,137.13,517.18,0.866,-1,-1,-1
412,1133,650.81,411.00,145.22,330.01,0.942,-1,-1,-1
412,1128,527.52,435.10,126.41,283.96,0.878,-1,-1,-1
412,1264,841.51,463.90,37.37,80.01,0.279,-1,-1,-1
412,1266,439.09,439.70,128.61,328.46,0.911,-1,-1,-1
412,1304,1837.53,449.72,77.00,205.45,0.383,-1,-1,-1
412,1344,241.61,429.59,147.10,343.17,0.848,-1,-1,-1
412,1371,874.15,440.85,64.20,170.97,0.792,-1,-1,-1
412,1180,1672.80,427.81,113.12,205.79,0.336,-1,-1,-1
412,1232,1237.52,448.06,34.76,91.56,0.504,-1,-1,-1
412,1179,1689.91,428.27,97.53,155.62,0.350,-1,-1,-1
412,1421,379.16,460.78,46.33,59.59,0.606,-1,-1,-1
412,1166,623.80,458.95,28.55,72.27,0.370,-1,-1,-1
412,1447,1205.54,462.42,62.18,123.94,0.357,-1,-1,-1
412,1449,411.67,455.00,40.39,57.82,0.380,-1,-1,-1
413,3,1055.68,397.39,211.06,620.84,0.916,-1,-1,-1
413,884,964.79,418.93,137.24,517.53,0.880,-1,-1,-1
413,1133,652.25,409.34,145.91,331.76,0.939,-1,-1,-1
413,1128,532.90,434.31,124.83,283.32,0.883,-1,-1,-1
413,1264,840.49,463.93,37.37,79.20,0.252,-1,-1,-1
413,1266,446.03,439.98,130.90,327.88,0.920,-1,-1,-1
413,1304,1837.14,449.27,77.31,205.63,0.372,-1,-1,-1
413,1344,251.88,429.58,143.67,343.62,0.818,-1,-1,-1
413,1371,872.02,440.14,63.79,170.57,0.818,-1,-1,-1
413,1180,1672.98,427.84,113.03,205.19,0.337,-1,-1,-1
413,1232,1237.19,447.21,34.46,91.65,0.447,-1,-1,-1
413,1179,1689.82,427.86,97.46,155.36,0.367,-1,-1,-1
413,1421,379.03,461.22,46.07,59.57,0.469,-1,-1,-1
413,1166,623.91,458.00,29.23,73.36,0.386,-1,-1,-1
413,1447,1205.85,464.28,60.76,121.12,0.304,-1,-1,-1
413,1449,411.55,454.30,42.39,61.04,0.399,-1,-1,-1
414,3,1054.33,397.48,208.94,619.86,0.911,-1,-1,-1
414,884,963.32,418.45,137.58,517.90,0.883,-1,-1,-1
414,1133,653.70,410.31,145.02,330.25,0.938,-1,-1,-1
414,1128,538.61,433.77,122.83,283.70,0.884,-1,-1,-1
414,1266,449.29,439.81,133.62,328.00,0.930,-1,-1,-1
414,1304,1838.57,454.37,75.62,200.89,0.355,-1,-1,-1
414,1344,263.86,428.91,140.96,343.83,0.865,-1,-1,-1
414,1371,869.87,439.81,62.70,168.81,0.825,-1,-1,-1
414,1180,1672.95,428.90,112.72,204.24,0.291,-1,-1,-1
414,1232,1236.84,446.82,34.05,91.53,0.428,-1,-1,-1
414,1179,1692.40,428.16,96.56,154.84,0.339,-1,-1,-1
414,1421,379.34,461.25,45.05,58.58,0.427,-1,-1,-1
414,1447,1182.79,422.77,83.63,166.57,0.540,-1,-1,-1
414,1449,412.36,453.69,43.27,62.75,0.335,-1,-1,-1
414,1452,378.82,460.68,45.14,111.05,0.523,-1,-1,-1
415,3,1053.60,397.26,207.60,620.72,0.914,-1,-1,-1
415,884,963.17,417.52,137.61,519.09,0.863,-1,-1,-1
415,1133,654.69,410.29,144.14,329.36,0.931,-1,-1,-1
415,1128,542.74,432.57,121.72,285.52,0.844,-1,-1,-1
415,1266,449.91,440.82,136.02,327.16,0.928,-1,-1,-1
415,1304,1838.07,451.08,76.75,204.11,0.348,-1,-1,-1
415,1344,274.00,429.39,139.25,342.85,0.866,-1,-1,-1
415,1371,867.00,439.05,61.64,167.61,0.794,-1,-1,-1
415,1180,1672.04,424.77,114.70,208.26,0.387,-1,-1,-1
415,1232,1235.58,446.81,33.73,91.11,0.340,-1,-1,-1
415,1179,1690.82,428.11,96.28,154.42,0.306,-1,-1,-1
415,1421,380.65,462.12,43.65,57.06,0.252,-1,-1,-1
415,1447,1174.75,410.04,91.88,182.52,0.549,-1,-1,-1
415,1449,412.02,454.21,43.60,63.77,0.299,-1,-1,-1
415,1452,379.51,460.77,45.71,112.50,0.608,-1,-1,-1
415,1454,538.88,444.56,50.15,177.56,0.491,-1,-1,-1
416,3,1051.74,396.10,206.98,622.06,0.910,-1,-1,-1
416,884,963.50,416.46,137.49,520.57,0.852,-1,-1,-1
416,1133,661.18,410.46,141.16,325.41,0.931,-1,-1,-1
416,1128,549.27,432.63,119.17,285.37,0.856,-1,-1,-1
416,1266,450.46,444.66,137.28,323.61,0.932,-1,-1,-1
416,1304,1840.11,463.67,72.59,191.55,0.308,-1,-1,-1
416,1344,279.06,430.45,138.47,341.27,0.854,-1,-1,-1
416,1371,863.89,438.04,60.67,167.58,0.786,-1,-1,-1
416,1180,1672.47,426.46,114.30,207.27,0.326,-1,-1,-1
416,1232,1235.03,445.22,32.65,88.36,0.294,-1,-1,-1
416,1179,1688.24,427.86,97.21,155.31,0.355,-1,-1,-1
416,1421,380.25,461.27,44.44,58.50,0.296,-1,-1,-1
416,1447,1171.17,406.29,95.94,190.08,0.517,-1,-1,-1
416,1449,411.87,453.93,43.30,63.86,0.265,-1,-1,-1
416,1452,379.77,460.42,46.00,113.21,0.540,-1,-1,-1
416,1454,544.09,446.05,47.76,168.80,0.289,-1,-1,-1
416,1394,969.79,483.83,43.57,80.86,0.379,-1,-1,-1
417,3,1050.64,395.94,206.59,622.64,0.911,-1,-1,-1
417,884,963.60,414.91,137.36,522.25,0.845,-1,-1,-1
417,1133,667.51,408.59,138.72,324.01,0.929,-1,-1,-1
417,1128,559.30,432.63,116.43,285.45,0.851,-1,-1,-1
417,1266,451.53,447.40,138.79,320.55,0.939,-1,-1,-1
417,1304,1837.86,454.87,76.06,200.48,0.360,-1,-1,-1
417,1344,290.72,432.68,139.04,339.20,0.912,-1,-1,-1
417,1371,861.11,437.12,59.63,167.83,0.825,-1,-1,-1
417,1180,1673.23,427.00,113.88,206.84,0.336,-1,-1,-1
417,1179,1688.12,428.25,97.31,155.26,0.333,-1,-1,-1
417,1447,1170.05,406.41,99.84,197.07,0.459,-1,-1,-1
417,1449,412.69,453.65,42.08,62.43,0.272,-1,-1,-1
417,1452,380.04,460.45,46.36,113.88,0.604,-1,-1,-1
417,1458,1170.22,410.65,104.90,502.29,0.491,-1,-1,-1
417,1460,453.97,441.51,45.14,76.50,0.396,-1,-1,-1
417,1394,969.41,483.68,44.19,81.71,0.361,-1,-1,-1
418,3,1049.75,395.74,206.19,623.62,0.908,-1,-1,-1
418,884,966.83,412.98,136.45,524.20,0.820,-1,-1,-1
418,1133,674.73,407.91,136.08,322.64,0.923,-1,-1,-1
418,1128,569.04,431.78,114.35,285.95,0.840,-1,-1,-1
418,1266,453.19,449.55,139.83,317.39,0.936,-1,-1,-1
418,1304,1836.99,451.14,77.57,204.20,0.350,-1,-1,-1
418,1344,297.17,434.09,140.10,337.16,0.908,-1,-1,-1
418,1371,859.52,436.36,58.25,167.93,0.800,-1,-1,-1
418,1180,1673.55,427.32,113.05,205.66,0.313,-1,-1,-1
418,1179,1689.52,427.48,97.33,155.64,0.314,-1,-1,-1
418,1447,1171.26,406.61,99.73,195.20,0.350,-1,-1,-1
418,1449,412.95,452.75,41.52,62.20,0.294,-1,-1,-1
418,1452,380.59,460.53,46.44,114.27,0.557,-1,-1,-1
418,1458,1168.34,410.13,105.21,502.87,0.460,-1,-1,-1
418,1460,450.44,441.71,54.04,91.70,0.492,-1,-1,-1
418,1394,969.53,484.24,42.98,79.81,0.370,-1,-1,-1
418,1465,410.07,454.41,44.78,113.65,0.387,-1,-1,-1
418,1467,1208.12,431.95,68.93,161.40,0.432,-1,-1,-1
418,1421,380.51,462.34,43.80,57.96,0.266,-1,-1,-1
419,3,1048.88,396.07,205.64,623.96,0.919,-1,-1,-1
419,884,966.37,413.17,135.43,524.77,0.833,-1,-1,-1
419,1133,681.13,406.91,134.77,323.44,0.911,-1,-1,-1
419,1128,579.10,431.80,111.22,285.93,0.851,-1,-1,-1
419,1266,453.17,444.21,143.12,320.65,0.935,-1,-1,-1
419,1304,1839.00,455.26,75.86,200.03,0.310,-1,-1,-1
419,1344,300.26,434.66,142.28,336.91,0.902,-1,-1,-1
419,1371,857.23,436.03,57.38,168.62,0.764,-1,-1,-1
419,1180,1673.79,428.73,112.35,204.52,0.334,-1,-1,-1
419,1179,1690.23,427.43,97.24,155.98,0.316,-1,-1,-1
419,1447,1172.90,407.35,100.73,194.96,0.357,-1,-1,-1
419,1449,413.42,452.54,40.81,61.85,0.278,-1,-1,-1
419,1452,382.00,460.08,46.59,115.09,0.510,-1,-1,-1
419,1460,450.47,448.33,54.13,91.94,0.407,-1,-1,-1
419,1394,969.03,485.10,42.64,79.59,0.337,-1,-1,-1
419,1465,410.09,454.61,45.51,115.82,0.399,-1,-1,-1
419,1467,1210.07,431.94,67.67,157.90,0.405,-1,-1,-1
420,3,1048.51,395.97,205.02,624.23,0.916,-1,-1,-1
420,884,967.57,412.26,134.35,527.01,0.814,-1,-1,-1
420,1133,686.03,405.96,134.25,324.51,0.898,-1,-1,-1
420,1128,587.73,431.91,109.21,286.03,0.857,-1,-1,-1
420,1266,455.76,440.96,144.43,322.62,0.934,-1,-1,-1
420,1304,1837.61,452.33,77.14,203.13,0.340,-1,-1,-1
420,1344,304.93,435.05,145.24,335.39,0.901,-1,-1,-1
420,1371,856.00,436.08,56.51,169.11,0.794,-1,-1,-1
420,1180,1671.60,421.89,116.03,211.72,0.302,-1,-1,-1
420,1179,1690.47,427.51,96.61,155.35,0.298,-1,-1,-1
420,1447,1173.20,407.14,99.85,189.57,0.255,-1,-1,-1
420,1449,413.75,453.51,39.58,60.62,0.262,-1,-1,-1
420,1452,384.45,459.72,46.08,115.21,0.367,-1,-1,-1
420,1460,446.46,455.34,51.94,88.97,0.464,-1,-1,-1
420,1394,970.08,485.08,42.14,78.66,0.278,-1,-1,-1
420,1465,409.87,455.30,45.43,116.01,0.400,-1,-1,-1
420,1467,1212.42,432.31,67.74,157.04,0.378,-1,-1,-1
420,1332,1306.64,430.07,35.15,114.29,0.252,-1,-1,-1
420,1458,1192.34,425.24,102.19,483.98,0.537,-1,-1,-1
420,1421,382.73,461.67,45.96,62.78,0.316,-1,-1,-1
421,3,1047.99,396.01,204.87,624.54,0.918,-1,-1,-1
421,884,966.64,411.52,133.42,528.37,0.834,-1,-1,-1
421,1133,689.73,406.19,132.81,322.65,0.879,-1,-1,-1
421,1128,596.27,433.78,108.59,283.71,0.895,-1,-1,-1
421,1266,457.60,438.34,145.11,324.48,0.920,-1,-1,-1
421,1304,1838.09,452.52,76.57,202.23,0.304,-1,-1,-1
421,1344,306.56,437.48,147.10,332.01,0.922,-1,-1,-1
421,1371,855.21,436.91,55.28,168.20,0.830,-1,-1,-1
421,1180,1672.13,424.83,113.91,208.11,0.317,-1,-1,-1
421,1447,1166.77,407.16,99.23,186.31,0.307,-1,-1,-1
421,1449,413.68,452.42,40.37,62.45,0.293,-1,-1,-1
421,1460,442.34,457.06,52.93,91.66,0.461,-1,-1,-1
421,1465,410.93,453.85,45.69,117.16,0.417,-1,-1,-1
421,1467,1216.63,433.61,67.33,154.99,0.399,-1,-1,-1
421,1458,1178.79,416.50,105.68,493.44,0.572,-1,-1,-1
422,3,1048.31,396.18,204.71,625.56,0.903,-1,-1,-1
422,884,965.32,411.68,132.81,528.38,0.828,-1,-1,-1
422,1133,695.86,408.16,131.14,320.98,0.884,-1,-1,-1
422,1128,605.31,434.71,110.46,282.61,0.900,-1,-1,-1
422,1266,463.49,439.05,142.87,321.52,0.895,-1,-1,-1
422,1304,1839.87,461.31,73.33,193.04,0.293,-1,-1,-1
422,1344,310.63,439.27,149.27,327.21,0.934,-1,-1,-1
422,1371,854.36,437.57,54.24,167.47,0.850,-1,-1,-1
422,1180,1672.69,426.08,112.46,206.08,0.323,-1,-1,-1
422,1447,1157.36,407.48,97.45,184.75,0.300,-1,-1,-1
422,1460,440.80,457.69,56.21,98.80,0.492,-1,-1,-1
422,1465,413.09,455.05,44.68,114.84,0.305,-1,-1,-1
422,1467,1223.44,434.26,68.47,156.70,0.365,-1,-1,-1
422,1458,1173.22,412.44,107.43,494.57,0.636,-1,-1,-1
422,1489,1158.77,409.68,122.38,496.74,0.417,-1,-1,-1
422,1492,1209.84,433.41,104.79,242.02,0.353,-1,-1,-1
422,1179,1691.19,427.62,96.13,155.45,0.274,-1,-1,-1
423,3,1047.44,396.32,204.90,626.93,0.910,-1,-1,-1
423,884,964.95,414.03,131.65,526.32,0.821,-1,-1,-1
423,1133,702.36,410.95,129.11,318.53,0.875,-1,-1,-1
423,1128,613.51,436.76,112.22,280.55,0.910,-1,-1,-1
423,1266,469.71,440.33,139.66,317.90,0.906,-1,-1,-1
423,1304,1838.81,458.13,74.58,196.09,0.336,-1,-1,-1
423,1344,314.81,441.25,151.84,324.11,0.931,-1,-1,-1
423,1371,852.74,438.62,53.41,166.15,0.852,-1,-1,-1
423,1180,1673.06,427.12,111.78,205.18,0.363,-1,-1,-1
423,1447,1156.35,407.48,99.62,189.48,0.347,-1,-1,-1
423,1460,435.07,456.20,59.07,105.20,0.374,-1,-1,-1
423,1465,414.94,454.07,44.57,114.93,0.321,-1,-1,-1
423,1467,1228.69,434.68,68.93,156.43,0.390,-1,-1,-1
423,1492,1214.81,433.68,104.27,241.34,0.352,-1,-1,-1
423,1179,1689.98,428.37,95.59,154.51,0.254,-1,-1,-1
424,3,1046.95,396.41,206.03,629.52,0.898,-1,-1,-1
424,884,963.63,414.91,130.95,526.26,0.798,-1,-1,-1
424,1133,705.56,408.43,129.19,321.70,0.886,-1,-1,-1
424,1128,619.97,437.38,115.04,279.33,0.920,-1,-1,-1
424,1266,477.25,440.28,136.59,316.78,0.892,-1,-1,-1
424,1304,1838.51,453.14,76.17,200.88,0.324,-1,-1,-1
424,1344,318.07,438.56,155.36,325.51,0.926,-1,-1,-1
424,1371,851.20,439.89,52.74,164.40,0.842,-1,-1,-1
424,1180,1673.44,428.35,111.11,204.08,0.348,-1,-1,-1
424,1447,1155.67,407.23,113.24,216.75,0.326,-1,-1,-1
424,1460,434.52,455.42,59.14,106.95,0.334,-1,-1,-1
424,1467,1232.95,434.47,70.61,158.72,0.416,-1,-1,-1
424,1492,1218.72,433.40,104.42,242.54,0.412,-1,-1,-1
424,1179,1689.14,428.36,95.66,154.54,0.270,-1,-1,-1
424,1458,1180.21,410.27,111.41,497.86,0.765,-1,-1,-1
425,3,1047.30,396.21,207.78,635.77,0.881,-1,-1,-1
425,884,964.91,418.89,129.47,522.33,0.785,-1,-1,-1
425,1133,707.46,406.03,129.33,324.39,0.880,-1,-1,-1
425,1128,622.30,440.29,116.84,275.90,0.902,-1,-1,-1
425,1266,487.90,439.77,132.62,317.06,0.875,-1,-1,-1
425,1344,321.90,436.61,157.85,326.22,0.926,-1,-1,-1
425,1371,849.61,440.61,52.38,163.02,0.829,-1,-1,-1
425,1180,1671.63,422.60,114.26,210.56,0.360,-1,-1,-1
425,1447,1154.69,407.35,116.53,224.30,0.394,-1,-1,-1
425,1467,1236.89,434.49,71.45,158.75,0.408,-1,-1,-1
425,1492,1222.39,433.49,103.84,242.23,0.414,-1,-1,-1
425,1179,1689.09,428.09,95.76,154.83,0.251,-1,-1,-1
425,1516,473.94,457.02,41.10,73.05,0.365,-1,-1,-1
425,1458,1181.21,409.52,115.70,501.20,0.746,-1,-1,-1
425,1394,974.13,482.14,37.31,68.16,0.284,-1,-1,-1
426,3,1047.61,395.69,210.20,644.28,0.875,-1,-1,-1
426,884,966.04,420.99,128.35,519.76,0.753,-1,-1,-1
426,1133,710.65,405.93,128.60,324.58,0.877,-1,-1,-1
426,1128,621.58,441.66,118.76,274.46,0.912,-1,-1,-1
426,1266,503.46,438.29,128.78,318.90,0.853,-1,-1,-1
426,1344,325.99,435.41,158.71,326.96,0.927,-1,-1,-1
426,1371,846.63,440.96,52.65,163.32,0.816,-1,-1,-1
426,1180,1671.49,419.42,115.84,214.12,0.318,-1,-1,-1
426,1447,1158.59,407.77,119.08,229.03,0.372,-1,-1,-1
426,1467,1241.74,433.21,72.90,160.18,0.458,-1,-1,-1
426,1492,1226.69,432.63,103.90,243.81,0.410,-1,-1,-1
426,1179,1690.36,427.52,96.24,156.32,0.311,-1,-1,-1
426,1516,474.24,458.72,39.76,70.81,0.304,-1,-1,-1
426,1458,1183.36,409.56,119.64,502.16,0.779,-1,-1,-1
426,1525,916.23,446.57,49.04,140.51,0.377,-1,-1,-1
426,1531,1161.05,409.36,157.76,501.85,0.334,-1,-1,-1
427,3,1049.90,395.49,212.29,651.89,0.863,-1,-1,-1
427,884,967.19,416.27,128.87,524.27,0.825,-1,-1,-1
427,1133,713.88,406.25,127.30,324.18,0.869,-1,-1,-1
427,1128,621.71,446.44,118.80,268.46,0.883,-1,-1,-1
427,1266,511.82,437.91,124.48,319.08,0.871,-1,-1,-1
427,1344,333.50,434.73,156.40,323.02,0.920,-1,-1,-1
427,1371,843.45,440.57,52.67,163.70,0.817,-1,-1,-1
427,1180,1669.25,415.66,118.08,218.55,0.388,-1,-1,-1
427,1447,1164.28,408.89,118.93,227.35,0.348,-1,-1,-1
427,1467,1244.93,431.82,75.11,163.17,0.464,-1,-1,-1
427,1492,1222.10,431.97,120.69,287.81,0.407,-1,-1,-1
427,1179,1684.45,428.48,98.40,158.38,0.273,-1,-1,-1
427,1516,476.55,460.56,35.55,63.35,0.318,-1,-1,-1
427,1525,917.11,446.24,48.70,139.45,0.324,-1,-1,-1
427,1531,1165.73,410.59,157.52,500.73,0.791,-1,-1,-1
427,1394,973.43,480.56,38.46,68.26,0.270,-1,-1,-1
428,3,1053.13,395.12,215.00,659.12,0.856,-1,-1,-1
428,884,968.50,414.41,129.03,526.65,0.828,-1,-1,-1
428,1133,718.03,406.36,126.62,324.37,0.891,-1,-1,-1
428,1128,621.85,444.90,120.53,268.97,0.897,-1,-1,-1
428,1266,518.70,438.69,120.60,318.50,0.875,-1,-1,-1
428,1344,342.40,436.68,151.96,316.91,0.895,-1,-1,-1
428,1371,840.24,440.12,52.00,162.52,0.805,-1,-1,-1
428,1447,1162.55,409.35,131.19,252.36,0.293,-1,-1,-1
428,1467,1248.05,429.79,74.95,162.71,0.354,-1,-1,-1
428,1492,1225.78,429.90,125.76,305.93,0.569,-1,-1,-1
428,1516,477.76,460.37,34.32,61.21,0.268,-1,-1,-1
428,1525,919.33,445.94,49.03,139.83,0.425,-1,-1,-1
428,1531,1166.36,410.40,158.27,502.32,0.819,-1,-1,-1
428,1539,1711.95,327.30,183.10,716.67,0.756,-1,-1,-1
428,1394,971.53,481.97,40.93,72.41,0.294,-1,-1,-1
429,3,1051.97,395.14,215.60,665.95,0.886,-1,-1,-1
429,884,971.12,412.91,128.71,529.09,0.817,-1,-1,-1
429,1133,721.88,408.12,125.36,322.69,0.900,-1,-1,-1
429,1128,623.84,443.60,121.27,269.79,0.894,-1,-1,-1
429,1266,525.86,438.48,118.12,318.82,0.882,-1,-1,-1
429,1344,354.81,436.30,147.61,314.86,0.864,-1,-1,-1
429,1371,838.41,439.98,50.82,160.60,0.812,-1,-1,-1
429,1447,1163.62,408.46,137.72,267.04,0.306,-1,-1,-1
429,1467,1252.83,427.54,76.67,166.23,0.511,-1,-1,-1
429,1525,917.38,445.70,49.51,139.75,0.445,-1,-1,-1
429,1531,1167.49,408.79,159.19,504.46,0.837,-1,-1,-1
429,1539,1687.74,323.98,186.32,721.17,0.765,-1,-1,-1
429,1394,971.82,482.16,39.49,68.58,0.267,-1,-1,-1
429,1332,1301.54,429.41,37.73,115.92,0.262,-1,-1,-1
430,3,1052.33,395.23,215.84,672.12,0.901,-1,-1,-1
430,884,975.13,416.43,127.19,525.71,0.818,-1,-1,-1
430,1133,728.51,410.31,123.62,320.38,0.897,-1,-1,-1
430,1128,627.85,442.64,120.83,268.66,0.891,-1,-1,-1
430,1266,535.12,438.75,117.14,318.87,0.899,-1,-1,-1
430,1344,366.98,435.25,142.69,315.02,0.859,-1,-1,-1
430,1371,837.15,439.07,50.06,160.24,0.783,-1,-1,-1
430,1447,1167.25,408.57,139.30,273.26,0.308,-1,-1,-1
430,1467,1256.84,426.35,77.37,166.84,0.377,-1,-1,-1
430,1525,916.52,445.97,50.14,140.02,0.414,-1,-1,-1
430,1531,1171.37,409.16,158.49,503.19,0.775,-1,-1,-1
430,1539,1658.27,318.60,195.32,740.29,0.859,-1,-1,-1
430,1492,1234.35,427.70,126.52,314.78,0.593,-1,-1,-1
431,3,1051.25,394.70,213.92,674.55,0.863,-1,-1,-1
431,884,977.17,416.77,126.91,525.88,0.829,-1,-1,-1
431,1133,730.08,411.74,123.23,318.99,0.882,-1,-1,-1
431,1128,639.77,442.86,117.06,266.05,0.744,-1,-1,-1
431,1266,543.82,439.61,117.05,317.65,0.899,-1,-1,-1
431,1344,378.33,439.05,136.31,311.50,0.807,-1,-1,-1
431,1371,836.02,437.96,49.35,159.99,0.762,-1,-1,-1
431,1447,1173.26,408.74,139.57,276.18,0.432,-1,-1,-1
431,1467,1260.95,424.74,79.61,170.62,0.426,-1,-1,-1
431,1525,917.02,445.74,51.04,140.64,0.372,-1,-1,-1
431,1531,1184.48,409.23,135.50,427.23,0.424,-1,-1,-1
431,1539,1630.12,309.55,201.99,738.99,0.817,-1,-1,-1
431,1552,1181.86,409.41,128.01,326.39,0.458,-1,-1,-1
431,1492,1239.74,426.44,123.31,313.42,0.530,-1,-1,-1
431,1458,1187.87,409.57,116.76,479.77,0.333,-1,-1,-1
432,3,1049.05,394.33,208.02,668.56,0.799,-1,-1,-1
432,884,979.67,416.61,126.95,525.63,0.826,-1,-1,-1
432,1133,733.44,412.65,122.98,317.98,0.903,-1,-1,-1
432,1128,648.86,441.85,113.80,265.92,0.752,-1,-1,-1
432,1266,550.91,439.87,118.55,317.34,0.922,-1,-1,-1
432,1344,377.81,442.70,132.36,308.37,0.795,-1,-1,-1
432,1371,835.14,437.44,48.86,160.03,0.726,-1,-1,-1
432,1447,1175.78,408.74,139.13,278.07,0.273,-1,-1,-1
432,1467,1266.91,423.03,78.49,166.57,0.323,-1,-1,-1
432,1525,919.50,446.07,51.85,140.87,0.397,-1,-1,-1
432,1531,1187.31,409.42,124.32,389.95,0.607,-1,-1,-1
432,1539,1603.74,301.67,208.02,722.47,0.803,-1,-1,-1
432,1492,1254.06,424.52,107.95,276.31,0.516,-1,-1,-1
432,1458,1160.29,408.93,147.45,603.26,0.623,-1,-1,-1
432,1448,934.19,446.16,29.97,71.08,0.254,-1,-1,-1
432,1394,971.90,482.17,40.31,70.00,0.255,-1,-1,-1
433,3,1052.55,394.58,196.79,640.34,0.849,-1,-1,-1
433,884,983.11,417.20,126.97,525.40,0.834,-1,-1,-1
433,1133,735.87,414.20,121.82,315.81,0.900,-1,-1,-1
433,1128,663.98,443.27,108.43,264.12,0.578,-1,-1,-1
433,1266,554.81,440.27,120.23,316.82,0.925,-1,-1,-1
433,1344,388.33,444.59,128.64,306.34,0.773,-1,-1,-1
433,1371,833.95,437.40,47.94,158.43,0.748,-1,-1,-1
433,1447,1178.99,408.88,137.79,277.83,0.268,-1,-1,-1
433,1467,1272.21,422.09,77.95,163.37,0.313,-1,-1,-1
433,1525,920.14,446.52,52.07,140.06,0.357,-1,-1,-1
433,1531,1192.91,409.68,123.46,383.78,0.781,-1,-1,-1
433,1539,1571.07,299.84,226.83,741.92,0.873,-1,-1,-1
433,1492,1261.05,422.35,103.86,268.21,0.505,-1,-1,-1
433,1560,377.22,461.58,40.35,55.19,0.434,-1,-1,-1
433,1562,654.94,457.28,47.33,165.79,0.682,-1,-1,-1
433,1304,1843.78,469.04,70.07,183.90,0.271,-1,-1,-1
434,3,1066.36,394.96,177.56,575.14,0.712,-1,-1,-1
434,884,986.47,417.89,127.54,525.13,0.841,-1,-1,-1
434,1133,739.52,414.28,120.93,314.95,0.893,-1,-1,-1
434,1128,668.29,440.43,105.52,266.54,0.678,-1,-1,-1
434,1266,556.38,441.08,121.78,315.35,0.930,-1,-1,-1
434,1344,398.13,446.23,126.41,304.20,0.829,-1,-1,-1
434,1371,833.70,437.73,47.15,157.42,0.615,-1,-1,-1
434,1447,1182.82,409.46,139.03,282.48,0.477,-1,-1,-1
434,1531,1197.73,410.03,126.93,390.44,0.541,-1,-1,-1
434,1539,1535.87,301.22,235.34,714.27,0.810,-1,-1,-1
434,1492,1261.41,422.63,112.82,296.67,0.694,-1,-1,-1
434,1560,377.58,461.83,41.72,57.26,0.354,-1,-1,-1
434,1562,656.81,458.44,45.05,156.43,0.552,-1,-1,-1
434,1304,1843.52,471.70,69.77,182.03,0.254,-1,-1,-1
434,1179,1699.38,425.82,95.36,157.89,0.361,-1,-1,-1
435,3,1088.42,393.46,146.93,460.68,0.743,-1,-1,-1
435,884,991.10,418.57,123.94,502.76,0.850,-1,-1,-1
435,1133,741.85,413.97,119.79,314.24,0.885,-1,-1,-1
435,1128,674.78,437.46,103.27,269.42,0.747,-1,-1,-1
435,1266,558.06,441.65,123.63,314.67,0.935,-1,-1,-1
435,1344,401.47,437.05,130.37,313.83,0.864,-1,-1,-1
435,1371,832.94,438.12,47.08,157.20,0.653,-1,-1,-1
435,1447,1182.71,409.31,147.97,305.77,0.761,-1,-1,-1
435,1539,1480.42,301.86,245.02,696.62,0.803,-1,-1,-1
435,1492,1265.82,422.33,114.33,306.20,0.729,-1,-1,-1
435,1560,378.75,461.94,42.13,57.97,0.401,-1,-1,-1
435,1562,660.11,459.28,43.23,147.93,0.490,-1,-1,-1
435,1394,969.74,481.86,42.18,72.81,0.305,-1,-1,-1
436,3,1097.92,395.48,140.74,431.06,0.836,-1,-1,-1
436,884,1003.27,419.74,107.91,419.86,0.846,-1,-1,-1
436,1133,742.19,412.97,118.63,314.04,0.897,-1,-1,-1
436,1128,680.87,436.33,100.63,271.45,0.785,-1,-1,-1
436,1266,558.74,441.94,125.93,314.54,0.933,-1,-1,-1
436,1344,404.68,436.10,130.11,315.02,0.856,-1,-1,-1
436,1371,831.29,438.58,47.05,157.20,0.597,-1,-1,-1
436,1447,1183.40,407.92,153.74,323.67,0.673,-1,-1,-1
436,1539,1412.87,307.68,255.67,685.70,0.755,-1,-1,-1
436,1492,1273.94,422.11,101.46,274.21,0.518,-1,-1,-1
436,1560,380.12,461.93,42.54,58.57,0.459,-1,-1,-1
436,1562,658.79,459.80,44.55,150.07,0.448,-1,-1,-1
436,1467,1276.33,421.93,75.56,161.47,0.329,-1,-1,-1
436,1531,1196.54,407.85,131.89,406.37,0.398,-1,-1,-1
436,1179,1686.65,426.75,96.58,157.93,0.311,-1,-1,-1
437,3,1101.87,396.52,145.06,434.88,0.866,-1,-1,-1
437,884,1007.80,419.16,107.40,402.67,0.864,-1,-1,-1
437,1133,744.20,413.49,116.65,310.62,0.873,-1,-1,-1
437,1128,687.09,436.02,98.48,271.55,0.796,-1,-1,-1
437,1266,558.04,441.92,128.10,314.44,0.930,-1,-1,-1
437,1344,415.56,438.23,129.15,312.75,0.845,-1,-1,-1
437,1371,829.43,439.11,47.31,157.77,0.629,-1,-1,-1
437,1447,1191.78,407.96,144.85,307.26,0.575,-1,-1,-1
437,1539,1340.46,317.66,268.67,682.40,0.828,-1,-1,-1
437,1560,380.06,461.94,43.25,59.66,0.443,-1,-1,-1
437,1562,653.88,460.64,46.45,154.65,0.386,-1,-1,-1
437,1581,539.29,455.45,34.56,70.44,0.394,-1,-1,-1
437,1582,647.52,461.27,42.85,96.63,0.404,-1,-1,-1
437,1585,521.05,461.75,28.69,64.51,0.342,-1,-1,-1
437,1179,1689.86,427.78,94.30,154.91,0.311,-1,-1,-1
437,1304,1835.90,451.65,77.47,201.54,0.282,-1,-1,-1
438,3,1102.56,400.26,148.46,440.45,0.861,-1,-1,-1
438,884,1009.16,419.35,112.42,409.16,0.875,-1,-1,-1
438,1133,749.74,412.86,114.71,308.72,0.865,-1,-1,-1
438,1128,691.27,433.89,97.86,274.21,0.804,-1,-1,-1
438,1266,558.13,441.52,129.97,313.78,0.933,-1,-1,-1
438,1344,422.89,441.49,127.83,308.99,0.873,-1,-1,-1
438,1371,827.58,440.51,47.28,156.66,0.651,-1,-1,-1
438,1539,1275.29,324.19,280.59,685.44,0.834,-1,-1,-1
438,1560,381.19,461.53,43.07,59.28,0.425,-1,-1,-1
438,1562,652.69,460.19,47.84,157.50,0.313,-1,-1,-1
438,1581,540.29,454.81,35.22,71.89,0.411,-1,-1,-1
438,1582,649.26,461.00,40.13,90.36,0.426,-1,-1,-1
438,1585,520.28,462.69,28.34,63.78,0.316,-1,-1,-1
438,1179,1688.06,428.33,94.34,153.95,0.320,-1,-1,-1
438,1589,369.83,462.61,71.80,168.46,0.422,-1,-1,-1
438,1304,1833.07,431.46,84.54,222.27,0.313,-1,-1,-1
438,1449,417.62,456.04,43.18,66.71,0.273,-1,-1,-1
438,1180,1671.76,425.98,111.99,206.43,0.314,-1,-1,-1
439,3,1101.35,412.91,144.73,428.64,0.791,-1,-1,-1
439,884,1008.61,420.37,118.86,422.47,0.873,-1,-1,-1
439,1133,760.41,413.33,110.70,303.79,0.820,-1,-1,-1
439,1128,701.46,434.29,100.78,282.16,0.836,-1,-1,-1
439,1266,559.20,440.83,131.52,313.76,0.928,-1,-1,-1
439,1344,427.87,436.46,128.94,312.72,0.876,-1,-1,-1
439,1371,825.99,442.72,46.58,153.62,0.301,-1,-1,-1
439,1539,1211.83,337.02,286.41,677.48,0.843,-1,-1,-1
439,1560,378.35,461.63,50.62,70.43,0.473,-1,-1,-1
439,1581,541.60,454.57,35.97,73.60,0.381,-1,-1,-1
439,1585,521.84,462.98,27.90,62.94,0.347,-1,-1,-1
439,1179,1691.30,428.31,93.98,153.66,0.374,-1,-1,-1
439,1589,368.56,461.91,70.87,166.38,0.408,-1,-1,-1
439,1304,1835.71,442.78,80.23,210.73,0.308,-1,-1,-1
439,1593,1008.37,448.88,33.19,77.83,0.341,-1,-1,-1
439,1180,1673.63,426.31,111.96,206.08,0.335,-1,-1,-1
439,1525,918.23,445.80,52.98,139.99,0.380,-1,-1,-1
440,3,1104.61,441.30,114.09,334.06,0.620,-1,-1,-1
440,884,1007.80,420.71,125.04,436.68,0.875,-1,-1,-1
440,1133,766.03,413.63,108.51,302.65,0.814,-1,-1,-1
440,1128,708.21,431.59,102.69,286.72,0.835,-1,-1,-1
440,1266,560.10,439.53,132.78,314.25,0.915,-1,-1,-1
440,1344,432.48,441.31,126.46,306.43,0.881,-1,-1,-1
440,1539,1151.83,351.23,290.11,668.68,0.837,-1,-1,-1
440,1560,378.33,461.73,51.87,72.90,0.429,-1,-1,-1
440,1581,542.00,446.86,42.74,87.63,0.419,-1,-1,-1
440,1585,522.88,462.54,30.01,67.95,0.272,-1,-1,-1
440,1179,1692.40,428.24,94.32,154.22,0.392,-1,-1,-1
440,1589,370.72,498.13,55.85,129.88,0.570,-1,-1,-1
440,1304,1835.80,439.46,81.39,214.55,0.361,-1,-1,-1
440,1593,1005.86,448.70,32.86,77.08,0.255,-1,-1,-1
440,1180,1674.09,426.19,112.53,206.70,0.293,-1,-1,-1
440,1525,918.73,446.15,53.52,139.46,0.339,-1,-1,-1
440,1449,418.07,455.42,42.24,65.69,0.270,-1,-1,-1
441,884,1008.90,423.69,115.10,393.72,0.804,-1,-1,-1
441,1133,769.54,412.32,106.30,302.47,0.845,-1,-1,-1
441,1128,712.18,430.21,102.06,283.38,0.858,-1,-1,-1
441,1266,563.47,439.20,133.05,313.22,0.915,-1,-1,-1
441,1344,435.93,438.90,127.01,307.08,0.900,-1,-1,-1
441,1539,1089.82,361.64,293.25,659.64,0.866,-1,-1,-1
441,1560,378.27,461.64,52.44,74.58,0.466,-1,-1,-1
441,1581,540.37,443.58,47.47,97.70,0.397,-1,-1,-1
441,1179,1691.91,428.53,94.18,153.81,0.352,-1,-1,-1
441,1589,366.15,508.91,52.29,119.97,0.590,-1,-1,-1
441,1304,1837.30,445.12,79.27,209.07,0.359,-1,-1,-1
441,1593,1004.31,449.23,32.55,76.35,0.268,-1,-1,-1
441,1180,1673.94,426.48,112.60,206.41,0.319,-1,-1,-1
441,1525,918.32,446.82,53.92,138.91,0.305,-1,-1,-1
441,1449,418.94,455.26,40.08,62.18,0.294,-1,-1,-1
441,1492,1319.10,427.21,121.61,322.18,0.817,-1,-1,-1
442,1133,772.75,411.46,104.36,301.68,0.802,-1,-1,-1
442,1128,720.48,433.95,103.26,278.60,0.838,-1,-1,-1
442,1266,566.04,438.82,132.96,312.20,0.926,-1,-1,-1
442,1344,439.42,437.57,126.93,307.39,0.894,-1,-1,-1
442,1539,1032.07,366.50,295.32,651.52,0.857,-1,-1,-1
442,1560,375.76,461.29,58.81,85.21,0.624,-1,-1,-1
442,1581,539.94,442.54,49.62,102.06,0.405,-1,-1,-1
442,1179,1689.92,428.27,95.06,154.73,0.332,-1,-1,-1
442,1589,358.36,517.10,52.58,118.34,0.623,-1,-1,-1
442,1304,1836.38,445.58,79.12,208.31,0.342,-1,-1,-1
442,1593,1004.64,449.02,32.63,76.51,0.251,-1,-1,-1
442,1180,1673.38,426.85,112.68,205.95,0.316,-1,-1,-1
442,1449,418.34,455.30,38.89,61.03,0.337,-1,-1,-1
442,1492,1318.66,427.53,127.10,326.99,0.869,-1,-1,-1
442,1394,972.48,477.38,43.31,75.02,0.289,-1,-1,-1
443,1133,776.42,410.95,103.01,302.99,0.816,-1,-1,-1
443,1128,723.78,436.27,105.85,277.28,0.847,-1,-1,-1
443,1266,571.09,438.40,130.91,309.10,0.907,-1,-1,-1
443,1344,446.03,435.68,126.38,308.68,0.891,-1,-1,-1
443,1539,986.99,367.64,299.97,647.51,0.883,-1,-1,-1
443,1560,370.87,461.19,69.95,104.22,0.671,-1,-1,-1
443,1581,533.52,442.61,65.16,136.91,0.444,-1,-1,-1
443,1179,1690.64,428.39,94.99,154.51,0.303,-1,-1,-1
443,1589,349.12,513.80,58.83,130.61,0.631,-1,-1,-1
443,1304,1836.67,445.77,78.80,207.92,0.337,-1,-1,-1
443,1180,1673.17,427.26,112.66,205.60,0.344,-1,-1,-1
443,1449,418.31,455.34,38.00,59.88,0.312,-1,-1,-1
443,1492,1322.27,427.55,130.96,330.42,0.875,-1,-1,-1
443,1606,601.85,437.92,36.55,61.34,0.310,-1,-1,-1
443,1452,413.61,456.02,44.28,113.77,0.366,-1,-1,-1
443,1531,1224.67,415.07,134.16,421.97,0.423,-1,-1,-1
443,1447,1222.08,418.38,142.48,311.67,0.429,-1,-1,-1
444,1133,777.14,411.16,102.27,303.88,0.840,-1,-1,-1
444,1128,720.84,438.49,106.55,274.87,0.809,-1,-1,-1
444,1266,577.04,437.70,127.62,304.76,0.905,-1,-1,-1
444,1344,452.14,435.06,123.37,304.65,0.884,-1,-1,-1
444,1539,933.90,365.26,303.18,648.94,0.897,-1,-1,-1
444,1560,369.20,461.21,73.13,112.18,0.677,-1,-1,-1
444,1581,530.32,442.45,73.51,157.85,0.557,-1,-1,-1
444,1179,1689.94,428.27,95.01,154.50,0.305,-1,-1,-1
444,1589,338.82,512.80,61.17,133.19,0.723,-1,-1,-1
444,1304,1836.07,448.96,77.89,204.91,0.310,-1,-1,-1
444,1180,1673.27,428.08,112.11,204.97,0.355,-1,-1,-1
444,1492,1322.34,427.20,133.29,335.09,0.869,-1,-1,-1
444,1606,601.33,439.23,36.84,61.84,0.295,-1,-1,-1
444,1452,414.08,456.07,43.69,115.16,0.446,-1,-1,-1
444,1531,1193.55,409.17,153.13,480.29,0.735,-1,-1,-1
444,1447,1226.44,422.66,140.58,314.78,0.512,-1,-1,-1
445,1133,782.95,412.16,100.44,302.03,0.833,-1,-1,-1
445,1128,718.35,440.84,105.54,269.74,0.821,-1,-1,-1
445,1266,583.19,437.19,124.41,301.22,0.905,-1,-1,-1
445,1344,457.85,433.17,120.42,300.49,0.859,-1,-1,-1
445,1539,888.45,357.35,309.43,656.84,0.843,-1,-1,-1
445,1560,369.01,461.21,73.37,115.62,0.685,-1,-1,-1
445,1581,530.06,442.60,76.49,168.20,0.527,-1,-1,-1
445,1179,1688.37,428.21,95.39,154.98,0.317,-1,-1,-1
445,1589,329.02,512.14,63.25,135.19,0.763,-1,-1,-1
445,1304,1835.98,443.95,79.61,210.07,0.340,-1,-1,-1
445,1180,1673.01,427.36,112.44,205.87,0.363,-1,-1,-1
445,1492,1324.15,426.11,134.18,338.64,0.859,-1,-1,-1
445,1452,414.93,455.65,43.07,115.51,0.428,-1,-1,-1
445,1531,1170.10,403.25,164.49,502.29,0.854,-1,-1,-1
445,1447,1235.49,423.04,140.84,319.82,0.576,-1,-1,-1
446,1133,787.22,411.54,98.88,301.19,0.771,-1,-1,-1
446,1128,725.11,441.26,108.26,269.42,0.818,-1,-1,-1
446,1266,591.97,436.76,121.84,300.36,0.872,-1,-1,-1
446,1344,465.47,432.10,117.44,296.23,0.835,-1,-1,-1
446,1539,847.89,347.31,309.03,649.77,0.895,-1,-1,-1
446,1560,369.20,461.19,71.97,116.45,0.686,-1,-1,-1
446,1179,1689.49,428.12,95.28,155.17,0.362,-1,-1,-1
446,1589,320.79,511.54,66.69,140.91,0.745,-1,-1,-1
446,1304,1836.27,449.59,77.45,203.96,0.291,-1,-1,-1
446,1180,1673.52,427.66,111.88,205.25,0.422,-1,-1,-1
446,1492,1326.89,425.64,133.57,340.24,0.841,-1,-1,-1
446,1452,415.89,455.29,42.34,114.76,0.410,-1,-1,-1
446,1447,1238.33,425.11,133.99,310.70,0.529,-1,-1,-1
446,1458,1150.53,400.74,173.68,675.00,0.874,-1,-1,-1
446,1606,601.52,440.59,35.83,60.31,0.263,-1,-1,-1
447,1133,797.01,410.99,93.04,286.67,0.487,-1,-1,-1
447,1128,734.19,423.47,118.97,286.52,0.824,-1,-1,-1
447,1266,604.16,436.81,118.56,299.28,0.847,-1,-1,-1
447,1344,470.38,431.19,116.34,295.72,0.844,-1,-1,-1
447,1539,809.70,339.83,312.19,649.91,0.886,-1,-1,-1
447,1560,370.17,461.28,70.23,116.62,0.677,-1,-1,-1
447,1179,1686.76,428.33,96.31,155.67,0.387,-1,-1,-1
447,1589,313.11,512.03,69.23,144.14,0.776,-1,-1,-1
447,1304,1835.76,447.99,77.76,203.84,0.309,-1,-1,-1
447,1180,1673.26,426.98,112.47,205.99,0.424,-1,-1,-1
447,1492,1330.39,424.49,132.59,341.34,0.864,-1,-1,-1
447,1452,416.63,455.06,41.80,114.44,0.373,-1,-1,-1
447,1447,1242.41,423.59,129.78,306.90,0.631,-1,-1,-1
447,1458,1147.13,402.80,180.58,674.62,0.863,-1,-1,-1
447,3,1073.22,422.40,104.79,305.62,0.506,-1,-1,-1
448,1128,733.62,433.99,114.87,273.10,0.821,-1,-1,-1
448,1266,613.42,436.74,115.53,301.06,0.843,-1,-1,-1
448,1344,479.33,431.49,112.76,291.33,0.813,-1,-1,-1
448,1539,777.18,335.61,312.19,644.40,0.875,-1,-1,-1
448,1560,370.56,461.09,68.55,116.74,0.648,-1,-1,-1
448,1179,1684.75,428.71,97.30,155.64,0.433,-1,-1,-1
448,1589,306.78,512.69,71.18,146.90,0.786,-1,-1,-1
448,1304,1832.09,418.73,87.91,234.50,0.330,-1,-1,-1
448,1180,1672.90,426.58,112.79,206.20,0.482,-1,-1,-1
448,1492,1332.99,422.76,132.16,342.99,0.847,-1,-1,-1
448,1452,416.75,455.43,41.03,113.84,0.391,-1,-1,-1
448,1447,1251.12,423.25,118.46,279.89,0.518,-1,-1,-1
448,1458,1148.21,403.08,186.60,675.94,0.890,-1,-1,-1
448,1622,720.95,453.35,32.02,84.06,0.461,-1,-1,-1
448,3,1043.58,420.72,152.18,459.22,0.867,-1,-1,-1
449,1128,740.55,437.42,104.17,250.43,0.356,-1,-1,-1
449,1266,622.03,436.94,111.63,301.02,0.869,-1,-1,-1
449,1344,481.99,430.53,111.66,290.19,0.831,-1,-1,-1
449,1539,734.08,332.98,326.84,673.13,0.873,-1,-1,-1
449,1560,371.37,461.02,66.68,116.37,0.719,-1,-1,-1
449,1179,1683.17,428.51,98.61,156.05,0.406,-1,-1,-1
449,1589,296.54,512.50,73.04,148.59,0.811,-1,-1,-1
449,1304,1831.83,409.81,88.17,243.52,0.308,-1,-1,-1
449,1180,1672.80,426.13,113.39,207.10,0.400,-1,-1,-1
449,1492,1338.69,421.91,131.63,343.73,0.860,-1,-1,-1
449,1452,417.07,455.39,40.46,113.44,0.413,-1,-1,-1
449,1447,1254.32,425.28,125.27,304.30,0.611,-1,-1,-1
449,1458,1148.11,403.43,188.02,673.13,0.889,-1,-1,-1
449,1622,721.48,452.94,31.59,83.06,0.512,-1,-1,-1
449,3,1030.21,419.82,166.07,508.84,0.895,-1,-1,-1
449,1625,591.94,470.86,57.05,171.91,0.363,-1,-1,-1
449,1593,1001.11,448.07,32.40,75.85,0.353,-1,-1,-1
450,1266,627.46,436.81,107.68,298.99,0.886,-1,-1,-1
450,1344,488.72,431.12,113.14,293.00,0.842,-1,-1,-1
450,1539,695.33,335.62,335.09,689.79,0.906,-1,-1,-1
450,1560,371.97,460.44,65.31,116.60,0.721,-1,-1,-1
450,1179,1683.73,428.94,98.68,155.08,0.371,-1,-1,-1
450,1589,287.78,512.55,74.74,149.84,0.796,-1,-1,-1
450,1304,1832.17,407.34,87.83,246.30,0.326,-1,-1,-1
450,1180,1673.06,426.48,113.62,207.29,0.406,-1,-1,-1
450,1492,1339.28,420.95,132.23,344.35,0.833,-1,-1,-1
450,1452,416.99,455.19,40.31,113.31,0.451,-1,-1,-1
450,1447,1255.81,425.60,126.83,315.53,0.574,-1,-1,-1
450,1458,1155.81,402.63,190.33,666.59,0.902,-1,-1,-1
450,1622,721.72,455.61,30.42,79.99,0.473,-1,-1,-1
450,3,1026.02,420.22,171.20,531.65,0.913,-1,-1,-1
450,1625,592.93,471.24,53.90,161.27,0.435,-1,-1,-1
450,1593,1003.00,447.84,32.85,76.28,0.445,-1,-1,-1
451,1266,631.04,438.02,104.81,298.17,0.843,-1,-1,-1
451,1344,495.00,433.52,114.02,290.92,0.852,-1,-1,-1
451,1539,659.24,340.97,338.67,693.99,0.894,-1,-1,-1
451,1560,372.82,460.26,63.87,116.54,0.722,-1,-1,-1
451,1179,1685.75,428.89,98.41,154.23,0.315,-1,-1,-1
451,1589,279.92,512.86,75.59,149.72,0.837,-1,-1,-1
451,1304,1832.59,406.86,87.41,246.94,0.294,-1,-1,-1
451,1180,1673.83,426.69,113.32,206.77,0.346,-1,-1,-1
451,1492,1342.84,419.12,132.25,346.18,0.842,-1,-1,-1
451,1452,416.94,455.18,40.31,113.55,0.448,-1,-1,-1
451,1447,1261.31,427.54,123.71,316.41,0.506,-1,-1,-1
451,1458,1160.07,403.23,200.08,668.20,0.900,-1,-1,-1
451,3,1028.04,420.54,171.63,537.79,0.911,-1,-1,-1
451,1625,591.71,470.65,55.59,164.44,0.424,-1,-1,-1
451,1593,1004.20,447.46,33.45,77.12,0.463,-1,-1,-1
451,1394,970.75,481.80,42.22,74.36,0.362,-1,-1,-1
452,1266,638.68,445.02,89.38,258.88,0.659,-1,-1,-1
452,1344,499.97,433.93,115.95,289.67,0.889,-1,-1,-1
452,1539,623.23,349.95,339.60,693.26,0.889,-1,-1,-1
452,1560,372.95,459.97,62.83,116.86,0.762,-1,-1,-1
452,1179,1684.17,429.15,98.96,153.67,0.257,-1,-1,-1
452,1589,271.54,512.97,76.10,148.42,0.795,-1,-1,-1
452,1304,1832.55,400.71,87.45,253.71,0.369,-1,-1,-1
452,1180,1673.58,427.18,113.18,206.14,0.456,-1,-1,-1
452,1492,1351.91,417.77,132.51,347.87,0.878,-1,-1,-1
452,1452,416.31,455.11,40.50,114.44,0.509,-1,-1,-1
452,1447,1273.19,445.46,112.01,290.73,0.412,-1,-1,-1
452,1458,1152.18,401.68,216.00,673.02,0.897,-1,-1,-1
452,3,1030.44,420.07,170.88,540.10,0.915,-1,-1,-1
452,1593,1004.73,447.16,33.56,77.56,0.459,-1,-1,-1
452,1394,970.70,481.88,41.27,73.73,0.364,-1,-1,-1
453,1344,503.68,433.14,117.51,290.70,0.868,-1,-1,-1
453,1539,589.71,359.75,342.96,697.65,0.885,-1,-1,-1
453,1560,374.05,459.86,61.47,116.83,0.754,-1,-1,-1
453,1179,1684.60,428.39,99.97,154.44,0.298,-1,-1,-1
453,1589,264.90,513.24,75.28,144.01,0.722,-1,-1,-1
453,1304,1837.20,429.72,81.05,224.60,0.365,-1,-1,-1
453,1180,1674.61,426.13,113.56,206.58,0.481,-1,-1,-1
453,1492,1359.82,417.19,131.71,348.76,0.877,-1,-1,-1
453,1452,416.61,455.05,40.30,114.32,0.472,-1,-1,-1
453,1447,1280.06,452.24,105.67,278.31,0.273,-1,-1,-1
453,1458,1174.13,401.57,224.34,674.22,0.898,-1,-1,-1
453,3,1033.86,419.39,169.72,540.85,0.916,-1,-1,-1
453,1593,1005.71,446.94,33.77,78.35,0.488,-1,-1,-1
453,1394,970.54,480.22,42.07,75.98,0.346,-1,-1,-1
453,1639,581.53,473.86,54.62,75.39,0.333,-1,-1,-1
453,1525,924.44,488.05,43.32,98.59,0.396,-1,-1,-1
453,1625,585.06,473.19,51.82,152.60,0.319,-1,-1,-1
454,1344,506.30,434.21,117.00,289.69,0.875,-1,-1,-1
454,1539,549.85,370.27,340.89,691.16,0.840,-1,-1,-1
454,1560,374.71,459.75,60.48,116.99,0.769,-1,-1,-1
454,1179,1688.15,428.38,99.43,153.87,0.321,-1,-1,-1
454,1589,258.62,512.90,75.46,142.07,0.832,-1,-1,-1
454,1304,1834.59,410.98,85.41,242.64,0.309,-1,-1,-1
454,1180,1676.34,426.25,113.24,206.53,0.501,-1,-1,-1
454,1492,1366.47,416.89,131.65,350.89,0.891,-1,-1,-1
454,1452,416.59,455.47,40.21,114.44,0.518,-1,-1,-1
454,1447,1291.48,462.86,96.16,258.47,0.387,-1,-1,-1
454,1458,1182.01,402.97,233.25,673.32,0.924,-1,-1,-1
454,3,1037.11,419.40,168.20,539.99,0.922,-1,-1,-1
454,1593,1006.61,446.89,33.41,78.03,0.322,-1,-1,-1
454,1394,970.32,481.75,42.05,76.13,0.321,-1,-1,-1
454,1648,469.92,453.60,29.89,97.21,0.345,-1,-1,-1
454,1651,1294.04,467.70,88.97,153.84,0.421,-1,-1,-1
454,1625,583.38,470.99,52.33,155.32,0.251,-1,-1,-1
454,1133,813.34,409.70,92.23,295.30,0.769,-1,-1,-1
455,1344,508.12,451.43,105.62,266.67,0.723,-1,-1,-1
455,1539,512.65,383.06,338.03,677.63,0.875,-1,-1,-1
455,1560,374.94,459.59,59.70,117.11,0.781,-1,-1,-1
455,1179,1689.11,427.88,100.01,155.17,0.343,-1,-1,-1
455,1589,251.14,514.63,75.41,139.16,0.850,-1,-1,-1
455,1304,1833.12,402.20,86.88,250.97,0.268,-1,-1,-1
455,1180,1676.93,426.13,112.94,206.47,0.408,-1,-1,-1
455,1492,1372.14,417.00,131.86,352.77,0.889,-1,-1,-1
455,1452,416.56,455.93,39.94,113.99,0.499,-1,-1,-1
455,1447,1297.85,455.02,90.42,247.52,0.351,-1,-1,-1
455,1458,1185.10,403.08,241.72,672.89,0.914,-1,-1,-1
455,3,1043.15,418.47,168.10,539.77,0.919,-1,-1,-1
455,1593,1006.46,446.60,33.16,78.20,0.338,-1,-1,-1
455,1394,970.28,481.63,42.47,76.92,0.306,-1,-1,-1
455,1648,469.75,454.42,30.12,98.00,0.397,-1,-1,-1
455,1651,1294.57,462.21,93.51,162.58,0.390,-1,-1,-1
455,1654,317.06,454.91,44.09,112.30,0.473,-1,-1,-1
455,1655,915.02,445.74,55.23,140.73,0.387,-1,-1,-1
455,1133,818.22,409.35,91.92,298.82,0.871,-1,-1,-1
455,1128,770.33,435.04,94.77,237.19,0.485,-1,-1,-1
456,1539,476.73,390.68,339.04,670.12,0.884,-1,-1,-1
456,1560,375.83,459.81,58.85,116.86,0.759,-1,-1,-1
456,1179,1689.42,427.96,100.03,155.23,0.393,-1,-1,-1
456,1589,243.44,514.78,76.53,138.66,0.788,-1,-1,-1
456,1180,1677.28,426.41,112.73,206.00,0.319,-1,-1,-1
456,1492,1377.62,417.82,132.74,355.76,0.902,-1,-1,-1
456,1452,416.18,455.95,39.85,114.05,0.511,-1,-1,-1
456,1447,1314.41,461.89,85.61,228.09,0.311,-1,-1,-1
456,1458,1184.61,403.12,248.94,672.51,0.938,-1,-1,-1
456,3,1048.29,417.84,167.63,539.01,0.911,-1,-1,-1
456,1593,1007.80,446.71,32.65,77.82,0.342,-1,-1,-1
456,1394,970.43,482.84,42.36,76.96,0.348,-1,-1,-1
456,1648,469.10,453.98,30.42,98.94,0.321,-1,-1,-1
456,1651,1300.26,463.04,94.19,164.99,0.319,-1,-1,-1
456,1654,317.07,453.11,44.95,114.45,0.486,-1,-1,-1
456,1655,920.96,467.73,47.13,119.43,0.365,-1,-1,-1
456,1133,815.47,408.55,93.11,300.88,0.850,-1,-1,-1
456,1663,471.19,455.32,27.73,62.89,0.313,-1,-1,-1
456,1128,770.84,437.25,95.48,249.03,0.682,-1,-1,-1
456,1622,728.16,455.26,28.81,76.22,0.394,-1,-1,-1
457,1539,436.38,394.66,343.48,670.28,0.894,-1,-1,-1
457,1560,376.14,459.47,58.31,117.16,0.717,-1,-1,-1
457,1179,1688.51,428.20,100.73,156.22,0.412,-1,-1,-1
457,1589,235.71,515.58,77.66,138.33,0.836,-1,-1,-1
457,1180,1677.75,427.41,112.32,205.39,0.303,-1,-1,-1
457,1492,1381.17,419.24,134.23,358.81,0.893,-1,-1,-1
457,1452,416.88,455.43,39.88,114.64,0.441,-1,-1,-1
457,1447,1327.90,472.06,81.43,214.81,0.258,-1,-1,-1
457,1458,1183.23,403.17,255.22,671.83,0.930,-1,-1,-1
457,3,1054.32,417.70,167.35,538.61,0.907,-1,-1,-1
457,1593,1007.93,446.64,31.93,76.86,0.275,-1,-1,-1
457,1394,970.64,482.78,42.86,77.45,0.276,-1,-1,-1
457,1648,468.72,452.39,30.61,99.75,0.318,-1,-1,-1
457,1654,316.12,450.67,45.53,115.99,0.428,-1,-1,-1
457,1655,915.38,450.54,54.18,137.34,0.386,-1,-1,-1
457,1133,815.00,408.57,93.49,300.85,0.861,-1,-1,-1
457,1663,470.76,454.27,28.09,63.75,0.254,-1,-1,-1
457,1128,773.78,438.94,92.65,250.92,0.549,-1,-1,-1
457,1371,786.03,442.60,44.02,140.33,0.400,-1,-1,-1
457,1266,689.87,443.49,60.86,174.22,0.738,-1,-1,-1
457,1304,1836.52,428.72,79.84,224.27,0.361,-1,-1,-1
458,1539,397.24,394.96,349.12,672.95,0.894,-1,-1,-1
458,1560,376.73,459.75,57.20,116.37,0.702,-1,-1,-1
458,1179,1689.17,428.44,100.44,155.84,0.321,-1,-1,-1
458,1589,228.44,516.89,77.52,135.59,0.840,-1,-1,-1
458,1180,1678.27,428.17,111.80,204.54,0.260,-1,-1,-1
458,1492,1386.31,420.58,135.23,361.06,0.906,-1,-1,-1
458,1452,417.02,455.66,39.77,114.50,0.374,-1,-1,-1
458,1458,1182.07,404.15,260.94,670.87,0.935,-1,-1,-1
458,3,1060.49,417.27,166.90,540.44,0.903,-1,-1,-1
458,1593,1007.75,447.05,31.54,76.87,0.314,-1,-1,-1
458,1654,315.38,450.81,45.21,115.40,0.455,-1,-1,-1
458,1655,914.00,446.45,55.74,141.25,0.446,-1,-1,-1
458,1133,814.80,408.55,93.56,300.14,0.855,-1,-1,-1
458,1128,776.52,441.41,88.77,248.78,0.505,-1,-1,-1
458,1671,1060.41,439.88,36.77,126.23,0.462,-1,-1,-1
458,1371,786.01,443.20,44.45,139.87,0.552,-1,-1,-1
458,1266,690.12,442.53,93.93,266.40,0.846,-1,-1,-1
458,1304,1840.13,456.46,70.83,195.56,0.317,-1,-1,-1
459,1539,356.98,388.29,357.05,684.38,0.898,-1,-1,-1
459,1560,377.19,460.16,56.00,115.37,0.612,-1,-1,-1
459,1179,1686.99,428.26,101.36,156.73,0.454,-1,-1,-1
459,1589,219.09,517.54,79.18,136.09,0.835,-1,-1,-1
459,1180,1677.11,427.66,112.31,205.53,0.282,-1,-1,-1
459,1492,1395.76,422.09,137.73,362.87,0.902,-1,-1,-1
459,1458,1180.75,404.51,266.04,670.01,0.934,-1,-1,-1
459,3,1069.33,416.37,167.31,545.60,0.894,-1,-1,-1
459,1593,1007.72,447.05,30.93,76.05,0.305,-1,-1,-1
459,1654,314.83,450.06,45.57,116.68,0.407,-1,-1,-1
459,1655,915.11,445.62,56.12,141.79,0.419,-1,-1,-1
459,1133,820.22,409.51,91.87,298.74,0.836,-1,-1,-1
459,1128,779.74,440.96,86.71,251.09,0.442,-1,-1,-1
459,1371,787.03,442.96,45.11,140.67,0.562,-1,-1,-1
459,1266,691.11,440.89,101.15,284.64,0.869,-1,-1,-1
459,1304,1842.47,466.91,67.88,185.43,0.293,-1,-1,-1
459,1394,970.40,483.58,43.37,78.16,0.367,-1,-1,-1
460,1539,323.64,384.91,362.79,688.62,0.909,-1,-1,-1
460,1179,1684.58,428.27,102.48,157.41,0.507,-1,-1,-1
460,1589,210.57,518.41,79.35,133.45,0.831,-1,-1,-1
460,1180,1676.04,427.37,112.64,205.93,0.354,-1,-1,-1
460,1492,1405.64,423.70,141.30,364.90,0.917,-1,-1,-1
460,1458,1179.06,404.06,270.43,670.04,0.932,-1,-1,-1
460,3,1075.63,417.00,167.49,549.82,0.884,-1,-1,-1
460,1593,1006.32,447.33,30.27,75.10,0.392,-1,-1,-1
460,1133,822.24,410.26,90.82,298.24,0.834,-1,-1,-1
460,1128,785.67,438.45,86.17,255.52,0.414,-1,-1,-1
460,1371,785.65,443.11,45.52,140.52,0.523,-1,-1,-1
460,1266,684.14,438.76,107.05,294.35,0.918,-1,-1,-1
460,1304,1839.00,456.84,72.30,195.40,0.396,-1,-1,-1
460,1394,970.12,483.86,41.76,75.45,0.393,-1,-1,-1
460,1639,559.99,439.72,87.47,124.80,0.702,-1,-1,-1
460,1671,1056.65,444.38,33.94,116.32,0.354,-1,-1,-1
461,1539,290.30,377.89,370.03,696.84,0.916,-1,-1,-1
461,1179,1684.15,428.14,102.83,157.32,0.523,-1,-1,-1
461,1589,201.20,518.19,81.03,133.90,0.768,-1,-1,-1
461,1180,1675.68,426.33,113.28,207.16,0.355,-1,-1,-1
461,1492,1410.51,424.86,143.80,364.76,0.917,-1,-1,-1
461,1458,1178.25,403.82,274.42,669.77,0.935,-1,-1,-1
461,3,1080.86,416.40,167.66,554.53,0.894,-1,-1,-1
461,1593,1005.96,447.63,30.23,75.36,0.389,-1,-1,-1
461,1133,816.16,410.16,92.43,298.04,0.844,-1,-1,-1
461,1371,781.28,443.17,45.52,140.99,0.565,-1,-1,-1
461,1266,677.45,437.86,111.47,298.08,0.923,-1,-1,-1
461,1304,1838.16,450.62,74.95,201.42,0.357,-1,-1,-1
461,1394,970.62,483.45,41.73,75.36,0.385,-1,-1,-1
461,1639,563.97,436.58,88.24,129.66,0.417,-1,-1,-1
461,1671,1054.29,444.74,34.51,117.68,0.402,-1,-1,-1
461,1344,553.89,438.35,102.32,262.10,0.560,-1,-1,-1
462,1539,262.78,370.85,376.41,703.46,0.907,-1,-1,-1
462,1179,1685.89,427.83,102.35,156.93,0.452,-1,-1,-1
462,1589,192.84,518.40,80.49,129.97,0.751,-1,-1,-1
462,1180,1675.97,425.54,113.38,207.74,0.370,-1,-1,-1
462,1492,1412.43,425.56,147.25,368.00,0.917,-1,-1,-1
462,1458,1177.65,401.79,278.37,671.89,0.943,-1,-1,-1
462,3,1086.12,415.32,168.51,558.54,0.886,-1,-1,-1
462,1593,1006.58,447.43,30.43,75.50,0.358,-1,-1,-1
462,1133,813.03,408.82,94.74,299.68,0.887,-1,-1,-1
462,1371,779.53,441.61,45.52,142.24,0.643,-1,-1,-1
462,1266,676.40,437.36,113.84,299.39,0.929,-1,-1,-1
462,1304,1844.96,471.20,67.73,181.73,0.273,-1,-1,-1
462,1394,970.21,483.33,41.70,75.25,0.393,-1,-1,-1
462,1671,1053.14,441.98,35.60,120.43,0.503,-1,-1,-1
462,1344,557.01,435.16,105.67,271.16,0.785,-1,-1,-1
463,1539,229.12,365.79,382.80,709.78,0.911,-1,-1,-1
463,1179,1685.50,427.87,102.53,157.07,0.418,-1,-1,-1
463,1589,184.85,517.80,77.52,120.74,0.553,-1,-1,-1
463,1180,1676.12,425.57,113.23,207.70,0.402,-1,-1,-1
463,1492,1416.79,425.34,150.69,372.76,0.911,-1,-1,-1
463,1458,1179.02,400.79,281.15,673.36,0.926,-1,-1,-1
463,3,1091.24,414.22,168.82,560.45,0.871,-1,-1,-1
463,1593,1006.46,447.42,30.19,75.11,0.340,-1,-1,-1
463,1133,810.48,408.70,96.37,299.61,0.879,-1,-1,-1
463,1371,776.93,439.86,46.03,144.01,0.705,-1,-1,-1
463,1266,677.98,436.66,114.74,299.47,0.919,-1,-1,-1
463,1304,1843.89,467.74,69.26,185.61,0.262,-1,-1,-1
463,1394,969.64,483.49,41.70,75.32,0.351,-1,-1,-1
463,1671,1051.04,441.10,35.38,118.81,0.396,-1,-1,-1
463,1344,562.43,432.96,107.58,275.61,0.821,-1,-1,-1
464,1539,195.06,360.93,387.98,715.18,0.895,-1,-1,-1
464,1179,1682.63,428.26,103.49,157.46,0.415,-1,-1,-1
464,1589,171.45,517.97,85.81,132.18,0.537,-1,-1,-1
464,1180,1676.03,426.47,112.73,206.80,0.392,-1,-1,-1
464,1492,1421.22,424.72,152.55,375.74,0.917,-1,-1,-1
464,1458,1181.80,398.02,283.48,676.29,0.933,-1,-1,-1
464,3,1095.10,413.43,168.77,562.00,0.866,-1,-1,-1
464,1593,1005.86,447.35,29.68,74.21,0.293,-1,-1,-1
464,1133,813.79,407.21,97.69,301.56,0.848,-1,-1,-1
464,1371,776.77,442.56,45.23,140.88,0.620,-1,-1,-1
464,1266,682.65,435.99,114.27,299.52,0.913,-1,-1,-1
464,1304,1849.44,479.23,64.86,174.36,0.320,-1,-1,-1
464,1394,969.03,483.37,42.01,76.08,0.364,-1,-1,-1
464,1671,1048.02,440.11,36.56,121.33,0.449,-1,-1,-1
464,1344,565.10,432.22,108.40,276.78,0.856,-1,-1,-1
464,1699,519.52,454.01,53.35,105.06,0.454,-1,-1,-1
464,1700,516.71,453.58,67.09,175.86,0.480,-1,-1,-1
465,1539,167.48,360.67,392.09,716.29,0.910,-1,-1,-1
465,1179,1681.89,427.77,104.16,157.79,0.422,-1,-1,-1
465,1180,1675.88,427.39,112.13,205.47,0.430,-1,-1,-1
465,1492,1426.02,423.68,153.29,378.10,0.908,-1,-1,-1
465,1458,1186.99,397.37,283.59,677.29,0.933,-1,-1,-1
465,3,1099.08,413.50,168.14,561.52,0.878,-1,-1,-1
465,1593,1005.93,447.29,29.25,73.92,0.315,-1,-1,-1
465,1133,814.99,405.90,98.97,302.97,0.867,-1,-1,-1
465,1371,777.11,449.65,43.36,133.73,0.573,-1,-1,-1
465,1266,688.98,435.02,113.01,299.91,0.894,-1,-1,-1
465,1394,968.40,483.12,42.46,77.56,0.393,-1,-1,-1
465,1671,1048.58,440.91,34.73,114.88,0.380,-1,-1,-1
465,1344,562.20,431.16,110.35,278.62,0.892,-1,-1,-1
465,1700,512.88,459.61,65.30,170.83,0.738,-1,-1,-1
465,1706,1100.98,432.39,50.41,140.34,0.500,-1,-1,-1
465,1663,470.43,452.46,24.87,55.64,0.283,-1,-1,-1
466,1539,139.59,362.86,394.20,714.19,0.885,-1,-1,-1
466,1179,1685.39,428.16,102.71,155.96,0.387,-1,-1,-1
466,1180,1676.12,426.88,112.30,205.83,0.406,-1,-1,-1
466,1492,1432.66,421.41,153.03,380.93,0.892,-1,-1,-1
466,1458,1194.16,396.87,282.09,677.69,0.927,-1,-1,-1
466,3,1106.62,415.10,168.17,561.04,0.864,-1,-1,-1
466,1593,1005.79,447.13,29.10,74.13,0.314,-1,-1,-1
466,1133,820.74,405.49,98.98,303.79,0.863,-1,-1,-1
466,1371,777.59,455.32,42.79,130.98,0.455,-1,-1,-1
466,1266,698.81,434.57,111.20,299.83,0.839,-1,-1,-1
466,1394,968.70,483.32,42.34,77.55,0.386,-1,-1,-1
466,1671,1046.49,441.10,36.76,119.82,0.421,-1,-1,-1
466,1344,563.49,430.39,110.49,278.79,0.895,-1,-1,-1
466,1700,508.65,464.07,65.67,170.86,0.790,-1,-1,-1
466,1706,1099.58,432.50,52.05,145.00,0.497,-1,-1,-1
466,1663,468.53,452.11,26.00,57.18,0.282,-1,-1,-1
466,1304,1847.29,479.88,64.92,173.55,0.284,-1,-1,-1
467,1539,117.34,368.08,391.08,709.39,0.860,-1,-1,-1
467,1179,1686.40,427.43,102.37,155.67,0.348,-1,-1,-1
467,1180,1676.17,426.98,112.37,206.05,0.316,-1,-1,-1
467,1492,1439.75,419.32,151.65,382.97,0.903,-1,-1,-1
467,1458,1205.00,396.40,279.26,675.39,0.910,-1,-1,-1
467,3,1109.91,417.02,167.87,561.50,0.879,-1,-1,-1
467,1593,1003.63,447.20,28.61,73.31,0.315,-1,-1,-1
467,1133,825.95,405.75,97.71,303.54,0.878,-1,-1,-1
467,1266,701.06,433.75,111.23,300.62,0.839,-1,-1,-1
467,1394,969.02,483.33,41.95,77.21,0.383,-1,-1,-1
467,1671,1046.54,442.80,36.79,118.68,0.421,-1,-1,-1
467,1344,568.03,429.68,109.62,279.18,0.877,-1,-1,-1
467,1700,505.33,467.03,65.91,170.37,0.778,-1,-1,-1
467,1706,1095.80,431.74,54.30,151.12,0.486,-1,-1,-1
467,1663,467.26,451.08,26.56,57.74,0.258,-1,-1,-1
468,1539,100.06,375.36,388.12,702.84,0.894,-1,-1,-1
468,1179,1688.01,428.02,100.95,153.81,0.347,-1,-1,-1
468,1180,1675.60,427.65,112.09,205.09,0.374,-1,-1,-1
468,1492,1447.23,417.08,149.55,385.10,0.882,-1,-1,-1
468,1458,1219.84,397.16,275.52,673.53,0.906,-1,-1,-1
468,3,1113.39,418.48,168.93,566.61,0.888,-1,-1,-1
468,1593,1001.85,447.43,28.46,72.94,0.322,-1,-1,-1
468,1133,828.21,405.25,96.86,304.08,0.877,-1,-1,-1
468,1266,710.89,433.71,109.92,300.78,0.837,-1,-1,-1
468,1394,969.47,483.21,41.20,76.29,0.352,-1,-1,-1
468,1671,1046.88,443.69,37.31,118.43,0.372,-1,-1,-1
468,1344,572.00,429.99,108.26,278.80,0.862,-1,-1,-1
468,1700,498.28,468.57,67.90,173.93,0.783,-1,-1,-1
468,1706,1094.20,433.06,55.78,155.40,0.438,-1,-1,-1
468,1663,467.28,453.60,26.36,56.61,0.253,-1,-1,-1
468,1720,421.16,499.90,69.35,126.45,0.543,-1,-1,-1
468,1721,0.00,670.71,268.06,407.90,0.496,-1,-1,-1
468,1452,415.08,453.21,37.53,104.88,0.306,-1,-1,-1
468,1560,378.60,461.35,51.95,108.10,0.421,-1,-1,-1
469,1539,57.54,380.30,380.77,697.48,0.847,-1,-1,-1
469,1179,1688.87,427.88,100.46,153.97,0.280,-1,-1,-1
469,1180,1675.44,427.69,111.86,205.27,0.340,-1,-1,-1
469,1492,1457.17,415.07,147.09,387.10,0.878,-1,-1,-1
469,1458,1235.56,396.12,272.85,676.62,0.895,-1,-1,-1
469,3,1114.96,419.20,169.49,572.65,0.891,-1,-1,-1
469,1593,1002.76,447.97,28.66,73.41,0.337,-1,-1,-1
469,1133,829.96,405.64,95.85,303.60,0.889,-1,-1,-1
469,1266,720.63,433.34,107.91,300.87,0.833,-1,-1,-1
469,1394,969.44,483.29,40.82,76.15,0.353,-1,-1,-1
469,1671,1044.10,443.12,38.71,120.31,0.370,-1,-1,-1
469,1344,574.75,429.52,106.88,278.86,0.875,-1,-1,-1
469,1700,493.13,468.58,69.49,177.59,0.680,-1,-1,-1
469,1706,1094.29,433.15,56.26,157.11,0.384,-1,-1,-1
469,1663,467.52,455.45,26.09,55.42,0.272,-1,-1,-1
469,1720,420.25,501.49,69.17,126.38,0.585,-1,-1,-1
469,1727,1264.63,414.77,95.41,501.49,0.526,-1,-1,-1
469,1452,413.65,453.99,38.98,107.31,0.292,-1,-1,-1
469,1560,376.43,461.42,52.49,110.96,0.501,-1,-1,-1
469,1449,416.64,453.85,37.08,56.93,0.263,-1,-1,-1
470,1539,44.08,387.06,378.53,690.22,0.881,-1,-1,-1
470,1179,1684.29,426.86,102.10,156.14,0.268,-1,-1,-1
470,1180,1674.73,429.50,111.18,203.61,0.297,-1,-1,-1
470,1492,1465.52,412.70,144.76,389.39,0.877,-1,-1,-1
470,1458,1253.11,395.71,270.30,677.80,0.871,-1,-1,-1
470,3,1121.29,419.97,171.78,581.21,0.896,-1,-1,-1
470,1593,1000.67,448.15,28.62,73.55,0.281,-1,-1,-1
470,1133,830.29,406.93,94.91,302.26,0.883,-1,-1,-1
470,1266,728.48,433.14,107.59,301.28,0.840,-1,-1,-1
470,1394,969.52,483.16,40.58,76.07,0.316,-1,-1,-1
470,1671,1046.51,442.92,38.91,120.22,0.349,-1,-1,-1
470,1344,583.70,429.29,104.33,279.23,0.835,-1,-1,-1
470,1700,487.16,468.36,70.23,178.44,0.704,-1,-1,-1
470,1706,1094.55,432.58,56.41,158.32,0.445,-1,-1,-1
470,1663,467.36,455.03,26.54,55.94,0.259,-1,-1,-1
470,1720,413.64,498.37,72.38,132.70,0.596,-1,-1,-1
470,1727,1270.49,409.96,96.41,504.89,0.474,-1,-1,-1
470,1560,377.55,461.35,52.50,112.09,0.516,-1,-1,-1
470,1654,314.02,448.45,46.44,118.18,0.291,-1,-1,-1
470,1721,0.00,686.20,222.05,393.08,0.432,-1,-1,-1
471,1539,20.80,395.78,377.33,681.60,0.908,-1,-1,-1
471,1179,1684.56,426.75,101.92,155.75,0.264,-1,-1,-1
471,1180,1674.89,428.51,111.52,204.01,0.270,-1,-1,-1
471,1492,1474.43,410.74,142.52,391.21,0.870,-1,-1,-1
471,1458,1272.60,395.94,266.19,675.94,0.866,-1,-1,-1
471,3,1125.68,420.10,172.43,586.05,0.904,-1,-1,-1
471,1133,830.69,406.78,94.67,301.95,0.873,-1,-1,-1
471,1266,737.03,433.21,108.25,300.76,0.860,-1,-1,-1
471,1394,970.10,483.20,40.33,75.82,0.355,-1,-1,-1
471,1671,1041.06,442.77,39.18,118.53,0.365,-1,-1,-1
471,1344,591.44,428.35,102.13,280.36,0.802,-1,-1,-1
471,1700,479.34,468.12,72.24,181.67,0.758,-1,-1,-1
471,1706,1095.36,432.87,56.02,158.45,0.428,-1,-1,-1
471,1663,466.68,453.25,27.31,57.25,0.265,-1,-1,-1
471,1720,409.93,499.27,72.56,134.00,0.562,-1,-1,-1
471,1727,1275.17,408.07,97.47,506.96,0.542,-1,-1,-1
471,1560,378.03,461.08,52.37,112.71,0.552,-1,-1,-1
471,1654,315.21,448.44,47.10,118.06,0.251,-1,-1,-1
472,1539,6.74,401.69,376.53,675.03,0.938,-1,-1,-1
472,1179,1685.60,427.54,101.35,155.12,0.288,-1,-1,-1
472,1180,1673.92,426.31,112.59,205.58,0.334,-1,-1,-1
472,1492,1481.47,409.95,140.39,391.77,0.882,-1,-1,-1
472,1458,1286.02,395.39,262.70,677.48,0.870,-1,-1,-1
472,3,1129.39,419.89,172.02,588.08,0.906,-1,-1,-1
472,1133,830.54,405.82,94.90,302.90,0.868,-1,-1,-1
472,1266,741.62,434.20,108.92,299.51,0.879,-1,-1,-1
472,1394,970.92,483.34,39.92,75.21,0.317,-1,-1,-1
472,1671,1043.88,443.10,38.80,115.90,0.318,-1,-1,-1
472,1344,593.90,429.46,100.17,279.20,0.818,-1,-1,-1
472,1700,474.05,467.63,73.10,182.77,0.739,-1,-1,-1
472,1706,1094.69,431.47,56.13,160.28,0.462,-1,-1,-1
472,1720,403.10,495.09,74.56,138.87,0.527,-1,-1,-1
472,1727,1279.38,408.95,98.79,508.67,0.505,-1,-1,-1
472,1560,377.35,461.43,50.38,109.85,0.473,-1,-1,-1
472,1738,1295.84,408.62,88.68,262.37,0.362,-1,-1,-1
473,1539,0.00,404.70,365.34,671.85,0.927,-1,-1,-1
473,1179,1685.82,427.55,101.18,155.26,0.297,-1,-1,-1
473,1180,1673.67,425.75,112.95,206.57,0.286,-1,-1,-1
473,1492,1488.64,409.67,138.28,390.82,0.887,-1,-1,-1
473,1458,1302.41,396.02,257.50,678.31,0.553,-1,-1,-1
473,3,1134.61,419.47,171.69,588.73,0.906,-1,-1,-1
473,1133,831.76,405.67,95.03,303.24,0.862,-1,-1,-1
473,1266,743.06,435.59,109.45,298.00,0.885,-1,-1,-1
473,1394,970.95,483.07,39.66,75.04,0.303,-1,-1,-1
473,1344,601.35,429.68,98.11,278.65,0.800,-1,-1,-1
473,1700,465.80,468.90,74.34,184.39,0.746,-1,-1,-1
473,1706,1096.15,432.45,54.94,158.80,0.432,-1,-1,-1
473,1720,398.45,490.57,76.35,144.74,0.553,-1,-1,-1
473,1727,1281.10,408.19,99.69,508.40,0.582,-1,-1,-1
473,1560,377.23,461.53,49.04,107.64,0.488,-1,-1,-1
473,1738,1298.82,408.01,89.27,264.13,0.342,-1,-1,-1
473,1304,1845.09,477.37,66.77,177.48,0.279,-1,-1,-1
474,1539,0.00,403.80,353.78,672.81,0.943,-1,-1,-1
474,1179,1683.87,427.66,102.52,157.25,0.341,-1,-1,-1
474,1180,1673.39,425.66,113.34,207.28,0.311,-1,-1,-1
474,1492,1494.83,409.97,136.98,389.96,0.889,-1,-1,-1
474,1458,1307.72,394.83,254.39,680.25,0.867,-1,-1,-1
474,3,1141.11,418.35,171.88,589.65,0.910,-1,-1,-1
474,1133,831.45,405.84,94.34,303.26,0.852,-1,-1,-1
474,1266,743.61,436.23,110.14,297.14,0.888,-1,-1,-1
474,1394,971.06,482.70,39.52,74.31,0.295,-1,-1,-1
474,1344,606.92,430.11,95.86,277.78,0.799,-1,-1,-1
474,1700,458.40,469.41,76.15,187.22,0.729,-1,-1,-1
474,1706,1096.42,431.82,54.20,158.43,0.471,-1,-1,-1
474,1720,392.54,490.16,76.42,147.52,0.450,-1,-1,-1
474,1727,1284.12,409.20,100.14,506.26,0.477,-1,-1,-1
474,1560,377.43,460.78,48.30,106.09,0.427,-1,-1,-1
474,1738,1301.65,408.65,91.09,269.76,0.415,-1,-1,-1
474,1304,1843.45,476.71,67.86,177.82,0.265,-1,-1,-1
475,1539,0.00,402.10,341.85,673.37,0.930,-1,-1,-1
475,1179,1685.57,426.63,102.35,157.52,0.343,-1,-1,-1
475,1180,1673.70,425.32,113.50,207.56,0.260,-1,-1,-1
475,1492,1503.01,410.02,137.25,391.11,0.896,-1,-1,-1
475,1458,1314.23,393.77,251.93,681.57,0.890,-1,-1,-1
475,3,1146.10,418.00,172.25,590.67,0.916,-1,-1,-1
475,1133,832.92,406.97,93.16,302.17,0.829,-1,-1,-1
475,1266,744.78,436.97,110.52,296.06,0.901,-1,-1,-1
475,1394,971.62,482.62,39.73,74.09,0.289,-1,-1,-1
475,1344,610.64,431.05,93.91,276.66,0.828,-1,-1,-1
475,1700,453.18,471.33,77.28,188.95,0.750,-1,-1,-1
475,1706,1096.04,429.92,54.32,160.43,0.492,-1,-1,-1
475,1720,385.50,484.87,77.84,152.26,0.434,-1,-1,-1
475,1727,1293.79,408.42,100.40,505.98,0.341,-1,-1,-1
475,1738,1305.56,408.10,91.89,272.13,0.456,-1,-1,-1
475,1751,529.60,459.65,28.49,71.34,0.392,-1,-1,-1
475,1755,1835.21,406.96,83.10,246.69,0.307,-1,-1,-1
476,1539,0.00,396.55,332.20,678.60,0.950,-1,-1,-1
476,1179,1685.82,427.15,101.89,157.27,0.395,-1,-1,-1
476,1180,1674.36,425.37,113.34,207.58,0.283,-1,-1,-1
476,1492,1515.60,410.85,139.68,392.72,0.894,-1,-1,-1
476,1458,1320.07,392.94,248.52,682.43,0.903,-1,-1,-1
476,3,1150.20,417.68,172.44,590.94,0.914,-1,-1,-1
476,1133,833.29,407.27,92.44,301.68,0.840,-1,-1,-1
476,1266,746.64,435.98,110.83,296.30,0.904,-1,-1,-1
476,1394,971.54,482.40,40.08,74.02,0.251,-1,-1,-1
476,1344,613.94,431.87,92.44,275.20,0.841,-1,-1,-1
476,1700,445.97,472.77,77.60,188.73,0.797,-1,-1,-1
476,1706,1095.87,429.58,53.93,160.33,0.455,-1,-1,-1
476,1720,377.67,479.35,81.01,160.71,0.543,-1,-1,-1
476,1727,1301.86,407.40,101.26,511.26,0.371,-1,-1,-1
476,1738,1308.67,408.32,93.40,276.54,0.461,-1,-1,-1
476,1751,529.64,459.34,28.86,72.27,0.476,-1,-1,-1
476,1755,1836.28,415.03,80.37,238.39,0.251,-1,-1,-1
476,1759,900.46,430.08,64.68,245.30,0.382,-1,-1,-1
476,1760,564.07,452.15,29.51,77.35,0.348,-1,-1,-1
476,1304,1843.14,475.99,68.81,178.48,0.268,-1,-1,-1
477,1539,0.00,391.07,320.89,683.70,0.926,-1,-1,-1
477,1179,1684.54,427.12,101.85,157.05,0.391,-1,-1,-1
477,1180,1673.54,425.38,113.39,207.25,0.313,-1,-1,-1
477,1492,1527.93,411.27,144.64,397.22,0.907,-1,-1,-1
477,1458,1325.83,391.64,244.76,682.92,0.897,-1,-1,-1
477,3,1153.70,417.23,172.52,591.38,0.917,-1,-1,-1
477,1133,833.75,406.85,92.36,302.23,0.831,-1,-1,-1
477,1266,746.85,434.70,111.33,296.49,0.907,-1,-1,-1
477,1344,620.09,433.04,91.44,273.71,0.854,-1,-1,-1
477,1700,437.55,474.73,78.01,188.06,0.800,-1,-1,-1
477,1706,1095.69,429.53,53.54,160.45,0.387,-1,-1,-1
477,1720,370.85,476.82,81.97,164.48,0.433,-1,-1,-1
477,1727,1303.57,409.05,103.72,526.73,0.477,-1,-1,-1
477,1738,1309.69,409.83,92.93,276.10,0.316,-1,-1,-1
477,1751,529.46,458.29,29.35,73.52,0.497,-1,-1,-1
477,1755,1840.05,439.33,72.61,214.68,0.327,-1,-1,-1
477,1759,908.43,431.29,64.88,244.06,0.415,-1,-1,-1
477,1760,564.26,452.45,29.42,76.98,0.347,-1,-1,-1
478,1539,0.00,386.97,309.64,687.71,0.918,-1,-1,-1
478,1179,1685.77,426.71,101.30,156.59,0.396,-1,-1,-1
478,1180,1673.91,425.52,113.33,207.29,0.281,-1,-1,-1
478,1492,1539.54,411.87,149.50,398.81,0.906,-1,-1,-1
478,1458,1330.22,390.36,241.63,684.16,0.902,-1,-1,-1
478,3,1157.57,417.06,172.41,591.63,0.925,-1,-1,-1
478,1133,835.75,407.47,91.35,301.81,0.818,-1,-1,-1
478,1266,747.71,433.66,111.67,297.04,0.899,-1,-1,-1
478,1344,625.05,433.60,91.01,272.26,0.846,-1,-1,-1
478,1700,430.58,475.51,78.68,188.13,0.780,-1,-1,-1
478,1706,1095.15,429.13,53.70,161.64,0.370,-1,-1,-1
478,1720,361.11,474.55,83.09,168.79,0.497,-1,-1,-1
478,1727,1308.17,409.18,104.64,535.89,0.577,-1,-1,-1
478,1738,1312.89,409.72,93.61,278.67,0.261,-1,-1,-1
478,1751,528.39,457.70,29.52,73.90,0.495,-1,-1,-1
478,1755,1840.26,447.80,70.15,206.28,0.311,-1,-1,-1
478,1759,914.86,431.11,65.80,244.47,0.548,-1,-1,-1
478,1760,563.94,453.52,29.15,76.15,0.349,-1,-1,-1
479,1539,0.00,383.96,297.01,690.70,0.928,-1,-1,-1
479,1179,1684.33,427.30,101.60,156.57,0.333,-1,-1,-1
479,1180,1674.24,425.58,113.06,206.68,0.284,-1,-1,-1
479,1492,1548.90,413.20,155.25,400.86,0.904,-1,-1,-1
479,1458,1336.90,390.12,239.43,684.15,0.912,-1,-1,-1
479,3,1160.96,416.95,172.10,591.80,0.925,-1,-1,-1
479,1133,838.34,408.28,89.70,301.09,0.787,-1,-1,-1
479,1266,751.97,433.94,110.92,295.62,0.881,-1,-1,-1
479,1344,626.52,433.80,90.63,269.76,0.830,-1,-1,-1
479,1700,422.92,476.70,80.07,189.82,0.773,-1,-1,-1
479,1706,1094.93,428.81,53.83,162.57,0.371,-1,-1,-1
479,1720,357.23,477.69,83.17,171.98,0.463,-1,-1,-1
479,1727,1312.83,407.23,104.98,542.49,0.680,-1,-1,-1
479,1751,528.78,457.55,29.46,73.65,0.456,-1,-1,-1
479,1759,917.05,432.09,67.74,246.60,0.584,-1,-1,-1
479,1760,564.25,454.18,29.36,76.51,0.360,-1,-1,-1
480,1539,0.00,388.27,281.96,686.46,0.868,-1,-1,-1
480,1179,1683.56,427.37,102.00,156.55,0.313,-1,-1,-1
480,1492,1556.53,414.29,161.56,404.30,0.904,-1,-1,-1
480,1458,1344.44,390.16,238.85,684.32,0.914,-1,-1,-1
480,3,1164.90,416.11,171.74,592.35,0.924,-1,-1,-1
480,1133,839.52,407.27,89.30,302.01,0.829,-1,-1,-1
480,1266,757.14,434.03,109.27,293.27,0.862,-1,-1,-1
480,1344,627.42,433.51,91.82,270.94,0.830,-1,-1,-1
480,1700,417.72,478.67,78.94,185.98,0.730,-1,-1,-1
480,1706,1094.57,428.69,53.86,162.73,0.441,-1,-1,-1
480,1720,355.79,490.75,76.07,158.90,0.403,-1,-1,-1
480,1727,1318.69,405.95,105.04,545.95,0.710,-1,-1,-1
480,1751,529.05,457.99,29.01,72.42,0.422,-1,-1,-1
480,1759,919.30,432.77,69.21,246.62,0.608,-1,-1,-1
480,1760,563.93,455.18,29.47,76.50,0.379,-1,-1,-1
480,1304,1847.76,479.82,67.08,175.13,0.281,-1,-1,-1
481,1539,0.00,402.09,265.90,673.65,0.817,-1,-1,-1
481,1179,1683.55,426.69,102.30,156.45,0.326,-1,-1,-1
481,1492,1561.68,414.70,167.40,408.37,0.902,-1,-1,-1
481,1458,1354.26,389.92,239.35,684.40,0.912,-1,-1,-1
481,3,1169.19,415.89,171.21,592.41,0.920,-1,-1,-1
481,1133,840.83,407.74,88.09,301.39,0.834,-1,-1,-1
481,1266,763.52,434.57,107.29,289.88,0.840,-1,-1,-1
481,1344,626.61,433.48,92.50,270.67,0.815,-1,-1,-1
481,1700,410.30,478.67,79.20,186.55,0.755,-1,-1,-1
481,1706,1094.87,428.97,53.79,162.63,0.467,-1,-1,-1
481,1720,355.57,495.30,66.82,139.18,0.360,-1,-1,-1
481,1727,1324.91,405.11,104.91,547.55,0.698,-1,-1,-1
481,1751,529.32,458.15,28.99,72.19,0.456,-1,-1,-1
481,1759,919.73,433.27,70.70,246.22,0.759,-1,-1,-1
481,1760,564.58,455.97,29.33,75.82,0.414,-1,-1,-1
481,1304,1848.86,482.05,65.78,172.79,0.281,-1,-1,-1
481,1622,746.00,445.04,33.79,86.23,0.334,-1,-1,-1
481,1394,969.87,482.32,42.17,77.11,0.275,-1,-1,-1
481,1180,1674.31,425.45,113.29,207.56,0.268,-1,-1,-1
482,1539,0.00,433.44,244.93,642.59,0.735,-1,-1,-1
482,1179,1685.88,426.57,101.93,156.16,0.278,-1,-1,-1
482,1492,1565.79,418.08,171.26,408.85,0.875,-1,-1,-1
482,1458,1362.12,389.51,240.96,684.96,0.914,-1,-1,-1
482,3,1172.35,415.82,170.47,592.90,0.919,-1,-1,-1
482,1133,841.95,407.99,86.91,300.95,0.818,-1,-1,-1
482,1266,770.85,434.41,106.09,290.56,0.795,-1,-1,-1
482,1344,630.10,432.94,92.10,269.68,0.841,-1,-1,-1
482,1700,403.49,479.15,80.36,188.88,0.709,-1,-1,-1
482,1706,1097.76,429.89,53.10,161.78,0.446,-1,-1,-1
482,1720,354.14,497.40,60.72,124.42,0.369,-1,-1,-1
482,1727,1329.43,405.59,104.47,547.42,0.762,-1,-1,-1
482,1751,529.62,458.72,28.53,70.85,0.471,-1,-1,-1
482,1759,920.22,433.58,72.32,246.19,0.772,-1,-1,-1
482,1760,565.49,456.32,29.36,75.52,0.446,-1,-1,-1
482,1304,1847.82,482.16,65.53,172.32,0.304,-1,-1,-1
482,1394,969.61,483.11,42.46,77.79,0.251,-1,-1,-1
482,1180,1675.70,425.91,112.48,207.38,0.294,-1,-1,-1
483,1539,0.00,466.75,224.67,611.47,0.591,-1,-1,-1
483,1179,1687.09,426.31,101.82,156.37,0.313,-1,-1,-1
483,1492,1568.75,418.42,176.11,415.34,0.853,-1,-1,-1
483,1458,1368.71,389.40,243.16,684.85,0.912,-1,-1,-1
483,3,1177.06,415.45,169.54,592.82,0.914,-1,-1,-1
483,1133,845.52,408.97,85.25,300.27,0.806,-1,-1,-1
483,1266,778.91,434.21,103.98,291.86,0.809,-1,-1,-1
483,1344,634.24,432.58,91.59,266.93,0.863,-1,-1,-1
483,1700,395.14,478.89,82.34,192.08,0.747,-1,-1,-1
483,1706,1099.74,430.51,52.49,161.47,0.424,-1,-1,-1
483,1727,1333.91,405.86,104.67,548.73,0.716,-1,-1,-1
483,1751,529.94,459.12,28.59,70.97,0.450,-1,-1,-1
483,1759,921.16,434.74,73.53,245.12,0.733,-1,-1,-1
483,1760,565.84,456.43,29.61,75.76,0.449,-1,-1,-1
483,1304,1845.51,479.51,66.69,174.93,0.293,-1,-1,-1
483,1394,969.41,482.81,41.26,75.70,0.280,-1,-1,-1
484,1539,0.00,522.33,198.89,553.54,0.403,-1,-1,-1
484,1179,1688.96,425.88,101.79,156.88,0.254,-1,-1,-1
484,1492,1572.39,416.90,179.65,421.41,0.869,-1,-1,-1
484,1458,1373.35,389.88,245.85,684.33,0.919,-1,-1,-1
484,3,1181.74,417.05,167.78,590.76,0.913,-1,-1,-1
484,1133,848.78,411.81,83.20,297.30,0.788,-1,-1,-1
484,1266,787.14,434.52,100.81,290.74,0.827,-1,-1,-1
484,1344,640.17,432.70,91.68,264.87,0.860,-1,-1,-1
484,1700,385.63,478.32,83.82,193.92,0.740,-1,-1,-1
484,1706,1102.07,430.14,51.77,161.11,0.472,-1,-1,-1
484,1727,1338.55,406.48,104.60,548.24,0.780,-1,-1,-1
484,1751,530.59,459.19,28.63,71.00,0.439,-1,-1,-1
484,1759,924.15,435.77,74.01,243.35,0.748,-1,-1,-1
484,1760,566.73,456.10,29.87,76.02,0.429,-1,-1,-1
484,1304,1849.71,482.24,64.88,172.59,0.315,-1,-1,-1
484,1394,970.93,482.74,40.68,75.37,0.255,-1,-1,-1
484,1589,31.74,525.85,73.40,112.36,0.402,-1,-1,-1
485,1539,0.00,561.74,160.61,436.32,0.563,-1,-1,-1
485,1179,1691.14,426.14,100.55,155.65,0.311,-1,-1,-1
485,1492,1577.63,415.25,181.02,425.33,0.874,-1,-1,-1
485,1458,1376.54,390.48,248.41,683.64,0.925,-1,-1,-1
485,3,1187.21,418.79,166.47,589.39,0.916,-1,-1,-1
485,1133,852.76,415.68,80.12,291.10,0.700,-1,-1,-1
485,1266,792.77,434.79,98.53,289.86,0.857,-1,-1,-1
485,1344,644.48,431.94,92.66,264.76,0.862,-1,-1,-1
485,1700,379.31,479.22,84.22,194.55,0.696,-1,-1,-1
485,1706,1102.84,429.97,51.22,160.73,0.423,-1,-1,-1
485,1727,1341.47,407.69,104.51,546.11,0.762,-1,-1,-1
485,1751,531.19,459.11,28.89,71.52,0.435,-1,-1,-1
485,1759,919.95,436.05,76.35,244.55,0.741,-1,-1,-1
485,1760,567.37,455.23,30.31,76.79,0.413,-1,-1,-1
485,1304,1848.56,478.60,66.05,176.42,0.309,-1,-1,-1
485,1589,19.06,531.14,73.75,109.55,0.474,-1,-1,-1
485,1720,339.13,506.34,54.27,109.14,0.357,-1,-1,-1
485,1180,1682.52,425.62,111.94,209.83,0.282,-1,-1,-1
486,1539,0.00,551.06,142.18,418.18,0.455,-1,-1,-1
486,1179,1692.33,427.32,99.53,154.66,0.340,-1,-1,-1
486,1492,1581.30,413.19,181.40,428.18,0.875,-1,-1,-1
486,1458,1377.31,390.21,251.45,683.99,0.927,-1,-1,-1
486,3,1195.72,420.46,166.28,587.64,0.906,-1,-1,-1
486,1133,857.66,423.74,76.28,281.91,0.659,-1,-1,-1
486,1266,800.15,434.67,98.50,290.26,0.865,-1,-1,-1
486,1344,649.67,431.47,94.17,265.20,0.910,-1,-1,-1
486,1700,369.51,479.80,83.99,193.56,0.679,-1,-1,-1
486,1706,1104.07,430.06,50.96,161.16,0.442,-1,-1,-1
486,1727,1343.89,407.63,105.02,546.69,0.767,-1,-1,-1
486,1751,531.28,458.94,29.11,71.86,0.429,-1,-1,-1
486,1759,916.29,436.48,78.79,245.38,0.783,-1,-1,-1
486,1760,567.59,454.85,30.51,76.87,0.431,-1,-1,-1
486,1304,1844.37,456.65,73.36,198.64,0.306,-1,-1,-1
486,1589,6.72,531.70,75.97,110.55,0.445,-1,-1,-1
486,1720,332.88,504.70,58.62,117.04,0.305,-1,-1,-1
486,1180,1683.50,425.33,111.10,210.16,0.285,-1,-1,-1
487,1539,0.00,540.43,126.80,417.38,0.489,-1,-1,-1
487,1179,1694.40,427.45,98.65,154.18,0.337,-1,-1,-1
487,1492,1586.39,411.88,180.26,430.11,0.832,-1,-1,-1
487,1458,1379.09,391.13,254.55,683.64,0.920,-1,-1,-1
487,3,1203.15,420.97,167.55,586.67,0.917,-1,-1,-1
487,1133,863.27,434.30,71.30,266.46,0.550,-1,-1,-1
487,1266,807.37,435.01,100.16,290.64,0.900,-1,-1,-1
487,1344,653.63,430.98,96.08,265.40,0.908,-1,-1,-1
487,1700,361.39,477.69,85.57,196.26,0.709,-1,-1,-1
487,1706,1104.52,429.97,50.67,161.19,0.464,-1,-1,-1
487,1727,1347.38,407.61,103.45,537.56,0.768,-1,-1,-1
487,1751,531.49,458.95,29.17,71.86,0.434,-1,-1,-1
487,1759,916.19,443.41,79.37,241.10,0.750,-1,-1,-1
487,1760,568.37,454.53,30.71,76.66,0.431,-1,-1,-1
487,1304,1839.22,433.64,80.78,221.28,0.261,-1,-1,-1
487,1589,0.00,532.15,79.96,122.34,0.352,-1,-1,-1
487,1720,324.92,506.55,61.10,121.48,0.376,-1,-1,-1
487,1180,1684.97,426.23,108.58,208.11,0.332,-1,-1,-1
487,1808,737.28,448.18,41.79,127.19,0.374,-1,-1,-1
488,1179,1695.66,426.03,98.80,155.71,0.342,-1,-1,-1
488,1492,1590.54,409.86,179.09,432.81,0.862,-1,-1,-1
488,1458,1382.76,391.21,258.51,683.34,0.922,-1,-1,-1
488,3,1207.11,420.44,168.86,586.58,0.918,-1,-1,-1
488,1133,868.20,433.90,68.63,260.17,0.398,-1,-1,-1
488,1266,812.78,435.51,102.40,289.66,0.903,-1,-1,-1
488,1344,656.31,430.77,98.19,265.62,0.905,-1,-1,-1
488,1700,347.14,474.97,90.08,203.62,0.640,-1,-1,-1
488,1706,1104.86,431.47,50.11,159.54,0.448,-1,-1,-1
488,1727,1348.85,407.79,104.85,542.10,0.775,-1,-1,-1
488,1751,532.15,458.54,29.63,72.97,0.464,-1,-1,-1
488,1759,918.45,440.46,80.63,241.50,0.673,-1,-1,-1
488,1760,568.44,453.91,31.21,77.34,0.434,-1,-1,-1
488,1589,0.00,531.88,73.50,122.64,0.378,-1,-1,-1
488,1720,320.35,508.22,59.53,117.20,0.292,-1,-1,-1
488,1180,1686.67,424.69,107.42,210.28,0.335,-1,-1,-1
488,1808,737.90,448.35,40.81,124.24,0.453,-1,-1,-1
489,1179,1698.63,425.41,97.66,155.54,0.343,-1,-1,-1
489,1492,1594.90,407.60,177.06,434.99,0.853,-1,-1,-1
489,1458,1383.53,390.48,262.60,684.12,0.905,-1,-1,-1
489,3,1211.72,420.30,171.07,586.86,0.923,-1,-1,-1
489,1133,867.38,439.32,71.76,272.82,0.358,-1,-1,-1
489,1266,817.02,436.85,105.34,288.33,0.907,-1,-1,-1
489,1344,657.23,431.12,100.61,266.33,0.903,-1,-1,-1
489,1700,335.20,476.30,92.32,204.68,0.741,-1,-1,-1
489,1706,1105.69,431.34,50.20,159.96,0.448,-1,-1,-1
489,1727,1354.63,408.35,103.37,529.39,0.716,-1,-1,-1
489,1751,533.05,458.55,29.65,72.98,0.474,-1,-1,-1
489,1759,924.45,444.13,79.23,236.49,0.664,-1,-1,-1
489,1760,568.24,453.54,31.58,77.80,0.431,-1,-1,-1
489,1589,0.00,531.17,68.56,126.04,0.392,-1,-1,-1
489,1808,736.46,446.22,41.65,126.67,0.521,-1,-1,-1
490,1492,1599.33,405.93,174.39,436.78,0.859,-1,-1,-1
490,1458,1383.04,390.76,265.82,683.37,0.878,-1,-1,-1
490,3,1214.80,420.82,173.08,586.47,0.926,-1,-1,-1
490,1266,819.64,438.21,108.35,286.79,0.918,-1,-1,-1
490,1344,658.97,432.35,102.71,266.66,0.919,-1,-1,-1
490,1700,327.89,484.15,90.84,198.29,0.664,-1,-1,-1
490,1706,1105.15,431.59,50.31,159.76,0.450,-1,-1,-1
490,1727,1361.53,409.74,100.80,506.80,0.726,-1,-1,-1
490,1751,533.71,458.43,29.37,72.63,0.469,-1,-1,-1
490,1759,932.11,453.37,75.69,226.44,0.715,-1,-1,-1
490,1760,568.28,453.33,31.54,77.50,0.420,-1,-1,-1
490,1808,734.95,444.41,42.28,128.63,0.554,-1,-1,-1
490,1452,415.36,457.71,41.95,114.96,0.390,-1,-1,-1
490,1671,1033.02,446.41,29.97,84.06,0.300,-1,-1,-1
490,1304,1837.87,424.32,82.13,230.16,0.293,-1,-1,-1
491,1492,1606.81,405.06,172.08,437.53,0.821,-1,-1,-1
491,1458,1379.49,389.48,268.43,684.95,0.867,-1,-1,-1
491,3,1216.32,421.16,174.96,586.05,0.925,-1,-1,-1
491,1266,820.99,439.64,111.11,285.74,0.916,-1,-1,-1
491,1344,659.98,434.86,103.98,264.93,0.922,-1,-1,-1
491,1700,321.04,482.72,93.76,201.18,0.756,-1,-1,-1
491,1706,1106.37,430.89,50.32,160.38,0.483,-1,-1,-1
491,1727,1365.97,410.13,103.84,515.51,0.744,-1,-1,-1
491,1751,534.17,458.25,29.32,72.93,0.460,-1,-1,-1
491,1759,938.19,441.64,78.71,238.09,0.786,-1,-1,-1
491,1760,568.13,452.81,31.65,77.48,0.385,-1,-1,-1
491,1808,732.70,443.52,43.00,130.93,0.600,-1,-1,-1
491,1452,415.67,459.24,41.56,113.84,0.371,-1,-1,-1
491,1671,1031.08,445.37,31.23,84.79,0.271,-1,-1,-1
492,1492,1615.12,404.54,170.42,439.06,0.808,-1,-1,-1
492,1458,1377.57,388.82,269.75,685.79,0.892,-1,-1,-1
492,3,1217.43,421.29,176.79,585.48,0.926,-1,-1,-1
492,1266,821.12,440.67,114.20,285.34,0.909,-1,-1,-1
492,1344,660.47,435.80,105.45,264.32,0.922,-1,-1,-1
492,1700,316.19,481.46,96.31,205.66,0.695,-1,-1,-1
492,1706,1105.94,429.75,50.70,161.16,0.493,-1,-1,-1
492,1727,1371.64,409.64,106.38,522.83,0.655,-1,-1,-1
492,1751,534.57,458.82,28.85,71.91,0.453,-1,-1,-1
492,1759,946.79,435.05,80.10,244.55,0.804,-1,-1,-1
492,1760,568.68,453.52,31.53,77.00,0.393,-1,-1,-1
492,1808,731.33,443.87,43.08,131.39,0.569,-1,-1,-1
492,1452,416.85,459.60,41.31,113.06,0.367,-1,-1,-1
492,1671,1032.26,444.61,32.53,85.93,0.286,-1,-1,-1
492,1560,379.55,461.22,50.00,114.07,0.386,-1,-1,-1
492,1304,1839.22,424.99,80.78,229.46,0.284,-1,-1,-1
493,1492,1618.93,404.72,166.39,436.08,0.770,-1,-1,-1
493,1458,1379.96,386.75,271.96,687.86,0.883,-1,-1,-1
493,3,1217.73,421.83,178.30,584.86,0.924,-1,-1,-1
493,1266,820.66,440.83,117.32,285.71,0.896,-1,-1,-1
493,1344,660.43,434.81,107.44,266.05,0.922,-1,-1,-1
493,1700,307.61,481.08,98.05,207.03,0.657,-1,-1,-1
493,1706,1106.83,429.35,50.64,160.82,0.386,-1,-1,-1
493,1727,1377.73,409.20,109.23,533.34,0.805,-1,-1,-1
493,1751,534.78,458.88,28.98,71.94,0.429,-1,-1,-1
493,1759,952.25,432.32,80.42,247.33,0.811,-1,-1,-1
493,1760,568.16,453.21,31.97,78.05,0.397,-1,-1,-1
493,1808,730.11,445.52,42.35,129.86,0.461,-1,-1,-1
493,1452,417.62,459.28,41.21,112.71,0.370,-1,-1,-1
493,1671,1032.55,445.19,33.12,85.39,0.317,-1,-1,-1
493,1560,380.50,460.75,49.84,114.52,0.421,-1,-1,-1
493,1304,1841.66,422.20,78.34,232.35,0.282,-1,-1,-1
494,1492,1629.62,406.44,153.72,402.15,0.753,-1,-1,-1
494,1458,1379.76,384.12,273.35,690.60,0.897,-1,-1,-1
494,3,1218.61,421.76,180.29,584.69,0.921,-1,-1,-1
494,1266,821.26,441.53,119.55,285.99,0.849,-1,-1,-1
494,1344,659.60,435.87,108.57,265.41,0.915,-1,-1,-1
494,1700,302.53,480.57,97.18,207.19,0.684,-1,-1,-1
494,1706,1102.42,429.55,51.63,161.16,0.467,-1,-1,-1
494,1727,1382.13,408.32,111.21,539.19,0.829,-1,-1,-1
494,1751,534.54,459.39,28.92,71.59,0.455,-1,-1,-1
494,1759,957.94,431.58,81.05,247.77,0.819,-1,-1,-1
494,1760,568.27,453.52,32.05,78.27,0.420,-1,-1,-1
494,1808,730.25,449.44,41.07,127.02,0.357,-1,-1,-1
494,1452,418.09,460.41,40.47,111.24,0.369,-1,-1,-1
494,1560,380.78,461.09,49.18,113.90,0.423,-1,-1,-1
494,1304,1841.20,417.07,78.80,237.56,0.271,-1,-1,-1
494,1133,864.31,445.67,76.06,278.83,0.288,-1,-1,-1
495,1492,1636.77,405.77,146.80,380.01,0.750,-1,-1,-1
495,1458,1381.43,381.17,274.59,693.26,0.912,-1,-1,-1
495,3,1219.75,422.20,182.89,585.06,0.919,-1,-1,-1
495,1266,824.05,444.94,119.65,282.52,0.864,-1,-1,-1
495,1344,659.60,435.99,109.54,265.73,0.924,-1,-1,-1
495,1700,293.08,480.38,97.39,209.80,0.689,-1,-1,-1
495,1706,1094.53,429.83,53.16,160.73,0.478,-1,-1,-1
495,1727,1385.33,407.94,113.82,545.30,0.821,-1,-1,-1
495,1751,534.57,459.68,29.09,71.78,0.471,-1,-1,-1
495,1759,962.11,431.62,82.29,247.81,0.837,-1,-1,-1
495,1760,567.64,453.33,32.25,78.71,0.445,-1,-1,-1
495,1452,417.68,460.18,40.51,111.34,0.399,-1,-1,-1
495,1560,380.16,460.76,49.27,114.51,0.480,-1,-1,-1
495,1304,1838.40,404.97,81.60,249.61,0.277,-1,-1,-1
495,1848,627.76,454.42,33.28,88.23,0.435,-1,-1,-1
495,1849,1855.34,478.96,59.86,177.18,0.323,-1,-1,-1
495,1852,1107.78,430.30,47.39,158.78,0.341,-1,-1,-1
496,1492,1645.93,405.63,148.36,379.55,0.806,-1,-1,-1
496,1458,1386.34,379.08,275.11,695.47,0.898,-1,-1,-1
496,3,1221.57,421.48,185.81,586.01,0.920,-1,-1,-1
496,1266,828.19,445.51,120.02,282.20,0.876,-1,-1,-1
496,1344,660.52,436.45,109.92,265.70,0.919,-1,-1,-1
496,1700,279.51,480.24,98.76,213.04,0.712,-1,-1,-1
496,1727,1387.54,407.95,117.01,553.55,0.800,-1,-1,-1
496,1751,535.04,460.26,28.89,70.68,0.458,-1,-1,-1
496,1759,968.05,431.98,84.12,247.72,0.868,-1,-1,-1
496,1760,567.08,452.46,32.55,79.55,0.454,-1,-1,-1
496,1452,417.03,459.52,40.76,111.73,0.395,-1,-1,-1
496,1560,379.37,460.14,49.75,115.30,0.479,-1,-1,-1
496,1304,1837.58,401.09,82.42,253.67,0.290,-1,-1,-1
496,1848,628.37,455.03,32.91,87.21,0.437,-1,-1,-1
496,1849,1851.86,474.04,61.67,182.17,0.287,-1,-1,-1
496,1852,1103.99,429.78,47.78,159.42,0.495,-1,-1,-1
497,1492,1642.82,407.38,159.30,411.02,0.704,-1,-1,-1
497,1458,1396.66,378.65,275.52,696.25,0.897,-1,-1,-1
497,3,1222.93,420.46,188.55,587.11,0.927,-1,-1,-1
497,1266,832.54,448.27,119.10,279.98,0.884,-1,-1,-1
497,1344,663.77,435.10,110.02,267.29,0.915,-1,-1,-1
497,1700,269.55,479.22,103.29,219.95,0.736,-1,-1,-1
497,1727,1390.85,407.40,120.02,558.96,0.846,-1,-1,-1
497,1751,535.64,459.95,28.88,70.27,0.424,-1,-1,-1
497,1759,973.67,434.82,86.01,244.74,0.859,-1,-1,-1
497,1760,567.18,451.46,32.81,80.49,0.450,-1,-1,-1
497,1452,416.76,459.49,40.91,111.81,0.361,-1,-1,-1
497,1560,378.77,459.44,50.32,115.94,0.450,-1,-1,-1
497,1304,1838.22,401.28,81.78,253.88,0.308,-1,-1,-1
497,1848,628.10,455.35,33.19,87.91,0.379,-1,-1,-1
497,1849,1849.16,460.90,66.13,195.32,0.282,-1,-1,-1
497,1852,1107.14,429.83,47.66,158.60,0.286,-1,-1,-1
497,1706,1096.58,429.71,53.51,159.73,0.441,-1,-1,-1
498,1492,1654.27,407.44,175.32,449.63,0.859,-1,-1,-1
498,1458,1408.57,377.59,275.58,697.99,0.894,-1,-1,-1
498,3,1226.03,419.52,191.28,588.45,0.929,-1,-1,-1
498,1266,839.27,449.40,117.36,278.80,0.866,-1,-1,-1
498,1344,667.99,433.24,109.67,270.12,0.890,-1,-1,-1
498,1700,262.22,477.76,108.21,224.81,0.765,-1,-1,-1
498,1727,1394.89,406.68,122.59,559.45,0.847,-1,-1,-1
498,1751,535.25,460.39,29.39,71.03,0.475,-1,-1,-1
498,1759,977.67,437.84,88.14,241.83,0.860,-1,-1,-1
498,1760,567.35,450.77,33.03,81.32,0.462,-1,-1,-1
498,1452,416.41,459.63,40.93,111.76,0.414,-1,-1,-1
498,1560,378.70,458.94,50.59,116.78,0.503,-1,-1,-1
498,1304,1839.37,395.30,80.63,260.01,0.253,-1,-1,-1
498,1848,627.75,455.26,33.31,88.17,0.457,-1,-1,-1
498,1849,1851.20,470.69,62.97,185.65,0.304,-1,-1,-1
498,1852,1107.12,429.52,47.64,157.91,0.338,-1,-1,-1
498,1706,1095.30,429.71,54.48,159.42,0.427,-1,-1,-1
499,1492,1663.83,409.03,182.89,463.05,0.854,-1,-1,-1
499,1458,1417.45,375.96,274.71,699.86,0.893,-1,-1,-1
499,3,1229.35,418.27,193.70,590.40,0.926,-1,-1,-1
499,1266,846.02,448.59,115.46,279.23,0.856,-1,-1,-1
499,1344,670.55,432.00,108.88,271.78,0.880,-1,-1,-1
499,1700,246.73,478.31,108.98,224.92,0.735,-1,-1,-1
499,1727,1399.29,405.96,124.40,556.26,0.821,-1,-1,-1
499,1751,534.81,460.50,29.76,71.74,0.479,-1,-1,-1
499,1759,980.35,438.91,91.18,241.01,0.861,-1,-1,-1
499,1760,567.03,450.64,33.00,81.46,0.435,-1,-1,-1
499,1452,416.21,460.17,40.77,111.31,0.416,-1,-1,-1
499,1560,378.59,459.89,50.42,116.07,0.540,-1,-1,-1
499,1304,1840.12,400.47,79.88,254.72,0.274,-1,-1,-1
499,1848,627.35,455.03,33.25,87.77,0.357,-1,-1,-1
499,1849,1847.03,456.98,67.71,199.33,0.278,-1,-1,-1
499,1852,1106.14,429.71,47.67,157.20,0.461,-1,-1,-1
499,1654,317.24,448.50,48.75,121.76,0.364,-1,-1,-1
500,1492,1675.87,412.77,188.05,467.59,0.835,-1,-1,-1
500,1458,1428.84,375.10,272.08,701.35,0.888,-1,-1,-1
500,3,1234.74,417.86,195.23,591.33,0.926,-1,-1,-1
500,1266,851.68,447.63,113.60,280.31,0.841,-1,-1,-1
500,1344,678.09,432.16,105.92,271.19,0.875,-1,-1,-1
500,1700,232.56,478.42,109.01,225.68,0.794,-1,-1,-1
500,1727,1401.87,405.79,127.05,555.20,0.838,-1,-1,-1
500,1751,534.95,460.96,29.82,72.02,0.486,-1,-1,-1
500,1759,980.89,438.43,94.08,241.44,0.871,-1,-1,-1
500,1760,567.99,451.04,32.76,81.55,0.446,-1,-1,-1
500,1452,416.90,460.17,40.70,111.56,0.399,-1,-1,-1
500,1560,378.81,460.14,50.19,115.72,0.464,-1,-1,-1
500,1304,1842.06,408.31,77.94,246.99,0.263,-1,-1,-1
500,1848,628.76,454.92,33.32,87.81,0.503,-1,-1,-1
500,1849,1845.57,448.77,70.48,207.38,0.256,-1,-1,-1
500,1852,1105.77,430.03,48.05,157.49,0.446,-1,-1,-1
500,1863,1074.85,445.44,42.46,107.25,0.396,-1,-1,-1
500,1133,853.94,413.44,79.57,298.65,0.398,-1,-1,-1
501,1492,1688.58,413.31,193.80,471.90,0.830,-1,-1,-1
501,1458,1448.45,373.06,269.51,703.08,0.880,-1,-1,-1
501,3,1243.47,417.21,196.56,592.84,0.921,-1,-1,-1
501,1266,858.95,445.02,112.53,282.82,0.838,-1,-1,-1
501,1344,683.90,431.60,103.03,271.33,0.888,-1,-1,-1
501,1700,217.75,478.64,110.65,228.32,0.805,-1,-1,-1
501,1727,1403.20,406.14,130.53,557.01,0.867,-1,-1,-1
501,1751,535.14,461.44,29.79,71.76,0.490,-1,-1,-1
501,1759,980.68,439.50,95.91,240.09,0.838,-1,-1,-1
501,1760,569.05,450.99,32.77,81.88,0.465,-1,-1,-1
501,1452,417.21,460.39,40.57,111.22,0.419,-1,-1,-1
501,1560,378.25,459.61,50.42,116.01,0.486,-1,-1,-1
501,1848,630.29,454.54,33.88,89.31,0.539,-1,-1,-1
501,1849,1844.75,444.69,71.62,210.48,0.284,-1,-1,-1
501,1852,1104.73,429.70,48.48,157.55,0.479,-1,-1,-1
501,1863,1073.72,444.76,42.77,108.36,0.395,-1,-1,-1
501,1133,852.02,409.39,78.17,300.24,0.488,-1,-1,-1
501,1654,316.27,448.75,47.78,118.23,0.254,-1,-1,-1
502,1492,1697.44,413.26,199.80,477.20,0.845,-1,-1,-1
502,1458,1467.09,373.16,265.71,703.34,0.865,-1,-1,-1
502,3,1253.01,416.98,196.48,593.16,0.912,-1,-1,-1
502,1266,865.76,438.82,113.14,288.97,0.811,-1,-1,-1
502,1344,687.91,431.59,100.51,271.61,0.883,-1,-1,-1
502,1700,214.31,478.94,114.71,235.79,0.780,-1,-1,-1
502,1727,1407.86,406.18,133.69,555.66,0.878,-1,-1,-1
502,1751,534.98,461.92,29.86,71.53,0.518,-1,-1,-1
502,1759,981.35,440.65,97.26,238.76,0.842,-1,-1,-1
502,1760,569.59,452.52,32.20,80.40,0.480,-1,-1,-1
502,1452,417.39,461.12,40.27,110.64,0.437,-1,-1,-1
502,1560,378.43,460.15,50.36,115.71,0.516,-1,-1,-1
502,1848,631.19,454.31,34.08,89.94,0.555,-1,-1,-1
502,1852,1104.19,429.55,49.10,157.84,0.485,-1,-1,-1
502,1863,1072.93,444.96,42.68,108.58,0.359,-1,-1,-1
502,1133,853.69,407.24,77.89,301.33,0.559,-1,-1,-1
502,1654,316.44,448.56,48.41,118.57,0.299,-1,-1,-1
503,1492,1702.12,411.98,206.10,486.71,0.872,-1,-1,-1
503,1458,1481.37,372.21,260.66,704.64,0.872,-1,-1,-1
503,3,1265.03,416.31,195.93,597.49,0.895,-1,-1,-1
503,1266,874.85,438.06,111.40,289.61,0.819,-1,-1,-1
503,1344,693.67,432.62,97.50,270.31,0.882,-1,-1,-1
503,1700,207.77,479.64,117.03,237.85,0.784,-1,-1,-1
503,1727,1411.09,406.19,138.06,557.50,0.893,-1,-1,-1
503,1751,534.86,460.70,30.52,72.98,0.477,-1,-1,-1
503,1759,984.26,446.42,96.38,233.21,0.772,-1,-1,-1
503,1760,570.04,452.06,32.42,81.11,0.473,-1,-1,-1
503,1452,417.26,461.22,40.12,110.55,0.437,-1,-1,-1
503,1560,378.29,460.50,50.34,115.49,0.501,-1,-1,-1
503,1848,631.82,454.06,34.14,90.24,0.523,-1,-1,-1
503,1852,1101.96,429.85,50.61,160.85,0.468,-1,-1,-1
503,1863,1073.98,444.19,43.17,109.92,0.355,-1,-1,-1
503,1133,856.88,406.98,76.36,297.95,0.535,-1,-1,-1
503,1654,316.79,448.91,48.24,117.17,0.255,-1,-1,-1
503,1877,863.83,407.55,66.61,105.55,0.403,-1,-1,-1
504,1492,1706.73,410.68,211.39,498.53,0.875,-1,-1,-1
504,1458,1492.69,372.10,257.31,705.58,0.880,-1,-1,-1
504,3,1276.52,415.65,193.63,599.25,0.897,-1,-1,-1
504,1266,880.68,439.09,110.07,288.57,0.808,-1,-1,-1
504,1344,697.47,432.16,95.53,271.13,0.875,-1,-1,-1
504,1700,193.37,479.65,118.51,239.40,0.774,-1,-1,-1
504,1727,1414.06,406.28,141.20,557.26,0.885,-1,-1,-1
504,1751,534.80,460.82,30.74,73.04,0.467,-1,-1,-1
504,1759,987.77,447.96,95.84,231.85,0.703,-1,-1,-1
504,1760,570.62,452.72,32.45,80.82,0.505,-1,-1,-1
504,1452,417.23,461.82,39.76,109.70,0.386,-1,-1,-1
504,1560,378.63,462.26,49.66,113.59,0.471,-1,-1,-1
504,1848,632.04,453.67,34.20,90.31,0.547,-1,-1,-1
504,1852,1100.91,431.07,51.45,162.31,0.481,-1,-1,-1
504,1863,1072.37,443.56,44.62,114.42,0.438,-1,-1,-1
504,1133,859.13,406.71,75.05,295.92,0.602,-1,-1,-1
505,1492,1710.84,408.98,209.16,505.45,0.860,-1,-1,-1
505,1458,1500.33,372.49,253.63,704.45,0.887,-1,-1,-1
505,3,1285.87,413.35,191.92,603.70,0.901,-1,-1,-1
505,1266,892.00,439.57,109.47,287.86,0.858,-1,-1,-1
505,1344,701.06,430.79,94.22,272.45,0.865,-1,-1,-1
505,1700,179.78,479.11,120.81,244.31,0.773,-1,-1,-1
505,1727,1422.43,407.73,142.16,556.27,0.876,-1,-1,-1
505,1751,534.85,460.58,31.05,73.42,0.476,-1,-1,-1
505,1759,992.95,447.61,94.65,231.14,0.712,-1,-1,-1
505,1760,570.57,453.38,32.23,80.03,0.530,-1,-1,-1
505,1452,417.14,461.85,39.66,109.45,0.387,-1,-1,-1
505,1560,378.52,462.56,49.63,113.07,0.480,-1,-1,-1
505,1848,631.73,453.32,34.30,90.44,0.557,-1,-1,-1
505,1852,1102.01,430.98,51.98,163.46,0.478,-1,-1,-1
505,1863,1072.64,442.75,42.89,110.14,0.412,-1,-1,-1
505,1133,861.64,406.46,73.80,294.50,0.647,-1,-1,-1
506,1492,1715.90,407.45,204.10,509.38,0.831,-1,-1,-1
506,1458,1503.62,370.13,250.70,706.54,0.877,-1,-1,-1
506,3,1290.79,414.29,193.61,619.09,0.906,-1,-1,-1
506,1266,901.98,440.30,109.81,286.95,0.889,-1,-1,-1
506,1344,706.23,429.50,93.31,273.39,0.883,-1,-1,-1
506,1700,166.56,480.39,123.11,246.91,0.796,-1,-1,-1
506,1727,1430.30,407.91,142.02,556.13,0.858,-1,-1,-1
506,1751,535.15,460.37,31.29,73.53,0.455,-1,-1,-1
506,1759,999.71,444.80,93.54,233.52,0.725,-1,-1,-1
506,1760,570.72,453.51,32.20,79.64,0.498,-1,-1,-1
506,1452,416.58,461.40,39.83,110.03,0.389,-1,-1,-1
506,1560,378.26,462.68,49.65,112.93,0.440,-1,-1,-1
506,1848,632.41,453.29,34.14,90.08,0.525,-1,-1,-1
506,1852,1103.07,430.65,51.97,162.88,0.447,-1,-1,-1
506,1863,1073.04,443.18,41.63,106.89,0.369,-1,-1,-1
506,1133,863.86,406.84,72.64,293.73,0.753,-1,-1,-1
507,1492,1720.33,401.85,199.67,517.45,0.839,-1,-1,-1
507,1458,1510.41,369.44,247.56,706.38,0.868,-1,-1,-1
507,3,1296.45,415.23,192.65,627.02,0.899,-1,-1,-1
507,1266,908.70,441.33,111.41,285.98,0.885,-1,-1,-1
507,1344,712.69,428.16,94.33,274.72,0.871,-1,-1,-1
507,1700,153.71,478.94,124.89,247.76,0.776,-1,-1,-1
507,1727,1440.09,407.51,141.64,560.46,0.830,-1,-1,-1
507,1751,535.07,460.09,31.77,74.27,0.463,-1,-1,-1
507,1759,1008.16,456.18,87.87,222.74,0.720,-1,-1,-1
507,1760,570.76,453.19,32.26,79.77,0.488,-1,-1,-1
507,1452,417.00,461.18,39.91,110.04,0.366,-1,-1,-1
507,1560,378.09,461.83,50.08,113.85,0.462,-1,-1,-1
507,1848,632.49,453.61,34.07,89.24,0.493,-1,-1,-1
507,1852,1103.09,429.54,52.12,162.63,0.470,-1,-1,-1
507,1863,1072.36,444.05,41.89,107.85,0.351,-1,-1,-1
507,1133,866.07,406.65,72.05,293.28,0.673,-1,-1,-1
508,1492,1727.93,398.20,192.07,518.77,0.854,-1,-1,-1
508,1458,1518.78,369.38,246.33,706.96,0.871,-1,-1,-1
508,3,1306.98,414.80,193.43,633.77,0.899,-1,-1,-1
508,1266,913.05,442.60,113.53,284.42,0.902,-1,-1,-1
508,1344,716.97,427.60,95.88,275.45,0.881,-1,-1,-1
508,1700,143.41,478.50,128.52,249.51,0.779,-1,-1,-1
508,1727,1447.37,407.65,142.05,569.36,0.816,-1,-1,-1
508,1751,535.17,461.05,31.73,73.72,0.479,-1,-1,-1
508,1759,1014.15,458.22,85.93,221.58,0.579,-1,-1,-1
508,1760,570.86,453.29,32.39,79.83,0.503,-1,-1,-1
508,1452,416.37,460.48,40.39,111.23,0.375,-1,-1,-1
508,1560,378.22,462.00,49.97,113.93,0.478,-1,-1,-1
508,1848,632.75,453.52,34.50,89.99,0.481,-1,-1,-1
508,1852,1103.01,429.27,52.49,162.74,0.460,-1,-1,-1
508,1863,1071.34,443.88,42.32,108.97,0.308,-1,-1,-1
508,1133,867.27,406.86,71.58,293.28,0.725,-1,-1,-1
509,1492,1734.12,396.65,185.88,519.22,0.870,-1,-1,-1
509,1458,1530.26,369.25,246.31,707.26,0.852,-1,-1,-1
509,3,1320.57,415.30,196.08,637.86,0.908,-1,-1,-1
509,1266,915.42,443.09,116.17,284.00,0.920,-1,-1,-1
509,1344,721.73,429.66,97.21,273.12,0.889,-1,-1,-1
509,1700,126.92,476.59,132.18,255.28,0.752,-1,-1,-1
509,1727,1452.94,408.15,141.57,576.25,0.828,-1,-1,-1
509,1751,535.30,461.30,31.71,73.53,0.484,-1,-1,-1
509,1759,1017.95,443.86,89.56,235.52,0.693,-1,-1,-1
509,1760,570.35,453.10,32.58,80.23,0.512,-1,-1,-1
509,1452,416.75,460.49,40.37,111.26,0.359,-1,-1,-1
509,1560,378.60,462.05,49.79,113.63,0.478,-1,-1,-1
509,1848,632.68,452.80,34.92,91.01,0.447,-1,-1,-1
509,1852,1102.03,428.88,53.02,163.20,0.485,-1,-1,-1
509,1863,1068.20,443.67,43.46,113.06,0.286,-1,-1,-1
509,1133,867.98,407.53,71.60,293.49,0.700,-1,-1,-1
510,1492,1742.38,394.70,177.62,511.88,0.845,-1,-1,-1
510,1458,1540.57,369.26,247.18,706.58,0.876,-1,-1,-1
510,3,1331.97,415.39,199.84,639.61,0.916,-1,-1,-1
510,1266,916.30,443.90,118.32,282.76,0.927,-1,-1,-1
510,1344,723.65,428.49,99.82,274.28,0.893,-1,-1,-1
510,1700,109.62,477.04,132.18,255.34,0.770,-1,-1,-1
510,1727,1457.90,409.08,139.91,577.57,0.824,-1,-1,-1
510,1751,535.25,461.00,31.67,73.21,0.488,-1,-1,-1
510,1759,1025.78,449.87,85.53,229.53,0.743,-1,-1,-1
510,1760,570.59,452.95,32.55,80.10,0.517,-1,-1,-1
510,1452,416.47,460.65,40.51,111.49,0.371,-1,-1,-1
510,1560,378.96,462.17,49.45,113.16,0.440,-1,-1,-1
510,1848,633.47,453.27,34.87,91.06,0.476,-1,-1,-1
510,1852,1100.86,429.65,53.93,163.87,0.500,-1,-1,-1
510,1133,869.12,407.78,71.42,293.47,0.759,-1,-1,-1
511,1492,1754.27,392.71,165.73,494.44,0.789,-1,-1,-1
511,1458,1553.45,371.20,249.86,705.17,0.913,-1,-1,-1
511,3,1338.37,417.18,203.97,640.06,0.901,-1,-1,-1
511,1266,916.73,444.31,121.06,282.10,0.927,-1,-1,-1
511,1344,722.51,428.89,102.61,274.57,0.897,-1,-1,-1
511,1700,95.75,477.12,134.25,258.44,0.720,-1,-1,-1
511,1727,1463.57,409.65,136.88,572.41,0.796,-1,-1,-1
511,1751,535.63,460.63,31.71,73.20,0.454,-1,-1,-1
511,1759,1031.24,449.52,84.57,230.45,0.723,-1,-1,-1
511,1760,570.49,452.71,32.73,80.42,0.504,-1,-1,-1
511,1452,415.68,460.30,40.67,111.86,0.345,-1,-1,-1
511,1560,378.77,462.55,49.00,112.24,0.369,-1,-1,-1
511,1848,633.93,453.47,34.92,91.04,0.477,-1,-1,-1
511,1852,1101.14,431.68,53.66,161.31,0.446,-1,-1,-1
511,1133,871.59,408.15,71.50,293.11,0.729,-1,-1,-1
511,1903,1161.69,438.44,38.39,91.18,0.332,-1,-1,-1
512,1492,1763.64,389.63,156.36,485.88,0.730,-1,-1,-1
512,1458,1563.20,371.75,253.55,704.27,0.919,-1,-1,-1
512,3,1339.18,418.04,207.91,641.21,0.902,-1,-1,-1
512,1266,917.18,444.82,123.95,281.49,0.926,-1,-1,-1
512,1344,726.65,430.37,104.15,272.55,0.900,-1,-1,-1
512,1700,80.01,477.32,135.53,258.47,0.743,-1,-1,-1
512,1727,1469.30,409.51,134.16,566.49,0.773,-1,-1,-1
512,1751,535.20,460.70,31.80,73.11,0.476,-1,-1,-1
512,1759,1037.27,444.81,86.16,235.26,0.743,-1,-1,-1
512,1760,570.49,453.08,32.68,80.07,0.481,-1,-1,-1
512,1452,414.25,458.82,41.03,112.92,0.316,-1,-1,-1
512,1560,377.93,461.96,49.31,113.26,0.415,-1,-1,-1
512,1848,634.80,454.50,34.93,90.68,0.480,-1,-1,-1
512,1852,1100.54,432.29,54.43,160.91,0.503,-1,-1,-1
512,1133,871.99,409.36,71.20,291.60,0.673,-1,-1,-1
512,1903,1161.49,437.48,38.90,92.40,0.321,-1,-1,-1
513,1492,1769.53,387.88,150.47,508.18,0.782,-1,-1,-1
513,1458,1573.23,371.76,257.87,704.07,0.909,-1,-1,-1
513,3,1339.07,418.93,212.17,643.95,0.918,-1,-1,-1
513,1266,916.69,444.57,126.75,281.48,0.919,-1,-1,-1
513,1344,727.34,431.58,105.55,271.10,0.912,-1,-1,-1
513,1700,63.92,477.17,138.11,260.37,0.717,-1,-1,-1
513,1727,1475.94,409.89,130.32,556.31,0.793,-1,-1,-1
513,1751,535.45,460.65,31.76,72.96,0.445,-1,-1,-1
513,1759,1043.51,442.61,87.59,236.91,0.793,-1,-1,-1
513,1760,570.37,452.99,32.79,80.32,0.472,-1,-1,-1
513,1452,413.36,457.79,41.34,113.88,0.310,-1,-1,-1
513,1560,377.60,461.54,49.46,113.92,0.402,-1,-1,-1
513,1848,635.47,455.22,35.07,90.36,0.508,-1,-1,-1
513,1852,1099.98,432.61,55.08,160.83,0.509,-1,-1,-1
513,1133,873.90,408.95,71.58,292.33,0.775,-1,-1,-1
513,1903,1161.37,437.25,39.01,92.67,0.344,-1,-1,-1
513,1908,686.47,451.95,42.94,125.15,0.457,-1,-1,-1
514,1492,1776.43,386.87,143.57,519.63,0.758,-1,-1,-1
514,1458,1578.32,370.95,262.43,704.56,0.923,-1,-1,-1
514,3,1338.57,419.27,216.09,645.85,0.913,-1,-1,-1
514,1266,916.05,446.80,128.35,279.38,0.899,-1,-1,-1
514,1344,729.04,431.59,106.51,270.42,0.912,-1,-1,-1
514,1700,50.39,476.50,139.93,263.04,0.775,-1,-1,-1
514,1727,1481.55,409.69,128.59,552.28,0.750,-1,-1,-1
514,1751,535.73,460.42,31.86,72.83,0.488,-1,-1,-1
514,1759,1048.40,442.31,88.90,237.12,0.780,-1,-1,-1
514,1760,569.89,452.79,32.99,80.38,0.493,-1,-1,-1
514,1452,413.51,457.90,41.28,113.70,0.315,-1,-1,-1
514,1560,377.25,461.08,49.64,114.50,0.412,-1,-1,-1
514,1848,635.70,455.80,35.18,89.84,0.533,-1,-1,-1
514,1852,1100.52,433.99,55.19,159.22,0.482,-1,-1,-1
514,1133,875.93,409.80,71.94,291.24,0.817,-1,-1,-1
514,1903,1161.91,437.20,39.17,93.01,0.321,-1,-1,-1
514,1908,688.05,452.66,42.99,125.20,0.565,-1,-1,-1
515,1492,1784.86,386.33,135.14,519.35,0.714,-1,-1,-1
515,1458,1582.90,371.41,266.36,704.02,0.925,-1,-1,-1
515,3,1339.60,420.21,219.20,644.59,0.899,-1,-1,-1
515,1266,916.21,449.77,129.45,275.94,0.899,-1,-1,-1
515,1344,730.01,430.34,108.17,271.42,0.903,-1,-1,-1
515,1700,39.93,476.47,144.92,267.79,0.772,-1,-1,-1
515,1727,1488.54,412.47,126.83,547.42,0.759,-1,-1,-1
515,1751,535.85,459.54,32.28,73.73,0.460,-1,-1,-1
515,1759,1052.97,453.41,86.75,225.75,0.756,-1,-1,-1
515,1760,569.69,453.31,32.92,79.90,0.476,-1,-1,-1
515,1452,414.18,458.19,41.05,113.08,0.282,-1,-1,-1
515,1560,377.36,461.39,49.39,113.92,0.376,-1,-1,-1
515,1848,636.23,455.36,35.61,90.42,0.528,-1,-1,-1
515,1852,1099.62,432.88,55.87,159.79,0.443,-1,-1,-1
515,1133,878.04,409.84,72.95,291.46,0.845,-1,-1,-1
515,1903,1161.51,436.82,39.14,93.15,0.328,-1,-1,-1
515,1908,687.06,450.88,43.71,127.21,0.579,-1,-1,-1
516,1492,1790.75,386.20,129.25,523.38,0.718,-1,-1,-1
516,1458,1587.03,376.30,267.61,698.55,0.903,-1,-1,-1
516,3,1339.57,420.22,222.39,644.36,0.893,-1,-1,-1
516,1266,916.74,449.31,131.69,275.81,0.904,-1,-1,-1
516,1344,731.52,429.11,109.07,272.16,0.915,-1,-1,-1
516,1700,26.13,476.88,148.00,268.82,0.749,-1,-1,-1
516,1727,1494.73,414.70,126.00,543.30,0.742,-1,-1,-1
516,1751,536.70,457.65,33.02,75.37,0.421,-1,-1,-1
516,1759,1051.96,445.49,90.97,233.38,0.755,-1,-1,-1
516,1760,569.57,453.05,33.42,80.79,0.492,-1,-1,-1
516,1452,414.62,458.95,40.85,112.28,0.278,-1,-1,-1
516,1560,377.55,461.73,49.25,113.45,0.378,-1,-1,-1
516,1848,636.59,454.87,36.07,90.77,0.519,-1,-1,-1
516,1852,1101.00,432.55,55.93,159.16,0.422,-1,-1,-1
516,1133,879.98,409.80,74.12,291.22,0.843,-1,-1,-1
516,1903,1162.77,437.54,38.89,92.49,0.314,-1,-1,-1
516,1908,685.58,449.47,43.78,127.33,0.591,-1,-1,-1
517,1492,1801.86,387.19,118.14,504.58,0.674,-1,-1,-1
517,1458,1589.51,379.20,269.25,695.75,0.907,-1,-1,-1
517,3,1339.36,419.64,225.39,645.62,0.909,-1,-1,-1
517,1266,918.02,449.29,133.49,275.07,0.902,-1,-1,-1
517,1344,734.03,428.29,109.52,273.02,0.903,-1,-1,-1
517,1700,13.71,477.36,151.02,271.11,0.728,-1,-1,-1
517,1727,1503.21,416.04,123.29,529.52,0.729,-1,-1,-1
517,1751,536.66,457.47,32.79,74.69,0.406,-1,-1,-1
517,1759,1051.59,442.30,93.67,236.91,0.776,-1,-1,-1
517,1760,569.30,452.92,33.83,81.78,0.502,-1,-1,-1
517,1452,414.95,460.03,40.60,111.40,0.300,-1,-1,-1
517,1560,377.30,461.69,49.22,113.44,0.376,-1,-1,-1
517,1848,637.81,454.65,36.35,90.49,0.491,-1,-1,-1
517,1852,1103.63,433.56,55.66,158.59,0.438,-1,-1,-1
517,1133,881.02,409.89,75.05,291.25,0.843,-1,-1,-1
517,1903,1164.98,438.83,38.45,91.32,0.284,-1,-1,-1
517,1908,685.41,450.51,42.10,122.26,0.622,-1,-1,-1
518,1458,1590.63,380.44,271.19,694.69,0.903,-1,-1,-1
518,3,1339.21,418.20,228.33,648.07,0.910,-1,-1,-1
518,1266,919.91,447.75,134.77,275.53,0.905,-1,-1,-1
518,1344,737.16,428.48,109.07,272.14,0.897,-1,-1,-1
518,1700,3.12,477.95,153.00,273.08,0.749,-1,-1,-1
518,1727,1511.21,415.97,123.04,525.58,0.668,-1,-1,-1
518,1751,537.10,457.66,32.78,74.59,0.422,-1,-1,-1
518,1759,1053.19,444.76,93.84,233.95,0.760,-1,-1,-1
518,1760,569.70,453.81,33.62,81.26,0.504,-1,-1,-1
518,1452,415.11,461.00,40.22,110.06,0.281,-1,-1,-1
518,1560,377.18,462.08,49.03,112.74,0.346,-1,-1,-1
518,1848,638.81,454.79,36.59,90.47,0.496,-1,-1,-1
518,1852,1106.08,434.08,54.91,157.02,0.406,-1,-1,-1
518,1133,880.80,409.95,76.06,291.43,0.843,-1,-1,-1
518,1903,1165.87,439.39,38.39,91.02,0.259,-1,-1,-1
518,1908,683.73,449.68,42.22,122.61,0.631,-1,-1,-1
518,1304,1812.34,387.72,107.66,477.36,0.566,-1,-1,-1
519,1458,1589.93,380.82,272.81,694.31,0.885,-1,-1,-1
519,3,1340.98,416.67,230.40,649.05,0.912,-1,-1,-1
519,1266,924.27,446.90,134.34,274.47,0.891,-1,-1,-1
519,1344,741.67,428.41,108.39,272.47,0.892,-1,-1,-1
519,1700,0.00,493.21,145.84,258.45,0.705,-1,-1,-1
519,1727,1518.23,416.15,123.85,525.42,0.701,-1,-1,-1
519,1751,537.46,457.82,33.04,75.11,0.443,-1,-1,-1
519,1759,1052.97,442.60,95.59,235.96,0.755,-1,-1,-1
519,1760,569.89,455.16,33.26,80.43,0.496,-1,-1,-1
519,1452,415.30,461.78,40.09,109.57,0.304,-1,-1,-1
519,1560,377.54,462.38,48.80,112.24,0.382,-1,-1,-1
519,1848,639.35,454.28,36.94,91.00,0.495,-1,-1,-1
519,1852,1106.91,434.85,54.48,156.11,0.452,-1,-1,-1
519,1133,881.32,409.74,77.24,292.11,0.836,-1,-1,-1
519,1903,1166.87,439.70,38.43,91.00,0.302,-1,-1,-1
519,1908,682.49,450.67,41.76,121.20,0.645,-1,-1,-1
519,1918,915.56,447.58,97.39,265.01,0.373,-1,-1,-1
519,1304,1820.30,390.83,99.70,476.18,0.490,-1,-1,-1
520,1458,1589.61,384.25,273.24,691.21,0.897,-1,-1,-1
520,3,1342.83,415.38,232.45,650.49,0.911,-1,-1,-1
520,1266,930.42,445.87,134.27,274.40,0.887,-1,-1,-1
520,1344,745.06,427.98,106.17,269.14,0.866,-1,-1,-1
520,1700,0.00,482.64,147.75,271.20,0.703,-1,-1,-1
520,1727,1525.54,415.62,125.19,528.79,0.718,-1,-1,-1
520,1751,537.48,458.93,32.83,74.57,0.460,-1,-1,-1
520,1759,1053.47,443.32,95.97,235.06,0.753,-1,-1,-1
520,1760,570.55,455.68,32.92,79.62,0.494,-1,-1,-1
520,1452,415.51,463.36,39.68,108.20,0.310,-1,-1,-1
520,1560,377.87,462.26,48.73,112.38,0.357,-1,-1,-1
520,1848,639.37,454.19,36.92,90.83,0.481,-1,-1,-1
520,1852,1107.27,435.79,54.14,154.31,0.396,-1,-1,-1
520,1133,881.67,408.95,78.44,293.63,0.858,-1,-1,-1
520,1903,1169.32,441.19,37.81,89.19,0.276,-1,-1,-1
520,1908,681.85,450.79,41.87,121.08,0.692,-1,-1,-1
520,1918,919.18,446.43,95.91,261.56,0.369,-1,-1,-1
520,1919,721.11,451.82,29.17,88.02,0.329,-1,-1,-1
520,1920,382.05,462.47,40.28,57.16,0.316,-1,-1,-1
521,1458,1590.66,381.72,275.79,693.45,0.898,-1,-1,-1
521,3,1345.33,414.99,233.85,651.15,0.911,-1,-1,-1
521,1266,933.49,445.06,134.09,274.67,0.881,-1,-1,-1
521,1344,751.58,428.37,101.79,263.14,0.832,-1,-1,-1
521,1700,0.00,480.19,139.65,271.59,0.541,-1,-1,-1
521,1727,1532.95,414.91,127.21,533.22,0.771,-1,-1,-1
521,1751,537.33,459.52,32.60,73.81,0.446,-1,-1,-1
521,1759,1053.05,438.12,98.46,240.32,0.804,-1,-1,-1
521,1760,571.20,456.23,32.69,78.87,0.489,-1,-1,-1
521,1452,415.58,462.55,40.03,108.97,0.315,-1,-1,-1
521,1560,377.99,462.36,48.63,112.20,0.349,-1,-1,-1
521,1848,640.02,454.68,36.45,90.19,0.497,-1,-1,-1
521,1852,1111.48,435.95,52.96,153.02,0.328,-1,-1,-1
521,1133,881.99,408.28,79.65,294.76,0.871,-1,-1,-1
521,1903,1173.28,443.97,36.52,86.23,0.260,-1,-1,-1
521,1908,680.54,449.84,42.06,121.34,0.713,-1,-1,-1
521,1919,720.29,451.01,29.41,88.75,0.416,-1,-1,-1
521,1920,382.50,462.61,40.01,56.81,0.330,-1,-1,-1
522,1458,1596.20,378.58,279.92,696.82,0.866,-1,-1,-1
522,3,1349.28,415.53,235.02,651.07,0.911,-1,-1,-1
522,1266,945.13,444.72,133.35,275.25,0.875,-1,-1,-1
522,1344,756.03,430.08,98.21,258.31,0.846,-1,-1,-1
522,1700,0.00,478.81,134.31,274.05,0.576,-1,-1,-1
522,1727,1540.55,414.08,129.50,539.22,0.811,-1,-1,-1
522,1751,537.82,460.67,32.24,72.78,0.457,-1,-1,-1
522,1759,1052.60,436.23,99.65,242.49,0.799,-1,-1,-1
522,1760,571.89,457.02,32.41,77.91,0.498,-1,-1,-1
522,1452,415.56,462.78,40.03,108.86,0.347,-1,-1,-1
522,1560,378.14,462.32,48.43,111.98,0.355,-1,-1,-1
522,1848,641.99,454.89,36.34,89.95,0.488,-1,-1,-1
522,1133,882.97,407.02,81.30,298.29,0.871,-1,-1,-1
522,1903,1170.63,442.36,37.32,87.92,0.278,-1,-1,-1
522,1908,680.12,450.19,42.37,121.92,0.735,-1,-1,-1
522,1919,718.66,451.33,29.32,88.46,0.459,-1,-1,-1
522,1920,382.49,462.53,40.04,56.88,0.369,-1,-1,-1
523,1458,1602.54,375.89,285.44,700.19,0.891,-1,-1,-1
523,3,1356.05,414.93,236.33,651.76,0.910,-1,-1,-1
523,1266,953.08,446.23,131.69,274.51,0.867,-1,-1,-1
523,1344,762.66,430.52,96.62,257.48,0.818,-1,-1,-1
523,1700,0.00,506.84,119.41,249.22,0.551,-1,-1,-1
523,1727,1546.38,412.38,132.25,547.54,0.818,-1,-1,-1
523,1751,538.01,460.76,32.09,72.39,0.446,-1,-1,-1
523,1759,1054.16,437.58,99.27,241.03,0.763,-1,-1,-1
523,1760,573.14,456.88,32.51,77.77,0.531,-1,-1,-1
523,1452,415.14,461.85,40.55,110.13,0.381,-1,-1,-1
523,1560,378.48,461.98,48.75,113.18,0.456,-1,-1,-1
523,1848,643.09,455.06,36.39,90.15,0.502,-1,-1,-1
523,1133,884.47,406.23,82.32,299.43,0.856,-1,-1,-1
523,1903,1168.52,440.63,38.07,89.42,0.273,-1,-1,-1
523,1908,680.02,451.26,42.35,121.00,0.744,-1,-1,-1
523,1919,718.73,451.09,29.56,88.85,0.479,-1,-1,-1
523,1920,383.13,462.45,39.30,55.87,0.259,-1,-1,-1
524,1458,1603.48,373.02,290.23,702.92,0.884,-1,-1,-1
524,3,1364.35,413.33,237.19,653.30,0.898,-1,-1,-1
524,1266,958.64,447.10,128.56,273.59,0.839,-1,-1,-1
524,1344,767.83,430.95,95.90,259.94,0.819,-1,-1,-1
524,1700,0.00,523.28,107.51,237.73,0.354,-1,-1,-1
524,1727,1549.43,411.88,137.55,562.74,0.785,-1,-1,-1
524,1751,538.21,460.60,32.17,72.48,0.461,-1,-1,-1
524,1759,1056.71,439.06,98.59,239.53,0.701,-1,-1,-1
524,1760,573.49,456.74,33.20,78.63,0.595,-1,-1,-1
524,1452,415.40,461.37,40.68,110.50,0.385,-1,-1,-1
524,1560,378.09,461.65,49.16,113.81,0.437,-1,-1,-1
524,1848,644.61,455.60,36.27,89.44,0.485,-1,-1,-1
524,1133,886.72,405.98,83.60,300.50,0.863,-1,-1,-1
524,1903,1166.66,439.67,38.59,90.50,0.264,-1,-1,-1
524,1908,678.51,451.56,42.93,121.11,0.746,-1,-1,-1
524,1919,719.23,451.50,29.81,89.13,0.521,-1,-1,-1
524,1920,382.92,462.17,39.60,56.28,0.294,-1,-1,-1
524,1852,1120.69,438.45,50.90,150.33,0.311,-1,-1,-1
525,1458,1603.72,370.90,293.67,704.54,0.912,-1,-1,-1
525,3,1374.54,413.45,235.95,653.00,0.899,-1,-1,-1
525,1266,964.25,445.65,125.89,275.11,0.819,-1,-1,-1
525,1344,770.99,430.55,95.76,260.78,0.824,-1,-1,-1
525,1700,0.00,526.61,100.70,237.18,0.383,-1,-1,-1
525,1727,1550.01,411.60,142.43,573.59,0.841,-1,-1,-1
525,1751,537.80,460.01,32.71,73.46,0.483,-1,-1,-1
525,1759,1059.11,444.65,96.74,233.97,0.756,-1,-1,-1
525,1760,574.24,455.64,33.70,79.17,0.570,-1,-1,-1
525,1452,415.15,459.36,41.47,112.62,0.396,-1,-1,-1
525,1560,378.38,462.19,48.92,112.96,0.413,-1,-1,-1
525,1848,644.38,456.45,35.88,88.30,0.555,-1,-1,-1
525,1133,889.84,405.94,84.28,301.03,0.858,-1,-1,-1
525,1903,1163.90,438.30,39.40,92.06,0.305,-1,-1,-1
525,1908,677.05,451.46,43.55,121.19,0.760,-1,-1,-1
525,1919,718.78,451.15,30.46,90.50,0.589,-1,-1,-1
525,1920,382.30,462.62,41.16,58.68,0.334,-1,-1,-1
526,1458,1606.12,368.95,296.63,706.40,0.915,-1,-1,-1
526,3,1387.36,412.65,233.45,653.49,0.883,-1,-1,-1
526,1266,972.72,445.20,122.92,276.73,0.817,-1,-1,-1
526,1344,776.64,429.80,95.35,261.14,0.848,-1,-1,-1
526,1727,1552.16,410.29,148.25,582.14,0.856,-1,-1,-1
526,1751,537.97,459.70,33.05,74.05,0.507,-1,-1,-1
526,1759,1062.73,440.14,98.13,237.41,0.742,-1,-1,-1
526,1760,574.10,454.92,34.05,79.54,0.585,-1,-1,-1
526,1452,415.08,458.63,41.79,113.40,0.409,-1,-1,-1
526,1560,378.44,462.38,48.86,112.60,0.417,-1,-1,-1
526,1848,645.02,456.34,35.79,88.90,0.533,-1,-1,-1
526,1133,894.00,405.72,84.42,301.74,0.849,-1,-1,-1
526,1903,1162.06,437.36,39.91,92.79,0.363,-1,-1,-1
526,1908,675.32,451.21,44.45,121.36,0.765,-1,-1,-1
526,1919,718.52,450.59,30.95,91.45,0.607,-1,-1,-1
526,1920,382.11,462.79,41.72,59.69,0.357,-1,-1,-1
527,1458,1606.47,369.05,298.20,706.18,0.912,-1,-1,-1
527,3,1400.85,411.24,229.37,654.36,0.865,-1,-1,-1
527,1266,981.15,442.40,121.65,280.34,0.805,-1,-1,-1
527,1344,781.60,430.01,96.16,260.10,0.866,-1,-1,-1
527,1727,1557.76,409.40,152.40,587.75,0.840,-1,-1,-1
527,1751,538.08,459.76,33.00,73.92,0.540,-1,-1,-1
527,1759,1069.50,442.81,96.99,233.19,0.731,-1,-1,-1
527,1760,573.53,454.92,34.18,79.54,0.598,-1,-1,-1
527,1452,415.09,458.15,41.98,113.85,0.434,-1,-1,-1
527,1560,378.35,462.43,48.95,112.47,0.437,-1,-1,-1
527,1848,645.79,456.34,35.48,89.42,0.512,-1,-1,-1
527,1133,897.69,405.67,84.51,301.71,0.844,-1,-1,-1
527,1903,1163.69,438.69,39.43,91.74,0.279,-1,-1,-1
527,1908,673.84,452.99,44.74,119.70,0.750,-1,-1,-1
527,1919,718.60,450.38,31.33,91.80,0.633,-1,-1,-1
527,1920,382.12,462.88,41.79,60.01,0.366,-1,-1,-1
528,1458,1609.36,370.87,299.07,704.32,0.904,-1,-1,-1
528,3,1413.99,410.48,224.87,655.43,0.865,-1,-1,-1
528,1266,988.22,441.70,120.22,281.80,0.844,-1,-1,-1
528,1344,790.33,430.04,97.31,258.93,0.887,-1,-1,-1
528,1727,1560.80,408.81,156.71,590.31,0.846,-1,-1,-1
528,1751,539.18,459.77,33.33,74.49,0.525,-1,-1,-1
528,1759,1077.55,446.63,95.71,228.30,0.718,-1,-1,-1
528,1760,574.17,454.47,34.12,79.59,0.576,-1,-1,-1
528,1452,415.19,458.83,41.67,112.73,0.440,-1,-1,-1
528,1560,379.29,462.57,49.01,112.00,0.467,-1,-1,-1
528,1848,644.92,456.55,34.98,89.09,0.516,-1,-1,-1
528,1133,899.96,405.07,84.72,302.44,0.865,-1,-1,-1
528,1908,672.20,453.43,44.92,118.52,0.768,-1,-1,-1
528,1919,719.44,451.71,30.93,90.05,0.617,-1,-1,-1
528,1920,383.92,463.07,40.46,57.91,0.306,-1,-1,-1
529,1458,1610.75,370.44,301.16,705.59,0.883,-1,-1,-1
529,3,1424.39,410.73,220.92,655.81,0.864,-1,-1,-1
529,1266,991.05,441.77,117.46,281.89,0.845,-1,-1,-1
529,1344,793.10,431.83,97.55,256.75,0.843,-1,-1,-1
529,1727,1573.70,408.70,159.41,595.02,0.825,-1,-1,-1
529,1751,539.17,459.58,33.51,75.26,0.547,-1,-1,-1
529,1759,1081.78,447.17,95.06,227.10,0.709,-1,-1,-1
529,1760,574.35,454.40,34.02,79.56,0.600,-1,-1,-1
529,1452,415.10,458.95,41.58,112.85,0.495,-1,-1,-1
529,1560,379.44,462.38,49.25,112.33,0.492,-1,-1,-1
529,1848,646.40,456.91,33.96,87.73,0.495,-1,-1,-1
529,1133,906.14,404.51,83.95,303.60,0.852,-1,-1,-1
529,1908,670.75,452.26,45.56,119.03,0.769,-1,-1,-1
529,1919,719.76,452.44,30.78,89.21,0.627,-1,-1,-1
529,1920,384.33,462.58,40.02,57.29,0.278,-1,-1,-1
530,1458,1612.57,370.70,301.80,705.02,0.886,-1,-1,-1
530,3,1430.37,411.33,217.43,655.57,0.877,-1,-1,-1
530,1266,997.82,443.31,115.00,279.17,0.870,-1,-1,-1
530,1344,798.57,432.09,100.01,256.50,0.862,-1,-1,-1
530,1727,1584.26,408.30,161.37,600.11,0.839,-1,-1,-1
530,1751,539.03,459.52,33.42,75.39,0.534,-1,-1,-1
530,1759,1081.45,444.97,93.71,229.34,0.710,-1,-1,-1
530,1760,574.37,454.49,33.98,79.73,0.610,-1,-1,-1
530,1452,415.48,458.63,41.40,112.43,0.453,-1,-1,-1
530,1560,378.27,461.85,49.66,113.02,0.534,-1,-1,-1
530,1848,646.42,456.34,34.44,90.89,0.427,-1,-1,-1
530,1133,908.88,404.04,83.20,304.12,0.842,-1,-1,-1
530,1908,668.52,451.47,45.53,118.25,0.787,-1,-1,-1
530,1919,718.75,451.47,31.09,89.89,0.608,-1,-1,-1
531,1458,1617.58,365.64,302.42,710.16,0.884,-1,-1,-1
531,3,1437.27,411.23,215.03,655.57,0.897,-1,-1,-1
531,1266,1003.93,445.38,113.81,276.85,0.876,-1,-1,-1
531,1344,803.25,432.69,102.02,255.56,0.893,-1,-1,-1
531,1727,1595.32,407.62,163.98,603.35,0.796,-1,-1,-1
531,1751,539.67,459.46,33.11,75.01,0.509,-1,-1,-1
531,1759,1085.60,445.13,92.14,229.89,0.684,-1,-1,-1
531,1760,574.01,454.08,34.06,80.46,0.623,-1,-1,-1
531,1452,415.36,458.47,41.74,112.91,0.453,-1,-1,-1
531,1560,377.26,461.69,49.93,113.17,0.523,-1,-1,-1
531,1848,647.64,456.40,33.68,91.07,0.388,-1,-1,-1
531,1133,911.43,404.17,82.56,303.71,0.857,-1,-1,-1
531,1908,667.02,451.18,45.18,117.34,0.778,-1,-1,-1
531,1919,716.87,451.33,31.27,90.26,0.607,-1,-1,-1
531,1903,1168.02,442.42,39.38,91.34,0.305,-1,-1,-1
531,1920,383.60,462.60,39.40,55.92,0.269,-1,-1,-1
532,1458,1626.62,363.46,293.38,711.94,0.926,-1,-1,-1
532,3,1445.70,411.37,214.35,655.72,0.899,-1,-1,-1
532,1266,1008.51,444.04,114.26,277.71,0.918,-1,-1,-1
532,1344,806.74,433.51,104.09,254.70,0.899,-1,-1,-1
532,1727,1602.00,408.21,166.95,606.35,0.847,-1,-1,-1
532,1751,539.69,459.65,33.02,75.07,0.502,-1,-1,-1
532,1759,1090.21,441.28,92.46,234.27,0.693,-1,-1,-1
532,1760,573.86,454.20,34.20,80.90,0.620,-1,-1,-1
532,1452,415.68,458.81,41.68,112.34,0.411,-1,-1,-1
532,1560,377.60,462.49,49.69,112.16,0.447,-1,-1,-1
532,1848,647.74,456.29,33.30,91.86,0.339,-1,-1,-1
532,1133,914.24,405.41,82.10,302.48,0.875,-1,-1,-1
532,1908,664.33,451.02,45.03,116.83,0.749,-1,-1,-1
532,1919,715.05,451.15,31.65,91.03,0.642,-1,-1,-1
532,1903,1167.74,443.24,39.68,91.70,0.310,-1,-1,-1
532,1920,383.47,463.02,39.58,55.96,0.302,-1,-1,-1
533,1458,1639.30,364.84,280.70,710.56,0.929,-1,-1,-1
533,3,1454.00,411.63,214.65,654.96,0.912,-1,-1,-1
533,1266,1011.43,444.60,114.72,276.88,0.921,-1,-1,-1
533,1344,807.29,433.79,105.65,254.44,0.909,-1,-1,-1
533,1727,1605.28,409.07,169.66,610.30,0.849,-1,-1,-1
533,1751,539.75,460.18,32.86,74.76,0.526,-1,-1,-1
533,1759,1090.83,439.69,91.14,235.92,0.717,-1,-1,-1
533,1760,574.47,454.29,34.36,81.12,0.628,-1,-1,-1
533,1452,415.96,458.84,41.66,111.97,0.406,-1,-1,-1
533,1560,377.20,462.21,49.99,112.48,0.477,-1,-1,-1
533,1848,648.71,456.62,31.77,89.13,0.304,-1,-1,-1
533,1133,917.46,406.32,82.38,301.60,0.862,-1,-1,-1
533,1908,661.31,450.37,44.89,116.98,0.745,-1,-1,-1
533,1919,713.34,451.91,31.58,90.60,0.667,-1,-1,-1
533,1903,1162.08,440.35,45.67,107.02,0.402,-1,-1,-1
533,1920,383.13,462.67,39.76,55.81,0.261,-1,-1,-1
534,1458,1651.50,364.39,268.50,710.23,0.889,-1,-1,-1
534,3,1458.28,411.22,215.36,655.24,0.910,-1,-1,-1
534,1266,1013.49,444.77,115.55,276.55,0.917,-1,-1,-1
534,1344,808.75,434.68,106.85,253.29,0.916,-1,-1,-1
534,1727,1609.90,409.36,172.21,612.48,0.854,-1,-1,-1
534,1751,539.80,459.92,33.16,75.77,0.527,-1,-1,-1
534,1759,1092.76,440.74,89.02,235.37,0.735,-1,-1,-1
534,1760,575.39,453.95,34.73,82.05,0.662,-1,-1,-1
534,1452,416.11,458.04,41.95,112.93,0.467,-1,-1,-1
534,1560,377.48,462.05,50.06,112.71,0.524,-1,-1,-1
534,1848,649.16,456.92,31.21,89.52,0.281,-1,-1,-1
534,1133,921.53,406.50,83.26,301.12,0.873,-1,-1,-1
534,1908,659.65,451.01,44.30,116.00,0.747,-1,-1,-1
534,1919,712.95,452.52,31.40,90.18,0.656,-1,-1,-1
534,1903,1163.02,439.18,42.45,98.39,0.307,-1,-1,-1
534,1920,383.27,462.53,39.82,55.80,0.267,-1,-1,-1
535,1458,1669.34,365.25,250.66,707.95,0.887,-1,-1,-1
535,3,1459.42,411.58,215.46,654.45,0.905,-1,-1,-1
535,1266,1014.67,444.85,117.08,277.05,0.911,-1,-1,-1
535,1344,810.28,435.29,108.34,252.33,0.923,-1,-1,-1
535,1727,1614.32,409.65,174.29,614.12,0.853,-1,-1,-1
535,1751,540.37,459.42,33.58,76.91,0.546,-1,-1,-1
535,1759,1095.89,440.18,87.73,236.00,0.714,-1,-1,-1
535,1760,576.36,454.11,34.54,81.87,0.648,-1,-1,-1
535,1452,415.79,456.84,42.37,114.12,0.439,-1,-1,-1
535,1560,377.57,461.78,50.29,113.02,0.492,-1,-1,-1
535,1133,925.28,407.15,84.43,300.28,0.888,-1,-1,-1
535,1908,657.53,450.65,44.15,116.24,0.745,-1,-1,-1
535,1919,712.95,451.96,31.57,91.23,0.638,-1,-1,-1
535,1903,1162.12,437.98,42.78,98.79,0.299,-1,-1,-1
535,1920,383.34,462.27,40.87,57.52,0.310,-1,-1,-1
536,1458,1693.35,369.83,226.65,701.09,0.861,-1,-1,-1
536,3,1459.44,411.89,215.87,654.86,0.911,-1,-1,-1
536,1266,1015.52,446.13,118.02,276.31,0.906,-1,-1,-1
536,1344,810.29,435.36,109.44,251.79,0.918,-1,-1,-1
536,1727,1618.22,409.20,175.57,614.66,0.846,-1,-1,-1
536,1751,540.81,459.92,33.51,76.83,0.468,-1,-1,-1
536,1759,1101.11,438.10,87.30,237.99,0.700,-1,-1,-1
536,1760,577.34,454.81,34.11,81.47,0.641,-1,-1,-1
536,1452,415.54,456.30,42.53,114.65,0.442,-1,-1,-1
536,1560,377.01,462.02,50.45,112.86,0.482,-1,-1,-1
536,1133,927.58,407.55,86.05,299.79,0.886,-1,-1,-1
536,1908,655.92,450.67,43.93,116.11,0.769,-1,-1,-1
536,1919,712.72,450.96,31.85,92.26,0.650,-1,-1,-1
536,1903,1159.36,437.21,45.63,106.63,0.315,-1,-1,-1
536,1920,383.78,462.52,40.49,56.97,0.291,-1,-1,-1
537,1458,1709.56,366.18,210.44,707.09,0.877,-1,-1,-1
537,3,1461.41,412.02,216.84,655.00,0.896,-1,-1,-1
537,1266,1015.94,447.35,119.10,275.48,0.909,-1,-1,-1
537,1344,810.00,435.15,110.77,252.14,0.919,-1,-1,-1
537,1727,1622.56,408.95,176.94,615.48,0.824,-1,-1,-1
537,1751,540.52,460.92,33.21,76.27,0.527,-1,-1,-1
537,1759,1104.21,438.68,85.91,237.85,0.735,-1,-1,-1
537,1760,578.06,455.90,33.60,80.48,0.666,-1,-1,-1
537,1452,415.60,456.39,42.36,114.47,0.454,-1,-1,-1
537,1560,377.32,462.40,50.42,112.62,0.499,-1,-1,-1
537,1133,928.42,408.60,87.20,298.93,0.895,-1,-1,-1
537,1908,655.53,452.03,43.04,114.49,0.768,-1,-1,-1
537,1919,712.63,451.11,31.73,92.29,0.682,-1,-1,-1
537,1903,1160.97,438.31,44.03,103.90,0.299,-1,-1,-1
537,1920,384.13,462.83,40.12,56.30,0.284,-1,-1,-1
537,1953,1010.14,450.30,37.43,62.00,0.381,-1,-1,-1
538,1458,1721.22,363.92,198.78,710.93,0.874,-1,-1,-1
538,3,1462.38,411.12,218.08,656.03,0.901,-1,-1,-1
538,1266,1015.02,445.92,120.78,276.85,0.897,-1,-1,-1
538,1344,810.33,434.09,112.01,252.22,0.922,-1,-1,-1
538,1727,1625.85,409.39,177.54,614.13,0.835,-1,-1,-1
538,1751,541.07,461.54,33.01,75.60,0.498,-1,-1,-1
538,1759,1106.06,438.43,84.88,238.16,0.725,-1,-1,-1
538,1760,578.46,456.17,33.30,80.01,0.606,-1,-1,-1
538,1452,415.57,456.29,42.40,114.63,0.425,-1,-1,-1
538,1560,377.05,462.39,50.60,112.74,0.481,-1,-1,-1
538,1133,929.42,409.63,88.87,298.73,0.896,-1,-1,-1
538,1908,654.59,453.59,42.56,113.38,0.757,-1,-1,-1
538,1919,712.23,450.71,31.72,92.41,0.668,-1,-1,-1
538,1920,383.68,462.89,40.29,56.40,0.289,-1,-1,-1
538,1953,1008.69,449.75,40.42,67.14,0.386,-1,-1,-1
539,1458,1730.58,365.11,189.42,710.68,0.872,-1,-1,-1
539,3,1465.17,410.28,219.51,656.61,0.893,-1,-1,-1
539,1266,1014.97,442.67,122.87,280.24,0.891,-1,-1,-1
539,1344,810.76,433.36,113.16,252.95,0.923,-1,-1,-1
539,1727,1630.65,410.66,178.09,612.21,0.828,-1,-1,-1
539,1751,541.39,461.65,32.98,75.56,0.505,-1,-1,-1
539,1759,1107.76,436.12,84.37,240.92,0.779,-1,-1,-1
539,1760,578.95,456.35,33.17,80.25,0.602,-1,-1,-1
539,1452,415.61,455.98,42.54,115.13,0.410,-1,-1,-1
539,1560,376.91,461.99,50.69,113.10,0.440,-1,-1,-1
539,1133,930.29,410.73,90.57,298.36,0.892,-1,-1,-1
539,1908,654.69,455.22,41.56,111.54,0.747,-1,-1,-1
539,1919,712.38,450.55,31.69,92.95,0.647,-1,-1,-1
539,1920,383.04,462.43,40.85,57.35,0.299,-1,-1,-1
539,1953,1007.11,448.44,42.79,71.53,0.470,-1,-1,-1
540,1458,1740.24,377.23,179.76,698.38,0.874,-1,-1,-1
540,3,1469.81,409.32,221.62,657.29,0.884,-1,-1,-1
540,1266,1017.23,438.06,124.60,284.84,0.888,-1,-1,-1
540,1344,811.05,432.74,114.36,253.89,0.920,-1,-1,-1
540,1727,1634.12,410.97,177.81,608.02,0.824,-1,-1,-1
540,1751,541.98,461.72,33.08,75.74,0.564,-1,-1,-1
540,1759,1108.24,435.05,83.26,242.31,0.761,-1,-1,-1
540,1760,578.01,455.15,33.93,82.65,0.670,-1,-1,-1
540,1452,415.79,456.60,42.08,113.71,0.425,-1,-1,-1
540,1560,376.55,461.97,50.72,112.86,0.475,-1,-1,-1
540,1133,930.43,411.28,92.56,297.88,0.903,-1,-1,-1
540,1908,654.85,456.27,40.52,110.07,0.749,-1,-1,-1
540,1919,711.56,450.80,31.27,92.40,0.661,-1,-1,-1
540,1920,382.96,462.91,40.00,56.01,0.293,-1,-1,-1
540,1953,1006.03,447.37,43.29,73.04,0.384,-1,-1,-1
540,1903,1161.49,439.44,45.27,107.77,0.281,-1,-1,-1
541,1458,1749.92,380.98,170.08,694.97,0.855,-1,-1,-1
541,3,1478.27,408.15,225.28,658.70,0.871,-1,-1,-1
541,1266,1023.09,436.84,124.41,286.46,0.879,-1,-1,-1
541,1344,814.76,432.95,114.27,253.61,0.911,-1,-1,-1
541,1727,1641.03,411.03,176.89,600.96,0.831,-1,-1,-1
541,1751,541.52,461.50,33.27,76.18,0.579,-1,-1,-1
541,1759,1109.19,437.13,81.00,240.11,0.694,-1,-1,-1
541,1760,577.66,455.06,34.12,83.37,0.652,-1,-1,-1
541,1452,415.73,456.58,42.16,113.34,0.407,-1,-1,-1
541,1133,931.10,411.64,94.40,296.97,0.901,-1,-1,-1
541,1908,655.16,459.08,39.04,106.98,0.748,-1,-1,-1
541,1919,711.44,451.17,31.18,92.60,0.653,-1,-1,-1
541,1920,381.90,462.55,40.66,56.70,0.349,-1,-1,-1
541,1953,1004.84,447.26,44.04,75.25,0.310,-1,-1,-1
541,1903,1164.70,440.66,44.91,106.98,0.330,-1,-1,-1
542,1458,1758.66,383.38,161.34,693.01,0.828,-1,-1,-1
542,3,1487.21,407.63,229.15,658.58,0.855,-1,-1,-1
542,1266,1027.92,439.27,122.79,284.47,0.861,-1,-1,-1
542,1344,817.50,431.39,114.67,255.32,0.918,-1,-1,-1
542,1727,1649.16,411.48,176.54,593.76,0.833,-1,-1,-1
542,1751,541.87,460.96,33.41,76.70,0.557,-1,-1,-1
542,1759,1111.19,440.26,78.78,237.14,0.717,-1,-1,-1
542,1760,578.15,454.66,34.14,83.73,0.650,-1,-1,-1
542,1452,416.03,458.59,41.65,111.31,0.379,-1,-1,-1
542,1133,934.19,411.62,97.48,296.72,0.896,-1,-1,-1
542,1908,655.69,459.36,38.39,106.31,0.732,-1,-1,-1
542,1919,711.26,451.63,30.98,92.63,0.669,-1,-1,-1
542,1920,382.08,463.14,40.48,56.05,0.334,-1,-1,-1
542,1953,1004.54,447.33,43.87,75.94,0.365,-1,-1,-1
543,1458,1766.62,386.57,153.38,690.10,0.774,-1,-1,-1
543,3,1494.73,408.14,231.90,657.90,0.848,-1,-1,-1
543,1266,1031.66,435.92,123.66,287.97,0.837,-1,-1,-1
543,1344,821.97,430.62,113.86,255.08,0.900,-1,-1,-1
543,1727,1652.94,411.69,178.73,594.93,0.842,-1,-1,-1
543,1751,541.77,460.70,33.48,76.99,0.607,-1,-1,-1
543,1759,1113.28,438.86,77.88,238.54,0.642,-1,-1,-1
543,1760,577.82,453.73,34.49,84.74,0.700,-1,-1,-1
543,1452,416.08,460.78,41.01,109.19,0.417,-1,-1,-1
543,1133,936.24,412.08,100.51,296.42,0.884,-1,-1,-1
543,1908,654.44,458.01,38.63,108.67,0.706,-1,-1,-1
543,1919,711.38,451.89,30.63,92.12,0.681,-1,-1,-1
543,1920,381.88,463.22,40.62,56.00,0.334,-1,-1,-1
543,1953,1004.23,447.51,44.19,77.72,0.450,-1,-1,-1
543,1903,1168.61,439.62,45.44,107.41,0.303,-1,-1,-1
544,3,1500.99,407.93,233.32,659.72,0.857,-1,-1,-1
544,1266,1039.42,436.68,121.55,287.27,0.851,-1,-1,-1
544,1344,828.10,429.64,112.88,256.29,0.898,-1,-1,-1
544,1727,1657.27,412.33,180.93,597.49,0.847,-1,-1,-1
544,1751,541.80,460.98,33.27,76.66,0.581,-1,-1,-1
544,1759,1115.34,441.29,75.96,236.11,0.651,-1,-1,-1
544,1760,577.56,453.72,34.53,85.01,0.709,-1,-1,-1
544,1452,416.31,461.54,40.73,108.33,0.449,-1,-1,-1
544,1133,939.07,427.85,98.47,279.20,0.875,-1,-1,-1
544,1908,654.06,457.20,38.31,109.19,0.743,-1,-1,-1
544,1919,711.71,451.57,30.48,92.17,0.690,-1,-1,-1
544,1920,381.90,463.86,40.02,54.87,0.282,-1,-1,-1
544,1953,1003.37,448.20,43.81,78.55,0.341,-1,-1,-1
544,1969,690.52,461.10,23.81,70.86,0.312,-1,-1,-1
544,1304,1787.40,388.13,132.60,688.12,0.735,-1,-1,-1
544,1560,375.98,463.32,50.44,111.43,0.483,-1,-1,-1
545,3,1538.36,407.28,242.36,660.93,0.903,-1,-1,-1
545,1266,1047.60,435.71,119.27,288.49,0.824,-1,-1,-1
545,1344,835.14,428.57,111.00,256.61,0.867,-1,-1,-1
545,1727,1661.57,413.81,181.95,596.98,0.659,-1,-1,-1
545,1751,541.67,460.60,33.36,76.78,0.665,-1,-1,-1
545,1759,1118.16,442.54,74.48,234.65,0.483,-1,-1,-1
545,1760,577.09,453.09,34.81,85.50,0.712,-1,-1,-1
545,1452,415.97,458.69,41.59,110.55,0.493,-1,-1,-1
545,1133,940.76,434.57,99.08,271.76,0.876,-1,-1,-1
545,1908,653.89,455.75,38.26,109.66,0.778,-1,-1,-1
545,1919,711.79,452.29,30.28,91.70,0.735,-1,-1,-1
545,1920,381.56,464.19,40.21,54.74,0.330,-1,-1,-1
545,1969,688.40,462.84,23.43,69.68,0.336,-1,-1,-1
545,1971,1045.28,444.07,34.90,66.06,0.338,-1,-1,-1
545,1304,1795.39,409.07,124.61,670.93,0.746,-1,-1,-1
546,3,1556.98,406.51,248.49,659.18,0.859,-1,-1,-1
546,1266,1054.86,433.52,116.45,290.29,0.775,-1,-1,-1
546,1344,842.61,428.04,108.64,256.72,0.848,-1,-1,-1
546,1727,1665.51,413.38,183.97,602.24,0.712,-1,-1,-1
546,1751,541.64,460.33,33.26,76.82,0.608,-1,-1,-1
546,1759,1120.35,439.30,74.47,237.81,0.614,-1,-1,-1
546,1760,576.80,452.21,34.95,85.68,0.704,-1,-1,-1
546,1452,416.42,458.92,41.45,110.31,0.494,-1,-1,-1
546,1133,940.16,419.83,105.72,285.51,0.900,-1,-1,-1
546,1908,653.04,454.40,38.24,110.56,0.780,-1,-1,-1
546,1919,712.47,451.37,30.42,92.80,0.744,-1,-1,-1
546,1920,381.50,464.03,40.34,54.69,0.340,-1,-1,-1
546,1969,686.97,464.24,23.16,68.63,0.355,-1,-1,-1
546,1971,1046.14,444.20,34.93,66.06,0.302,-1,-1,-1
546,1304,1803.76,454.29,116.24,625.71,0.654,-1,-1,-1
546,1903,1179.88,443.54,45.75,104.71,0.339,-1,-1,-1
547,3,1536.25,406.14,243.47,658.60,0.846,-1,-1,-1
547,1266,1062.43,432.85,113.88,290.95,0.774,-1,-1,-1
547,1344,851.56,427.36,106.80,257.54,0.801,-1,-1,-1
547,1727,1668.64,412.83,185.88,606.10,0.834,-1,-1,-1
547,1751,541.87,459.73,33.43,77.45,0.610,-1,-1,-1
547,1759,1121.64,439.53,73.62,237.97,0.668,-1,-1,-1
547,1760,577.06,452.01,35.07,86.00,0.704,-1,-1,-1
547,1452,416.70,458.41,41.83,111.37,0.498,-1,-1,-1
547,1133,942.03,414.30,108.55,290.48,0.898,-1,-1,-1
547,1908,652.67,453.53,38.25,111.08,0.802,-1,-1,-1
547,1919,713.15,451.91,30.19,92.45,0.751,-1,-1,-1
547,1920,380.83,463.75,40.89,55.12,0.327,-1,-1,-1
547,1969,687.14,469.13,21.73,63.89,0.350,-1,-1,-1
547,1971,1046.52,444.36,35.76,67.57,0.300,-1,-1,-1
547,1304,1809.30,471.43,110.70,608.57,0.594,-1,-1,-1
547,1903,1180.86,443.25,47.34,105.39,0.274,-1,-1,-1
548,3,1531.64,405.71,240.90,662.47,0.834,-1,-1,-1
548,1266,1066.12,432.29,111.07,291.34,0.782,-1,-1,-1
548,1344,858.91,427.82,103.89,257.20,0.811,-1,-1,-1
548,1727,1675.74,412.81,185.36,602.73,0.809,-1,-1,-1
548,1751,542.28,459.17,33.62,77.96,0.577,-1,-1,-1
548,1759,1125.50,439.59,72.66,238.42,0.667,-1,-1,-1
548,1760,577.39,452.40,34.97,85.65,0.707,-1,-1,-1
548,1452,416.77,457.55,42.13,112.20,0.531,-1,-1,-1
548,1133,943.66,411.84,109.38,291.61,0.885,-1,-1,-1
548,1908,651.74,452.91,38.33,111.44,0.784,-1,-1,-1
548,1919,714.30,451.71,30.22,92.86,0.745,-1,-1,-1
548,1920,380.55,464.20,40.96,54.85,0.336,-1,-1,-1
548,1969,687.06,471.22,21.25,61.88,0.377,-1,-1,-1
548,1971,1045.39,446.01,36.61,69.16,0.315,-1,-1,-1
548,1304,1810.28,432.86,109.72,647.14,0.519,-1,-1,-1
548,1903,1186.28,446.67,45.97,102.40,0.299,-1,-1,-1
549,3,1532.14,405.24,238.88,667.73,0.851,-1,-1,-1
549,1266,1069.08,432.68,108.95,290.87,0.792,-1,-1,-1
549,1344,867.44,428.79,100.92,256.01,0.806,-1,-1,-1
549,1727,1683.31,413.74,184.40,598.92,0.825,-1,-1,-1
549,1751,542.95,459.84,33.46,77.68,0.606,-1,-1,-1
549,1759,1127.32,438.18,72.40,240.33,0.683,-1,-1,-1
549,1760,577.91,452.55,34.84,85.40,0.710,-1,-1,-1
549,1452,417.25,457.48,42.19,112.26,0.513,-1,-1,-1
549,1133,947.60,410.27,108.94,291.67,0.869,-1,-1,-1
549,1908,650.81,452.39,38.30,111.43,0.775,-1,-1,-1
549,1919,714.79,451.96,30.17,92.55,0.770,-1,-1,-1
549,1920,380.50,464.23,41.23,54.82,0.334,-1,-1,-1
549,1969,687.39,471.83,21.29,61.28,0.321,-1,-1,-1
549,1971,1044.47,445.86,37.97,71.81,0.330,-1,-1,-1
549,1304,1812.02,412.74,107.98,667.26,0.359,-1,-1,-1
549,1903,1185.84,444.30,46.64,104.91,0.305,-1,-1,-1
550,3,1535.48,405.15,235.46,667.31,0.857,-1,-1,-1
550,1266,1073.97,433.68,107.49,290.28,0.809,-1,-1,-1
550,1344,871.47,429.70,97.96,254.85,0.821,-1,-1,-1
550,1727,1688.57,412.06,184.74,599.47,0.831,-1,-1,-1
550,1751,543.78,459.47,33.61,78.00,0.598,-1,-1,-1
550,1759,1125.73,437.84,72.31,240.73,0.700,-1,-1,-1
550,1760,578.81,452.66,34.56,84.96,0.685,-1,-1,-1
550,1452,418.01,457.60,42.26,112.08,0.548,-1,-1,-1
550,1133,954.83,409.48,107.75,291.13,0.849,-1,-1,-1
550,1908,650.43,453.70,37.85,109.98,0.785,-1,-1,-1
550,1919,714.98,452.34,30.19,92.31,0.771,-1,-1,-1
550,1920,380.73,464.27,41.17,54.33,0.344,-1,-1,-1
550,1969,687.60,473.10,21.06,59.76,0.311,-1,-1,-1
550,1903,1185.09,442.18,46.64,106.70,0.256,-1,-1,-1
551,3,1539.67,405.20,232.13,665.12,0.866,-1,-1,-1
551,1266,1080.55,433.74,106.54,289.87,0.844,-1,-1,-1
551,1344,872.54,429.18,96.21,255.49,0.840,-1,-1,-1
551,1727,1696.08,410.19,186.09,602.14,0.854,-1,-1,-1
551,1751,543.66,457.69,33.89,79.20,0.605,-1,-1,-1
551,1759,1124.83,437.04,72.80,241.39,0.678,-1,-1,-1
551,1760,579.03,452.35,34.60,85.30,0.715,-1,-1,-1
551,1452,417.53,456.81,42.68,113.13,0.571,-1,-1,-1
551,1133,960.70,409.63,106.20,291.00,0.844,-1,-1,-1
551,1908,650.29,452.65,38.18,111.24,0.781,-1,-1,-1
551,1919,715.02,451.60,30.43,93.33,0.772,-1,-1,-1
551,1920,380.53,464.27,41.27,54.31,0.350,-1,-1,-1
552,3,1549.72,403.95,233.33,669.89,0.858,-1,-1,-1
552,1266,1084.16,434.24,106.34,289.48,0.829,-1,-1,-1
552,1344,877.46,428.91,94.67,255.60,0.848,-1,-1,-1
552,1727,1703.40,408.62,187.28,604.00,0.845,-1,-1,-1
552,1751,544.99,457.96,33.46,78.46,0.618,-1,-1,-1
552,1759,1126.54,435.74,73.70,242.25,0.610,-1,-1,-1
552,1760,579.10,452.14,34.76,86.12,0.732,-1,-1,-1
552,1452,417.41,455.95,43.12,114.23,0.551,-1,-1,-1
552,1133,966.94,409.54,103.37,289.40,0.850,-1,-1,-1
552,1908,649.41,452.15,38.39,112.08,0.782,-1,-1,-1
552,1919,715.27,450.25,30.99,94.78,0.799,-1,-1,-1
552,1920,380.80,464.67,41.16,53.93,0.321,-1,-1,-1
552,1971,1042.12,448.72,43.04,82.16,0.388,-1,-1,-1
552,1903,1190.72,447.50,44.07,101.78,0.298,-1,-1,-1
553,3,1554.59,403.91,233.62,671.77,0.847,-1,-1,-1
553,1266,1087.68,435.63,106.18,288.21,0.872,-1,-1,-1
553,1344,882.43,429.24,93.53,255.28,0.834,-1,-1,-1
553,1727,1712.62,406.99,188.39,606.08,0.842,-1,-1,-1
553,1751,545.92,458.58,33.12,78.26,0.568,-1,-1,-1
553,1759,1134.01,435.53,73.77,241.31,0.592,-1,-1,-1
553,1760,580.07,452.58,34.19,85.31,0.743,-1,-1,-1
553,1452,417.46,455.48,43.34,114.72,0.530,-1,-1,-1
553,1133,973.74,409.03,100.74,290.17,0.856,-1,-1,-1
553,1908,649.09,452.03,38.35,111.99,0.753,-1,-1,-1
553,1919,715.51,449.97,31.05,94.60,0.790,-1,-1,-1
553,1920,381.02,464.59,41.41,54.24,0.331,-1,-1,-1
553,1971,1043.01,449.82,44.30,85.94,0.429,-1,-1,-1
553,1903,1191.72,438.38,48.33,113.49,0.500,-1,-1,-1
554,3,1555.79,404.66,233.28,672.01,0.872,-1,-1,-1
554,1266,1089.17,435.58,107.01,288.07,0.868,-1,-1,-1
554,1344,889.87,430.17,93.97,254.46,0.866,-1,-1,-1
554,1727,1718.03,405.27,189.43,608.40,0.852,-1,-1,-1
554,1751,546.28,457.65,33.24,79.28,0.585,-1,-1,-1
554,1759,1139.36,436.23,73.78,240.17,0.444,-1,-1,-1
554,1760,580.38,453.01,33.88,84.97,0.720,-1,-1,-1
554,1452,416.83,454.47,43.82,115.80,0.551,-1,-1,-1
554,1133,979.91,409.09,98.46,292.44,0.830,-1,-1,-1
554,1908,648.44,453.42,38.40,110.93,0.758,-1,-1,-1
554,1919,715.90,449.90,31.35,94.76,0.770,-1,-1,-1
554,1920,380.69,463.76,41.87,54.91,0.320,-1,-1,-1
554,1971,1042.74,450.44,43.31,85.20,0.333,-1,-1,-1
554,1903,1192.23,434.28,48.78,117.21,0.490,-1,-1,-1
555,3,1559.31,405.35,233.81,671.35,0.861,-1,-1,-1
555,1266,1091.91,436.66,107.84,286.89,0.889,-1,-1,-1
555,1344,893.82,431.19,94.53,253.90,0.883,-1,-1,-1
555,1727,1722.84,404.33,190.14,609.84,0.852,-1,-1,-1
555,1751,546.42,457.04,33.67,80.84,0.620,-1,-1,-1
555,1759,1143.00,437.09,74.05,238.47,0.378,-1,-1,-1
555,1760,580.58,453.17,33.69,84.88,0.725,-1,-1,-1
555,1452,416.39,454.87,43.71,115.51,0.552,-1,-1,-1
555,1133,984.41,409.20,96.85,292.53,0.830,-1,-1,-1
555,1908,647.78,455.72,38.14,108.80,0.777,-1,-1,-1
555,1919,715.53,449.49,31.68,94.85,0.773,-1,-1,-1
555,1920,380.55,463.66,41.38,54.28,0.291,-1,-1,-1
555,1971,1042.53,450.23,43.21,86.36,0.336,-1,-1,-1
555,1903,1193.26,436.04,47.72,116.10,0.485,-1,-1,-1
556,3,1563.77,405.81,235.34,670.29,0.865,-1,-1,-1
556,1266,1092.92,435.49,109.22,287.96,0.903,-1,-1,-1
556,1344,892.49,431.68,94.20,253.67,0.876,-1,-1,-1
556,1727,1726.99,404.46,190.06,609.74,0.836,-1,-1,-1
556,1751,546.59,457.10,33.42,80.69,0.602,-1,-1,-1
556,1759,1142.46,436.15,75.57,239.64,0.329,-1,-1,-1
556,1760,580.34,452.85,33.70,85.13,0.712,-1,-1,-1
556,1452,416.56,454.93,43.70,115.33,0.548,-1,-1,-1
556,1133,990.60,408.87,95.96,291.38,0.840,-1,-1,-1
556,1908,646.34,455.95,38.57,108.59,0.766,-1,-1,-1
556,1919,715.81,449.25,32.18,95.43,0.773,-1,-1,-1
556,1920,380.08,463.36,41.34,54.27,0.338,-1,-1,-1
556,1971,1042.94,450.49,42.12,85.42,0.312,-1,-1,-1
556,1903,1194.26,436.93,46.26,114.15,0.492,-1,-1,-1
557,3,1568.95,405.28,237.74,669.43,0.867,-1,-1,-1
557,1266,1094.59,434.89,110.33,288.24,0.900,-1,-1,-1
557,1344,895.64,432.31,94.70,253.00,0.909,-1,-1,-1
557,1727,1730.22,404.44,189.78,610.05,0.822,-1,-1,-1
557,1751,546.18,456.20,33.62,81.77,0.610,-1,-1,-1
557,1759,1143.94,435.51,76.70,240.34,0.379,-1,-1,-1
557,1760,580.35,452.98,33.74,85.48,0.727,-1,-1,-1
557,1452,416.73,455.05,43.69,115.00,0.499,-1,-1,-1
557,1133,992.04,408.66,96.37,291.14,0.832,-1,-1,-1
557,1908,645.64,456.62,38.75,108.02,0.737,-1,-1,-1
557,1919,715.89,450.07,32.32,94.99,0.750,-1,-1,-1
557,1920,379.92,463.73,41.07,53.77,0.351,-1,-1,-1
557,1971,1044.84,450.67,41.39,85.45,0.276,-1,-1,-1
557,1903,1194.42,438.44,45.85,113.57,0.479,-1,-1,-1
557,2004,678.80,458.53,26.60,74.37,0.335,-1,-1,-1
557,2005,1309.52,428.36,33.23,115.99,0.310,-1,-1,-1
558,3,1574.05,404.74,241.41,669.61,0.863,-1,-1,-1
558,1266,1095.17,433.17,111.59,289.10,0.878,-1,-1,-1
558,1344,897.71,432.75,95.31,252.37,0.907,-1,-1,-1
558,1727,1734.36,405.45,185.64,609.53,0.781,-1,-1,-1
558,1751,546.57,456.92,32.83,80.34,0.611,-1,-1,-1
558,1760,580.52,453.46,33.47,84.88,0.730,-1,-1,-1
558,1452,416.93,455.57,43.59,114.12,0.475,-1,-1,-1
558,1133,996.76,408.80,96.89,290.48,0.827,-1,-1,-1
558,1908,643.93,456.16,39.24,107.81,0.772,-1,-1,-1
558,1919,716.27,449.43,33.04,95.83,0.746,-1,-1,-1
558,1920,379.96,464.16,40.89,53.37,0.354,-1,-1,-1
558,1903,1195.65,439.97,45.24,112.55,0.406,-1,-1,-1
558,2004,677.87,459.40,26.67,74.52,0.364,-1,-1,-1
558,2005,1309.71,428.60,33.09,115.49,0.285,-1,-1,-1
559,3,1580.27,404.33,246.58,670.00,0.882,-1,-1,-1
559,1266,1096.42,432.54,112.21,288.38,0.875,-1,-1,-1
559,1344,898.46,432.96,96.05,251.55,0.913,-1,-1,-1
559,1727,1737.52,406.27,182.48,607.82,0.700,-1,-1,-1
559,1751,546.73,457.33,32.29,79.37,0.588,-1,-1,-1
559,1760,580.65,453.59,33.37,84.58,0.743,-1,-1,-1
559,1452,417.32,455.46,43.81,113.87,0.502,-1,-1,-1
559,1133,1000.55,409.54,97.42,289.41,0.838,-1,-1,-1
559,1908,643.80,457.15,38.91,105.51,0.749,-1,-1,-1
559,1919,716.23,449.40,33.41,96.13,0.760,-1,-1,-1
559,1920,379.65,463.83,41.38,53.95,0.372,-1,-1,-1
559,1903,1198.53,440.49,44.52,112.28,0.424,-1,-1,-1
559,2004,677.28,460.77,26.33,73.49,0.335,-1,-1,-1
559,2005,1309.58,428.46,33.16,115.67,0.265,-1,-1,-1
559,1759,1154.92,443.19,74.38,232.19,0.370,-1,-1,-1
560,3,1582.84,403.00,251.64,671.21,0.894,-1,-1,-1
560,1266,1099.26,435.16,111.92,285.57,0.871,-1,-1,-1
560,1344,898.70,432.56,96.77,250.94,0.905,-1,-1,-1
560,1727,1741.87,407.24,178.13,607.32,0.651,-1,-1,-1
560,1751,546.64,458.08,32.49,80.10,0.645,-1,-1,-1
560,1760,580.74,454.17,33.05,83.79,0.741,-1,-1,-1
560,1452,417.43,455.33,44.15,113.95,0.524,-1,-1,-1
560,1133,1002.35,412.24,98.58,286.83,0.784,-1,-1,-1
560,1908,642.08,456.91,39.06,104.63,0.782,-1,-1,-1
560,1919,716.21,449.73,33.36,96.00,0.756,-1,-1,-1
560,1920,379.52,463.76,41.36,54.02,0.378,-1,-1,-1
560,1903,1203.67,439.96,43.78,111.76,0.534,-1,-1,-1
560,2004,677.11,459.66,26.58,74.20,0.340,-1,-1,-1
560,2005,1309.43,429.41,32.72,113.98,0.301,-1,-1,-1
561,3,1583.01,402.36,254.94,671.16,0.882,-1,-1,-1
561,1266,1104.53,434.93,111.74,284.26,0.858,-1,-1,-1
561,1344,900.94,432.94,96.47,248.51,0.895,-1,-1,-1
561,1727,1755.15,405.13,164.85,546.12,0.662,-1,-1,-1
561,1751,547.09,459.20,31.90,78.36,0.613,-1,-1,-1
561,1760,581.05,453.69,33.11,83.82,0.743,-1,-1,-1
561,1452,417.75,455.75,44.34,113.84,0.575,-1,-1,-1
561,1133,1006.06,414.04,99.88,284.58,0.854,-1,-1,-1
561,1908,639.73,455.28,39.91,105.53,0.800,-1,-1,-1
561,1919,716.01,449.81,33.71,96.46,0.767,-1,-1,-1
561,1920,380.08,464.45,40.94,53.40,0.365,-1,-1,-1
561,1903,1208.47,440.42,43.17,111.02,0.520,-1,-1,-1
561,2004,677.77,460.76,26.16,72.84,0.326,-1,-1,-1
561,2005,1309.08,429.33,32.89,114.36,0.265,-1,-1,-1
561,2021,835.40,462.81,35.55,80.55,0.355,-1,-1,-1
562,3,1589.46,402.01,259.69,672.04,0.886,-1,-1,-1
562,1266,1110.10,435.20,110.81,282.78,0.848,-1,-1,-1
562,1344,904.03,433.66,95.33,245.03,0.858,-1,-1,-1
562,1727,1754.18,405.81,165.82,588.03,0.771,-1,-1,-1
562,1751,547.43,459.57,32.11,78.62,0.652,-1,-1,-1
562,1760,581.37,453.59,33.12,83.80,0.742,-1,-1,-1
562,1452,417.31,456.52,44.47,113.45,0.523,-1,-1,-1
562,1133,1009.67,415.23,101.99,283.12,0.811,-1,-1,-1
562,1908,638.09,456.64,39.63,103.84,0.799,-1,-1,-1
562,1919,716.75,450.15,33.55,95.99,0.761,-1,-1,-1
562,1920,380.40,464.27,41.32,53.87,0.385,-1,-1,-1
562,1903,1212.81,441.11,42.44,109.18,0.509,-1,-1,-1
562,2004,677.86,461.86,26.15,72.74,0.347,-1,-1,-1
562,2005,1308.98,429.49,32.97,114.28,0.280,-1,-1,-1
562,2021,836.34,462.85,35.65,80.59,0.356,-1,-1,-1
563,3,1592.77,401.82,264.00,673.07,0.883,-1,-1,-1
563,1266,1116.82,435.66,109.19,280.25,0.840,-1,-1,-1
563,1344,908.89,433.47,94.35,244.51,0.836,-1,-1,-1
563,1727,1755.35,405.78,164.65,605.57,0.650,-1,-1,-1
563,1751,547.00,458.21,32.59,79.93,0.623,-1,-1,-1
563,1760,581.39,453.31,33.44,84.67,0.733,-1,-1,-1
563,1452,417.24,456.81,44.60,113.28,0.495,-1,-1,-1
563,1133,1011.97,416.02,104.71,282.58,0.854,-1,-1,-1
563,1908,637.29,455.15,40.16,105.13,0.779,-1,-1,-1
563,1919,717.86,450.40,33.41,95.51,0.769,-1,-1,-1
563,1920,380.65,463.31,42.46,55.64,0.384,-1,-1,-1
563,1903,1216.91,441.17,42.35,109.36,0.438,-1,-1,-1
563,2004,677.30,459.42,26.97,75.02,0.355,-1,-1,-1
563,2005,1308.85,429.85,33.01,114.15,0.311,-1,-1,-1
563,2021,837.91,462.84,35.96,80.93,0.325,-1,-1,-1
563,1304,1783.59,407.19,120.60,615.82,0.429,-1,-1,-1
564,3,1595.91,401.44,267.47,673.78,0.898,-1,-1,-1
564,1266,1123.89,435.99,107.53,278.57,0.839,-1,-1,-1
564,1344,913.93,433.15,93.59,245.76,0.809,-1,-1,-1
564,1727,1756.58,402.18,163.42,623.84,0.716,-1,-1,-1
564,1751,547.33,455.43,33.15,81.81,0.582,-1,-1,-1
564,1760,581.36,452.87,33.43,84.59,0.722,-1,-1,-1
564,1452,417.56,457.16,44.47,112.50,0.467,-1,-1,-1
564,1133,1014.48,415.73,107.55,282.96,0.898,-1,-1,-1
564,1908,636.76,452.89,41.04,107.65,0.787,-1,-1,-1
564,1919,718.37,450.57,33.37,95.26,0.776,-1,-1,-1
564,1920,381.27,462.53,42.89,56.39,0.377,-1,-1,-1
564,1903,1219.03,442.10,42.30,109.68,0.406,-1,-1,-1
564,2004,678.09,458.68,27.30,76.00,0.383,-1,-1,-1
564,2005,1308.48,430.02,33.22,114.30,0.378,-1,-1,-1
564,2021,838.35,462.70,36.04,80.66,0.320,-1,-1,-1
564,2035,912.55,465.90,39.41,120.60,0.347,-1,-1,-1
565,3,1599.19,401.06,269.63,674.45,0.893,-1,-1,-1
565,1266,1127.13,436.35,107.42,278.34,0.825,-1,-1,-1
565,1344,919.41,432.48,91.41,243.87,0.829,-1,-1,-1
565,1751,547.19,454.22,33.41,82.85,0.575,-1,-1,-1
565,1760,581.31,452.48,33.60,85.02,0.702,-1,-1,-1
565,1452,417.98,457.19,44.53,112.19,0.485,-1,-1,-1
565,1133,1016.19,414.89,110.73,284.17,0.915,-1,-1,-1
565,1908,637.11,452.23,41.31,108.58,0.791,-1,-1,-1
565,1919,718.96,450.25,33.56,95.74,0.788,-1,-1,-1
565,1920,381.66,462.47,42.67,56.24,0.355,-1,-1,-1
565,1903,1220.61,442.83,41.77,109.04,0.359,-1,-1,-1
565,2004,677.50,457.90,27.90,77.84,0.380,-1,-1,-1
565,2005,1308.72,429.65,33.47,114.66,0.349,-1,-1,-1
565,2021,837.52,462.82,36.15,80.58,0.315,-1,-1,-1
565,2035,914.63,469.17,38.35,117.27,0.396,-1,-1,-1
565,1304,1783.95,403.58,128.04,639.15,0.809,-1,-1,-1
566,3,1606.91,401.00,270.18,674.56,0.870,-1,-1,-1
566,1266,1129.52,437.41,107.87,279.15,0.814,-1,-1,-1
566,1344,926.03,431.38,90.35,243.65,0.821,-1,-1,-1
566,1751,547.19,454.36,32.97,82.37,0.515,-1,-1,-1
566,1760,581.52,453.21,33.40,84.54,0.694,-1,-1,-1
566,1452,417.64,457.55,44.66,112.15,0.457,-1,-1,-1
566,1133,1016.65,415.86,112.73,283.74,0.912,-1,-1,-1
566,1908,636.26,452.83,40.88,108.20,0.768,-1,-1,-1
566,1919,719.36,450.18,33.85,96.68,0.773,-1,-1,-1
566,1920,380.91,461.30,43.41,57.32,0.401,-1,-1,-1
566,1903,1221.81,442.30,41.72,109.95,0.389,-1,-1,-1
566,2004,674.93,456.47,29.00,81.33,0.396,-1,-1,-1
566,2005,1308.91,430.10,33.40,114.05,0.350,-1,-1,-1
566,2021,837.62,463.12,35.69,79.12,0.308,-1,-1,-1
566,2035,915.07,463.71,40.12,122.57,0.361,-1,-1,-1
566,2041,1078.11,445.36,41.18,131.41,0.335,-1,-1,-1
566,1304,1785.89,401.55,129.84,643.97,0.683,-1,-1,-1
566,1848,663.70,453.11,31.86,97.55,0.442,-1,-1,-1
567,3,1622.55,401.57,270.49,674.60,0.890,-1,-1,-1
567,1266,1130.66,437.22,108.25,279.67,0.837,-1,-1,-1
567,1344,931.93,431.64,89.10,243.61,0.819,-1,-1,-1
567,1751,546.75,454.06,33.29,83.44,0.553,-1,-1,-1
567,1760,582.00,453.80,33.33,84.32,0.692,-1,-1,-1
567,1452,418.29,457.98,44.61,111.75,0.438,-1,-1,-1
567,1133,1020.02,434.06,108.66,265.71,0.903,-1,-1,-1
567,1908,636.02,453.16,40.62,108.06,0.748,-1,-1,-1
567,1919,719.65,449.48,33.86,97.37,0.745,-1,-1,-1
567,1920,379.98,461.24,43.40,57.63,0.408,-1,-1,-1
567,1903,1220.62,440.64,42.55,112.35,0.322,-1,-1,-1
567,2005,1308.70,429.41,33.70,114.88,0.302,-1,-1,-1
567,2021,837.66,463.95,35.31,77.77,0.290,-1,-1,-1
567,2035,915.00,452.42,43.71,133.58,0.570,-1,-1,-1
567,2041,1079.58,446.29,40.88,130.59,0.392,-1,-1,-1
567,1304,1787.69,400.05,128.42,629.75,0.677,-1,-1,-1
567,1848,664.82,452.75,31.18,97.67,0.399,-1,-1,-1
568,3,1633.65,401.98,268.13,674.82,0.885,-1,-1,-1
568,1266,1136.57,436.18,107.37,279.54,0.817,-1,-1,-1
568,1344,936.40,431.60,88.54,243.73,0.817,-1,-1,-1
568,1751,547.17,454.37,33.19,83.36,0.553,-1,-1,-1
568,1760,582.16,453.97,33.46,84.82,0.678,-1,-1,-1
568,1452,417.38,459.52,44.42,111.21,0.529,-1,-1,-1
568,1133,1017.63,423.33,115.11,276.47,0.923,-1,-1,-1
568,1908,635.64,452.21,40.74,108.90,0.793,-1,-1,-1
568,1919,719.87,449.68,33.86,97.96,0.766,-1,-1,-1
568,1920,379.85,462.07,42.42,56.37,0.359,-1,-1,-1
568,2005,1308.67,429.35,33.62,114.48,0.290,-1,-1,-1
568,2021,836.92,463.89,35.47,77.97,0.299,-1,-1,-1
568,2035,915.01,447.66,45.64,139.20,0.545,-1,-1,-1
568,1304,1789.89,402.97,129.89,640.23,0.575,-1,-1,-1
568,1848,664.53,453.55,31.03,98.40,0.477,-1,-1,-1
568,2048,794.79,481.79,42.40,50.54,0.313,-1,-1,-1
569,3,1642.81,401.35,265.19,675.33,0.878,-1,-1,-1
569,1266,1141.59,436.72,107.08,278.08,0.853,-1,-1,-1
569,1344,938.61,431.93,87.92,243.95,0.837,-1,-1,-1
569,1751,547.79,455.70,32.89,82.88,0.544,-1,-1,-1
569,1760,582.33,453.83,33.73,85.42,0.674,-1,-1,-1
569,1452,417.64,461.20,43.85,109.54,0.514,-1,-1,-1
569,1133,1015.58,418.63,118.93,281.10,0.918,-1,-1,-1
569,1908,634.89,451.81,40.38,108.25,0.795,-1,-1,-1
569,1919,719.97,449.49,33.63,97.97,0.745,-1,-1,-1
569,1920,379.76,462.43,41.98,55.92,0.357,-1,-1,-1
569,2005,1308.73,429.28,33.63,114.50,0.314,-1,-1,-1
569,2021,836.74,463.37,35.55,77.70,0.281,-1,-1,-1
569,2035,915.10,445.42,46.59,141.67,0.552,-1,-1,-1
569,1304,1794.40,405.62,125.60,644.53,0.600,-1,-1,-1
569,1848,664.08,453.20,31.00,99.20,0.495,-1,-1,-1
569,2048,794.28,480.84,43.10,51.42,0.308,-1,-1,-1
569,2050,1000.88,450.80,36.52,71.59,0.382,-1,-1,-1
569,1903,1227.43,441.24,41.68,111.62,0.339,-1,-1,-1
570,3,1649.68,400.45,263.17,676.82,0.871,-1,-1,-1
570,1266,1149.05,435.53,109.16,279.07,0.874,-1,-1,-1
570,1344,942.55,431.73,87.25,244.48,0.830,-1,-1,-1
570,1751,548.12,456.28,32.95,83.09,0.558,-1,-1,-1
570,1760,582.58,454.33,33.60,85.18,0.670,-1,-1,-1
570,1452,417.89,463.11,43.05,107.55,0.487,-1,-1,-1
570,1133,1013.79,414.90,121.88,284.80,0.911,-1,-1,-1
570,1908,633.47,452.33,40.06,108.11,0.811,-1,-1,-1
570,1919,720.09,449.34,33.55,98.49,0.756,-1,-1,-1
570,1920,380.60,463.94,40.67,54.13,0.310,-1,-1,-1
570,2005,1308.83,429.12,33.47,114.25,0.275,-1,-1,-1
570,2021,835.13,462.49,35.61,78.27,0.290,-1,-1,-1
570,2035,915.38,444.51,47.04,142.33,0.461,-1,-1,-1
570,1304,1804.53,407.42,115.47,582.81,0.482,-1,-1,-1
570,1848,663.39,452.53,30.94,100.02,0.574,-1,-1,-1
570,2050,1000.48,450.63,35.84,70.32,0.375,-1,-1,-1
570,2055,1112.89,430.62,40.26,145.34,0.507,-1,-1,-1
570,2057,699.23,466.47,23.52,67.29,0.329,-1,-1,-1
570,1903,1229.85,440.77,41.12,112.02,0.430,-1,-1,-1
570,2004,661.77,452.98,34.34,97.96,0.548,-1,-1,-1
571,3,1656.28,399.14,261.79,677.81,0.885,-1,-1,-1
571,1266,1155.43,434.01,111.50,279.42,0.900,-1,-1,-1
571,1344,946.10,431.52,86.06,244.02,0.818,-1,-1,-1
571,1751,548.49,457.50,32.84,82.64,0.574,-1,-1,-1
571,1760,582.22,454.22,33.87,85.65,0.723,-1,-1,-1
571,1452,417.60,463.39,43.13,107.29,0.503,-1,-1,-1
571,1133,1014.10,411.81,123.82,287.62,0.916,-1,-1,-1
571,1908,632.74,452.48,39.77,108.25,0.814,-1,-1,-1
571,1919,720.28,449.26,33.19,97.76,0.783,-1,-1,-1
571,1920,380.31,464.47,40.32,53.70,0.330,-1,-1,-1
571,2021,834.49,462.06,35.13,77.26,0.324,-1,-1,-1
571,2035,915.24,445.06,47.19,141.63,0.423,-1,-1,-1
571,1304,1812.74,413.04,106.70,530.09,0.476,-1,-1,-1
571,1848,663.41,452.13,30.79,100.53,0.653,-1,-1,-1
571,2050,1000.09,450.86,35.52,70.04,0.365,-1,-1,-1
571,2055,1112.81,430.14,40.50,146.07,0.579,-1,-1,-1
571,2057,698.53,466.29,23.32,66.75,0.352,-1,-1,-1
571,1903,1232.91,445.20,38.80,107.24,0.318,-1,-1,-1
572,3,1660.92,398.89,259.08,678.37,0.896,-1,-1,-1
572,1266,1158.87,433.69,113.53,278.99,0.916,-1,-1,-1
572,1344,948.26,431.77,84.86,242.88,0.847,-1,-1,-1
572,1751,548.38,457.90,32.96,82.73,0.551,-1,-1,-1
572,1760,582.52,453.87,34.09,86.24,0.722,-1,-1,-1
572,1452,418.14,462.68,43.26,107.41,0.459,-1,-1,-1
572,1133,1014.91,412.38,124.00,286.69,0.921,-1,-1,-1
572,1908,632.31,452.60,39.33,108.19,0.820,-1,-1,-1
572,1919,720.33,449.21,33.49,98.82,0.776,-1,-1,-1
572,1920,380.03,464.39,40.45,54.00,0.313,-1,-1,-1
572,2021,834.67,462.01,35.03,77.01,0.332,-1,-1,-1
572,2035,915.68,446.41,47.12,140.26,0.293,-1,-1,-1
572,1304,1820.37,412.87,97.64,481.86,0.521,-1,-1,-1
572,1848,663.74,452.04,30.63,100.82,0.652,-1,-1,-1
572,2050,1002.48,451.04,32.07,63.45,0.364,-1,-1,-1
572,2055,1112.72,430.10,40.62,146.43,0.653,-1,-1,-1
572,2057,697.82,465.64,23.26,66.65,0.346,-1,-1,-1
573,3,1665.61,397.91,254.39,679.15,0.921,-1,-1,-1
573,1266,1161.69,434.56,115.26,277.98,0.898,-1,-1,-1
573,1344,950.22,432.17,84.42,242.27,0.850,-1,-1,-1
573,1751,549.20,457.07,33.40,83.80,0.593,-1,-1,-1
573,1760,583.08,454.31,33.81,85.55,0.739,-1,-1,-1
573,1452,417.56,462.67,43.25,107.77,0.513,-1,-1,-1
573,1133,1017.22,413.73,123.25,284.90,0.914,-1,-1,-1
573,1908,632.11,452.74,38.82,107.70,0.824,-1,-1,-1
573,1919,720.50,449.25,33.61,99.21,0.783,-1,-1,-1
573,1920,380.39,465.79,39.61,52.81,0.280,-1,-1,-1
573,2021,834.16,462.65,34.99,77.09,0.294,-1,-1,-1
573,1304,1826.18,419.31,92.46,455.30,0.436,-1,-1,-1
573,1848,664.61,452.29,30.57,100.88,0.704,-1,-1,-1
573,2050,1003.61,450.78,30.79,61.27,0.264,-1,-1,-1
573,2055,1112.52,428.76,41.04,148.05,0.587,-1,-1,-1
573,2057,698.99,466.18,23.22,66.68,0.375,-1,-1,-1
573,1903,1236.15,438.90,39.53,112.66,0.303,-1,-1,-1
574,3,1669.69,397.26,250.31,679.82,0.934,-1,-1,-1
574,1266,1162.29,432.87,117.87,279.91,0.900,-1,-1,-1
574,1344,954.53,432.52,84.80,241.67,0.826,-1,-1,-1
574,1751,549.69,458.03,33.14,82.80,0.607,-1,-1,-1
574,1760,583.03,455.31,33.62,84.90,0.739,-1,-1,-1
574,1452,417.51,463.18,42.97,107.62,0.553,-1,-1,-1
574,1133,1020.87,414.72,122.24,283.70,0.900,-1,-1,-1
574,1908,631.88,452.90,38.33,106.97,0.828,-1,-1,-1
574,1919,720.56,448.90,33.81,100.06,0.778,-1,-1,-1
574,1920,380.51,465.41,39.97,53.26,0.312,-1,-1,-1
574,2021,834.60,462.92,34.58,76.21,0.287,-1,-1,-1
574,1848,665.10,453.02,30.32,100.22,0.687,-1,-1,-1
574,2055,1113.38,428.68,40.95,148.18,0.619,-1,-1,-1
574,2057,699.06,467.04,23.05,66.26,0.385,-1,-1,-1
574,2064,1830.51,422.95,89.49,260.99,0.348,-1,-1,-1
575,3,1671.78,395.97,248.22,681.04,0.931,-1,-1,-1
575,1266,1165.31,436.26,118.10,276.49,0.886,-1,-1,-1
575,1344,959.04,432.53,85.76,241.58,0.828,-1,-1,-1
575,1751,550.51,459.71,32.56,80.69,0.576,-1,-1,-1
575,1760,583.51,455.65,33.42,84.07,0.703,-1,-1,-1
575,1452,417.35,462.97,43.15,108.15,0.589,-1,-1,-1
575,1133,1026.20,414.96,120.94,283.62,0.881,-1,-1,-1
575,1908,632.58,453.29,37.46,105.18,0.810,-1,-1,-1
575,1919,720.80,449.47,33.85,99.96,0.760,-1,-1,-1
575,1920,380.41,464.68,40.41,53.86,0.355,-1,-1,-1
575,2021,834.29,463.36,34.69,76.89,0.299,-1,-1,-1
575,1848,665.24,453.45,30.35,100.31,0.646,-1,-1,-1
575,2055,1114.27,429.19,40.63,147.12,0.550,-1,-1,-1
575,2057,698.96,465.46,23.71,68.35,0.377,-1,-1,-1
575,2064,1833.87,416.81,86.13,259.21,0.332,-1,-1,-1
575,2048,794.63,482.96,42.49,51.11,0.261,-1,-1,-1
576,3,1672.64,395.08,247.36,682.07,0.931,-1,-1,-1
576,1266,1166.82,438.31,118.70,274.65,0.923,-1,-1,-1
576,1344,963.88,431.11,89.63,246.19,0.844,-1,-1,-1
576,1751,551.00,461.07,32.13,79.13,0.607,-1,-1,-1
576,1760,584.17,456.66,33.08,82.79,0.762,-1,-1,-1
576,1452,417.11,462.66,43.39,108.76,0.621,-1,-1,-1
576,1133,1030.78,413.97,119.37,283.99,0.854,-1,-1,-1
576,1908,632.91,454.02,36.90,103.86,0.819,-1,-1,-1
576,1919,721.33,449.38,34.00,99.83,0.797,-1,-1,-1
576,1920,380.25,464.04,40.84,54.78,0.407,-1,-1,-1
576,2021,833.55,463.72,34.90,77.63,0.287,-1,-1,-1
576,1848,664.51,453.62,30.46,100.03,0.672,-1,-1,-1
576,2055,1116.17,429.58,40.12,145.74,0.414,-1,-1,-1
576,2057,698.63,465.90,23.35,67.39,0.373,-1,-1,-1
576,2064,1841.05,416.07,78.95,252.68,0.392,-1,-1,-1
576,2005,1308.61,427.98,33.98,116.37,0.317,-1,-1,-1
577,3,1672.39,394.95,247.61,682.75,0.936,-1,-1,-1
577,1266,1167.47,439.91,119.32,273.10,0.920,-1,-1,-1
577,1344,966.97,430.70,94.48,252.70,0.854,-1,-1,-1
577,1751,550.81,460.58,32.50,79.43,0.585,-1,-1,-1
577,1760,584.19,456.43,33.24,82.88,0.744,-1,-1,-1
577,1452,416.67,462.69,43.44,108.77,0.601,-1,-1,-1
577,1133,1037.00,414.86,116.26,282.60,0.834,-1,-1,-1
577,1908,632.44,453.32,37.41,105.68,0.829,-1,-1,-1
577,1919,721.71,449.77,34.18,99.95,0.801,-1,-1,-1
577,1920,380.64,463.70,40.57,54.59,0.381,-1,-1,-1
577,2021,834.65,463.42,34.58,76.84,0.282,-1,-1,-1
577,1848,664.04,453.88,30.46,99.61,0.674,-1,-1,-1
577,2055,1115.40,427.47,40.68,148.18,0.376,-1,-1,-1
577,2057,698.75,466.08,23.18,66.92,0.369,-1,-1,-1
577,2064,1847.18,403.43,72.82,239.46,0.360,-1,-1,-1
578,3,1672.08,395.63,247.92,682.00,0.934,-1,-1,-1
578,1266,1167.62,440.14,120.30,272.98,0.918,-1,-1,-1
578,1344,968.42,433.33,93.40,243.95,0.862,-1,-1,-1
578,1751,550.58,460.10,32.75,79.93,0.581,-1,-1,-1
578,1760,584.39,455.97,33.61,83.83,0.745,-1,-1,-1
578,1452,415.72,463.83,43.00,107.53,0.542,-1,-1,-1
578,1133,1040.93,413.63,114.11,284.33,0.858,-1,-1,-1
578,1908,631.89,453.50,37.07,105.09,0.831,-1,-1,-1
578,1919,721.35,450.14,34.66,100.59,0.810,-1,-1,-1
578,1920,379.88,463.93,40.44,54.62,0.366,-1,-1,-1
578,2021,832.83,462.55,34.63,77.66,0.301,-1,-1,-1
578,1848,664.34,453.71,30.69,100.15,0.695,-1,-1,-1
578,2057,698.45,465.29,23.42,67.71,0.352,-1,-1,-1
578,2077,1147.92,437.48,72.27,240.85,0.390,-1,-1,-1
578,2078,1680.64,422.64,91.23,163.45,0.393,-1,-1,-1
578,2035,924.71,476.32,39.89,110.24,0.435,-1,-1,-1
579,3,1672.61,398.33,247.39,679.51,0.942,-1,-1,-1
579,1266,1168.59,440.77,120.65,272.17,0.918,-1,-1,-1
579,1344,968.51,432.79,94.59,242.05,0.878,-1,-1,-1
579,1751,551.32,461.48,32.38,78.62,0.558,-1,-1,-1
579,1760,584.72,456.10,33.57,83.87,0.741,-1,-1,-1
579,1452,415.53,462.61,43.25,108.64,0.556,-1,-1,-1
579,1133,1048.25,432.75,104.16,265.21,0.848,-1,-1,-1
579,1908,631.12,454.70,36.51,104.03,0.822,-1,-1,-1
579,1919,721.17,450.18,34.98,100.84,0.805,-1,-1,-1
579,1920,379.42,463.77,40.57,55.14,0.395,-1,-1,-1
579,2021,832.21,462.33,34.58,78.21,0.300,-1,-1,-1
579,1848,664.44,454.33,30.76,99.85,0.700,-1,-1,-1
579,2057,698.78,465.98,23.23,67.07,0.332,-1,-1,-1
579,2077,1154.61,435.62,73.08,243.15,0.307,-1,-1,-1
579,2078,1681.82,422.67,92.12,164.67,0.345,-1,-1,-1
579,2035,925.08,478.48,42.32,109.02,0.388,-1,-1,-1
579,2041,1087.87,443.66,40.58,124.74,0.297,-1,-1,-1
579,2055,1111.54,420.35,42.85,154.37,0.401,-1,-1,-1
580,3,1673.14,400.19,246.86,677.49,0.940,-1,-1,-1
580,1266,1171.06,439.88,121.25,272.96,0.898,-1,-1,-1
580,1344,968.40,433.94,95.85,240.36,0.896,-1,-1,-1
580,1751,551.40,460.02,33.04,80.36,0.551,-1,-1,-1
580,1760,585.04,455.68,33.77,84.44,0.714,-1,-1,-1
580,1452,415.96,461.89,43.25,109.07,0.527,-1,-1,-1
580,1133,1054.53,440.35,99.33,257.82,0.805,-1,-1,-1
580,1908,630.36,455.77,35.96,102.85,0.802,-1,-1,-1
580,1919,721.37,450.52,35.05,100.56,0.786,-1,-1,-1
580,1920,379.10,463.15,41.01,55.94,0.387,-1,-1,-1
580,2021,833.01,462.65,35.35,79.36,0.258,-1,-1,-1
580,1848,664.63,454.09,30.97,100.13,0.692,-1,-1,-1
580,2057,699.53,466.78,23.05,66.43,0.301,-1,-1,-1
580,2077,1153.85,431.16,74.70,248.25,0.265,-1,-1,-1
580,2078,1683.94,422.44,94.44,168.33,0.323,-1,-1,-1
580,2035,924.43,478.93,44.34,108.08,0.403,-1,-1,-1
580,2084,1159.81,435.66,33.20,103.25,0.382,-1,-1,-1
580,2041,1090.65,443.40,44.04,129.14,0.319,-1,-1,-1
580,2055,1109.34,419.05,44.06,155.62,0.394,-1,-1,-1
580,2048,794.96,485.49,39.36,47.46,0.250,-1,-1,-1
581,3,1673.70,403.50,246.30,674.25,0.946,-1,-1,-1
581,1266,1173.62,437.87,122.15,275.14,0.901,-1,-1,-1
581,1344,968.38,435.49,96.53,237.56,0.893,-1,-1,-1
581,1751,551.99,460.05,33.14,80.85,0.544,-1,-1,-1
581,1760,585.22,455.59,33.63,84.17,0.703,-1,-1,-1
581,1452,415.94,461.16,43.18,109.77,0.511,-1,-1,-1
581,1133,1062.69,425.13,101.96,273.23,0.814,-1,-1,-1
581,1908,630.05,455.25,36.14,103.36,0.821,-1,-1,-1
581,1919,721.60,450.19,35.09,100.60,0.756,-1,-1,-1
581,1920,379.00,462.88,40.66,55.52,0.361,-1,-1,-1
581,2021,832.69,462.50,36.10,80.52,0.267,-1,-1,-1
581,1848,664.29,453.56,31.18,100.85,0.681,-1,-1,-1
581,2057,700.30,467.96,22.93,65.97,0.285,-1,-1,-1
581,2077,1157.28,455.15,67.53,222.96,0.477,-1,-1,-1
581,2078,1675.92,416.43,113.11,202.17,0.319,-1,-1,-1
581,2035,923.44,479.60,46.39,107.42,0.435,-1,-1,-1
581,2084,1159.48,435.40,33.74,104.89,0.430,-1,-1,-1
581,2055,1107.11,418.33,45.52,157.20,0.291,-1,-1,-1
581,2005,1308.11,428.88,33.55,113.69,0.263,-1,-1,-1
582,3,1673.95,405.70,246.05,672.17,0.943,-1,-1,-1
582,1266,1179.35,436.45,121.74,276.28,0.878,-1,-1,-1
582,1344,968.75,435.83,97.98,236.51,0.904,-1,-1,-1
582,1751,552.44,458.08,33.66,82.78,0.546,-1,-1,-1
582,1760,585.30,455.04,33.91,85.05,0.696,-1,-1,-1
582,1452,415.76,460.13,43.24,110.93,0.483,-1,-1,-1
582,1133,1068.39,417.68,101.43,280.97,0.850,-1,-1,-1
582,1908,629.93,454.94,35.81,102.97,0.820,-1,-1,-1
582,1919,721.80,449.86,35.31,101.29,0.790,-1,-1,-1
582,1920,378.89,462.49,40.47,55.29,0.323,-1,-1,-1
582,1848,663.86,452.76,31.50,101.79,0.727,-1,-1,-1
582,2057,700.75,468.47,22.83,65.59,0.301,-1,-1,-1
582,2077,1158.65,441.05,72.38,237.58,0.617,-1,-1,-1
582,2078,1672.13,412.77,120.94,216.67,0.283,-1,-1,-1
582,2035,923.14,483.13,47.42,104.12,0.429,-1,-1,-1
582,2084,1158.10,434.49,34.38,106.92,0.430,-1,-1,-1
582,2055,1106.41,415.63,47.44,160.41,0.300,-1,-1,-1
582,2005,1308.16,428.47,33.80,113.79,0.252,-1,-1,-1
583,3,1674.79,407.26,245.21,670.07,0.937,-1,-1,-1
583,1266,1186.51,437.00,119.94,275.42,0.841,-1,-1,-1
583,1344,969.80,435.73,99.15,235.87,0.891,-1,-1,-1
583,1751,551.18,457.23,33.96,83.88,0.561,-1,-1,-1
583,1760,585.60,454.90,33.96,85.52,0.696,-1,-1,-1
583,1452,415.59,457.54,43.87,113.75,0.511,-1,-1,-1
583,1133,1070.24,416.14,99.30,282.79,0.838,-1,-1,-1
583,1908,629.44,455.11,35.54,101.97,0.822,-1,-1,-1
583,1919,721.99,449.66,35.46,101.43,0.794,-1,-1,-1
583,1920,379.51,462.28,41.17,56.19,0.339,-1,-1,-1
583,1848,663.59,452.37,32.17,103.49,0.721,-1,-1,-1
583,2057,701.27,469.17,22.73,65.22,0.273,-1,-1,-1
583,2077,1158.39,437.93,73.83,241.18,0.546,-1,-1,-1
583,2078,1673.27,418.66,119.84,214.82,0.475,-1,-1,-1
583,2035,921.88,480.55,50.71,106.82,0.418,-1,-1,-1
583,2084,1158.61,434.30,34.21,106.66,0.352,-1,-1,-1
583,2055,1107.65,415.81,47.80,159.10,0.261,-1,-1,-1
584,3,1674.68,402.20,245.32,675.14,0.924,-1,-1,-1
584,1266,1194.40,436.56,118.69,275.95,0.838,-1,-1,-1
584,1344,971.23,439.34,99.01,232.08,0.869,-1,-1,-1
584,1751,551.57,457.53,33.54,83.29,0.525,-1,-1,-1
584,1760,586.14,455.19,33.51,84.76,0.673,-1,-1,-1
584,1452,415.26,457.02,43.78,114.37,0.473,-1,-1,-1
584,1133,1073.53,413.68,97.52,285.13,0.861,-1,-1,-1
584,1908,628.38,455.26,35.50,101.71,0.821,-1,-1,-1
584,1919,722.60,449.49,35.64,101.50,0.800,-1,-1,-1
584,1920,380.09,462.67,41.14,56.02,0.317,-1,-1,-1
584,1848,663.59,452.21,32.60,103.95,0.726,-1,-1,-1
584,2057,701.19,468.77,22.88,65.54,0.278,-1,-1,-1
584,2077,1164.05,455.10,69.28,223.09,0.528,-1,-1,-1
584,2078,1671.41,418.66,121.20,217.59,0.374,-1,-1,-1
584,2035,921.40,483.30,51.58,104.23,0.389,-1,-1,-1
584,2084,1158.61,434.08,34.17,106.94,0.445,-1,-1,-1
585,3,1675.06,395.28,244.94,681.41,0.892,-1,-1,-1
585,1266,1200.70,436.74,117.03,275.92,0.841,-1,-1,-1
585,1344,972.55,437.48,99.96,233.17,0.834,-1,-1,-1
585,1751,550.72,458.14,33.25,82.96,0.552,-1,-1,-1
585,1760,586.62,455.10,33.33,84.59,0.708,-1,-1,-1
585,1452,415.65,457.33,43.14,113.70,0.443,-1,-1,-1
585,1133,1077.10,412.73,95.68,286.31,0.842,-1,-1,-1
585,1908,627.54,455.11,35.66,102.16,0.816,-1,-1,-1
585,1919,723.65,449.56,35.55,101.35,0.807,-1,-1,-1
585,1920,379.83,463.85,40.35,55.02,0.333,-1,-1,-1
585,1848,663.91,451.90,33.07,104.50,0.728,-1,-1,-1
585,2057,701.04,468.22,23.17,66.40,0.280,-1,-1,-1
585,2077,1164.70,442.21,72.98,234.13,0.605,-1,-1,-1
585,2078,1672.33,420.64,120.09,216.29,0.326,-1,-1,-1
585,2084,1159.24,433.79,33.97,106.28,0.455,-1,-1,-1
585,2096,1160.30,439.68,81.06,236.70,0.356,-1,-1,-1
586,3,1676.77,392.09,243.23,683.69,0.890,-1,-1,-1
586,1266,1205.60,436.27,115.16,276.20,0.859,-1,-1,-1
586,1344,976.57,440.08,98.73,230.17,0.834,-1,-1,-1
586,1751,550.62,459.44,32.69,81.85,0.535,-1,-1,-1
586,1760,585.60,454.76,33.60,85.23,0.684,-1,-1,-1
586,1452,415.64,456.79,43.06,114.32,0.429,-1,-1,-1
586,1133,1080.00,411.99,94.10,287.17,0.858,-1,-1,-1
586,1908,626.82,455.66,35.47,101.48,0.796,-1,-1,-1
586,1919,723.63,448.81,35.69,101.93,0.791,-1,-1,-1
586,1920,379.65,463.88,40.32,55.21,0.320,-1,-1,-1
586,1848,664.23,452.35,33.19,103.80,0.722,-1,-1,-1
586,2057,701.44,469.01,22.83,65.42,0.254,-1,-1,-1
586,2077,1168.27,438.43,73.54,236.17,0.694,-1,-1,-1
586,2078,1673.24,424.01,118.29,213.77,0.379,-1,-1,-1
586,2084,1159.90,433.77,33.77,105.62,0.390,-1,-1,-1
586,2035,924.48,499.12,45.75,87.70,0.300,-1,-1,-1
587,3,1679.63,393.27,240.37,682.26,0.877,-1,-1,-1
587,1266,1210.34,435.47,113.76,276.94,0.827,-1,-1,-1
587,1344,980.27,435.26,99.58,233.81,0.862,-1,-1,-1
587,1751,551.20,459.47,32.57,81.92,0.497,-1,-1,-1
587,1760,585.27,454.81,33.66,85.23,0.640,-1,-1,-1
587,1452,414.68,454.56,43.77,116.88,0.433,-1,-1,-1
587,1133,1085.15,411.41,93.31,287.25,0.863,-1,-1,-1
587,1908,626.64,455.79,35.60,101.48,0.770,-1,-1,-1
587,1919,724.04,448.07,35.99,102.67,0.801,-1,-1,-1
587,1920,366.99,464.13,65.77,93.60,0.564,-1,-1,-1
587,1848,664.94,453.00,33.41,103.14,0.701,-1,-1,-1
587,2057,702.16,469.11,22.61,64.81,0.270,-1,-1,-1
587,2077,1172.03,437.18,73.73,237.62,0.730,-1,-1,-1
587,2078,1674.08,424.68,117.55,212.85,0.440,-1,-1,-1
587,2084,1160.41,434.02,33.89,105.98,0.400,-1,-1,-1
587,2035,922.91,501.18,46.49,85.65,0.358,-1,-1,-1
587,2021,834.88,462.71,35.60,80.13,0.281,-1,-1,-1
588,3,1682.98,391.64,237.02,684.02,0.826,-1,-1,-1
588,1266,1213.42,434.97,112.75,277.25,0.861,-1,-1,-1
588,1344,984.00,432.03,99.49,236.44,0.869,-1,-1,-1
588,1751,551.68,459.24,32.53,82.21,0.530,-1,-1,-1
588,1760,585.05,454.78,33.84,85.56,0.689,-1,-1,-1
588,1452,414.83,455.13,43.48,116.32,0.429,-1,-1,-1
588,1133,1091.93,410.42,94.36,287.87,0.896,-1,-1,-1
588,1908,626.52,456.23,35.16,99.99,0.783,-1,-1,-1
588,1919,723.92,447.42,36.50,103.92,0.805,-1,-1,-1
588,1920,363.77,463.55,72.41,107.19,0.560,-1,-1,-1
588,1848,664.46,453.27,33.99,103.80,0.752,-1,-1,-1
588,2057,701.72,468.20,22.94,65.55,0.294,-1,-1,-1
588,2077,1175.20,433.58,74.23,241.36,0.755,-1,-1,-1
588,2078,1673.70,422.96,118.25,214.72,0.414,-1,-1,-1
588,2084,1160.45,433.43,34.23,106.53,0.336,-1,-1,-1
588,2035,922.88,504.29,46.41,82.34,0.283,-1,-1,-1
588,2021,835.84,462.91,35.21,79.79,0.280,-1,-1,-1
589,3,1692.11,413.52,227.89,661.40,0.566,-1,-1,-1
589,1266,1215.71,434.98,111.62,277.35,0.847,-1,-1,-1
589,1344,991.39,444.52,93.37,224.65,0.775,-1,-1,-1
589,1751,551.32,459.95,32.28,81.77,0.540,-1,-1,-1
589,1760,584.80,454.88,34.11,86.13,0.710,-1,-1,-1
589,1452,417.96,470.64,38.22,100.45,0.402,-1,-1,-1
589,1133,1095.19,410.86,95.06,287.38,0.905,-1,-1,-1
589,1908,625.41,456.42,35.27,99.72,0.803,-1,-1,-1
589,1919,724.21,447.57,36.47,103.70,0.803,-1,-1,-1
589,1920,363.00,464.39,73.29,112.27,0.566,-1,-1,-1
589,1848,664.77,453.88,34.16,103.40,0.757,-1,-1,-1
589,2057,701.52,469.59,22.66,64.47,0.293,-1,-1,-1
589,2077,1178.81,437.97,72.38,237.52,0.702,-1,-1,-1
589,2078,1673.41,420.32,118.97,216.86,0.397,-1,-1,-1
589,2084,1160.66,433.56,34.10,105.68,0.306,-1,-1,-1
589,2035,922.47,505.80,47.18,80.76,0.308,-1,-1,-1
589,2021,834.15,462.82,35.42,80.25,0.268,-1,-1,-1
590,3,1707.59,466.33,212.41,608.45,0.607,-1,-1,-1
590,1266,1220.03,434.88,110.44,277.36,0.830,-1,-1,-1
590,1344,997.28,449.86,89.79,219.54,0.795,-1,-1,-1
590,1751,551.89,460.90,32.05,81.13,0.575,-1,-1,-1
590,1760,584.62,455.50,34.10,85.77,0.723,-1,-1,-1
590,1452,415.41,459.92,42.09,110.91,0.412,-1,-1,-1
590,1133,1096.29,410.59,96.01,287.49,0.902,-1,-1,-1
590,1908,624.59,456.38,35.15,99.49,0.818,-1,-1,-1
590,1919,724.68,447.14,36.88,104.48,0.823,-1,-1,-1
590,1920,363.33,463.81,72.98,115.67,0.648,-1,-1,-1
590,1848,664.75,454.25,34.30,102.85,0.764,-1,-1,-1
590,2057,701.51,470.47,22.47,63.60,0.317,-1,-1,-1
590,2077,1181.56,438.70,71.80,237.94,0.704,-1,-1,-1
590,2078,1681.73,421.97,102.87,184.13,0.324,-1,-1,-1
590,2084,1160.55,434.22,33.66,103.35,0.268,-1,-1,-1
590,2035,922.24,505.44,48.96,81.33,0.346,-1,-1,-1
590,2021,835.87,463.02,35.35,79.51,0.289,-1,-1,-1
591,3,1721.90,486.63,198.10,587.65,0.483,-1,-1,-1
591,1266,1227.94,432.67,109.84,279.23,0.833,-1,-1,-1
591,1344,1001.40,440.86,91.21,227.73,0.816,-1,-1,-1
591,1751,551.50,460.68,32.16,81.79,0.577,-1,-1,-1
591,1760,584.54,455.26,34.28,86.34,0.706,-1,-1,-1
591,1452,414.30,456.40,43.43,114.63,0.406,-1,-1,-1
591,1133,1098.51,409.70,97.77,288.30,0.901,-1,-1,-1
591,1908,623.87,456.32,35.08,99.69,0.815,-1,-1,-1
591,1919,724.89,447.63,36.91,104.14,0.814,-1,-1,-1
591,1920,364.22,463.42,71.37,116.79,0.666,-1,-1,-1
591,1848,664.30,454.56,34.55,102.81,0.766,-1,-1,-1
591,2057,701.35,471.07,22.50,63.21,0.348,-1,-1,-1
591,2077,1185.47,435.57,72.35,241.63,0.754,-1,-1,-1
591,2078,1685.65,423.46,96.45,170.11,0.336,-1,-1,-1
591,2035,920.55,502.41,51.70,84.36,0.370,-1,-1,-1
591,2021,835.01,462.95,35.27,79.12,0.301,-1,-1,-1
592,3,1735.25,489.99,184.75,585.07,0.467,-1,-1,-1
592,1266,1235.05,439.61,106.22,272.51,0.845,-1,-1,-1
592,1344,1006.68,438.39,90.50,229.62,0.826,-1,-1,-1
592,1751,551.41,461.13,31.64,80.66,0.563,-1,-1,-1
592,1760,583.65,455.74,34.20,86.18,0.670,-1,-1,-1
592,1452,413.98,455.79,43.56,115.17,0.423,-1,-1,-1
592,1133,1099.59,409.67,99.35,288.08,0.894,-1,-1,-1
592,1908,624.34,456.16,35.17,100.37,0.815,-1,-1,-1
592,1919,724.73,448.85,36.48,102.81,0.810,-1,-1,-1
592,1920,364.82,462.43,70.00,118.07,0.644,-1,-1,-1
592,1848,663.70,454.86,34.76,102.57,0.761,-1,-1,-1
592,2057,701.66,471.49,22.53,62.87,0.338,-1,-1,-1
592,2077,1188.01,433.87,72.34,243.43,0.738,-1,-1,-1
592,2078,1686.15,423.86,94.73,164.82,0.295,-1,-1,-1
592,2035,917.10,492.98,57.94,94.20,0.400,-1,-1,-1
592,2021,835.95,463.29,35.33,78.82,0.299,-1,-1,-1
592,2111,964.47,479.06,60.33,117.64,0.406,-1,-1,-1
593,3,1753.66,510.15,166.34,565.98,0.318,-1,-1,-1
593,1266,1239.89,436.54,106.54,275.66,0.871,-1,-1,-1
593,1344,1012.19,436.63,89.65,231.31,0.818,-1,-1,-1
593,1751,551.00,460.81,31.89,81.46,0.579,-1,-1,-1
593,1760,583.62,456.55,33.64,84.69,0.663,-1,-1,-1
593,1452,416.67,465.37,40.45,105.63,0.407,-1,-1,-1
593,1133,1099.93,409.70,100.62,288.33,0.902,-1,-1,-1
593,1908,624.42,456.18,34.76,100.01,0.814,-1,-1,-1
593,1919,724.84,449.15,36.30,102.44,0.813,-1,-1,-1
593,1920,366.26,462.62,67.88,117.96,0.663,-1,-1,-1
593,1848,663.19,454.86,35.10,102.80,0.770,-1,-1,-1
593,2057,701.35,470.25,23.11,64.08,0.362,-1,-1,-1
593,2077,1190.89,433.81,71.90,243.27,0.763,-1,-1,-1
593,2035,915.89,486.43,61.92,100.54,0.365,-1,-1,-1
593,2021,837.45,463.33,35.22,78.23,0.304,-1,-1,-1
593,2111,965.36,479.26,59.69,116.26,0.374,-1,-1,-1
594,1266,1244.04,434.94,106.63,277.28,0.898,-1,-1,-1
594,1344,1013.31,434.84,89.21,233.54,0.849,-1,-1,-1
594,1751,551.03,459.41,32.20,82.74,0.580,-1,-1,-1
594,1760,583.04,456.02,33.81,85.20,0.648,-1,-1,-1
594,1452,415.21,458.59,42.86,112.41,0.462,-1,-1,-1
594,1133,1100.01,410.60,101.16,287.25,0.902,-1,-1,-1
594,1908,624.33,456.12,34.51,99.67,0.812,-1,-1,-1
594,1919,725.27,449.54,36.20,101.98,0.810,-1,-1,-1
594,1920,367.21,462.71,65.92,117.75,0.677,-1,-1,-1
594,1848,662.73,454.50,35.82,104.02,0.773,-1,-1,-1
594,2057,701.43,470.40,23.29,63.88,0.376,-1,-1,-1
594,2077,1193.87,438.06,70.13,237.90,0.765,-1,-1,-1
594,2035,915.80,482.33,64.56,104.40,0.340,-1,-1,-1
594,2021,838.18,463.18,35.28,78.22,0.324,-1,-1,-1
594,2111,964.12,473.25,62.87,122.40,0.335,-1,-1,-1
594,2078,1689.15,425.78,92.53,159.08,0.280,-1,-1,-1
595,1266,1246.80,433.99,106.49,278.07,0.833,-1,-1,-1
595,1344,1015.47,435.20,87.88,233.38,0.846,-1,-1,-1
595,1751,551.29,458.81,32.35,83.55,0.569,-1,-1,-1
595,1760,582.23,455.09,34.19,86.28,0.611,-1,-1,-1
595,1452,414.87,456.88,43.40,114.19,0.456,-1,-1,-1
595,1133,1099.97,411.59,101.26,286.04,0.901,-1,-1,-1
595,1908,624.05,455.50,34.52,100.07,0.815,-1,-1,-1
595,1919,725.34,449.33,36.58,103.42,0.802,-1,-1,-1
595,1920,368.29,462.30,64.09,117.79,0.662,-1,-1,-1
595,1848,662.22,454.49,36.09,104.16,0.734,-1,-1,-1
595,2057,701.42,469.95,23.61,64.24,0.365,-1,-1,-1
595,2077,1194.63,436.19,70.57,240.46,0.783,-1,-1,-1
595,2035,915.13,481.24,65.28,105.52,0.358,-1,-1,-1
595,2021,838.03,463.05,35.35,78.32,0.300,-1,-1,-1
595,2111,962.77,465.96,66.10,128.69,0.291,-1,-1,-1
595,2078,1688.75,425.18,93.72,159.81,0.269,-1,-1,-1
595,2041,1112.03,429.97,46.89,142.81,0.307,-1,-1,-1
596,1266,1249.39,434.91,106.29,277.32,0.906,-1,-1,-1
596,1344,1020.09,436.37,86.16,232.64,0.831,-1,-1,-1
596,1751,551.13,458.71,32.26,83.83,0.532,-1,-1,-1
596,1760,582.87,455.48,33.92,85.99,0.603,-1,-1,-1
596,1452,414.42,455.82,43.63,115.07,0.381,-1,-1,-1
596,1133,1099.37,411.54,101.37,285.46,0.901,-1,-1,-1
596,1908,623.73,455.42,34.41,100.13,0.799,-1,-1,-1
596,1919,725.64,449.24,36.61,103.82,0.798,-1,-1,-1
596,1920,369.33,462.47,62.21,117.31,0.582,-1,-1,-1
596,1848,661.55,454.02,36.48,104.55,0.725,-1,-1,-1
596,2057,701.32,468.84,24.32,65.60,0.364,-1,-1,-1
596,2077,1196.10,434.14,70.97,242.48,0.817,-1,-1,-1
596,2035,914.57,479.88,66.13,106.89,0.373,-1,-1,-1
596,2021,837.92,463.02,35.54,78.36,0.289,-1,-1,-1
596,2111,962.13,465.19,66.14,128.70,0.305,-1,-1,-1
596,2078,1686.88,425.16,95.44,161.13,0.285,-1,-1,-1
596,2041,1115.30,431.03,45.40,143.86,0.407,-1,-1,-1
597,1266,1250.74,435.53,106.14,276.55,0.904,-1,-1,-1
597,1344,1023.79,438.08,84.66,230.89,0.832,-1,-1,-1
597,1751,551.35,459.89,31.74,82.81,0.533,-1,-1,-1
597,1760,581.90,454.88,34.13,86.70,0.602,-1,-1,-1
597,1452,414.61,455.40,43.58,115.24,0.375,-1,-1,-1
597,1133,1099.99,412.29,100.82,283.84,0.875,-1,-1,-1
597,1908,624.15,455.71,34.12,99.78,0.790,-1,-1,-1
597,1919,725.60,448.82,36.76,104.48,0.803,-1,-1,-1
597,1920,370.33,462.29,60.55,117.17,0.566,-1,-1,-1
597,1848,661.40,453.77,36.56,104.44,0.698,-1,-1,-1
597,2057,701.88,469.54,24.21,64.67,0.339,-1,-1,-1
597,2077,1197.62,444.14,68.36,232.90,0.752,-1,-1,-1
597,2035,917.71,495.65,57.74,91.16,0.305,-1,-1,-1
597,2021,838.66,463.10,35.54,78.35,0.282,-1,-1,-1
597,2111,961.61,462.59,66.56,129.66,0.291,-1,-1,-1
597,2041,1116.37,430.95,47.54,154.56,0.640,-1,-1,-1
598,1266,1252.39,436.26,105.90,275.58,0.906,-1,-1,-1
598,1344,1028.37,439.15,84.09,229.50,0.834,-1,-1,-1
598,1751,551.41,459.13,31.91,83.66,0.547,-1,-1,-1
598,1760,581.84,454.57,34.09,86.77,0.632,-1,-1,-1
598,1452,415.87,462.87,41.25,108.38,0.395,-1,-1,-1
598,1133,1101.75,415.07,99.82,281.14,0.881,-1,-1,-1
598,1908,623.93,455.16,34.09,100.20,0.792,-1,-1,-1
598,1919,725.46,448.79,37.33,106.40,0.813,-1,-1,-1
598,1920,371.11,462.75,58.81,116.52,0.571,-1,-1,-1
598,1848,661.05,452.83,37.08,105.52,0.725,-1,-1,-1
598,2057,701.73,470.22,24.16,64.03,0.341,-1,-1,-1
598,2077,1198.43,438.01,70.29,239.21,0.804,-1,-1,-1
598,2035,914.59,482.04,65.83,104.66,0.302,-1,-1,-1
598,2021,839.58,463.33,35.81,78.63,0.302,-1,-1,-1
598,2111,964.05,464.00,66.53,129.11,0.406,-1,-1,-1
598,2041,1116.74,431.67,47.25,155.15,0.564,-1,-1,-1
598,2078,1687.79,425.75,95.28,159.50,0.266,-1,-1,-1
599,1266,1254.02,435.50,106.06,276.44,0.902,-1,-1,-1
599,1344,1030.78,439.40,84.28,229.14,0.853,-1,-1,-1
599,1751,551.58,459.03,31.81,83.55,0.529,-1,-1,-1
599,1760,582.83,454.58,33.84,86.73,0.640,-1,-1,-1
599,1452,416.04,464.53,40.83,106.88,0.394,-1,-1,-1
599,1133,1105.61,414.75,99.35,281.28,0.867,-1,-1,-1
599,1908,624.08,454.87,33.92,100.27,0.794,-1,-1,-1
599,1919,725.70,448.97,37.07,105.85,0.811,-1,-1,-1
599,1920,371.54,463.23,57.33,116.04,0.581,-1,-1,-1
599,1848,660.71,452.10,37.50,106.64,0.628,-1,-1,-1
599,2057,701.76,471.05,23.97,63.00,0.323,-1,-1,-1
599,2077,1199.14,436.66,71.10,241.01,0.815,-1,-1,-1
599,2035,914.70,479.27,67.71,107.40,0.359,-1,-1,-1
599,2021,839.81,463.20,35.81,78.68,0.308,-1,-1,-1
599,2111,961.37,456.88,68.74,133.74,0.338,-1,-1,-1
599,2041,1116.41,432.08,44.55,145.67,0.586,-1,-1,-1
599,2078,1688.59,426.24,95.44,158.96,0.260,-1,-1,-1
600,1266,1256.04,435.11,105.73,276.74,0.896,-1,-1,-1
600,1344,1033.08,439.33,85.35,229.09,0.869,-1,-1,-1
600,1751,551.25,459.13,31.52,83.22,0.564,-1,-1,-1
600,1760,583.18,454.89,33.61,86.35,0.643,-1,-1,-1
600,1452,417.37,473.85,37.85,97.31,0.395,-1,-1,-1
600,1133,1112.21,412.88,97.58,279.39,0.835,-1,-1,-1
600,1908,624.60,455.11,33.61,99.86,0.798,-1,-1,-1
600,1919,725.69,448.72,36.71,105.00,0.809,-1,-1,-1
600,1920,372.36,466.68,54.69,112.52,0.566,-1,-1,-1
600,2057,701.14,470.60,24.31,63.43,0.294,-1,-1,-1
600,2077,1199.95,435.04,71.97,243.00,0.822,-1,-1,-1
600,2021,840.57,463.28,35.81,78.59,0.311,-1,-1,-1
600,2111,961.18,457.86,67.05,129.81,0.327,-1,-1,-1
600,2041,1114.86,432.60,43.37,140.28,0.535,-1,-1,-1
600,2141,1848.60,477.84,66.16,176.97,0.353,-1,-1,-1
