1,1,1338.13,416.19,168.13,371.79,0.920,-1,-1,-1
1,2,581.50,444.37,92.54,263.61,0.903,-1,-1,-1
1,3,439.56,444.94,111.60,278.36,0.891,-1,-1,-1
1,4,1444.71,430.38,155.43,335.31,0.884,-1,-1,-1
1,5,730.02,467.19,35.68,101.95,0.795,-1,-1,-1
1,6,1255.30,443.84,37.78,102.79,0.724,-1,-1,-1
1,7,936.80,434.89,35.89,82.86,0.657,-1,-1,-1
1,8,1015.50,424.45,44.94,106.11,0.645,-1,-1,-1
2,1,1341.75,420.12,167.24,369.81,0.920,-1,-1,-1
2,2,581.59,444.58,92.51,263.48,0.893,-1,-1,-1
2,3,441.91,445.88,111.33,277.52,0.885,-1,-1,-1
2,4,1446.86,431.14,156.01,336.96,0.878,-1,-1,-1
2,5,730.82,467.92,35.48,101.34,0.781,-1,-1,-1
2,6,1256.05,444.18,37.77,102.81,0.705,-1,-1,-1
2,7,936.85,435.10,35.81,82.66,0.658,-1,-1,-1
2,8,1013.96,423.25,45.75,107.87,0.684,-1,-1,-1
3,1,1347.12,420.89,168.58,372.31,0.921,-1,-1,-1
3,2,581.54,444.38,92.66,263.69,0.901,-1,-1,-1
3,3,441.64,444.87,112.00,278.71,0.895,-1,-1,-1
3,4,1452.11,431.34,156.12,337.92,0.840,-1,-1,-1
3,5,731.50,468.12,35.29,100.75,0.805,-1,-1,-1
3,6,1255.66,443.55,37.84,103.13,0.682,-1,-1,-1
3,7,936.82,434.97,35.66,82.35,0.656,-1,-1,-1
3,8,1014.03,423.53,45.58,107.14,0.685,-1,-1,-1
4,1,1351.02,419.25,171.64,378.49,0.920,-1,-1,-1
4,2,582.06,443.87,92.96,264.06,0.894,-1,-1,-1
4,3,442.58,446.72,111.58,276.85,0.890,-1,-1,-1
4,4,1459.63,429.75,156.08,339.85,0.831,-1,-1,-1
4,5,731.98,469.79,34.78,99.21,0.785,-1,-1,-1
4,6,1255.76,443.55,37.68,102.85,0.702,-1,-1,-1
4,7,937.01,435.12,35.48,81.91,0.641,-1,-1,-1
4,8,1013.54,422.73,46.31,108.13,0.712,-1,-1,-1
5,1,1355.42,417.88,173.39,381.60,0.927,-1,-1,-1
5,2,582.27,443.80,93.14,264.01,0.899,-1,-1,-1
5,3,444.83,449.83,110.69,273.44,0.899,-1,-1,-1
5,4,1463.78,427.66,155.33,341.86,0.857,-1,-1,-1
5,5,732.23,470.08,34.59,98.52,0.800,-1,-1,-1
5,6,1255.57,443.76,37.53,102.60,0.693,-1,-1,-1
5,7,936.63,435.14,35.49,81.90,0.677,-1,-1,-1
5,8,1012.99,422.38,46.85,108.52,0.695,-1,-1,-1
6,1,1360.79,416.91,173.87,383.07,0.919,-1,-1,-1
6,2,582.67,443.79,93.42,264.33,0.903,-1,-1,-1
6,3,444.81,448.43,112.16,275.32,0.900,-1,-1,-1
6,4,1471.23,426.45,154.58,343.28,0.855,-1,-1,-1
6,5,732.32,469.88,34.85,99.11,0.791,-1,-1,-1
6,6,1255.42,444.16,37.33,102.30,0.685,-1,-1,-1
6,7,936.61,434.75,35.69,82.35,0.628,-1,-1,-1
6,8,1012.66,421.44,47.60,109.36,0.689,-1,-1,-1
7,1,1364.35,414.68,173.46,385.21,0.909,-1,-1,-1
7,2,582.71,443.34,93.77,264.72,0.905,-1,-1,-1
7,3,446.21,448.96,113.09,275.52,0.910,-1,-1,-1
7,4,1477.93,425.17,154.31,344.78,0.845,-1,-1,-1
7,5,732.23,470.37,35.19,99.86,0.791,-1,-1,-1
7,6,1255.51,443.97,37.20,102.25,0.690,-1,-1,-1
7,7,936.22,434.59,35.88,82.80,0.645,-1,-1,-1
7,8,1012.95,421.84,47.23,108.29,0.679,-1,-1,-1
8,1,1371.56,412.61,172.53,387.52,0.895,-1,-1,-1
8,2,582.58,442.86,94.21,265.22,0.910,-1,-1,-1
8,3,446.55,449.51,113.98,274.96,0.911,-1,-1,-1
8,4,1486.59,424.15,154.20,345.53,0.860,-1,-1,-1
8,5,732.14,469.03,36.07,102.43,0.766,-1,-1,-1
8,6,1255.06,443.78,37.20,102.19,0.722,-1,-1,-1
8,7,935.79,434.62,35.88,82.98,0.659,-1,-1,-1
8,8,1013.41,422.07,47.15,108.23,0.625,-1,-1,-1
9,1,1382.42,410.88,170.23,388.93,0.882,-1,-1,-1
9,2,582.25,442.67,94.38,265.44,0.910,-1,-1,-1
9,3,446.74,449.02,115.33,275.77,0.911,-1,-1,-1
9,4,1490.95,422.80,153.86,346.67,0.834,-1,-1,-1
9,5,731.44,468.77,36.43,103.61,0.775,-1,-1,-1
9,6,1254.64,442.78,37.49,102.90,0.734,-1,-1,-1
9,7,934.96,434.40,36.08,83.58,0.634,-1,-1,-1
9,8,1014.28,423.66,46.29,106.42,0.626,-1,-1,-1
10,1,1393.08,409.71,167.23,389.88,0.872,-1,-1,-1
10,2,582.40,442.79,94.56,265.45,0.909,-1,-1,-1
10,3,446.88,447.09,116.93,277.80,0.913,-1,-1,-1
10,4,1503.90,421.89,152.96,348.81,0.794,-1,-1,-1
10,5,730.97,467.39,36.76,104.71,0.804,-1,-1,-1
10,6,1254.35,442.56,37.49,102.93,0.726,-1,-1,-1
10,7,934.75,434.34,36.29,83.96,0.659,-1,-1,-1
10,9,1376.52,435.89,49.21,125.12,0.617,-1,-1,-1
11,1,1403.49,409.10,164.34,390.80,0.882,-1,-1,-1
11,2,582.33,442.85,94.74,265.51,0.908,-1,-1,-1
11,3,446.94,445.98,118.13,279.20,0.913,-1,-1,-1
11,4,1511.38,422.04,149.40,349.47,0.809,-1,-1,-1
11,5,731.32,469.31,36.30,103.48,0.815,-1,-1,-1
11,6,1254.34,443.03,37.31,102.40,0.749,-1,-1,-1
11,7,934.50,434.50,36.15,83.68,0.620,-1,-1,-1
11,8,1015.43,426.91,44.83,102.97,0.606,-1,-1,-1
12,1,1418.47,417.16,158.33,383.05,0.867,-1,-1,-1
12,2,582.22,442.81,94.91,265.52,0.909,-1,-1,-1
12,3,446.40,446.21,118.93,279.54,0.905,-1,-1,-1
12,4,1527.86,421.70,150.37,354.06,0.829,-1,-1,-1
12,5,730.84,469.95,36.44,103.88,0.817,-1,-1,-1
12,6,1254.63,442.77,37.32,102.57,0.738,-1,-1,-1
12,7,934.13,434.62,36.13,83.73,0.625,-1,-1,-1
13,1,1430.19,416.56,155.37,383.24,0.835,-1,-1,-1
13,2,582.06,442.52,95.17,265.81,0.908,-1,-1,-1
13,3,446.51,445.86,119.89,280.60,0.900,-1,-1,-1
13,4,1537.34,421.14,150.92,356.67,0.837,-1,-1,-1
13,5,729.73,470.01,36.78,104.75,0.810,-1,-1,-1
13,6,1254.88,442.51,37.41,102.79,0.714,-1,-1,-1
13,7,933.88,434.73,36.11,83.74,0.645,-1,-1,-1
14,1,1439.68,414.16,154.88,386.42,0.849,-1,-1,-1
14,2,581.97,442.62,95.29,265.89,0.905,-1,-1,-1
14,3,446.53,446.14,120.51,281.30,0.889,-1,-1,-1
14,4,1545.26,421.09,153.66,364.14,0.837,-1,-1,-1
14,5,729.75,470.74,36.59,104.25,0.791,-1,-1,-1
14,6,1254.66,442.13,37.53,103.26,0.661,-1,-1,-1
14,7,934.05,434.67,36.17,84.04,0.617,-1,-1,-1
15,1,1449.36,420.48,152.49,381.04,0.855,-1,-1,-1
15,2,581.26,442.79,95.16,265.60,0.911,-1,-1,-1
15,3,447.58,446.92,121.16,282.37,0.894,-1,-1,-1
15,4,1556.11,422.83,154.71,366.14,0.847,-1,-1,-1
15,5,729.84,471.07,36.35,103.45,0.763,-1,-1,-1
15,6,1254.52,442.46,37.29,102.87,0.705,-1,-1,-1
15,7,934.07,434.85,36.01,83.62,0.673,-1,-1,-1
16,1,1462.03,418.32,157.54,387.61,0.857,-1,-1,-1
16,2,580.90,442.76,95.10,265.73,0.913,-1,-1,-1
16,3,448.09,447.66,121.61,282.91,0.893,-1,-1,-1
16,4,1570.31,424.24,156.17,368.06,0.868,-1,-1,-1
16,5,729.58,470.88,36.57,104.06,0.758,-1,-1,-1
16,6,1254.43,441.74,37.46,103.64,0.692,-1,-1,-1
16,7,933.75,434.76,36.00,83.59,0.657,-1,-1,-1
17,1,1472.09,413.12,165.41,396.30,0.864,-1,-1,-1
17,2,580.64,442.56,95.10,266.05,0.916,-1,-1,-1
17,3,448.97,450.30,121.32,281.78,0.888,-1,-1,-1
17,4,1579.69,424.52,159.02,372.77,0.864,-1,-1,-1
17,5,728.25,471.76,36.61,103.72,0.762,-1,-1,-1
17,6,1253.86,442.58,36.93,102.57,0.721,-1,-1,-1
17,7,933.49,434.66,36.13,84.03,0.626,-1,-1,-1
18,1,1480.64,411.96,172.69,399.84,0.909,-1,-1,-1
18,2,580.84,442.57,95.18,266.15,0.919,-1,-1,-1
18,3,447.46,448.04,122.19,285.06,0.888,-1,-1,-1
18,4,1585.15,426.95,160.28,372.37,0.838,-1,-1,-1
18,5,727.51,471.92,36.92,104.32,0.738,-1,-1,-1
18,6,1253.48,443.20,36.66,102.04,0.674,-1,-1,-1
18,7,933.03,434.65,35.94,83.82,0.649,-1,-1,-1
19,1,1484.86,411.40,180.07,403.13,0.912,-1,-1,-1
19,2,582.16,442.51,95.36,266.10,0.919,-1,-1,-1
19,3,447.16,447.23,122.66,286.53,0.894,-1,-1,-1
19,4,1589.42,428.23,161.09,372.38,0.833,-1,-1,-1
19,5,726.85,471.68,37.14,104.49,0.728,-1,-1,-1
19,6,1253.11,444.01,36.15,100.89,0.725,-1,-1,-1
19,7,932.95,434.75,35.71,83.59,0.641,-1,-1,-1
20,1,1488.38,411.84,187.59,406.31,0.920,-1,-1,-1
20,2,584.11,442.39,95.74,266.27,0.921,-1,-1,-1
20,3,448.62,446.28,122.77,287.81,0.891,-1,-1,-1
20,4,1597.71,434.30,158.26,366.19,0.638,-1,-1,-1
20,5,725.83,470.89,37.33,103.33,0.712,-1,-1,-1
20,6,1252.78,444.47,35.93,100.18,0.717,-1,-1,-1
20,7,932.75,435.06,35.51,83.49,0.637,-1,-1,-1
21,1,1489.29,411.61,195.39,410.30,0.910,-1,-1,-1
21,2,585.08,442.23,96.44,266.76,0.925,-1,-1,-1
21,3,449.96,445.45,122.58,288.72,0.897,-1,-1,-1
21,4,1610.32,429.49,158.08,370.87,0.801,-1,-1,-1
21,5,725.52,471.17,37.21,100.57,0.668,-1,-1,-1
21,6,1252.29,444.53,36.05,100.14,0.728,-1,-1,-1
22,1,1490.49,411.19,202.11,413.00,0.924,-1,-1,-1
22,2,585.94,442.12,97.44,267.39,0.927,-1,-1,-1
22,3,452.41,444.93,122.09,289.30,0.897,-1,-1,-1
22,4,1619.38,427.55,156.28,372.73,0.825,-1,-1,-1
22,5,725.41,471.65,37.10,96.93,0.664,-1,-1,-1
22,6,1252.09,444.07,36.38,100.97,0.718,-1,-1,-1
22,7,932.16,435.17,35.28,83.61,0.613,-1,-1,-1
23,1,1492.31,410.90,206.90,413.83,0.914,-1,-1,-1
23,2,586.58,442.33,98.34,267.75,0.924,-1,-1,-1
23,3,454.95,445.24,121.26,288.88,0.894,-1,-1,-1
23,4,1629.83,426.22,155.25,374.61,0.860,-1,-1,-1
23,5,724.20,472.01,38.78,98.63,0.683,-1,-1,-1
23,6,1251.76,444.48,36.50,100.71,0.728,-1,-1,-1
24,1,1493.36,409.70,211.40,416.23,0.929,-1,-1,-1
24,2,586.99,442.31,99.06,267.92,0.924,-1,-1,-1
24,3,459.02,444.60,121.06,289.57,0.906,-1,-1,-1
24,4,1640.44,422.22,154.96,378.64,0.858,-1,-1,-1
24,5,723.35,473.02,40.48,100.03,0.690,-1,-1,-1
24,6,1251.17,443.66,37.00,101.72,0.702,-1,-1,-1
24,11,1416.35,432.69,60.78,125.88,0.663,-1,-1,-1
25,1,1495.63,408.09,214.71,418.47,0.925,-1,-1,-1
25,2,587.27,442.61,99.73,268.47,0.919,-1,-1,-1
25,3,462.41,443.90,120.66,290.30,0.914,-1,-1,-1
25,4,1650.04,419.99,153.91,381.66,0.841,-1,-1,-1
25,5,722.31,473.23,42.18,101.42,0.694,-1,-1,-1
25,6,1250.83,444.44,37.14,101.06,0.785,-1,-1,-1
25,11,1418.80,436.48,58.63,121.16,0.660,-1,-1,-1
26,1,1500.29,406.42,216.37,420.70,0.929,-1,-1,-1
26,2,588.06,442.80,99.76,268.06,0.916,-1,-1,-1
26,3,464.82,444.85,119.63,289.47,0.909,-1,-1,-1
26,4,1652.72,417.75,151.00,384.05,0.842,-1,-1,-1
26,5,721.21,466.24,46.05,109.50,0.687,-1,-1,-1
26,6,1250.91,445.00,37.23,100.31,0.798,-1,-1,-1
26,11,1420.62,436.27,59.15,121.69,0.730,-1,-1,-1
27,1,1507.56,403.81,216.34,423.59,0.934,-1,-1,-1
27,2,587.99,442.68,99.81,268.31,0.912,-1,-1,-1
27,3,466.98,444.23,119.16,290.09,0.909,-1,-1,-1
27,4,1660.50,422.01,146.47,379.51,0.828,-1,-1,-1
27,5,721.99,465.32,46.46,108.88,0.690,-1,-1,-1
27,6,1250.68,445.09,37.39,100.30,0.765,-1,-1,-1
27,11,1421.46,433.88,60.18,123.39,0.741,-1,-1,-1
28,1,1517.39,401.17,214.55,426.70,0.927,-1,-1,-1
28,2,588.93,442.86,99.86,269.06,0.914,-1,-1,-1
28,3,468.24,443.70,118.93,291.07,0.908,-1,-1,-1
28,4,1677.40,414.81,149.16,386.10,0.870,-1,-1,-1
28,5,721.84,463.85,47.09,109.08,0.710,-1,-1,-1
28,6,1250.53,445.30,37.47,99.95,0.749,-1,-1,-1
28,11,1423.08,432.85,60.89,124.54,0.811,-1,-1,-1
29,1,1528.34,398.02,210.92,429.59,0.915,-1,-1,-1
29,2,590.80,442.73,99.58,269.39,0.892,-1,-1,-1
29,3,469.78,442.32,119.07,292.92,0.912,-1,-1,-1
29,4,1689.13,413.60,152.14,388.20,0.875,-1,-1,-1
29,5,721.25,465.43,47.31,108.16,0.710,-1,-1,-1
29,6,1250.32,445.44,37.49,99.80,0.735,-1,-1,-1
29,11,1425.48,432.91,60.94,124.64,0.798,-1,-1,-1
30,1,1545.96,396.62,206.39,432.47,0.872,-1,-1,-1
30,2,592.64,442.69,98.88,269.57,0.896,-1,-1,-1
30,3,470.94,441.49,118.98,294.14,0.913,-1,-1,-1
30,4,1693.30,413.81,155.46,390.76,0.888,-1,-1,-1
30,5,719.85,464.78,47.86,108.71,0.672,-1,-1,-1
30,6,1250.11,445.20,37.38,99.61,0.706,-1,-1,-1
30,11,1427.81,431.96,60.58,124.69,0.820,-1,-1,-1
31,1,1566.51,394.78,204.31,438.05,0.879,-1,-1,-1
31,2,594.96,442.88,98.52,269.83,0.880,-1,-1,-1
31,3,472.26,441.65,118.50,294.37,0.912,-1,-1,-1
31,4,1706.89,413.83,161.70,394.30,0.879,-1,-1,-1
31,5,719.39,463.83,48.58,110.13,0.718,-1,-1,-1
31,6,1250.16,445.56,37.31,98.86,0.736,-1,-1,-1
31,11,1431.08,431.44,60.03,125.02,0.729,-1,-1,-1
32,1,1583.88,394.60,203.44,443.43,0.916,-1,-1,-1
32,2,597.16,443.07,97.89,269.62,0.876,-1,-1,-1
32,3,473.42,442.44,118.19,294.91,0.904,-1,-1,-1
32,4,1723.21,415.21,167.40,395.39,0.895,-1,-1,-1
32,5,719.02,469.32,46.32,104.20,0.688,-1,-1,-1
32,6,1250.26,445.69,37.32,98.52,0.756,-1,-1,-1
32,11,1436.54,431.10,58.94,125.49,0.733,-1,-1,-1
33,1,1594.51,394.77,204.13,450.64,0.908,-1,-1,-1
33,2,599.03,442.80,97.72,270.04,0.853,-1,-1,-1
33,3,473.35,442.42,118.40,296.50,0.904,-1,-1,-1
33,4,1728.73,409.39,174.06,402.96,0.903,-1,-1,-1
33,5,717.29,467.40,46.87,106.59,0.656,-1,-1,-1
33,6,1250.03,445.53,37.45,98.64,0.749,-1,-1,-1
33,11,1440.31,430.45,57.68,126.38,0.747,-1,-1,-1
34,1,1605.59,395.40,205.25,456.61,0.901,-1,-1,-1
34,2,600.95,442.46,97.38,270.64,0.858,-1,-1,-1
34,3,472.85,441.73,119.45,301.11,0.902,-1,-1,-1
34,4,1739.35,412.23,175.07,402.95,0.842,-1,-1,-1
34,5,716.69,472.87,44.57,102.39,0.627,-1,-1,-1
34,6,1250.07,445.61,37.66,98.81,0.740,-1,-1,-1
34,11,1444.16,430.12,56.00,126.61,0.758,-1,-1,-1
35,1,1618.87,397.09,203.47,451.84,0.890,-1,-1,-1
35,2,601.64,442.30,97.02,270.93,0.851,-1,-1,-1
35,3,471.74,441.66,119.89,304.26,0.904,-1,-1,-1
35,4,1746.18,422.25,173.57,398.51,0.802,-1,-1,-1
35,5,717.33,476.22,42.78,98.87,0.620,-1,-1,-1
35,6,1250.14,445.14,37.98,99.42,0.754,-1,-1,-1
35,11,1447.14,430.36,54.02,126.07,0.758,-1,-1,-1
36,1,1632.08,398.03,209.84,461.23,0.926,-1,-1,-1
36,2,602.43,442.26,96.77,271.16,0.847,-1,-1,-1
36,3,471.59,441.70,120.32,306.97,0.889,-1,-1,-1
36,4,1758.05,417.30,161.95,405.17,0.842,-1,-1,-1
36,5,716.63,469.61,45.31,106.17,0.657,-1,-1,-1
36,6,1249.96,444.65,38.30,100.26,0.731,-1,-1,-1
36,11,1451.11,430.17,52.65,126.66,0.796,-1,-1,-1
37,1,1644.81,399.63,216.04,465.35,0.896,-1,-1,-1
37,2,604.16,441.84,96.47,271.38,0.853,-1,-1,-1
37,3,473.58,441.32,119.58,306.19,0.881,-1,-1,-1
37,4,1765.39,417.19,154.61,408.99,0.863,-1,-1,-1
37,5,716.76,469.57,44.87,106.16,0.633,-1,-1,-1
37,6,1250.46,444.33,38.26,100.41,0.714,-1,-1,-1
37,11,1455.43,429.93,51.45,126.60,0.784,-1,-1,-1
38,1,1651.90,400.00,223.03,469.94,0.892,-1,-1,-1
38,2,605.28,442.02,95.52,270.96,0.873,-1,-1,-1
38,3,474.64,441.53,119.36,305.17,0.872,-1,-1,-1
38,4,1774.31,415.86,145.69,408.52,0.853,-1,-1,-1
38,6,1251.38,443.53,38.24,100.98,0.746,-1,-1,-1
38,11,1458.24,429.57,50.60,126.62,0.807,-1,-1,-1
39,1,1657.77,401.76,228.75,469.86,0.911,-1,-1,-1
39,2,606.01,441.88,94.71,270.93,0.889,-1,-1,-1
39,3,475.15,441.51,118.62,303.15,0.891,-1,-1,-1
39,4,1785.79,415.85,134.21,408.51,0.833,-1,-1,-1
39,6,1251.90,442.74,38.30,101.59,0.743,-1,-1,-1
39,11,1461.34,429.60,50.23,126.32,0.813,-1,-1,-1
40,1,1657.47,402.08,235.99,475.58,0.920,-1,-1,-1
40,2,607.47,441.98,93.95,271.13,0.887,-1,-1,-1
40,3,475.44,442.04,119.20,304.70,0.884,-1,-1,-1
40,4,1797.23,421.60,122.77,401.46,0.825,-1,-1,-1
40,6,1252.48,441.95,38.31,102.48,0.737,-1,-1,-1
40,11,1463.83,429.96,50.40,126.22,0.823,-1,-1,-1
41,1,1657.16,401.99,242.61,480.93,0.922,-1,-1,-1
41,2,609.26,442.21,93.22,270.93,0.898,-1,-1,-1
41,3,476.00,442.32,119.25,305.19,0.886,-1,-1,-1
41,4,1805.00,419.84,115.00,402.67,0.769,-1,-1,-1
41,6,1253.01,442.05,37.98,102.22,0.761,-1,-1,-1
41,11,1464.23,430.96,50.18,124.94,0.802,-1,-1,-1
42,1,1657.53,398.78,248.05,485.88,0.921,-1,-1,-1
42,2,610.94,442.59,92.61,270.47,0.896,-1,-1,-1
42,3,475.23,443.24,120.48,309.06,0.878,-1,-1,-1
42,4,1811.39,409.27,108.61,415.00,0.755,-1,-1,-1
42,6,1253.36,441.65,37.86,102.62,0.743,-1,-1,-1
42,11,1465.90,431.48,50.17,124.35,0.785,-1,-1,-1
43,1,1661.07,395.87,251.61,489.98,0.935,-1,-1,-1
43,2,612.02,443.11,91.87,269.70,0.901,-1,-1,-1
43,3,473.53,443.54,121.77,313.52,0.887,-1,-1,-1
43,4,1817.57,396.99,102.43,427.24,0.631,-1,-1,-1
43,6,1253.48,441.74,37.35,101.95,0.735,-1,-1,-1
43,11,1468.85,431.59,50.19,123.98,0.758,-1,-1,-1
43,7,930.39,434.47,35.38,84.67,0.603,-1,-1,-1
44,1,1668.16,394.02,251.84,492.63,0.943,-1,-1,-1
44,2,612.91,443.28,91.42,269.38,0.897,-1,-1,-1
44,3,472.83,443.54,122.57,316.61,0.897,-1,-1,-1
44,6,1253.80,442.20,36.97,101.44,0.778,-1,-1,-1
44,11,1470.65,431.47,50.07,123.82,0.747,-1,-1,-1
45,1,1678.26,391.14,241.74,496.00,0.943,-1,-1,-1
45,2,614.53,443.66,91.32,268.89,0.891,-1,-1,-1
45,3,472.71,443.16,123.00,318.60,0.899,-1,-1,-1
45,6,1254.40,441.31,37.00,102.32,0.762,-1,-1,-1
45,11,1474.18,431.05,49.49,123.74,0.752,-1,-1,-1
46,1,1689.99,388.33,230.01,499.37,0.924,-1,-1,-1
46,2,615.01,443.21,91.40,269.44,0.903,-1,-1,-1
46,3,471.47,442.40,123.32,320.50,0.894,-1,-1,-1
46,6,1255.07,441.07,36.87,102.68,0.750,-1,-1,-1
46,11,1478.87,431.61,47.83,122.75,0.715,-1,-1,-1
46,5,683.51,456.57,80.80,203.59,0.613,-1,-1,-1
46,7,930.16,434.81,34.57,83.74,0.605,-1,-1,-1
47,1,1704.00,385.42,216.00,502.47,0.903,-1,-1,-1
47,2,615.47,443.05,91.27,269.56,0.903,-1,-1,-1
47,3,470.31,441.64,123.30,321.55,0.896,-1,-1,-1
47,6,1255.84,440.88,36.80,102.89,0.742,-1,-1,-1
47,11,1482.76,431.14,45.99,121.92,0.681,-1,-1,-1
47,5,684.47,455.78,78.78,209.02,0.668,-1,-1,-1
47,7,930.30,434.96,34.27,83.76,0.607,-1,-1,-1
48,1,1727.09,384.07,192.91,504.33,0.876,-1,-1,-1
48,2,616.26,442.88,91.39,269.52,0.906,-1,-1,-1
48,3,470.10,440.67,123.14,322.62,0.892,-1,-1,-1
48,6,1256.67,440.55,36.84,103.32,0.735,-1,-1,-1
48,11,1486.82,431.13,44.40,121.84,0.668,-1,-1,-1
48,5,685.88,455.24,76.17,211.37,0.712,-1,-1,-1
49,1,1743.38,382.94,176.62,505.51,0.905,-1,-1,-1
49,2,617.49,443.11,91.38,269.24,0.907,-1,-1,-1
49,3,470.07,439.67,122.90,323.65,0.899,-1,-1,-1
49,6,1257.68,440.47,36.82,103.64,0.741,-1,-1,-1
49,5,687.28,455.45,73.44,211.56,0.723,-1,-1,-1
50,1,1757.44,382.14,162.56,506.42,0.881,-1,-1,-1
50,2,618.99,442.86,91.74,269.53,0.902,-1,-1,-1
50,3,469.99,439.62,122.29,323.62,0.897,-1,-1,-1
50,6,1257.71,440.81,36.49,103.32,0.724,-1,-1,-1
50,5,689.41,454.25,71.40,212.77,0.677,-1,-1,-1
50,17,738.18,456.77,38.56,102.44,0.617,-1,-1,-1
51,1,1768.16,381.56,151.84,506.91,0.866,-1,-1,-1
51,2,619.82,443.09,91.93,269.46,0.906,-1,-1,-1
51,3,470.21,439.53,121.81,323.59,0.904,-1,-1,-1
51,6,1258.10,440.22,36.41,103.49,0.749,-1,-1,-1
51,5,690.37,454.58,69.57,212.14,0.687,-1,-1,-1
51,17,738.65,456.75,39.05,103.89,0.635,-1,-1,-1
51,18,1005.38,446.25,44.99,79.26,0.601,-1,-1,-1
51,7,931.51,435.23,33.82,83.60,0.621,-1,-1,-1
52,1,1776.21,381.13,143.79,507.04,0.853,-1,-1,-1
52,2,620.29,443.14,92.08,269.66,0.905,-1,-1,-1
52,3,470.17,439.55,121.28,323.51,0.904,-1,-1,-1
52,6,1258.21,440.58,36.20,103.18,0.716,-1,-1,-1
52,5,688.79,453.30,68.37,213.15,0.747,-1,-1,-1
53,1,1782.64,384.45,137.36,503.56,0.858,-1,-1,-1
53,2,620.46,443.04,92.13,269.87,0.908,-1,-1,-1
53,3,470.14,438.87,121.10,324.28,0.909,-1,-1,-1
53,6,1258.51,441.42,35.89,102.22,0.729,-1,-1,-1
53,5,689.32,452.85,67.88,213.48,0.734,-1,-1,-1
53,17,741.02,457.55,37.84,100.86,0.602,-1,-1,-1
54,1,1787.41,388.09,132.59,499.99,0.800,-1,-1,-1
54,2,620.98,442.90,92.26,270.46,0.909,-1,-1,-1
54,3,470.30,438.78,121.01,324.78,0.907,-1,-1,-1
54,6,1258.68,442.59,35.53,100.91,0.742,-1,-1,-1
54,5,690.22,453.01,67.48,213.53,0.726,-1,-1,-1
54,17,741.87,457.37,38.23,102.31,0.604,-1,-1,-1
55,1,1792.42,394.45,127.58,493.84,0.764,-1,-1,-1
55,2,621.21,442.67,92.26,271.12,0.912,-1,-1,-1
55,3,470.47,438.42,120.90,325.30,0.905,-1,-1,-1
55,6,1258.94,442.62,35.55,100.79,0.744,-1,-1,-1
55,5,691.33,453.27,67.31,214.05,0.753,-1,-1,-1
56,1,1799.14,417.91,120.86,470.40,0.672,-1,-1,-1
56,2,621.74,442.42,92.60,271.80,0.911,-1,-1,-1
56,3,471.05,438.19,120.63,325.18,0.898,-1,-1,-1
56,6,1259.37,442.61,35.47,100.40,0.726,-1,-1,-1
56,5,692.67,452.79,67.66,215.72,0.772,-1,-1,-1
57,2,622.55,442.29,92.85,272.26,0.914,-1,-1,-1
57,3,471.62,437.85,120.79,325.52,0.904,-1,-1,-1
57,6,1259.45,441.96,35.73,100.96,0.746,-1,-1,-1
57,5,693.30,452.06,67.62,216.80,0.768,-1,-1,-1
57,11,1531.38,446.81,37.54,104.02,0.632,-1,-1,-1
58,2,623.22,442.42,93.18,272.90,0.914,-1,-1,-1
58,3,472.69,438.23,120.58,325.04,0.906,-1,-1,-1
58,6,1259.71,442.83,35.55,100.22,0.773,-1,-1,-1
58,11,1534.36,448.96,36.52,101.71,0.627,-1,-1,-1
58,17,744.11,461.80,38.16,102.12,0.635,-1,-1,-1
59,2,623.81,442.44,93.52,273.69,0.906,-1,-1,-1
59,3,474.62,438.25,120.71,324.34,0.909,-1,-1,-1
59,6,1260.04,443.61,35.30,99.41,0.772,-1,-1,-1
59,7,932.17,435.33,33.67,83.02,0.606,-1,-1,-1
59,5,695.27,452.00,67.08,217.35,0.692,-1,-1,-1
60,2,623.69,442.20,93.80,274.43,0.909,-1,-1,-1
60,3,477.74,439.61,121.12,322.72,0.912,-1,-1,-1
60,6,1260.03,443.21,35.57,99.77,0.763,-1,-1,-1
60,7,932.34,435.32,33.76,83.16,0.632,-1,-1,-1
60,5,697.65,454.47,66.14,215.81,0.732,-1,-1,-1
60,18,1000.95,445.25,43.71,79.04,0.605,-1,-1,-1
60,11,1536.84,450.05,36.56,101.41,0.604,-1,-1,-1
61,2,623.13,442.52,94.23,275.09,0.905,-1,-1,-1
61,3,480.09,440.48,122.70,322.31,0.914,-1,-1,-1
61,6,1259.51,443.69,35.41,99.12,0.727,-1,-1,-1
61,5,698.01,453.91,66.19,218.32,0.734,-1,-1,-1
62,2,620.99,442.76,95.26,278.53,0.894,-1,-1,-1
62,3,483.17,442.39,124.96,321.79,0.913,-1,-1,-1
62,6,1259.13,444.03,35.44,99.04,0.707,-1,-1,-1
62,5,699.47,454.47,65.92,218.25,0.808,-1,-1,-1
62,18,1000.95,445.83,42.30,78.43,0.613,-1,-1,-1
63,2,619.04,443.23,95.93,280.41,0.903,-1,-1,-1
63,3,490.08,442.08,128.18,322.62,0.888,-1,-1,-1
63,6,1258.79,445.22,35.16,98.00,0.694,-1,-1,-1
63,5,699.94,455.65,65.84,218.10,0.809,-1,-1,-1
64,2,617.67,443.72,96.29,281.67,0.906,-1,-1,-1
64,3,494.70,443.17,131.45,322.83,0.886,-1,-1,-1
64,6,1258.45,446.06,34.90,97.01,0.700,-1,-1,-1
64,5,698.95,456.24,66.05,218.56,0.824,-1,-1,-1
65,2,616.70,444.13,96.51,282.64,0.911,-1,-1,-1
65,3,498.45,443.23,132.13,322.37,0.855,-1,-1,-1
65,6,1258.15,446.81,34.76,96.52,0.677,-1,-1,-1
65,5,698.97,455.55,66.64,220.36,0.841,-1,-1,-1
66,2,616.25,444.46,97.08,285.05,0.910,-1,-1,-1
66,3,500.03,443.32,134.94,323.48,0.899,-1,-1,-1
66,6,1258.05,446.98,34.72,96.27,0.687,-1,-1,-1
66,5,700.31,458.43,66.13,217.90,0.844,-1,-1,-1
66,18,999.12,444.05,42.05,80.66,0.624,-1,-1,-1
67,2,616.15,444.28,97.62,286.82,0.911,-1,-1,-1
67,3,500.81,443.31,136.91,323.77,0.897,-1,-1,-1
67,6,1258.29,447.37,34.57,95.75,0.710,-1,-1,-1
67,5,700.00,460.76,65.49,215.70,0.841,-1,-1,-1
67,18,999.51,443.77,40.94,80.72,0.621,-1,-1,-1
68,2,615.70,443.98,98.15,288.07,0.918,-1,-1,-1
68,3,500.98,444.69,137.88,322.65,0.905,-1,-1,-1
68,6,1258.51,447.94,34.46,95.31,0.741,-1,-1,-1
68,5,700.85,460.62,66.00,216.30,0.870,-1,-1,-1
69,2,615.49,444.01,98.13,287.63,0.911,-1,-1,-1
69,3,501.78,444.07,138.82,323.34,0.905,-1,-1,-1
69,6,1258.63,448.15,34.46,95.13,0.728,-1,-1,-1
69,5,700.80,458.82,66.59,218.14,0.872,-1,-1,-1
69,18,1000.36,442.73,40.44,81.82,0.635,-1,-1,-1
70,2,614.78,443.95,98.29,287.71,0.918,-1,-1,-1
70,3,501.54,443.51,139.79,323.92,0.905,-1,-1,-1
70,6,1258.51,447.91,34.55,95.38,0.740,-1,-1,-1
70,5,701.46,458.14,66.75,218.37,0.864,-1,-1,-1
70,18,1001.27,443.18,39.45,81.30,0.653,-1,-1,-1
71,2,614.35,443.42,98.53,287.93,0.919,-1,-1,-1
71,3,502.80,442.64,140.34,325.00,0.905,-1,-1,-1
71,6,1258.59,448.25,34.51,95.17,0.733,-1,-1,-1
71,5,701.19,456.36,67.36,220.44,0.868,-1,-1,-1
71,21,1542.85,428.76,42.63,122.28,0.624,-1,-1,-1
72,2,613.04,442.20,98.98,289.10,0.916,-1,-1,-1
72,3,504.11,441.64,140.71,326.09,0.904,-1,-1,-1
72,6,1258.49,448.39,34.53,95.03,0.747,-1,-1,-1
72,5,701.39,456.37,67.72,220.38,0.869,-1,-1,-1
72,21,1542.77,428.39,42.49,122.00,0.638,-1,-1,-1
73,2,613.24,441.90,98.83,289.03,0.915,-1,-1,-1
73,3,504.74,440.46,140.92,327.49,0.909,-1,-1,-1
73,6,1258.56,448.44,34.53,94.93,0.736,-1,-1,-1
73,5,702.72,457.36,67.97,219.24,0.851,-1,-1,-1
74,2,614.82,441.77,98.51,288.95,0.915,-1,-1,-1
74,3,507.65,440.00,140.27,328.12,0.889,-1,-1,-1
74,6,1258.55,448.41,34.74,95.32,0.725,-1,-1,-1
74,5,703.37,457.96,68.21,218.47,0.845,-1,-1,-1
75,2,615.68,441.74,97.76,289.03,0.910,-1,-1,-1
75,3,511.00,440.50,138.67,327.65,0.905,-1,-1,-1
75,6,1258.27,448.12,34.83,95.75,0.738,-1,-1,-1
75,5,704.22,458.89,68.35,216.86,0.844,-1,-1,-1
76,2,617.01,441.80,97.02,289.18,0.909,-1,-1,-1
76,3,514.53,440.93,137.00,327.38,0.890,-1,-1,-1
76,6,1258.24,448.25,34.81,95.70,0.740,-1,-1,-1
76,5,705.09,461.36,68.20,214.41,0.846,-1,-1,-1
77,2,617.96,441.84,95.93,288.84,0.905,-1,-1,-1
77,3,517.21,441.32,135.16,327.11,0.890,-1,-1,-1
77,6,1258.27,448.25,34.84,95.73,0.732,-1,-1,-1
77,5,706.56,459.70,69.73,216.24,0.854,-1,-1,-1
78,2,618.90,441.82,94.83,289.27,0.894,-1,-1,-1
78,3,518.36,441.46,133.88,326.88,0.895,-1,-1,-1
78,6,1258.58,447.66,35.11,95.99,0.719,-1,-1,-1
78,5,710.78,461.30,71.19,214.84,0.891,-1,-1,-1
78,18,1002.14,445.76,37.72,78.21,0.684,-1,-1,-1
79,2,619.78,441.63,93.69,289.65,0.884,-1,-1,-1
79,3,524.96,441.37,131.72,327.77,0.862,-1,-1,-1
79,6,1259.24,446.94,35.60,96.56,0.719,-1,-1,-1
79,5,713.47,461.11,73.47,215.35,0.896,-1,-1,-1
79,18,1002.21,446.78,37.37,77.27,0.714,-1,-1,-1
80,2,621.72,441.59,92.27,288.73,0.876,-1,-1,-1
80,3,528.47,440.44,130.61,330.59,0.857,-1,-1,-1
80,6,1259.43,446.44,35.93,96.93,0.718,-1,-1,-1
80,5,716.56,461.35,75.99,215.72,0.916,-1,-1,-1
80,18,1002.28,446.68,37.34,77.42,0.687,-1,-1,-1
80,23,514.94,444.46,81.48,286.82,0.739,-1,-1,-1
81,2,624.34,441.62,90.60,286.82,0.878,-1,-1,-1
81,3,532.28,439.76,129.90,334.85,0.856,-1,-1,-1
81,6,1259.49,446.15,36.10,97.07,0.716,-1,-1,-1
81,5,718.31,460.29,78.55,217.19,0.913,-1,-1,-1
81,18,1002.14,446.49,37.37,77.43,0.689,-1,-1,-1
81,23,514.77,444.68,82.46,290.86,0.746,-1,-1,-1
82,2,625.89,441.13,90.02,288.29,0.879,-1,-1,-1
82,3,534.63,439.97,128.46,336.62,0.845,-1,-1,-1
82,6,1259.69,446.91,35.86,96.17,0.714,-1,-1,-1
82,5,721.50,464.85,79.39,212.95,0.906,-1,-1,-1
82,18,1002.57,446.74,37.49,77.77,0.713,-1,-1,-1
82,23,516.01,444.61,83.18,294.31,0.731,-1,-1,-1
83,2,627.35,441.11,89.44,289.35,0.877,-1,-1,-1
83,3,534.50,440.26,128.40,339.95,0.845,-1,-1,-1
83,6,1259.56,445.76,36.35,97.33,0.740,-1,-1,-1
83,5,722.13,465.23,81.42,213.36,0.911,-1,-1,-1
83,18,1003.30,447.04,37.10,76.95,0.735,-1,-1,-1
83,23,515.37,444.24,84.15,298.45,0.758,-1,-1,-1
84,2,628.95,440.96,89.34,290.88,0.891,-1,-1,-1
84,3,539.58,440.25,127.20,343.39,0.823,-1,-1,-1
84,6,1259.88,444.86,36.78,98.41,0.742,-1,-1,-1
84,5,722.24,464.29,83.56,214.74,0.911,-1,-1,-1
84,18,1003.91,446.61,37.11,76.97,0.716,-1,-1,-1
84,23,514.21,444.25,84.29,299.24,0.788,-1,-1,-1
84,7,932.52,434.72,33.55,83.27,0.616,-1,-1,-1
85,2,630.07,441.09,88.74,291.16,0.880,-1,-1,-1
85,3,542.93,440.71,125.32,344.13,0.811,-1,-1,-1
85,6,1260.29,445.15,36.74,98.17,0.732,-1,-1,-1
85,5,722.31,461.97,85.64,217.43,0.917,-1,-1,-1
85,18,1003.83,446.92,36.88,76.64,0.711,-1,-1,-1
85,23,512.17,444.46,84.28,298.66,0.799,-1,-1,-1
85,7,932.74,435.17,33.34,82.82,0.606,-1,-1,-1
86,2,633.96,441.11,89.00,291.73,0.881,-1,-1,-1
86,3,545.60,440.86,123.35,343.52,0.816,-1,-1,-1
86,6,1259.97,445.17,36.71,98.17,0.720,-1,-1,-1
86,5,722.04,457.54,88.34,222.50,0.916,-1,-1,-1
86,18,1003.63,447.80,36.26,75.70,0.678,-1,-1,-1
86,23,511.48,445.30,84.73,299.93,0.811,-1,-1,-1
86,7,932.73,435.24,33.50,83.07,0.632,-1,-1,-1
87,2,635.48,441.51,89.27,292.31,0.882,-1,-1,-1
87,3,545.70,441.35,122.18,342.06,0.826,-1,-1,-1
87,6,1260.09,444.66,36.86,98.68,0.734,-1,-1,-1
87,5,722.67,455.95,89.64,224.40,0.916,-1,-1,-1
87,18,1004.17,447.83,36.02,75.63,0.675,-1,-1,-1
87,23,511.46,445.93,85.12,301.50,0.811,-1,-1,-1
87,7,932.56,435.16,33.27,82.95,0.622,-1,-1,-1
88,2,637.24,441.64,89.72,292.81,0.887,-1,-1,-1
88,3,542.99,441.49,122.69,341.83,0.863,-1,-1,-1
88,6,1259.86,445.62,36.28,97.59,0.675,-1,-1,-1
88,5,723.75,455.68,90.34,224.91,0.915,-1,-1,-1
88,18,1004.19,447.39,35.97,76.10,0.640,-1,-1,-1
88,23,510.70,447.01,85.26,301.29,0.791,-1,-1,-1
88,7,932.69,435.22,33.11,82.69,0.614,-1,-1,-1
89,2,639.17,441.41,90.33,293.63,0.888,-1,-1,-1
89,3,542.54,442.12,122.99,340.89,0.862,-1,-1,-1
89,6,1259.83,445.22,36.25,97.79,0.658,-1,-1,-1
89,5,725.30,454.21,91.45,226.62,0.908,-1,-1,-1
89,18,1004.05,446.87,35.90,76.67,0.623,-1,-1,-1
89,23,510.39,447.01,85.50,301.33,0.796,-1,-1,-1
90,2,640.25,441.45,90.86,293.45,0.897,-1,-1,-1
90,3,542.41,442.91,123.27,340.78,0.861,-1,-1,-1
90,6,1259.85,444.95,36.17,97.84,0.679,-1,-1,-1
90,5,726.86,455.62,90.99,224.90,0.897,-1,-1,-1
90,23,512.46,446.51,85.39,301.88,0.790,-1,-1,-1
90,7,933.00,435.29,33.53,83.37,0.629,-1,-1,-1
91,2,641.60,441.96,91.48,292.84,0.897,-1,-1,-1
91,3,542.64,443.02,123.92,341.48,0.862,-1,-1,-1
91,6,1259.71,444.50,36.26,98.40,0.693,-1,-1,-1
91,5,728.18,452.35,92.18,227.64,0.893,-1,-1,-1
91,23,513.48,446.19,85.14,301.94,0.796,-1,-1,-1
91,7,933.17,435.18,33.89,84.32,0.629,-1,-1,-1
92,2,641.92,442.75,92.68,293.66,0.887,-1,-1,-1
92,3,542.28,443.08,125.15,343.97,0.856,-1,-1,-1
92,6,1259.13,444.67,36.17,98.36,0.707,-1,-1,-1
92,5,730.26,453.65,91.44,226.35,0.880,-1,-1,-1
92,23,513.43,445.99,85.20,302.28,0.805,-1,-1,-1
93,2,641.35,442.95,93.75,294.41,0.894,-1,-1,-1
93,3,541.39,443.51,126.08,347.16,0.862,-1,-1,-1
93,6,1258.56,444.40,36.27,98.53,0.698,-1,-1,-1
93,5,732.32,449.39,92.54,230.96,0.892,-1,-1,-1
93,23,513.46,446.41,85.14,301.96,0.791,-1,-1,-1
93,18,1003.79,446.41,36.41,78.52,0.602,-1,-1,-1
93,7,932.96,435.31,33.90,84.11,0.610,-1,-1,-1
94,2,640.92,443.18,94.72,295.80,0.899,-1,-1,-1
94,3,540.75,443.69,127.14,351.11,0.856,-1,-1,-1
94,6,1258.44,444.57,36.16,98.23,0.703,-1,-1,-1
94,5,735.35,449.56,91.81,230.63,0.890,-1,-1,-1
94,23,513.95,446.58,85.08,301.95,0.792,-1,-1,-1
94,7,933.10,435.36,33.96,83.96,0.602,-1,-1,-1
95,2,641.10,443.70,95.21,296.13,0.899,-1,-1,-1
95,3,540.61,443.71,128.66,356.09,0.866,-1,-1,-1
95,6,1257.60,444.45,36.50,98.54,0.749,-1,-1,-1
95,5,737.85,449.86,91.17,230.93,0.890,-1,-1,-1
95,23,512.78,446.49,85.16,301.97,0.786,-1,-1,-1
95,18,1003.81,447.72,35.25,76.71,0.662,-1,-1,-1
96,2,641.58,443.61,95.78,296.99,0.897,-1,-1,-1
96,3,540.65,444.09,129.69,359.65,0.856,-1,-1,-1
96,6,1256.64,444.43,36.84,98.76,0.751,-1,-1,-1
96,5,740.56,449.83,90.45,231.61,0.889,-1,-1,-1
96,23,512.44,446.66,85.03,301.58,0.792,-1,-1,-1
96,18,1003.56,448.08,34.48,76.07,0.643,-1,-1,-1
96,7,932.69,435.73,33.80,83.40,0.606,-1,-1,-1
97,2,642.66,443.27,96.18,297.60,0.898,-1,-1,-1
97,3,539.97,443.87,130.00,361.46,0.867,-1,-1,-1
97,6,1255.96,444.52,37.08,98.72,0.760,-1,-1,-1
97,5,742.28,450.15,90.00,232.43,0.885,-1,-1,-1
97,23,512.41,446.55,84.87,301.58,0.795,-1,-1,-1
97,18,1003.31,448.58,33.89,75.46,0.660,-1,-1,-1
97,7,932.78,435.79,33.81,83.31,0.632,-1,-1,-1
98,2,644.09,442.46,96.48,298.13,0.909,-1,-1,-1
98,3,539.89,443.20,130.05,362.34,0.870,-1,-1,-1
98,6,1255.53,444.39,37.40,98.83,0.785,-1,-1,-1
98,5,743.85,449.49,89.82,234.57,0.884,-1,-1,-1
98,23,511.77,446.15,85.05,302.01,0.792,-1,-1,-1
98,18,1003.14,448.71,33.56,75.28,0.700,-1,-1,-1
98,7,932.80,436.01,33.76,82.78,0.647,-1,-1,-1
98,25,1101.94,441.78,35.29,106.33,0.629,-1,-1,-1
99,2,646.01,441.67,96.95,298.72,0.911,-1,-1,-1
99,3,539.04,442.16,130.34,363.71,0.872,-1,-1,-1
99,6,1255.61,444.70,37.37,98.30,0.775,-1,-1,-1
99,5,745.82,451.13,88.89,233.95,0.874,-1,-1,-1
99,23,510.87,446.06,85.76,302.19,0.790,-1,-1,-1
99,18,1003.55,448.75,33.38,74.71,0.702,-1,-1,-1
99,7,933.16,435.96,33.75,82.57,0.666,-1,-1,-1
99,25,1101.78,441.92,35.47,106.83,0.701,-1,-1,-1
100,2,648.38,441.13,97.30,299.24,0.912,-1,-1,-1
100,3,539.14,440.92,130.40,364.76,0.870,-1,-1,-1
100,6,1255.13,444.69,37.57,98.37,0.762,-1,-1,-1
100,5,748.37,451.53,88.85,235.39,0.871,-1,-1,-1
100,23,508.01,445.57,86.59,302.46,0.801,-1,-1,-1
100,18,1003.55,448.41,33.43,75.06,0.689,-1,-1,-1
100,7,933.61,435.67,33.79,82.58,0.657,-1,-1,-1
101,2,650.53,440.56,98.19,299.74,0.911,-1,-1,-1
101,3,540.00,439.93,130.43,365.93,0.858,-1,-1,-1
101,6,1254.16,444.67,37.82,98.55,0.747,-1,-1,-1
101,5,750.93,452.10,88.39,236.40,0.874,-1,-1,-1
101,23,506.65,445.33,87.84,302.91,0.807,-1,-1,-1
101,18,1003.14,448.63,33.05,74.26,0.688,-1,-1,-1
101,7,933.82,435.98,33.68,82.12,0.699,-1,-1,-1
102,2,652.57,440.24,99.05,300.10,0.911,-1,-1,-1
102,3,541.82,439.34,130.12,366.54,0.855,-1,-1,-1
102,6,1253.55,445.22,37.63,98.01,0.756,-1,-1,-1
102,5,753.39,452.78,87.88,236.69,0.885,-1,-1,-1
102,23,506.09,445.09,89.55,303.21,0.835,-1,-1,-1
102,18,1003.25,448.23,33.21,74.59,0.709,-1,-1,-1
102,7,934.00,436.13,33.74,81.88,0.719,-1,-1,-1
103,2,654.12,439.96,99.90,300.53,0.916,-1,-1,-1
103,3,542.21,439.25,129.81,366.26,0.854,-1,-1,-1
103,6,1253.56,445.16,37.58,97.99,0.765,-1,-1,-1
103,5,754.48,453.69,87.37,236.37,0.875,-1,-1,-1
103,23,505.12,444.62,91.34,303.65,0.830,-1,-1,-1
103,18,1003.18,447.39,33.60,75.64,0.664,-1,-1,-1
103,7,934.15,436.08,33.70,81.77,0.704,-1,-1,-1
103,25,1102.26,442.68,35.18,106.09,0.679,-1,-1,-1
104,2,655.40,439.61,100.45,301.11,0.917,-1,-1,-1
104,3,544.03,438.47,129.22,366.90,0.823,-1,-1,-1
104,6,1253.51,444.99,37.74,98.34,0.711,-1,-1,-1
104,5,755.57,453.72,87.35,237.69,0.877,-1,-1,-1
104,23,505.36,444.46,92.65,304.05,0.810,-1,-1,-1
104,18,1002.92,447.26,33.60,76.01,0.651,-1,-1,-1
104,7,934.17,436.27,33.82,81.70,0.674,-1,-1,-1
105,2,657.75,440.09,100.95,301.11,0.924,-1,-1,-1
105,3,542.72,437.78,129.53,367.46,0.856,-1,-1,-1
105,6,1252.76,444.93,37.61,98.46,0.705,-1,-1,-1
105,5,757.89,454.99,87.22,238.22,0.881,-1,-1,-1
105,23,506.89,444.57,93.23,304.01,0.757,-1,-1,-1
105,18,1002.73,447.09,33.61,76.43,0.642,-1,-1,-1
105,7,933.53,436.34,33.58,81.02,0.683,-1,-1,-1
105,25,1103.35,444.16,34.40,104.17,0.607,-1,-1,-1
106,2,659.21,440.02,101.59,301.58,0.922,-1,-1,-1
106,3,542.79,437.13,129.78,368.18,0.862,-1,-1,-1
106,6,1252.32,444.78,37.66,98.56,0.734,-1,-1,-1
106,5,759.01,455.81,87.19,238.56,0.882,-1,-1,-1
106,23,507.97,443.91,93.70,304.41,0.751,-1,-1,-1
106,18,1002.82,446.51,33.90,77.45,0.693,-1,-1,-1
106,7,933.45,436.52,33.53,80.73,0.694,-1,-1,-1
107,2,661.66,439.38,102.57,302.75,0.924,-1,-1,-1
107,3,542.68,436.10,130.80,369.73,0.880,-1,-1,-1
107,6,1251.15,444.79,37.42,98.49,0.702,-1,-1,-1
107,5,759.57,456.09,87.29,239.49,0.884,-1,-1,-1
107,23,509.36,443.74,94.09,304.76,0.661,-1,-1,-1
107,18,1003.27,446.47,33.67,77.18,0.616,-1,-1,-1
107,7,933.72,436.52,33.92,81.42,0.725,-1,-1,-1
108,2,662.39,439.05,103.55,304.60,0.923,-1,-1,-1
108,3,542.79,436.21,131.42,370.08,0.881,-1,-1,-1
108,6,1250.96,444.99,37.23,98.29,0.714,-1,-1,-1
108,5,760.25,455.81,87.57,240.53,0.888,-1,-1,-1
108,23,509.93,444.13,94.22,304.40,0.631,-1,-1,-1
108,18,1003.58,446.73,33.82,77.55,0.612,-1,-1,-1
108,7,933.68,436.51,34.27,81.79,0.705,-1,-1,-1
109,2,662.68,438.70,104.39,306.44,0.919,-1,-1,-1
109,3,544.65,436.26,131.91,370.52,0.864,-1,-1,-1
109,6,1250.60,445.52,36.98,97.75,0.734,-1,-1,-1
109,5,759.94,455.17,87.94,241.52,0.892,-1,-1,-1
109,23,509.57,445.84,94.05,302.89,0.652,-1,-1,-1
109,18,1004.02,447.88,33.17,76.20,0.631,-1,-1,-1
109,7,933.38,436.39,34.45,82.04,0.711,-1,-1,-1
110,2,662.75,438.66,104.95,308.40,0.917,-1,-1,-1
110,3,545.20,436.30,132.93,370.43,0.886,-1,-1,-1
110,6,1250.18,445.04,37.06,98.13,0.725,-1,-1,-1
110,5,760.77,455.31,88.04,241.40,0.902,-1,-1,-1
110,7,933.09,436.22,34.52,82.22,0.727,-1,-1,-1
111,2,664.04,438.75,105.47,309.49,0.918,-1,-1,-1
111,3,545.36,436.64,134.11,370.96,0.899,-1,-1,-1
111,6,1249.35,444.99,37.12,98.28,0.726,-1,-1,-1
111,5,760.82,456.49,87.98,240.45,0.901,-1,-1,-1
111,7,933.28,436.15,34.72,82.57,0.717,-1,-1,-1
111,18,1003.83,449.96,32.00,73.69,0.617,-1,-1,-1
112,2,665.84,438.37,106.24,310.84,0.918,-1,-1,-1
112,3,547.00,436.36,135.70,372.97,0.889,-1,-1,-1
112,6,1248.19,445.43,37.15,97.91,0.702,-1,-1,-1
112,5,761.46,456.48,87.89,240.39,0.898,-1,-1,-1
112,7,933.24,436.23,35.05,83.06,0.757,-1,-1,-1
112,18,1004.26,450.48,31.85,73.38,0.628,-1,-1,-1
113,2,666.43,438.27,107.05,312.89,0.914,-1,-1,-1
113,3,546.86,436.21,137.22,375.15,0.887,-1,-1,-1
113,6,1247.15,445.50,37.36,97.76,0.750,-1,-1,-1
113,5,762.25,455.27,87.88,241.58,0.894,-1,-1,-1
113,7,933.41,436.37,34.76,82.29,0.742,-1,-1,-1
113,18,1004.92,451.07,31.43,72.58,0.605,-1,-1,-1
113,23,520.81,444.95,91.40,302.97,0.606,-1,-1,-1
114,2,665.63,438.11,107.29,315.00,0.915,-1,-1,-1
114,3,549.86,435.77,137.59,375.94,0.856,-1,-1,-1
114,6,1246.74,445.78,37.26,97.37,0.712,-1,-1,-1
114,5,762.60,454.02,88.31,243.15,0.896,-1,-1,-1
114,7,933.78,436.31,34.92,82.52,0.747,-1,-1,-1
115,2,666.60,437.75,107.04,316.09,0.909,-1,-1,-1
115,3,549.30,435.07,138.59,376.46,0.899,-1,-1,-1
115,6,1246.08,446.23,37.18,96.71,0.701,-1,-1,-1
115,5,764.30,455.00,87.59,241.78,0.887,-1,-1,-1
115,7,934.62,436.27,35.17,82.63,0.758,-1,-1,-1
116,2,667.70,438.00,106.72,317.16,0.913,-1,-1,-1
116,3,548.92,435.05,139.17,376.08,0.893,-1,-1,-1
116,6,1243.96,445.11,37.33,97.34,0.734,-1,-1,-1
116,5,765.89,453.37,88.19,243.17,0.900,-1,-1,-1
116,7,935.26,436.39,35.26,82.60,0.760,-1,-1,-1
117,2,667.99,438.66,106.24,317.45,0.912,-1,-1,-1
117,3,549.27,434.66,140.11,376.65,0.894,-1,-1,-1
117,6,1242.44,445.02,37.13,97.41,0.748,-1,-1,-1
117,5,766.88,451.79,88.94,245.24,0.900,-1,-1,-1
117,7,935.58,436.24,35.36,82.56,0.737,-1,-1,-1
118,2,666.95,439.18,105.52,318.18,0.910,-1,-1,-1
118,3,548.38,435.94,141.08,376.99,0.902,-1,-1,-1
118,6,1240.85,445.41,36.91,97.28,0.711,-1,-1,-1
118,5,767.74,452.24,89.14,245.47,0.899,-1,-1,-1
118,7,936.03,436.67,35.69,82.91,0.749,-1,-1,-1
119,2,668.00,439.92,105.06,319.76,0.906,-1,-1,-1
119,3,544.43,437.34,143.39,380.71,0.905,-1,-1,-1
119,6,1239.70,444.98,36.85,98.10,0.679,-1,-1,-1
119,5,769.47,452.20,89.86,246.39,0.909,-1,-1,-1
119,7,936.24,436.84,35.76,82.73,0.725,-1,-1,-1
120,2,670.78,440.52,104.86,320.52,0.905,-1,-1,-1
120,3,544.45,439.77,144.72,382.38,0.890,-1,-1,-1
120,6,1239.21,445.68,36.39,97.84,0.664,-1,-1,-1
120,5,771.65,452.04,90.81,246.67,0.913,-1,-1,-1
120,7,936.54,436.90,35.71,82.04,0.729,-1,-1,-1
121,2,672.64,440.72,104.61,321.42,0.906,-1,-1,-1
121,3,545.87,440.99,145.50,384.53,0.882,-1,-1,-1
121,6,1238.72,446.84,35.53,96.67,0.664,-1,-1,-1
121,5,774.12,452.55,92.02,246.38,0.914,-1,-1,-1
121,7,937.31,436.95,36.04,81.59,0.741,-1,-1,-1
122,2,675.31,440.18,104.42,322.42,0.906,-1,-1,-1
122,3,547.67,441.33,146.20,386.78,0.885,-1,-1,-1
122,6,1237.82,446.98,34.99,96.46,0.681,-1,-1,-1
122,5,776.68,453.52,93.48,246.22,0.906,-1,-1,-1
122,7,938.00,437.12,36.38,81.48,0.758,-1,-1,-1
123,2,677.42,439.55,104.36,323.37,0.905,-1,-1,-1
123,3,547.70,441.16,147.23,389.09,0.895,-1,-1,-1
123,5,778.71,453.94,95.18,246.11,0.909,-1,-1,-1
123,7,939.16,437.43,37.69,83.75,0.659,-1,-1,-1
123,18,1005.67,448.12,33.85,75.38,0.611,-1,-1,-1
124,2,678.69,438.02,104.13,324.73,0.904,-1,-1,-1
124,3,551.36,440.77,147.65,391.29,0.910,-1,-1,-1
124,5,782.80,454.73,96.23,246.04,0.906,-1,-1,-1
124,7,940.09,436.79,38.86,85.64,0.730,-1,-1,-1
124,6,1236.55,450.52,33.66,92.73,0.653,-1,-1,-1
125,2,679.82,437.20,103.58,325.60,0.896,-1,-1,-1
125,3,552.81,440.16,148.04,393.06,0.904,-1,-1,-1
125,5,784.73,456.05,96.74,245.82,0.911,-1,-1,-1
125,6,1235.67,451.81,33.52,91.68,0.643,-1,-1,-1
126,2,681.10,436.69,102.92,325.96,0.897,-1,-1,-1
126,3,552.92,439.00,149.15,394.83,0.904,-1,-1,-1
126,5,784.95,456.27,97.63,247.46,0.907,-1,-1,-1
126,6,1234.28,450.71,34.17,93.06,0.659,-1,-1,-1
127,2,682.71,435.93,102.81,326.77,0.895,-1,-1,-1
127,3,556.60,437.82,149.51,396.41,0.897,-1,-1,-1
127,5,784.72,455.41,98.80,249.96,0.908,-1,-1,-1
127,6,1230.97,449.66,35.60,94.86,0.705,-1,-1,-1
127,25,1081.76,440.14,52.18,155.62,0.632,-1,-1,-1
127,7,942.97,437.33,39.13,85.58,0.634,-1,-1,-1
128,2,685.63,435.65,103.52,327.24,0.906,-1,-1,-1
128,3,559.70,437.63,149.72,396.53,0.892,-1,-1,-1
128,5,785.60,454.24,99.38,251.80,0.902,-1,-1,-1
128,6,1228.12,450.49,36.39,94.27,0.658,-1,-1,-1
128,25,1082.12,443.80,52.62,153.03,0.674,-1,-1,-1
128,7,944.13,437.34,39.35,85.55,0.684,-1,-1,-1
129,2,685.66,435.22,103.65,328.02,0.892,-1,-1,-1
129,3,562.82,437.17,149.91,397.09,0.895,-1,-1,-1
129,5,787.67,456.14,98.57,250.77,0.911,-1,-1,-1
129,6,1226.37,451.60,36.98,93.15,0.665,-1,-1,-1
129,25,1083.01,446.56,53.28,150.28,0.710,-1,-1,-1
129,7,945.86,437.08,39.39,85.69,0.711,-1,-1,-1
130,2,684.09,435.20,103.24,328.08,0.892,-1,-1,-1
130,3,565.09,436.51,150.14,397.58,0.892,-1,-1,-1
130,5,789.26,456.02,98.29,250.97,0.905,-1,-1,-1
130,25,1084.50,453.69,53.07,143.07,0.775,-1,-1,-1
130,7,947.19,436.59,39.38,85.97,0.688,-1,-1,-1
131,2,685.56,434.88,102.89,328.18,0.901,-1,-1,-1
131,3,567.01,435.10,150.40,398.64,0.895,-1,-1,-1
131,5,791.21,455.06,98.30,252.06,0.901,-1,-1,-1
131,25,1084.74,454.29,53.70,141.63,0.715,-1,-1,-1
131,7,948.36,436.47,39.56,86.66,0.698,-1,-1,-1
132,2,686.33,434.83,102.19,328.02,0.897,-1,-1,-1
132,3,569.36,433.68,150.58,400.09,0.894,-1,-1,-1
132,5,792.31,452.71,99.29,254.49,0.898,-1,-1,-1
132,7,949.67,436.55,39.14,86.22,0.636,-1,-1,-1
133,2,687.52,434.34,101.61,328.29,0.894,-1,-1,-1
133,3,570.10,432.82,150.83,401.43,0.897,-1,-1,-1
133,5,794.73,453.99,98.61,253.19,0.886,-1,-1,-1
133,7,949.87,436.63,38.99,86.39,0.669,-1,-1,-1
133,18,1006.69,449.67,33.28,73.58,0.607,-1,-1,-1
133,6,1224.01,451.95,38.07,93.31,0.628,-1,-1,-1
134,2,689.32,433.73,101.37,328.75,0.895,-1,-1,-1
134,3,570.13,432.99,151.01,402.41,0.904,-1,-1,-1
134,5,796.76,450.98,100.14,256.62,0.897,-1,-1,-1
134,7,950.00,436.46,39.44,87.72,0.698,-1,-1,-1
134,18,1006.16,449.98,33.06,72.80,0.619,-1,-1,-1
135,2,690.40,432.98,101.00,328.96,0.900,-1,-1,-1
135,3,570.05,433.34,152.19,406.52,0.905,-1,-1,-1
135,5,796.37,450.60,100.02,256.90,0.880,-1,-1,-1
135,7,950.70,436.23,39.73,88.67,0.686,-1,-1,-1
135,6,1221.83,448.27,40.04,97.23,0.636,-1,-1,-1
136,2,692.51,432.81,100.58,328.78,0.904,-1,-1,-1
136,3,570.12,432.89,153.85,412.81,0.900,-1,-1,-1
136,5,796.28,449.89,99.60,257.12,0.878,-1,-1,-1
136,7,951.30,436.22,39.64,88.76,0.674,-1,-1,-1
136,25,1082.04,457.98,53.15,138.08,0.638,-1,-1,-1
137,2,694.43,432.50,99.93,328.77,0.906,-1,-1,-1
137,3,569.92,433.04,155.43,419.19,0.899,-1,-1,-1
137,5,798.84,450.09,98.89,256.74,0.892,-1,-1,-1
137,7,953.29,436.69,39.34,88.29,0.680,-1,-1,-1
137,25,1081.34,457.51,53.64,138.22,0.658,-1,-1,-1
138,2,696.99,432.20,99.94,329.46,0.914,-1,-1,-1
138,3,569.67,432.76,157.08,426.32,0.896,-1,-1,-1
138,5,800.64,449.01,98.73,258.30,0.902,-1,-1,-1
138,7,953.84,436.96,39.40,89.10,0.707,-1,-1,-1
139,2,699.20,431.92,100.32,329.63,0.912,-1,-1,-1
139,3,570.07,433.05,156.88,428.22,0.901,-1,-1,-1
139,5,804.62,449.71,98.19,258.42,0.904,-1,-1,-1
139,7,955.12,437.55,38.32,86.94,0.640,-1,-1,-1
140,2,700.92,431.68,101.22,330.46,0.913,-1,-1,-1
140,3,570.37,431.82,156.71,429.64,0.884,-1,-1,-1
140,5,806.34,449.64,98.40,261.71,0.896,-1,-1,-1
140,7,956.69,437.67,38.54,87.68,0.644,-1,-1,-1
140,6,1214.56,445.44,39.98,99.49,0.643,-1,-1,-1
141,2,703.01,431.64,102.69,331.57,0.918,-1,-1,-1
141,3,569.39,431.27,156.67,430.89,0.895,-1,-1,-1
141,5,808.32,448.88,97.90,263.91,0.893,-1,-1,-1
141,7,958.60,437.81,38.33,87.12,0.609,-1,-1,-1
141,6,1213.15,445.57,39.38,100.03,0.685,-1,-1,-1
142,2,704.83,432.14,104.39,332.22,0.927,-1,-1,-1
142,3,570.28,431.60,156.25,431.69,0.905,-1,-1,-1
142,5,808.95,447.04,98.59,268.82,0.897,-1,-1,-1
142,6,1211.79,445.64,38.59,99.65,0.705,-1,-1,-1
143,2,706.23,432.44,106.39,332.46,0.923,-1,-1,-1
143,3,570.68,432.01,156.23,433.80,0.900,-1,-1,-1
143,5,809.95,444.57,99.01,273.90,0.890,-1,-1,-1
143,6,1210.69,446.02,37.79,99.04,0.716,-1,-1,-1
144,2,707.82,433.35,108.35,332.07,0.922,-1,-1,-1
144,3,570.65,433.89,156.13,436.06,0.905,-1,-1,-1
144,5,811.57,445.08,96.92,272.38,0.869,-1,-1,-1
144,6,1208.24,445.69,37.40,100.01,0.619,-1,-1,-1
145,2,710.02,433.91,110.70,332.33,0.917,-1,-1,-1
145,3,567.93,434.79,156.34,438.04,0.905,-1,-1,-1
145,5,814.52,445.93,95.06,270.46,0.881,-1,-1,-1
145,6,1206.14,445.37,37.23,100.81,0.664,-1,-1,-1
145,27,876.68,438.24,80.59,238.91,0.772,-1,-1,-1
145,28,475.08,457.40,50.95,115.21,0.655,-1,-1,-1
145,25,1081.90,462.28,52.02,132.90,0.630,-1,-1,-1
146,2,711.50,434.40,113.41,333.18,0.925,-1,-1,-1
146,3,567.68,435.35,156.55,441.10,0.894,-1,-1,-1
146,5,817.58,446.79,93.76,270.22,0.888,-1,-1,-1
146,6,1203.62,444.23,37.21,101.48,0.650,-1,-1,-1
146,27,876.79,435.59,81.36,241.54,0.758,-1,-1,-1
146,28,473.76,458.76,50.91,115.23,0.616,-1,-1,-1
146,18,1005.86,448.94,34.05,75.49,0.600,-1,-1,-1
146,7,959.45,439.42,38.31,86.62,0.606,-1,-1,-1
147,2,712.48,435.02,115.71,334.31,0.927,-1,-1,-1
147,3,563.87,435.30,157.85,446.10,0.894,-1,-1,-1
147,5,821.34,449.64,92.34,269.74,0.875,-1,-1,-1
147,6,1201.98,443.51,37.22,101.45,0.678,-1,-1,-1
147,27,878.94,435.25,81.30,241.76,0.813,-1,-1,-1
147,7,960.46,440.39,39.74,88.86,0.620,-1,-1,-1
148,2,713.57,435.80,117.12,334.16,0.931,-1,-1,-1
148,3,559.01,434.38,159.84,452.47,0.905,-1,-1,-1
148,5,824.74,452.17,91.46,270.18,0.878,-1,-1,-1
148,6,1200.89,444.09,36.89,100.53,0.691,-1,-1,-1
148,27,882.42,435.53,81.15,241.90,0.826,-1,-1,-1
149,2,715.01,436.64,118.38,334.85,0.928,-1,-1,-1
149,3,554.71,433.94,161.02,455.59,0.916,-1,-1,-1
149,5,826.76,452.04,90.92,271.46,0.881,-1,-1,-1
149,6,1199.54,444.95,36.63,99.49,0.691,-1,-1,-1
149,27,884.82,436.10,80.86,241.70,0.818,-1,-1,-1
150,2,715.67,436.58,119.73,336.93,0.930,-1,-1,-1
150,3,551.63,431.27,162.77,459.82,0.912,-1,-1,-1
150,5,828.36,451.92,90.96,274.40,0.887,-1,-1,-1
150,6,1198.31,445.31,36.84,99.49,0.714,-1,-1,-1
150,27,885.86,435.73,80.72,241.93,0.836,-1,-1,-1
151,2,715.84,435.24,120.55,338.92,0.928,-1,-1,-1
151,3,549.65,429.20,164.15,462.37,0.909,-1,-1,-1
151,5,829.55,452.93,90.55,275.49,0.889,-1,-1,-1
151,6,1197.26,445.67,36.81,98.97,0.715,-1,-1,-1
151,27,888.96,434.19,81.02,243.51,0.853,-1,-1,-1
152,2,716.20,434.44,120.97,340.07,0.923,-1,-1,-1
152,3,546.88,427.58,165.28,463.90,0.906,-1,-1,-1
152,5,830.67,454.77,89.67,274.67,0.885,-1,-1,-1
152,6,1196.70,447.20,36.37,97.34,0.749,-1,-1,-1
152,27,888.99,433.69,81.09,244.20,0.838,-1,-1,-1
153,2,717.24,433.45,121.20,341.06,0.921,-1,-1,-1
153,3,543.68,426.87,165.70,464.98,0.916,-1,-1,-1
153,5,831.41,453.96,89.58,275.75,0.882,-1,-1,-1
153,6,1195.69,447.61,36.47,97.22,0.739,-1,-1,-1
153,27,890.28,432.91,81.03,245.01,0.842,-1,-1,-1
154,2,718.79,432.82,121.13,341.68,0.917,-1,-1,-1
154,3,540.80,426.34,166.01,465.48,0.914,-1,-1,-1
154,5,832.49,453.23,89.18,276.25,0.893,-1,-1,-1
154,6,1194.81,448.90,35.99,95.87,0.719,-1,-1,-1
154,27,891.75,432.16,81.00,246.22,0.872,-1,-1,-1
154,29,1129.33,460.29,33.70,83.14,0.650,-1,-1,-1
155,2,720.75,432.12,120.99,342.33,0.917,-1,-1,-1
155,3,538.37,426.21,166.22,465.78,0.913,-1,-1,-1
155,5,833.99,451.26,89.38,278.35,0.891,-1,-1,-1
155,6,1193.88,448.46,36.21,96.45,0.719,-1,-1,-1
155,27,893.48,432.26,81.22,248.25,0.865,-1,-1,-1
155,29,1129.58,458.33,34.39,84.98,0.634,-1,-1,-1
156,2,722.96,431.51,120.62,342.86,0.918,-1,-1,-1
156,3,536.37,426.41,166.40,465.31,0.906,-1,-1,-1
156,5,835.16,449.56,89.63,280.23,0.894,-1,-1,-1
156,6,1193.56,449.32,36.11,96.36,0.736,-1,-1,-1
156,27,894.52,432.40,81.58,251.59,0.862,-1,-1,-1
157,2,725.44,431.35,120.65,343.11,0.918,-1,-1,-1
157,3,533.24,426.22,166.59,465.37,0.916,-1,-1,-1
157,5,837.23,448.55,89.48,281.07,0.890,-1,-1,-1
157,6,1192.69,448.57,36.27,97.21,0.683,-1,-1,-1
157,27,897.08,433.54,81.22,252.11,0.868,-1,-1,-1
157,30,665.55,442.88,71.43,345.30,0.829,-1,-1,-1
158,2,728.84,431.23,121.18,343.06,0.914,-1,-1,-1
158,3,532.17,425.91,166.58,465.38,0.914,-1,-1,-1
158,5,839.48,445.72,89.90,283.66,0.894,-1,-1,-1
158,6,1192.42,449.03,35.94,96.95,0.657,-1,-1,-1
158,27,900.09,434.95,80.71,250.95,0.866,-1,-1,-1
158,30,666.89,441.67,72.00,347.33,0.862,-1,-1,-1
158,25,1072.16,481.34,46.29,115.21,0.608,-1,-1,-1
159,2,732.44,430.78,121.56,343.47,0.913,-1,-1,-1
159,3,533.93,425.99,166.83,465.45,0.904,-1,-1,-1
159,5,841.22,446.48,89.17,282.93,0.887,-1,-1,-1
159,27,903.37,435.79,81.09,250.67,0.826,-1,-1,-1
159,30,668.32,441.08,72.59,348.61,0.866,-1,-1,-1
159,28,462.49,451.60,52.73,124.09,0.617,-1,-1,-1
160,2,734.75,431.33,121.24,343.05,0.920,-1,-1,-1
160,3,532.96,425.89,167.00,465.51,0.908,-1,-1,-1
160,5,842.90,446.56,88.42,282.71,0.893,-1,-1,-1
160,27,906.88,436.13,81.69,250.52,0.857,-1,-1,-1
160,30,669.28,441.10,73.06,348.91,0.865,-1,-1,-1
160,28,462.90,452.10,50.59,123.16,0.640,-1,-1,-1
161,2,736.92,431.11,121.27,343.43,0.920,-1,-1,-1
161,3,532.55,426.13,167.07,465.23,0.912,-1,-1,-1
161,5,845.61,446.02,88.04,282.19,0.897,-1,-1,-1
161,27,910.55,436.89,82.54,251.27,0.858,-1,-1,-1
161,30,669.39,441.30,73.87,350.43,0.857,-1,-1,-1
162,2,738.87,431.18,121.10,343.75,0.917,-1,-1,-1
162,3,532.60,425.93,167.72,465.92,0.906,-1,-1,-1
162,5,847.64,445.29,88.06,283.44,0.901,-1,-1,-1
162,27,913.66,438.44,83.05,251.84,0.822,-1,-1,-1
162,30,669.85,442.00,75.11,354.65,0.850,-1,-1,-1
163,2,740.23,431.79,120.69,343.61,0.916,-1,-1,-1
163,3,533.76,425.80,168.25,465.86,0.904,-1,-1,-1
163,5,851.72,445.09,88.83,284.65,0.904,-1,-1,-1
163,27,917.31,439.28,83.50,253.29,0.797,-1,-1,-1
163,30,670.79,443.36,75.79,357.01,0.837,-1,-1,-1
163,28,463.89,453.31,48.52,121.87,0.644,-1,-1,-1
164,2,743.19,432.80,119.94,342.65,0.910,-1,-1,-1
164,3,534.71,425.44,169.64,466.91,0.911,-1,-1,-1
164,5,856.35,446.23,90.18,284.69,0.913,-1,-1,-1
164,27,920.59,439.08,83.40,254.35,0.839,-1,-1,-1
164,30,672.54,443.60,76.86,360.38,0.827,-1,-1,-1
164,28,464.20,452.94,47.39,122.25,0.631,-1,-1,-1
165,2,745.62,433.03,120.18,344.38,0.909,-1,-1,-1
165,3,537.46,424.81,172.33,470.33,0.912,-1,-1,-1
165,5,862.11,445.92,92.91,286.31,0.914,-1,-1,-1
165,27,922.65,438.42,83.43,256.04,0.854,-1,-1,-1
165,30,674.97,443.65,76.89,357.46,0.838,-1,-1,-1
166,2,747.20,433.20,120.58,346.10,0.908,-1,-1,-1
166,3,538.98,425.14,174.74,473.60,0.907,-1,-1,-1
166,5,866.49,446.77,95.19,285.61,0.921,-1,-1,-1
166,27,924.10,437.81,83.42,257.26,0.872,-1,-1,-1
166,30,675.53,443.84,77.99,358.96,0.856,-1,-1,-1
167,2,748.87,432.81,120.90,347.84,0.908,-1,-1,-1
167,3,541.17,424.66,177.51,475.99,0.916,-1,-1,-1
167,5,870.62,445.73,98.32,287.11,0.923,-1,-1,-1
167,27,926.26,437.32,82.83,257.76,0.886,-1,-1,-1
167,30,675.64,444.06,78.05,357.49,0.830,-1,-1,-1
167,29,1143.65,438.73,42.25,105.08,0.611,-1,-1,-1
168,2,749.16,434.09,121.31,350.67,0.906,-1,-1,-1
168,3,544.30,425.06,179.06,473.89,0.922,-1,-1,-1
168,5,873.92,444.78,101.24,288.32,0.926,-1,-1,-1
168,27,929.00,436.14,82.73,259.06,0.891,-1,-1,-1
168,30,674.11,444.70,78.29,356.92,0.850,-1,-1,-1
168,29,1144.75,438.93,42.14,104.92,0.667,-1,-1,-1
168,28,465.04,453.90,45.26,120.71,0.622,-1,-1,-1
169,2,749.65,434.61,121.99,353.45,0.903,-1,-1,-1
169,3,547.66,424.57,181.58,473.02,0.926,-1,-1,-1
169,5,875.59,444.91,103.90,289.06,0.921,-1,-1,-1
169,27,931.92,436.46,82.09,259.07,0.867,-1,-1,-1
169,30,676.36,445.05,78.85,357.18,0.845,-1,-1,-1
169,29,1145.45,437.88,42.32,105.76,0.667,-1,-1,-1
169,28,465.79,454.38,43.96,120.37,0.649,-1,-1,-1
170,2,751.69,434.86,121.96,354.83,0.906,-1,-1,-1
170,3,551.29,425.27,184.20,472.19,0.930,-1,-1,-1
170,5,876.93,446.23,106.31,289.42,0.926,-1,-1,-1
170,27,934.30,435.52,81.90,260.14,0.879,-1,-1,-1
170,30,677.37,444.73,79.07,358.29,0.837,-1,-1,-1
170,29,1146.28,438.48,41.81,104.91,0.636,-1,-1,-1
170,28,466.08,455.06,42.65,119.76,0.657,-1,-1,-1
171,2,753.40,434.87,121.51,355.47,0.908,-1,-1,-1
171,3,555.14,425.26,187.00,473.04,0.924,-1,-1,-1
171,5,878.22,447.25,108.21,289.47,0.926,-1,-1,-1
171,27,939.15,434.13,81.73,262.04,0.852,-1,-1,-1
171,30,678.55,444.33,79.60,361.50,0.816,-1,-1,-1
171,29,1147.06,438.13,41.71,105.22,0.634,-1,-1,-1
171,28,466.61,455.05,41.62,119.84,0.665,-1,-1,-1
172,2,756.76,435.03,121.14,355.47,0.906,-1,-1,-1
172,3,558.78,426.13,190.72,474.33,0.927,-1,-1,-1
172,5,877.79,447.57,109.92,290.52,0.923,-1,-1,-1
172,27,944.11,434.50,80.94,260.71,0.828,-1,-1,-1
172,30,679.52,444.60,80.34,365.69,0.818,-1,-1,-1
172,28,467.22,456.99,40.16,118.17,0.705,-1,-1,-1
173,2,759.79,434.92,121.20,355.97,0.900,-1,-1,-1
173,3,558.32,426.70,194.91,478.00,0.933,-1,-1,-1
173,5,876.96,447.21,111.84,291.87,0.920,-1,-1,-1
173,27,945.80,431.19,81.50,263.40,0.860,-1,-1,-1
173,30,683.14,444.15,80.53,367.29,0.795,-1,-1,-1
173,28,467.49,457.50,39.41,117.82,0.704,-1,-1,-1
174,2,761.58,435.89,121.85,357.57,0.902,-1,-1,-1
174,3,559.81,427.61,198.14,479.92,0.932,-1,-1,-1
174,5,876.86,446.36,113.30,293.05,0.915,-1,-1,-1
174,27,948.27,430.48,81.53,263.29,0.871,-1,-1,-1
174,30,686.05,444.10,80.60,368.66,0.676,-1,-1,-1
174,28,468.01,458.29,38.72,116.94,0.736,-1,-1,-1
174,31,505.08,455.53,35.44,103.73,0.627,-1,-1,-1
174,32,1079.63,446.67,50.67,149.99,0.623,-1,-1,-1
174,6,1165.90,451.58,39.12,95.86,0.622,-1,-1,-1
175,2,763.38,436.63,121.95,359.44,0.894,-1,-1,-1
175,3,564.15,428.54,200.31,480.94,0.920,-1,-1,-1
175,5,877.31,445.96,114.20,293.50,0.916,-1,-1,-1
175,27,953.03,430.58,81.57,262.81,0.862,-1,-1,-1
175,30,689.43,443.60,80.33,369.50,0.601,-1,-1,-1
175,28,468.15,458.12,38.33,116.98,0.714,-1,-1,-1
175,31,503.26,456.10,35.39,103.50,0.603,-1,-1,-1
175,6,1160.97,448.60,42.82,98.56,0.643,-1,-1,-1
176,2,763.85,437.18,121.45,361.60,0.893,-1,-1,-1
176,3,565.26,428.20,202.16,482.87,0.931,-1,-1,-1
176,5,878.19,444.96,114.85,294.59,0.916,-1,-1,-1
176,27,959.21,431.05,82.27,262.76,0.888,-1,-1,-1
176,28,468.44,459.19,37.56,115.98,0.757,-1,-1,-1
176,31,502.03,455.28,35.51,103.87,0.673,-1,-1,-1
176,6,1160.00,449.23,44.32,97.57,0.690,-1,-1,-1
177,2,765.17,437.88,120.99,362.56,0.886,-1,-1,-1
177,3,569.29,427.88,202.68,484.73,0.927,-1,-1,-1
177,5,879.48,444.27,115.16,295.36,0.910,-1,-1,-1
177,27,964.53,432.38,83.41,262.85,0.874,-1,-1,-1
177,28,468.26,459.15,37.41,116.61,0.783,-1,-1,-1
177,31,501.99,454.73,35.78,104.45,0.675,-1,-1,-1
177,6,1158.72,447.46,46.45,99.42,0.776,-1,-1,-1
177,32,1078.92,454.64,48.12,141.93,0.601,-1,-1,-1
178,2,766.95,438.10,120.15,362.91,0.890,-1,-1,-1
178,3,571.14,427.44,203.05,486.43,0.932,-1,-1,-1
178,5,882.74,443.94,114.90,295.98,0.905,-1,-1,-1
178,27,970.24,432.15,85.13,263.72,0.865,-1,-1,-1
178,28,467.71,459.40,36.90,116.15,0.768,-1,-1,-1
178,31,500.08,453.42,36.05,105.47,0.662,-1,-1,-1
178,6,1156.11,444.50,48.46,102.66,0.775,-1,-1,-1
179,2,768.79,437.37,119.67,363.88,0.881,-1,-1,-1
179,3,573.33,426.71,202.72,487.64,0.927,-1,-1,-1
179,5,886.48,443.74,114.31,296.30,0.906,-1,-1,-1
179,27,975.18,437.83,85.44,259.09,0.856,-1,-1,-1
179,28,467.01,459.88,36.84,116.12,0.768,-1,-1,-1
179,31,499.95,452.94,36.20,105.97,0.645,-1,-1,-1
179,6,1155.33,443.54,48.98,103.40,0.779,-1,-1,-1
180,2,771.84,436.62,119.36,365.01,0.894,-1,-1,-1
180,3,575.34,425.50,202.33,489.37,0.924,-1,-1,-1
180,5,889.94,443.74,113.49,296.29,0.906,-1,-1,-1
180,27,978.41,439.02,87.34,259.67,0.869,-1,-1,-1
180,28,466.79,461.19,36.56,114.90,0.797,-1,-1,-1
180,31,500.56,453.26,36.24,106.09,0.652,-1,-1,-1
180,6,1154.45,442.59,49.36,104.15,0.789,-1,-1,-1
181,2,774.28,435.88,119.00,365.20,0.893,-1,-1,-1
181,3,578.19,423.45,202.26,491.72,0.923,-1,-1,-1
181,5,896.24,445.70,111.32,294.43,0.897,-1,-1,-1
181,27,978.89,439.58,89.03,260.49,0.884,-1,-1,-1
181,28,466.58,461.57,36.51,114.35,0.796,-1,-1,-1
181,31,500.82,453.36,36.22,106.16,0.636,-1,-1,-1
181,6,1153.88,442.73,48.90,103.94,0.794,-1,-1,-1
182,2,776.56,434.92,119.04,367.01,0.906,-1,-1,-1
182,3,580.84,422.73,201.91,492.64,0.924,-1,-1,-1
182,5,901.18,444.50,110.17,296.19,0.909,-1,-1,-1
182,27,978.90,440.18,90.28,262.20,0.866,-1,-1,-1
182,28,465.86,461.98,36.42,113.56,0.799,-1,-1,-1
182,31,500.02,453.08,36.12,106.10,0.622,-1,-1,-1
182,6,1152.77,442.99,48.19,103.77,0.791,-1,-1,-1
183,2,778.85,434.22,118.90,368.02,0.909,-1,-1,-1
183,3,584.18,421.55,201.81,493.82,0.912,-1,-1,-1
183,5,905.57,442.43,109.27,298.96,0.910,-1,-1,-1
183,27,981.58,441.75,90.70,262.11,0.858,-1,-1,-1
183,28,466.12,462.51,36.40,112.73,0.794,-1,-1,-1
183,6,1152.00,442.75,47.26,103.62,0.774,-1,-1,-1
183,33,569.65,457.60,51.62,115.07,0.683,-1,-1,-1
184,2,780.50,433.60,119.05,368.77,0.898,-1,-1,-1
184,3,589.71,420.51,200.61,494.84,0.906,-1,-1,-1
184,5,909.86,441.21,107.91,301.05,0.905,-1,-1,-1
184,27,983.54,441.35,90.96,262.93,0.828,-1,-1,-1
184,28,465.72,462.88,36.56,112.34,0.788,-1,-1,-1
184,6,1151.52,444.51,46.13,102.00,0.788,-1,-1,-1
184,33,568.79,462.72,53.09,118.45,0.700,-1,-1,-1
184,31,498.90,453.34,35.97,105.85,0.636,-1,-1,-1
185,2,783.27,433.48,118.70,369.11,0.902,-1,-1,-1
185,3,594.25,419.81,198.59,495.49,0.908,-1,-1,-1
185,5,913.30,440.48,106.90,304.20,0.894,-1,-1,-1
185,27,985.39,433.91,93.23,270.76,0.795,-1,-1,-1
185,28,466.43,463.69,36.60,111.42,0.785,-1,-1,-1
185,6,1151.31,444.59,45.87,102.06,0.758,-1,-1,-1
185,33,565.87,460.55,61.69,138.02,0.751,-1,-1,-1
185,31,498.84,453.14,35.89,105.83,0.613,-1,-1,-1
186,2,785.71,433.54,118.62,369.23,0.904,-1,-1,-1
186,3,598.17,419.77,196.28,495.51,0.907,-1,-1,-1
186,5,916.48,441.60,105.86,306.98,0.897,-1,-1,-1
186,27,990.10,440.58,90.96,264.26,0.822,-1,-1,-1
186,28,466.91,463.56,36.92,111.75,0.772,-1,-1,-1
186,6,1152.16,445.45,45.84,101.35,0.768,-1,-1,-1
186,33,563.00,455.18,67.72,152.33,0.779,-1,-1,-1
187,2,788.41,433.41,118.86,369.59,0.901,-1,-1,-1
187,3,602.66,419.63,194.20,496.05,0.904,-1,-1,-1
187,5,920.85,441.93,105.17,309.53,0.893,-1,-1,-1
187,27,992.85,443.17,89.75,261.70,0.807,-1,-1,-1
187,28,466.94,463.62,37.16,111.51,0.763,-1,-1,-1
187,6,1154.06,446.40,46.21,100.33,0.787,-1,-1,-1
187,33,563.57,455.45,69.33,156.41,0.799,-1,-1,-1
187,31,504.47,452.25,36.81,108.21,0.677,-1,-1,-1
188,2,790.38,432.98,119.21,370.44,0.905,-1,-1,-1
188,3,606.56,417.74,193.80,500.74,0.902,-1,-1,-1
188,5,926.60,442.85,103.70,308.16,0.891,-1,-1,-1
188,27,993.00,427.07,94.47,277.99,0.836,-1,-1,-1
188,28,465.50,463.09,37.56,112.20,0.738,-1,-1,-1
188,6,1154.38,445.12,47.76,101.78,0.795,-1,-1,-1
188,33,563.05,453.87,71.03,161.00,0.805,-1,-1,-1
189,2,792.26,432.42,119.29,370.75,0.907,-1,-1,-1
189,3,609.57,416.66,194.75,508.28,0.910,-1,-1,-1
189,5,933.34,443.88,103.31,307.38,0.910,-1,-1,-1
189,27,994.60,420.18,95.79,285.22,0.856,-1,-1,-1
189,28,466.05,463.00,37.84,112.41,0.767,-1,-1,-1
189,6,1154.82,444.29,49.19,102.93,0.769,-1,-1,-1
189,33,563.41,453.75,72.35,164.73,0.806,-1,-1,-1
190,2,794.16,431.98,119.29,371.04,0.911,-1,-1,-1
190,3,611.20,416.40,196.89,518.88,0.906,-1,-1,-1
190,5,940.70,444.87,103.13,305.42,0.916,-1,-1,-1
190,27,998.17,420.26,94.49,285.19,0.835,-1,-1,-1
190,28,465.49,461.77,38.21,113.76,0.745,-1,-1,-1
190,6,1154.22,444.75,49.84,102.46,0.759,-1,-1,-1
190,33,563.50,453.08,72.11,165.09,0.819,-1,-1,-1
191,2,795.28,431.84,118.71,370.74,0.908,-1,-1,-1
191,3,614.49,416.78,196.90,524.55,0.912,-1,-1,-1
191,5,945.31,445.50,103.66,305.06,0.909,-1,-1,-1
191,27,1003.79,427.16,91.73,278.10,0.845,-1,-1,-1
191,28,463.96,462.04,38.04,113.55,0.775,-1,-1,-1
191,6,1152.93,444.85,50.49,102.44,0.730,-1,-1,-1
191,33,563.28,453.24,71.77,165.41,0.833,-1,-1,-1
191,31,497.80,451.69,36.47,107.56,0.665,-1,-1,-1
192,2,797.25,431.71,118.14,369.65,0.914,-1,-1,-1
192,3,616.85,417.07,197.09,530.82,0.914,-1,-1,-1
192,5,948.27,447.65,104.61,305.19,0.913,-1,-1,-1
192,27,1008.34,431.76,89.96,273.76,0.824,-1,-1,-1
192,28,463.42,461.86,38.24,113.71,0.786,-1,-1,-1
192,6,1150.89,444.37,51.47,103.14,0.747,-1,-1,-1
192,33,563.53,453.01,71.19,164.81,0.833,-1,-1,-1
192,31,497.67,451.61,36.60,107.73,0.631,-1,-1,-1
193,2,800.17,431.81,117.53,368.32,0.911,-1,-1,-1
193,3,619.33,416.66,196.24,535.69,0.915,-1,-1,-1
193,5,949.37,446.10,106.97,309.20,0.915,-1,-1,-1
193,27,1014.26,436.68,88.33,269.56,0.813,-1,-1,-1
193,28,462.60,461.64,38.43,113.90,0.766,-1,-1,-1
193,6,1148.01,443.97,51.92,103.61,0.697,-1,-1,-1
193,33,563.62,453.02,70.89,165.42,0.836,-1,-1,-1
194,2,803.17,432.03,118.14,369.71,0.918,-1,-1,-1
194,3,622.25,417.16,195.06,540.53,0.911,-1,-1,-1
194,5,949.15,446.04,108.59,311.39,0.897,-1,-1,-1
194,27,1016.54,437.76,88.57,271.78,0.810,-1,-1,-1
194,28,461.53,460.54,38.93,115.12,0.791,-1,-1,-1
194,6,1149.29,444.61,52.35,102.91,0.683,-1,-1,-1
194,33,564.15,452.94,70.29,164.91,0.833,-1,-1,-1
194,31,497.87,453.01,36.26,106.66,0.653,-1,-1,-1
195,2,805.87,431.77,119.06,370.64,0.910,-1,-1,-1
195,3,624.52,416.90,194.37,546.77,0.899,-1,-1,-1
195,5,949.83,446.36,110.33,313.28,0.897,-1,-1,-1
195,27,1020.78,436.86,89.33,274.83,0.833,-1,-1,-1
195,28,460.88,460.03,39.22,115.58,0.744,-1,-1,-1
195,33,563.95,452.06,70.01,165.42,0.830,-1,-1,-1
196,2,811.69,432.15,120.77,370.68,0.928,-1,-1,-1
196,3,628.73,416.47,192.11,547.46,0.902,-1,-1,-1
196,5,950.62,446.60,111.59,314.27,0.884,-1,-1,-1
196,27,1025.74,433.95,90.71,278.55,0.852,-1,-1,-1
196,28,460.55,461.53,38.86,114.10,0.763,-1,-1,-1
196,33,564.29,453.57,68.87,163.70,0.828,-1,-1,-1
196,6,1138.27,447.71,49.28,99.77,0.649,-1,-1,-1
197,2,817.29,432.97,123.38,371.25,0.932,-1,-1,-1
197,3,633.02,416.37,189.64,547.93,0.896,-1,-1,-1
197,5,952.79,446.57,112.01,314.62,0.892,-1,-1,-1
197,27,1029.78,436.58,90.46,277.35,0.810,-1,-1,-1
197,28,459.96,461.75,38.77,113.77,0.720,-1,-1,-1
197,33,564.63,453.96,68.49,163.60,0.824,-1,-1,-1
197,6,1136.76,447.30,48.49,100.30,0.673,-1,-1,-1
198,2,823.04,433.52,126.15,371.36,0.933,-1,-1,-1
198,3,637.41,416.42,186.92,545.87,0.870,-1,-1,-1
198,5,956.80,446.48,111.69,314.75,0.882,-1,-1,-1
198,27,1034.49,437.63,90.93,277.14,0.853,-1,-1,-1
198,28,459.60,461.19,38.94,113.90,0.688,-1,-1,-1
198,33,565.19,449.85,69.61,167.88,0.799,-1,-1,-1
198,6,1136.62,446.96,47.59,100.64,0.646,-1,-1,-1
199,2,827.49,433.87,129.39,371.72,0.931,-1,-1,-1
199,3,644.79,417.10,184.15,544.67,0.852,-1,-1,-1
199,5,960.42,447.06,110.78,314.02,0.867,-1,-1,-1
199,27,1038.51,438.04,91.79,277.88,0.847,-1,-1,-1
199,28,458.17,462.03,38.94,113.16,0.738,-1,-1,-1
199,33,566.44,447.71,69.98,169.62,0.823,-1,-1,-1
199,6,1136.94,445.11,47.64,102.74,0.698,-1,-1,-1
199,29,1177.73,445.84,38.64,100.42,0.620,-1,-1,-1
199,31,509.97,452.91,36.94,107.87,0.613,-1,-1,-1
200,2,830.33,434.70,132.69,371.97,0.934,-1,-1,-1
200,3,651.21,417.89,182.42,545.23,0.855,-1,-1,-1
200,5,965.79,446.05,109.90,314.82,0.880,-1,-1,-1
200,27,1042.06,437.91,92.71,279.79,0.852,-1,-1,-1
200,28,458.40,464.15,38.37,111.02,0.634,-1,-1,-1
200,33,566.97,447.88,69.83,169.80,0.828,-1,-1,-1
200,6,1135.98,442.57,47.98,105.31,0.695,-1,-1,-1
201,2,831.73,435.14,135.44,374.10,0.935,-1,-1,-1
201,3,654.48,418.95,181.11,544.79,0.862,-1,-1,-1
201,5,970.91,443.84,109.25,317.14,0.887,-1,-1,-1
201,27,1044.84,438.30,93.56,281.47,0.848,-1,-1,-1
201,28,457.45,462.57,39.03,112.26,0.650,-1,-1,-1
201,33,568.17,448.84,69.67,169.52,0.846,-1,-1,-1
201,6,1135.09,441.91,47.70,106.30,0.751,-1,-1,-1
201,31,510.53,454.49,36.88,106.59,0.637,-1,-1,-1
202,2,831.93,435.59,137.30,375.62,0.935,-1,-1,-1
202,3,657.45,419.10,180.84,546.59,0.872,-1,-1,-1
202,5,976.19,443.68,107.66,317.31,0.881,-1,-1,-1
202,27,1047.11,438.78,93.79,281.93,0.853,-1,-1,-1
202,28,456.65,464.27,38.73,110.77,0.632,-1,-1,-1
202,33,569.82,450.15,69.39,167.89,0.844,-1,-1,-1
202,6,1134.66,441.65,47.54,107.25,0.727,-1,-1,-1
202,31,510.99,454.90,36.85,105.94,0.646,-1,-1,-1
202,29,1181.23,447.77,36.63,97.48,0.617,-1,-1,-1
203,2,831.60,435.29,139.15,377.49,0.934,-1,-1,-1
203,3,656.21,419.43,181.96,549.44,0.878,-1,-1,-1
203,5,981.21,444.44,105.87,316.64,0.888,-1,-1,-1
203,27,1050.13,437.19,94.30,284.24,0.863,-1,-1,-1
203,28,455.29,464.22,39.07,110.33,0.618,-1,-1,-1
203,33,570.14,445.60,71.58,173.17,0.846,-1,-1,-1
203,6,1134.88,439.01,47.68,109.63,0.695,-1,-1,-1
204,2,832.14,434.67,140.53,378.67,0.931,-1,-1,-1
204,3,659.00,419.71,183.44,555.27,0.907,-1,-1,-1
204,5,985.87,444.24,104.52,317.25,0.893,-1,-1,-1
204,27,1053.94,435.52,94.10,286.27,0.854,-1,-1,-1
204,28,454.96,463.55,39.57,111.04,0.674,-1,-1,-1
204,33,571.30,446.64,71.33,172.74,0.845,-1,-1,-1
204,6,1134.05,439.86,46.17,107.72,0.620,-1,-1,-1
204,29,1184.39,447.83,36.64,97.98,0.653,-1,-1,-1
205,2,832.80,433.48,141.95,379.99,0.932,-1,-1,-1
205,3,661.14,419.17,184.80,561.76,0.911,-1,-1,-1
205,5,990.48,444.42,103.12,317.14,0.890,-1,-1,-1
205,27,1057.73,435.31,93.15,286.36,0.835,-1,-1,-1
205,33,570.78,441.44,73.41,178.89,0.846,-1,-1,-1
205,29,1186.51,448.51,36.90,97.89,0.602,-1,-1,-1
206,2,833.13,431.90,143.31,381.72,0.920,-1,-1,-1
206,3,662.70,418.40,186.39,568.99,0.914,-1,-1,-1
206,5,996.49,443.27,102.71,318.57,0.887,-1,-1,-1
206,27,1060.95,433.77,92.98,288.06,0.872,-1,-1,-1
206,33,573.45,445.34,71.80,175.48,0.856,-1,-1,-1
206,29,1187.63,447.99,37.23,98.46,0.690,-1,-1,-1
207,2,835.16,431.04,144.09,382.73,0.913,-1,-1,-1
207,3,664.99,417.41,186.73,573.11,0.912,-1,-1,-1
207,5,1005.04,443.30,103.46,319.00,0.901,-1,-1,-1
207,27,1065.09,432.68,92.70,290.18,0.873,-1,-1,-1
207,33,574.71,444.30,71.82,176.82,0.848,-1,-1,-1
207,29,1189.24,447.72,37.76,98.96,0.663,-1,-1,-1
208,2,839.14,430.57,145.30,383.17,0.906,-1,-1,-1
208,3,668.46,416.47,186.13,574.94,0.899,-1,-1,-1
208,5,1014.96,443.65,105.32,318.66,0.905,-1,-1,-1
208,27,1068.86,430.98,92.15,292.30,0.846,-1,-1,-1
208,33,577.70,449.25,69.58,172.31,0.846,-1,-1,-1
208,29,1190.33,447.07,37.81,98.99,0.708,-1,-1,-1
208,31,509.25,454.33,36.97,106.37,0.663,-1,-1,-1
209,2,841.02,430.21,145.71,383.46,0.899,-1,-1,-1
209,3,670.95,412.80,186.19,579.81,0.895,-1,-1,-1
209,5,1024.00,443.34,108.38,319.03,0.915,-1,-1,-1
209,27,1073.53,429.53,91.38,293.45,0.833,-1,-1,-1
209,33,580.26,452.57,68.02,168.89,0.855,-1,-1,-1
209,29,1190.75,446.23,38.20,99.96,0.726,-1,-1,-1
209,31,509.97,454.34,37.11,106.67,0.680,-1,-1,-1
210,2,843.18,429.05,146.12,384.38,0.910,-1,-1,-1
210,3,675.36,410.39,185.03,581.71,0.891,-1,-1,-1
210,5,1031.83,444.64,111.87,317.84,0.925,-1,-1,-1
210,27,1081.64,428.38,84.50,271.78,0.755,-1,-1,-1
210,33,581.18,450.14,68.53,170.98,0.844,-1,-1,-1
210,29,1191.40,446.56,38.48,100.27,0.723,-1,-1,-1
210,31,509.77,454.31,36.99,106.65,0.686,-1,-1,-1
210,28,442.45,465.13,40.22,111.08,0.621,-1,-1,-1
211,2,848.09,428.52,146.85,384.89,0.905,-1,-1,-1
211,3,676.88,409.83,184.10,581.96,0.894,-1,-1,-1
211,5,1037.47,446.06,115.93,316.51,0.934,-1,-1,-1
211,27,1086.57,429.23,82.09,264.91,0.755,-1,-1,-1
211,33,583.36,450.80,68.32,170.40,0.845,-1,-1,-1
211,29,1192.73,447.58,38.25,99.47,0.690,-1,-1,-1
211,31,510.09,454.24,36.92,106.87,0.712,-1,-1,-1
211,28,440.61,464.93,40.56,111.19,0.707,-1,-1,-1
212,2,852.79,428.50,146.55,385.07,0.899,-1,-1,-1
212,3,679.93,409.05,183.13,582.61,0.895,-1,-1,-1
212,5,1040.08,446.84,120.34,316.50,0.934,-1,-1,-1
212,27,1090.36,428.69,84.37,274.82,0.809,-1,-1,-1
212,33,585.77,449.71,68.72,171.55,0.841,-1,-1,-1
212,29,1194.36,449.18,37.86,98.25,0.680,-1,-1,-1
212,31,510.96,454.21,36.64,106.65,0.708,-1,-1,-1
212,28,439.74,464.94,40.66,110.33,0.659,-1,-1,-1
213,2,860.80,428.71,145.66,385.00,0.902,-1,-1,-1
213,3,683.84,409.60,181.77,581.64,0.878,-1,-1,-1
213,5,1039.81,447.95,124.59,316.71,0.932,-1,-1,-1
213,27,1095.55,430.74,85.53,281.15,0.760,-1,-1,-1
213,33,588.02,449.74,69.06,171.61,0.858,-1,-1,-1
213,29,1194.95,448.81,37.89,97.92,0.649,-1,-1,-1
213,31,510.78,454.17,36.58,106.68,0.719,-1,-1,-1
213,28,438.50,465.80,40.74,108.97,0.684,-1,-1,-1
214,2,867.11,428.40,144.71,385.81,0.911,-1,-1,-1
214,3,688.48,409.60,180.47,581.19,0.884,-1,-1,-1
214,5,1038.69,448.06,129.61,318.95,0.934,-1,-1,-1
214,27,1103.62,432.28,86.24,283.49,0.654,-1,-1,-1
214,33,589.43,447.56,69.90,173.49,0.840,-1,-1,-1
214,29,1195.77,448.48,38.13,98.17,0.619,-1,-1,-1
214,31,510.67,453.56,36.74,107.44,0.714,-1,-1,-1
214,28,438.13,464.76,41.23,109.61,0.698,-1,-1,-1
215,2,870.10,427.78,144.07,389.01,0.914,-1,-1,-1
215,3,688.04,408.90,180.76,581.79,0.864,-1,-1,-1
215,5,1037.58,448.07,134.14,321.25,0.928,-1,-1,-1
215,27,1111.94,431.08,87.85,287.77,0.726,-1,-1,-1
215,33,591.19,448.63,69.62,172.59,0.841,-1,-1,-1
215,29,1197.06,447.62,38.22,98.40,0.646,-1,-1,-1
215,31,510.21,453.53,36.71,107.59,0.691,-1,-1,-1
215,28,437.79,465.80,41.24,108.39,0.668,-1,-1,-1
216,2,874.78,427.63,143.44,391.11,0.915,-1,-1,-1
216,3,690.65,407.64,181.30,583.02,0.862,-1,-1,-1
216,5,1037.45,448.13,138.03,322.84,0.926,-1,-1,-1
216,27,1121.61,433.14,88.84,287.38,0.640,-1,-1,-1
216,33,593.57,452.00,68.99,169.96,0.850,-1,-1,-1
216,31,510.47,453.19,36.91,107.85,0.715,-1,-1,-1
216,28,437.47,464.81,42.06,109.63,0.684,-1,-1,-1
217,2,878.00,427.73,143.10,393.58,0.916,-1,-1,-1
217,3,692.10,407.01,182.43,583.64,0.860,-1,-1,-1
217,5,1038.63,449.88,140.00,321.61,0.913,-1,-1,-1
217,27,1128.71,430.85,91.69,291.89,0.615,-1,-1,-1
217,33,594.62,453.81,68.96,168.79,0.851,-1,-1,-1
217,31,510.23,453.01,37.07,108.00,0.702,-1,-1,-1
217,28,435.67,464.81,42.90,110.13,0.692,-1,-1,-1
217,29,1201.69,446.98,39.37,100.40,0.609,-1,-1,-1
218,2,880.31,428.04,142.21,394.51,0.914,-1,-1,-1
218,3,692.31,405.76,184.28,585.14,0.880,-1,-1,-1
218,5,1039.00,445.63,143.43,326.14,0.910,-1,-1,-1
218,27,1135.44,430.25,93.67,294.69,0.701,-1,-1,-1
218,33,596.52,453.63,69.49,169.81,0.855,-1,-1,-1
218,31,509.78,453.11,37.24,107.89,0.731,-1,-1,-1
218,28,434.06,465.63,43.59,109.53,0.652,-1,-1,-1
218,36,1032.33,439.07,56.17,128.99,0.602,-1,-1,-1
218,29,1203.00,447.35,39.59,99.82,0.624,-1,-1,-1
219,2,882.71,428.18,142.27,398.45,0.911,-1,-1,-1
219,3,695.27,406.24,186.60,585.04,0.895,-1,-1,-1
219,5,1040.14,443.70,145.19,327.85,0.911,-1,-1,-1
219,33,597.05,454.33,69.60,170.16,0.842,-1,-1,-1
219,31,509.09,452.64,37.63,108.31,0.746,-1,-1,-1
219,28,433.13,466.43,44.22,108.75,0.622,-1,-1,-1
219,29,1204.24,447.10,40.16,100.93,0.635,-1,-1,-1
220,2,884.02,428.24,142.54,403.33,0.915,-1,-1,-1
220,3,707.05,405.93,187.77,585.29,0.877,-1,-1,-1
220,5,1042.96,444.15,145.28,327.39,0.879,-1,-1,-1
220,33,597.51,454.26,69.35,169.67,0.843,-1,-1,-1
220,31,508.69,452.18,38.03,109.00,0.745,-1,-1,-1
220,28,432.64,465.72,45.08,109.20,0.651,-1,-1,-1
221,2,885.64,428.18,142.19,406.77,0.914,-1,-1,-1
221,3,716.96,405.36,189.58,585.80,0.892,-1,-1,-1
221,5,1049.64,442.64,144.85,329.30,0.898,-1,-1,-1
221,33,599.01,454.24,68.46,168.27,0.836,-1,-1,-1
221,31,508.50,452.55,37.99,108.43,0.747,-1,-1,-1
221,28,433.25,467.38,44.89,107.47,0.645,-1,-1,-1
221,27,1146.72,431.37,94.46,297.31,0.688,-1,-1,-1
222,2,887.89,428.07,141.78,409.79,0.911,-1,-1,-1
222,3,725.23,404.19,193.75,586.95,0.898,-1,-1,-1
222,5,1057.13,440.73,143.33,331.14,0.900,-1,-1,-1
222,33,598.71,454.19,68.23,169.21,0.838,-1,-1,-1
222,31,507.61,451.31,38.58,109.88,0.743,-1,-1,-1
222,28,432.59,466.98,45.66,108.24,0.625,-1,-1,-1
222,27,1151.65,430.66,93.80,299.14,0.816,-1,-1,-1
223,2,890.73,428.51,140.60,410.65,0.914,-1,-1,-1
223,3,735.73,403.71,199.01,587.82,0.896,-1,-1,-1
223,5,1066.20,440.17,140.55,332.63,0.907,-1,-1,-1
223,33,600.01,453.77,67.61,169.90,0.837,-1,-1,-1
223,31,507.20,451.00,38.81,110.12,0.734,-1,-1,-1
223,28,432.13,469.73,45.53,105.64,0.648,-1,-1,-1
223,27,1156.10,434.60,91.13,295.36,0.742,-1,-1,-1
224,2,893.64,429.45,139.30,411.32,0.916,-1,-1,-1
224,3,746.46,403.67,203.81,587.94,0.926,-1,-1,-1
224,5,1074.60,439.69,137.02,333.93,0.897,-1,-1,-1
224,33,601.10,454.64,67.24,170.72,0.836,-1,-1,-1
224,31,507.04,449.84,39.43,111.37,0.736,-1,-1,-1
224,28,431.45,470.90,46.14,104.55,0.623,-1,-1,-1
224,27,1158.84,431.80,90.16,298.47,0.719,-1,-1,-1
225,2,895.29,429.55,138.40,413.89,0.914,-1,-1,-1
225,3,755.12,403.51,209.88,588.84,0.928,-1,-1,-1
225,5,1081.92,438.90,133.96,336.33,0.884,-1,-1,-1
225,33,602.01,454.63,67.12,172.72,0.846,-1,-1,-1
225,31,506.88,450.24,39.39,110.91,0.721,-1,-1,-1
225,28,429.27,470.00,47.37,105.82,0.683,-1,-1,-1
225,27,1167.17,439.01,86.36,291.05,0.697,-1,-1,-1
226,2,898.39,429.70,137.56,415.03,0.908,-1,-1,-1
226,3,762.59,403.37,216.33,589.25,0.919,-1,-1,-1
226,5,1089.26,445.37,128.63,332.33,0.892,-1,-1,-1
226,33,602.62,454.32,66.60,173.79,0.847,-1,-1,-1
226,31,506.10,449.22,39.84,111.97,0.702,-1,-1,-1
226,28,427.62,470.32,47.49,105.23,0.683,-1,-1,-1
226,27,1169.02,431.30,86.96,298.89,0.787,-1,-1,-1
227,2,900.07,429.74,136.41,415.41,0.909,-1,-1,-1
227,3,767.73,403.45,222.84,589.12,0.927,-1,-1,-1
227,5,1094.29,442.75,127.16,337.68,0.894,-1,-1,-1
227,33,603.54,454.59,65.65,173.65,0.852,-1,-1,-1
227,31,506.14,450.31,39.51,110.93,0.697,-1,-1,-1
227,28,427.42,472.66,46.74,103.06,0.631,-1,-1,-1
227,27,1173.65,427.62,86.59,302.63,0.825,-1,-1,-1
228,2,901.84,428.98,135.63,416.26,0.903,-1,-1,-1
228,3,770.07,404.32,229.50,590.11,0.927,-1,-1,-1
228,5,1098.19,440.30,126.14,344.88,0.905,-1,-1,-1
228,33,604.06,454.08,64.94,174.38,0.850,-1,-1,-1
228,31,506.49,451.38,39.18,109.83,0.695,-1,-1,-1
228,28,427.20,472.79,47.13,103.11,0.682,-1,-1,-1
228,27,1177.39,425.18,86.05,305.26,0.836,-1,-1,-1
229,2,903.26,428.06,135.29,417.34,0.910,-1,-1,-1
229,3,775.40,404.14,235.01,591.04,0.926,-1,-1,-1
229,5,1105.33,440.19,124.27,347.48,0.889,-1,-1,-1
229,33,604.77,453.85,64.23,174.34,0.839,-1,-1,-1
229,31,506.96,451.94,38.95,109.15,0.675,-1,-1,-1
229,28,426.53,472.09,47.91,103.95,0.682,-1,-1,-1
229,27,1182.47,424.27,85.34,306.22,0.860,-1,-1,-1
230,2,905.31,426.96,135.79,418.71,0.906,-1,-1,-1
230,3,780.21,405.23,238.85,591.40,0.925,-1,-1,-1
230,5,1115.08,441.32,123.16,347.05,0.903,-1,-1,-1
230,33,607.42,452.88,64.20,175.42,0.811,-1,-1,-1
230,31,507.03,451.91,38.99,109.04,0.684,-1,-1,-1
230,28,426.15,472.86,47.59,103.08,0.690,-1,-1,-1
230,27,1187.25,423.82,84.34,306.60,0.810,-1,-1,-1
230,36,1050.56,440.78,53.45,123.17,0.627,-1,-1,-1
231,2,909.48,426.18,135.75,419.67,0.911,-1,-1,-1
231,3,782.42,405.97,242.17,590.90,0.927,-1,-1,-1
231,5,1126.17,441.76,122.86,345.39,0.913,-1,-1,-1
231,33,609.53,451.92,64.34,176.16,0.839,-1,-1,-1
231,31,507.30,452.82,38.72,108.01,0.699,-1,-1,-1
231,28,425.84,473.11,47.47,102.67,0.624,-1,-1,-1
231,27,1191.18,422.89,83.61,308.07,0.728,-1,-1,-1
231,36,1053.36,441.86,53.55,123.92,0.624,-1,-1,-1
232,2,912.71,425.96,135.62,420.25,0.906,-1,-1,-1
232,3,784.76,407.80,244.26,589.11,0.919,-1,-1,-1
232,5,1134.12,442.12,123.81,345.66,0.920,-1,-1,-1
232,33,611.70,453.43,63.49,174.37,0.834,-1,-1,-1
232,31,507.68,452.88,38.69,107.77,0.645,-1,-1,-1
232,28,424.42,471.74,48.09,104.13,0.613,-1,-1,-1
232,27,1194.75,422.94,84.00,315.13,0.732,-1,-1,-1
233,2,915.37,425.59,135.41,420.63,0.906,-1,-1,-1
233,3,784.41,407.38,247.14,590.95,0.922,-1,-1,-1
233,5,1137.79,442.21,125.23,346.97,0.919,-1,-1,-1
233,33,612.75,454.53,62.87,172.67,0.832,-1,-1,-1
233,31,507.84,452.33,38.95,108.48,0.695,-1,-1,-1
233,27,1200.32,424.81,82.81,315.76,0.631,-1,-1,-1
233,37,724.87,432.91,148.03,427.15,0.780,-1,-1,-1
234,2,917.76,425.50,134.70,420.47,0.902,-1,-1,-1
234,3,786.15,407.28,248.53,590.59,0.917,-1,-1,-1
234,5,1139.15,442.41,127.18,349.76,0.912,-1,-1,-1
234,33,614.33,456.56,62.19,170.17,0.845,-1,-1,-1
234,31,507.68,451.96,39.11,108.86,0.708,-1,-1,-1
234,27,1207.96,424.97,82.99,317.31,0.691,-1,-1,-1
234,37,723.49,433.45,148.03,428.16,0.790,-1,-1,-1
234,28,422.22,472.31,47.34,103.33,0.619,-1,-1,-1
235,2,919.60,425.25,133.68,420.65,0.906,-1,-1,-1
235,3,787.91,406.74,249.51,590.81,0.924,-1,-1,-1
235,5,1140.05,443.36,129.67,353.89,0.916,-1,-1,-1
235,33,616.00,455.97,62.50,171.14,0.858,-1,-1,-1
235,31,507.64,450.97,39.40,109.86,0.728,-1,-1,-1
235,27,1215.27,424.91,83.55,318.46,0.787,-1,-1,-1
235,37,729.01,434.32,147.61,428.26,0.793,-1,-1,-1
235,28,420.66,471.77,47.23,103.83,0.619,-1,-1,-1
236,2,924.69,424.81,132.64,421.05,0.900,-1,-1,-1
236,3,787.88,406.39,250.20,590.89,0.908,-1,-1,-1
236,5,1141.21,443.00,131.59,356.92,0.915,-1,-1,-1
236,33,618.02,455.65,62.65,171.64,0.855,-1,-1,-1
236,31,507.19,451.40,39.13,109.46,0.687,-1,-1,-1
236,27,1222.32,425.29,84.18,319.57,0.778,-1,-1,-1
236,37,728.93,434.57,147.24,428.95,0.773,-1,-1,-1
236,28,419.23,469.38,48.00,106.38,0.679,-1,-1,-1
237,2,930.01,424.12,131.67,421.72,0.884,-1,-1,-1
237,3,789.07,403.95,250.93,593.12,0.906,-1,-1,-1
237,5,1142.05,442.67,132.94,358.63,0.913,-1,-1,-1
237,33,617.81,452.64,63.64,174.79,0.832,-1,-1,-1
237,31,506.63,450.03,39.45,110.84,0.684,-1,-1,-1
237,27,1229.00,426.24,84.67,320.98,0.736,-1,-1,-1
237,37,723.54,435.52,146.92,428.61,0.782,-1,-1,-1
237,28,418.23,467.43,48.16,108.13,0.664,-1,-1,-1
238,2,936.24,423.50,130.03,420.31,0.845,-1,-1,-1
238,3,790.47,402.40,251.21,594.58,0.915,-1,-1,-1
238,5,1144.53,441.77,133.43,360.00,0.904,-1,-1,-1
238,33,621.96,453.80,63.95,174.37,0.849,-1,-1,-1
238,31,506.21,449.70,39.41,110.85,0.687,-1,-1,-1
238,27,1233.94,427.61,84.87,322.16,0.812,-1,-1,-1
238,37,736.36,436.02,145.95,428.16,0.792,-1,-1,-1
238,28,417.54,465.91,48.30,109.86,0.670,-1,-1,-1
238,36,1064.35,441.76,64.85,153.17,0.613,-1,-1,-1
239,2,941.49,422.62,129.04,421.89,0.866,-1,-1,-1
239,3,789.72,401.11,251.75,595.44,0.908,-1,-1,-1
239,5,1149.12,440.49,133.25,361.48,0.893,-1,-1,-1
239,33,627.86,457.95,64.07,170.70,0.867,-1,-1,-1
239,31,506.27,449.62,39.35,110.88,0.688,-1,-1,-1
239,27,1237.70,428.42,84.30,322.61,0.799,-1,-1,-1
239,37,739.77,436.53,144.13,428.40,0.769,-1,-1,-1
239,28,417.00,466.42,47.34,109.26,0.641,-1,-1,-1
239,36,1065.46,440.99,64.41,155.41,0.602,-1,-1,-1
240,2,947.25,422.30,126.77,420.53,0.824,-1,-1,-1
240,3,794.99,403.51,249.84,593.35,0.904,-1,-1,-1
240,5,1153.07,439.19,132.69,363.09,0.872,-1,-1,-1
240,33,630.92,457.73,65.64,171.34,0.874,-1,-1,-1
240,31,506.17,449.71,39.32,110.91,0.717,-1,-1,-1
240,27,1240.13,428.55,83.37,323.21,0.760,-1,-1,-1
240,37,740.25,437.13,142.87,428.64,0.775,-1,-1,-1
240,28,415.80,466.15,46.73,109.31,0.605,-1,-1,-1
240,36,1066.11,439.80,63.73,156.18,0.614,-1,-1,-1
241,2,951.19,422.05,125.41,422.16,0.844,-1,-1,-1
241,3,801.16,403.48,248.30,594.53,0.929,-1,-1,-1
241,5,1159.89,437.79,131.02,364.75,0.883,-1,-1,-1
241,33,632.85,456.80,67.62,172.97,0.905,-1,-1,-1
241,31,505.97,449.69,39.34,110.98,0.721,-1,-1,-1
241,27,1243.60,427.83,82.05,324.22,0.799,-1,-1,-1
241,37,744.52,437.27,141.49,429.16,0.786,-1,-1,-1
241,28,414.87,464.90,46.54,111.06,0.644,-1,-1,-1
242,2,955.38,421.00,123.94,423.12,0.824,-1,-1,-1
242,3,808.92,403.90,246.00,596.05,0.921,-1,-1,-1
242,5,1168.59,436.78,128.28,365.44,0.898,-1,-1,-1
242,33,633.57,456.96,68.67,172.95,0.905,-1,-1,-1
242,31,506.71,449.97,39.17,110.89,0.702,-1,-1,-1
242,27,1247.55,426.56,80.64,325.80,0.789,-1,-1,-1
242,37,749.00,437.48,140.26,430.16,0.811,-1,-1,-1
242,28,414.66,463.53,46.29,112.54,0.645,-1,-1,-1
243,2,961.18,420.21,122.13,423.62,0.795,-1,-1,-1
243,3,817.34,403.25,243.83,599.01,0.912,-1,-1,-1
243,5,1175.86,435.12,126.49,366.84,0.890,-1,-1,-1
243,33,634.04,457.50,69.17,173.10,0.894,-1,-1,-1
243,31,506.86,449.77,39.21,111.17,0.686,-1,-1,-1
243,27,1250.75,425.14,79.16,327.11,0.798,-1,-1,-1
243,37,754.34,436.98,139.19,430.86,0.830,-1,-1,-1
243,28,415.08,462.17,46.07,113.89,0.635,-1,-1,-1
244,2,968.42,419.89,119.22,423.44,0.705,-1,-1,-1
244,3,826.70,402.40,241.65,603.08,0.897,-1,-1,-1
244,5,1185.31,434.04,125.18,367.91,0.887,-1,-1,-1
244,33,634.57,460.32,68.80,170.96,0.894,-1,-1,-1
244,31,507.22,449.92,39.08,110.97,0.670,-1,-1,-1
244,27,1256.48,423.47,78.35,329.49,0.758,-1,-1,-1
244,37,760.30,436.55,138.55,431.63,0.832,-1,-1,-1
244,28,414.99,461.76,45.73,114.18,0.658,-1,-1,-1
245,2,976.20,417.91,116.28,424.34,0.616,-1,-1,-1
245,3,836.67,400.99,240.28,612.82,0.889,-1,-1,-1
245,5,1192.72,433.51,124.30,369.09,0.885,-1,-1,-1
245,33,634.70,461.06,68.96,170.71,0.879,-1,-1,-1
245,31,507.62,449.99,38.96,110.81,0.694,-1,-1,-1
245,27,1262.22,421.01,77.78,331.67,0.700,-1,-1,-1
245,37,768.19,436.11,139.84,435.96,0.850,-1,-1,-1
245,28,414.49,461.32,45.11,114.41,0.625,-1,-1,-1
246,2,981.04,416.63,114.96,428.04,0.657,-1,-1,-1
246,3,848.02,399.87,238.92,621.70,0.888,-1,-1,-1
246,5,1200.13,434.16,123.06,368.34,0.880,-1,-1,-1
246,33,634.52,459.56,69.56,172.05,0.877,-1,-1,-1
246,31,507.71,450.43,38.81,110.39,0.668,-1,-1,-1
246,27,1267.41,419.59,77.06,333.90,0.603,-1,-1,-1
246,37,774.05,436.05,141.45,440.48,0.865,-1,-1,-1
246,28,415.48,461.29,44.59,113.91,0.637,-1,-1,-1
247,2,984.81,414.89,113.63,429.00,0.626,-1,-1,-1
247,3,858.61,400.41,236.76,627.13,0.884,-1,-1,-1
247,5,1207.82,434.82,122.82,367.80,0.902,-1,-1,-1
247,33,634.30,457.26,70.54,174.74,0.873,-1,-1,-1
247,31,506.83,449.02,39.26,111.78,0.708,-1,-1,-1
247,37,776.86,435.62,142.16,442.60,0.873,-1,-1,-1
247,28,414.80,459.71,44.66,115.35,0.720,-1,-1,-1
248,3,871.69,402.78,236.09,631.21,0.894,-1,-1,-1
248,5,1218.01,436.02,123.95,367.46,0.927,-1,-1,-1
248,33,634.79,455.43,71.01,176.56,0.882,-1,-1,-1
248,31,506.78,450.00,39.01,110.87,0.729,-1,-1,-1
248,37,778.43,434.73,142.42,444.15,0.875,-1,-1,-1
248,28,414.93,459.42,44.09,115.09,0.700,-1,-1,-1
249,3,881.58,402.35,236.03,636.23,0.893,-1,-1,-1
249,5,1228.71,436.68,126.73,367.11,0.937,-1,-1,-1
249,33,636.39,454.56,71.06,177.50,0.862,-1,-1,-1
249,31,507.05,450.01,38.99,110.90,0.691,-1,-1,-1
249,37,779.52,433.10,142.59,445.86,0.882,-1,-1,-1
249,28,414.90,460.44,43.19,113.84,0.696,-1,-1,-1
250,3,891.24,400.76,234.56,641.04,0.876,-1,-1,-1
250,5,1238.30,437.44,131.60,367.41,0.937,-1,-1,-1
250,33,640.11,455.03,70.45,177.12,0.847,-1,-1,-1
250,31,507.61,452.32,38.24,108.73,0.702,-1,-1,-1
250,37,781.81,432.46,142.30,447.20,0.894,-1,-1,-1
250,28,413.91,459.93,43.04,114.33,0.648,-1,-1,-1
251,3,896.28,399.54,232.67,644.09,0.871,-1,-1,-1
251,5,1245.86,438.30,137.17,367.03,0.942,-1,-1,-1
251,33,646.12,454.03,70.93,178.13,0.836,-1,-1,-1
251,31,507.36,452.91,38.03,108.03,0.692,-1,-1,-1
251,37,783.77,432.06,141.87,448.52,0.902,-1,-1,-1
251,28,412.93,459.84,42.68,114.14,0.647,-1,-1,-1
252,3,900.42,398.32,229.43,644.80,0.888,-1,-1,-1
252,5,1250.02,439.46,143.22,366.49,0.940,-1,-1,-1
252,33,649.43,453.82,71.13,178.43,0.847,-1,-1,-1
252,31,506.81,452.19,38.40,108.79,0.709,-1,-1,-1
252,37,788.71,431.75,141.32,449.24,0.884,-1,-1,-1
252,28,412.94,460.01,42.38,113.92,0.656,-1,-1,-1
253,3,908.18,398.83,226.56,644.16,0.919,-1,-1,-1
253,5,1250.85,440.91,148.88,366.96,0.935,-1,-1,-1
253,33,651.55,455.30,70.65,177.31,0.837,-1,-1,-1
253,31,506.84,453.24,38.35,107.56,0.755,-1,-1,-1
253,37,791.64,431.56,140.06,449.40,0.888,-1,-1,-1
253,28,411.47,461.06,42.34,113.20,0.705,-1,-1,-1
254,3,913.09,399.38,223.43,643.64,0.917,-1,-1,-1
254,5,1250.32,440.78,154.74,368.82,0.938,-1,-1,-1
254,33,653.04,455.14,70.49,177.29,0.840,-1,-1,-1
254,31,507.08,453.75,38.37,106.96,0.736,-1,-1,-1
254,37,795.94,431.14,138.53,449.10,0.865,-1,-1,-1
254,28,410.24,460.45,42.85,113.96,0.706,-1,-1,-1
254,39,725.19,475.11,51.70,109.99,0.675,-1,-1,-1
255,3,916.39,400.28,220.53,642.92,0.917,-1,-1,-1
255,5,1249.27,440.23,160.74,372.32,0.937,-1,-1,-1
255,33,654.44,455.12,70.62,177.83,0.842,-1,-1,-1
255,31,507.38,453.20,38.57,107.41,0.742,-1,-1,-1
255,37,800.09,430.94,137.66,450.34,0.861,-1,-1,-1
255,28,409.03,462.76,42.49,111.80,0.696,-1,-1,-1
255,39,725.07,476.07,51.99,110.59,0.697,-1,-1,-1
256,3,921.23,400.63,218.25,643.01,0.915,-1,-1,-1
256,5,1247.29,434.61,167.71,380.05,0.929,-1,-1,-1
256,33,656.55,455.74,70.78,177.49,0.865,-1,-1,-1
256,31,506.91,452.36,38.98,108.22,0.748,-1,-1,-1
256,37,802.08,430.49,137.15,453.39,0.846,-1,-1,-1
256,28,406.48,464.19,42.85,111.00,0.716,-1,-1,-1
256,39,726.43,476.91,52.64,111.96,0.722,-1,-1,-1
256,40,1802.13,401.07,114.91,377.82,0.872,-1,-1,-1
256,41,463.82,455.97,42.13,107.12,0.652,-1,-1,-1
257,3,926.15,398.55,217.65,644.80,0.912,-1,-1,-1
257,5,1246.62,430.48,172.69,384.86,0.937,-1,-1,-1
257,33,657.94,456.90,70.68,176.91,0.871,-1,-1,-1
257,31,506.33,452.48,39.21,108.11,0.758,-1,-1,-1
257,37,802.27,430.35,138.42,460.18,0.827,-1,-1,-1
257,28,405.37,463.59,43.77,111.95,0.756,-1,-1,-1
257,39,727.48,477.41,52.84,112.45,0.728,-1,-1,-1
257,40,1802.22,398.03,117.00,384.73,0.871,-1,-1,-1
257,41,463.60,455.67,42.25,107.55,0.675,-1,-1,-1
258,3,931.78,397.43,218.05,646.14,0.898,-1,-1,-1
258,5,1248.19,427.43,175.91,387.99,0.935,-1,-1,-1
258,33,659.08,457.10,71.11,177.86,0.863,-1,-1,-1
258,31,506.96,453.09,39.26,107.72,0.762,-1,-1,-1
258,37,802.78,429.84,139.77,467.51,0.833,-1,-1,-1
258,28,404.28,463.97,43.80,110.98,0.739,-1,-1,-1
258,39,725.64,477.05,55.63,118.55,0.774,-1,-1,-1
258,40,1799.58,399.04,116.95,383.84,0.901,-1,-1,-1
258,36,1107.04,443.19,49.60,112.96,0.617,-1,-1,-1
259,3,926.48,396.33,215.77,647.63,0.857,-1,-1,-1
259,5,1254.09,426.19,177.09,389.39,0.929,-1,-1,-1
259,33,660.70,457.50,71.03,177.29,0.846,-1,-1,-1
259,31,507.07,452.99,39.46,107.87,0.732,-1,-1,-1
259,37,803.20,429.64,140.28,474.05,0.838,-1,-1,-1
259,28,403.23,464.61,44.16,110.61,0.685,-1,-1,-1
259,39,725.80,476.89,56.09,120.06,0.761,-1,-1,-1
259,40,1793.05,400.48,116.72,380.46,0.917,-1,-1,-1
259,36,1106.71,444.24,51.48,111.69,0.625,-1,-1,-1
260,3,926.30,395.91,213.22,648.03,0.864,-1,-1,-1
260,5,1260.53,427.08,176.25,388.95,0.904,-1,-1,-1
260,33,662.67,457.70,70.97,177.20,0.840,-1,-1,-1
260,31,506.29,452.57,39.94,108.36,0.733,-1,-1,-1
260,37,805.73,429.59,141.38,483.53,0.855,-1,-1,-1
260,28,401.90,463.16,45.09,112.02,0.673,-1,-1,-1
260,39,726.10,475.99,56.76,121.99,0.742,-1,-1,-1
260,40,1779.61,400.61,118.31,378.18,0.920,-1,-1,-1
261,3,924.14,396.23,209.88,647.48,0.901,-1,-1,-1
261,5,1269.25,427.01,174.34,388.91,0.886,-1,-1,-1
261,33,663.77,457.71,71.36,178.29,0.844,-1,-1,-1
261,31,505.81,452.59,40.26,108.36,0.683,-1,-1,-1
261,37,806.46,429.88,140.88,488.02,0.839,-1,-1,-1
261,28,400.42,463.44,45.45,111.64,0.663,-1,-1,-1
261,39,725.82,475.16,56.84,122.55,0.697,-1,-1,-1
261,40,1759.86,397.16,123.59,381.09,0.927,-1,-1,-1
262,3,924.88,396.68,206.82,646.69,0.890,-1,-1,-1
262,5,1281.11,426.08,171.56,389.77,0.891,-1,-1,-1
262,33,665.34,459.33,70.83,176.41,0.827,-1,-1,-1
262,31,505.79,454.00,40.03,107.01,0.693,-1,-1,-1
262,37,807.50,430.44,140.47,491.14,0.828,-1,-1,-1
262,28,398.73,463.66,45.65,110.83,0.612,-1,-1,-1
262,39,726.38,475.51,56.46,122.03,0.657,-1,-1,-1
262,40,1741.05,401.21,128.57,376.85,0.940,-1,-1,-1
263,3,926.20,396.57,203.82,646.74,0.906,-1,-1,-1
263,5,1291.19,424.05,168.54,391.79,0.876,-1,-1,-1
263,33,665.71,457.85,71.19,177.89,0.805,-1,-1,-1
263,31,505.42,454.54,40.23,106.52,0.722,-1,-1,-1
263,37,811.96,431.03,139.33,491.75,0.828,-1,-1,-1
263,28,398.01,463.83,45.94,109.97,0.637,-1,-1,-1
263,39,727.24,475.15,55.66,120.55,0.659,-1,-1,-1
263,40,1728.19,409.59,133.31,367.61,0.949,-1,-1,-1
264,3,928.88,396.20,200.94,647.00,0.903,-1,-1,-1
264,5,1302.57,425.19,164.89,392.30,0.871,-1,-1,-1
264,33,667.86,457.28,71.56,179.87,0.818,-1,-1,-1
264,31,505.05,453.98,40.66,107.02,0.704,-1,-1,-1
264,37,808.99,430.97,140.35,492.18,0.810,-1,-1,-1
264,39,727.60,475.79,54.81,118.65,0.659,-1,-1,-1
264,40,1718.63,414.02,139.69,362.52,0.948,-1,-1,-1
265,3,931.58,396.55,197.95,646.51,0.888,-1,-1,-1
265,5,1315.19,426.23,160.99,393.69,0.869,-1,-1,-1
265,33,669.38,455.59,72.18,182.43,0.809,-1,-1,-1
265,31,505.24,455.04,40.46,105.90,0.716,-1,-1,-1
265,37,813.40,430.54,140.79,492.79,0.821,-1,-1,-1
265,40,1708.35,417.65,146.31,358.39,0.942,-1,-1,-1
265,28,397.01,462.37,46.97,110.86,0.648,-1,-1,-1
266,3,934.65,397.39,195.38,646.09,0.878,-1,-1,-1
266,5,1325.23,428.22,158.12,397.64,0.867,-1,-1,-1
266,33,670.36,454.14,72.52,184.09,0.819,-1,-1,-1
266,31,505.71,455.60,40.45,105.35,0.735,-1,-1,-1
266,37,818.52,430.24,140.75,493.02,0.835,-1,-1,-1
266,40,1697.51,419.71,152.40,355.53,0.936,-1,-1,-1
266,28,396.56,462.14,48.02,112.00,0.665,-1,-1,-1
267,3,937.78,397.97,193.05,645.29,0.873,-1,-1,-1
267,5,1334.83,434.55,153.49,394.57,0.874,-1,-1,-1
267,33,670.19,452.98,72.96,185.77,0.828,-1,-1,-1
267,31,505.30,456.05,40.67,105.10,0.714,-1,-1,-1
267,37,815.65,429.36,140.82,493.74,0.823,-1,-1,-1
267,40,1688.42,421.15,155.17,348.06,0.928,-1,-1,-1
267,28,396.13,462.28,48.43,111.75,0.689,-1,-1,-1
268,3,939.27,398.39,190.70,644.39,0.863,-1,-1,-1
268,5,1346.77,437.56,152.51,395.29,0.895,-1,-1,-1
268,33,671.77,453.01,71.54,181.33,0.800,-1,-1,-1
268,31,504.99,455.21,41.15,106.05,0.667,-1,-1,-1
268,37,807.66,428.91,142.09,494.14,0.836,-1,-1,-1
268,40,1674.68,420.57,154.93,339.12,0.927,-1,-1,-1
268,28,394.58,461.46,49.40,112.89,0.644,-1,-1,-1
269,3,940.17,398.02,188.50,644.74,0.889,-1,-1,-1
269,5,1359.07,435.72,154.46,398.74,0.910,-1,-1,-1
269,33,677.05,453.00,65.41,159.81,0.725,-1,-1,-1
269,31,505.24,455.29,41.23,106.04,0.712,-1,-1,-1
269,37,807.02,428.00,143.72,495.16,0.833,-1,-1,-1
269,40,1661.36,417.93,155.54,337.57,0.924,-1,-1,-1
269,28,393.48,461.59,49.47,112.59,0.724,-1,-1,-1
270,3,941.69,397.84,186.63,645.25,0.870,-1,-1,-1
270,5,1370.31,438.16,156.83,397.76,0.919,-1,-1,-1
270,33,675.95,451.46,64.50,154.28,0.767,-1,-1,-1
270,31,505.05,455.17,41.40,106.22,0.716,-1,-1,-1
270,37,806.01,427.55,146.22,495.65,0.840,-1,-1,-1
270,40,1647.83,415.29,154.58,338.50,0.920,-1,-1,-1
270,28,393.08,461.86,49.75,112.72,0.694,-1,-1,-1
271,3,943.11,399.10,184.29,644.22,0.880,-1,-1,-1
271,5,1378.30,438.43,161.03,399.06,0.935,-1,-1,-1
271,33,678.97,451.36,63.85,150.79,0.728,-1,-1,-1
271,31,504.89,455.06,41.45,106.18,0.691,-1,-1,-1
271,37,805.36,427.19,148.04,496.15,0.830,-1,-1,-1
271,40,1635.89,412.46,151.73,340.03,0.895,-1,-1,-1
271,28,392.68,461.18,50.28,113.53,0.691,-1,-1,-1
272,3,948.16,398.95,183.16,644.13,0.868,-1,-1,-1
272,5,1382.41,438.69,165.64,401.04,0.938,-1,-1,-1
272,33,682.21,451.65,65.28,152.43,0.692,-1,-1,-1
272,31,504.41,455.17,41.50,106.06,0.687,-1,-1,-1
272,37,810.16,427.01,149.17,496.25,0.820,-1,-1,-1
272,40,1617.53,409.80,147.79,342.30,0.837,-1,-1,-1
272,28,392.54,461.13,50.55,113.82,0.686,-1,-1,-1
273,3,951.56,398.17,182.17,644.85,0.861,-1,-1,-1
273,5,1382.76,439.27,170.98,405.13,0.936,-1,-1,-1
273,33,678.17,451.76,74.43,176.14,0.799,-1,-1,-1
273,31,504.22,455.39,41.34,105.72,0.663,-1,-1,-1
273,37,818.64,426.55,149.40,496.48,0.833,-1,-1,-1
273,40,1605.34,408.55,143.42,343.87,0.835,-1,-1,-1
273,28,391.88,460.87,50.71,114.12,0.726,-1,-1,-1
274,3,956.99,397.48,182.28,645.45,0.851,-1,-1,-1
274,5,1383.86,440.02,176.38,409.27,0.936,-1,-1,-1
274,33,680.01,450.80,77.94,186.11,0.804,-1,-1,-1
274,31,505.36,455.19,41.46,105.85,0.676,-1,-1,-1
274,37,823.04,426.12,149.88,496.82,0.854,-1,-1,-1
274,40,1592.43,408.75,140.54,343.34,0.863,-1,-1,-1
274,28,391.28,460.32,51.17,114.96,0.747,-1,-1,-1
275,3,958.10,396.82,181.35,645.56,0.858,-1,-1,-1
275,5,1384.87,438.74,180.20,412.74,0.932,-1,-1,-1
275,33,685.78,449.57,79.27,189.88,0.797,-1,-1,-1
275,31,505.30,455.56,41.67,105.77,0.701,-1,-1,-1
275,37,823.05,426.02,150.14,496.59,0.852,-1,-1,-1
275,40,1579.21,410.87,139.66,341.33,0.913,-1,-1,-1
275,28,391.12,460.27,51.35,115.13,0.778,-1,-1,-1
276,3,958.68,395.83,180.61,646.35,0.865,-1,-1,-1
276,5,1386.23,433.94,183.79,418.26,0.923,-1,-1,-1
276,33,693.89,449.75,78.88,190.75,0.821,-1,-1,-1
276,31,504.66,455.85,41.68,105.46,0.694,-1,-1,-1
276,37,819.59,425.98,150.37,496.68,0.859,-1,-1,-1
276,40,1567.54,412.45,140.69,340.34,0.922,-1,-1,-1
276,28,390.34,459.32,52.07,116.56,0.768,-1,-1,-1
277,3,960.37,395.81,179.50,646.38,0.863,-1,-1,-1
277,5,1389.98,428.85,186.05,423.65,0.905,-1,-1,-1
277,33,698.68,449.07,79.10,192.14,0.807,-1,-1,-1
277,31,504.40,455.87,41.59,105.37,0.688,-1,-1,-1
277,37,816.48,425.64,150.76,496.84,0.874,-1,-1,-1
277,40,1556.12,415.00,143.00,337.36,0.926,-1,-1,-1
277,28,389.50,459.29,52.23,116.62,0.760,-1,-1,-1
278,3,963.99,396.53,178.40,645.50,0.888,-1,-1,-1
278,5,1404.32,425.89,189.80,426.64,0.894,-1,-1,-1
278,33,702.94,448.94,79.21,193.34,0.865,-1,-1,-1
278,31,504.19,455.98,41.26,104.93,0.686,-1,-1,-1
278,37,817.53,425.10,150.14,497.10,0.868,-1,-1,-1
278,40,1551.50,417.87,144.84,333.66,0.928,-1,-1,-1
278,28,388.92,459.17,52.21,116.59,0.752,-1,-1,-1
279,3,966.57,397.41,176.84,644.70,0.867,-1,-1,-1
279,5,1415.20,424.15,188.88,428.40,0.858,-1,-1,-1
279,33,706.85,449.96,79.03,192.80,0.854,-1,-1,-1
279,31,503.47,455.49,41.33,105.35,0.685,-1,-1,-1
279,37,816.05,424.40,150.19,497.27,0.871,-1,-1,-1
279,40,1548.86,420.28,146.15,330.22,0.924,-1,-1,-1
279,28,386.99,458.77,52.44,117.27,0.776,-1,-1,-1
279,44,1076.38,420.30,89.88,185.38,0.700,-1,-1,-1
280,3,969.24,398.74,175.71,643.19,0.879,-1,-1,-1
280,5,1425.04,424.25,183.43,428.49,0.865,-1,-1,-1
280,33,709.11,451.20,79.01,191.78,0.859,-1,-1,-1
280,31,503.22,455.06,41.27,105.67,0.655,-1,-1,-1
280,37,817.60,423.95,150.13,497.49,0.882,-1,-1,-1
280,40,1550.06,420.95,145.90,328.68,0.903,-1,-1,-1
280,28,386.34,458.71,52.45,117.38,0.752,-1,-1,-1
280,44,1077.40,419.79,90.04,185.80,0.678,-1,-1,-1
281,3,971.13,400.21,173.97,641.90,0.887,-1,-1,-1
281,5,1434.80,423.73,178.49,429.07,0.868,-1,-1,-1
281,33,712.93,453.57,79.22,190.19,0.846,-1,-1,-1
281,31,503.15,455.10,41.15,105.65,0.668,-1,-1,-1
281,37,821.44,423.45,150.62,497.77,0.876,-1,-1,-1
281,40,1548.17,421.98,144.03,325.37,0.902,-1,-1,-1
281,28,385.72,459.24,52.35,116.90,0.758,-1,-1,-1
281,44,1079.81,418.96,91.01,188.09,0.610,-1,-1,-1
282,3,973.00,399.71,172.98,642.46,0.894,-1,-1,-1
282,5,1442.25,420.24,174.72,432.50,0.862,-1,-1,-1
282,33,715.22,454.92,79.48,188.66,0.853,-1,-1,-1
282,31,503.73,454.32,41.29,106.71,0.658,-1,-1,-1
282,37,824.61,423.28,151.55,498.32,0.878,-1,-1,-1
282,40,1542.02,421.79,140.65,321.20,0.862,-1,-1,-1
282,28,383.83,459.58,51.94,116.68,0.724,-1,-1,-1
282,44,1082.05,419.42,90.78,187.98,0.648,-1,-1,-1
283,3,974.14,399.23,171.81,642.94,0.882,-1,-1,-1
283,5,1451.77,418.31,171.32,434.45,0.853,-1,-1,-1
283,33,717.00,454.41,80.59,189.40,0.885,-1,-1,-1
283,31,503.98,454.07,41.22,107.18,0.642,-1,-1,-1
283,37,826.23,423.36,153.62,497.85,0.897,-1,-1,-1
283,28,383.00,459.47,51.53,116.79,0.715,-1,-1,-1
283,44,1082.92,419.48,90.56,188.09,0.611,-1,-1,-1
284,3,974.61,399.66,170.78,642.71,0.870,-1,-1,-1
284,5,1467.24,424.43,166.73,427.56,0.876,-1,-1,-1
284,33,718.33,453.32,81.76,190.19,0.880,-1,-1,-1
284,37,828.67,423.31,156.96,497.87,0.909,-1,-1,-1
284,28,382.63,459.61,51.10,116.75,0.717,-1,-1,-1
284,45,1345.13,443.65,32.37,105.36,0.656,-1,-1,-1
285,3,977.09,400.33,169.87,642.45,0.850,-1,-1,-1
285,5,1476.64,426.83,163.25,424.52,0.896,-1,-1,-1
285,33,718.67,451.47,83.11,192.65,0.875,-1,-1,-1
285,37,833.52,423.75,160.00,496.93,0.902,-1,-1,-1
285,28,381.45,459.59,50.77,116.73,0.705,-1,-1,-1
285,45,1347.08,442.94,32.66,106.21,0.670,-1,-1,-1
286,3,982.26,400.89,168.71,641.93,0.844,-1,-1,-1
286,5,1490.20,428.90,163.17,424.07,0.916,-1,-1,-1
286,33,719.84,449.34,84.36,195.30,0.884,-1,-1,-1
286,37,838.22,423.96,162.96,496.73,0.902,-1,-1,-1
286,28,380.06,459.29,50.43,116.74,0.710,-1,-1,-1
286,45,1350.45,441.89,33.19,107.58,0.630,-1,-1,-1
287,3,984.04,401.01,168.11,641.98,0.831,-1,-1,-1
287,5,1504.39,429.64,166.22,424.04,0.912,-1,-1,-1
287,33,721.17,447.71,85.22,197.57,0.885,-1,-1,-1
287,37,837.49,424.61,166.20,495.98,0.915,-1,-1,-1
287,28,379.23,459.59,50.10,116.50,0.727,-1,-1,-1
287,31,502.53,451.79,41.75,109.21,0.635,-1,-1,-1
288,3,987.16,400.20,168.29,642.69,0.823,-1,-1,-1
288,5,1516.60,429.76,171.99,426.31,0.918,-1,-1,-1
288,33,722.64,446.36,85.94,199.82,0.888,-1,-1,-1
288,37,838.47,424.69,168.87,495.78,0.904,-1,-1,-1
288,28,378.47,459.52,49.82,116.54,0.728,-1,-1,-1
288,31,502.97,454.58,40.59,106.15,0.634,-1,-1,-1
289,3,987.98,400.42,168.13,642.46,0.844,-1,-1,-1
289,5,1526.59,430.18,178.58,427.93,0.929,-1,-1,-1
289,33,725.34,445.39,86.28,201.44,0.862,-1,-1,-1
289,37,839.65,424.37,171.15,496.41,0.900,-1,-1,-1
289,28,378.85,459.04,50.02,116.98,0.733,-1,-1,-1
289,31,503.06,453.99,40.83,106.81,0.637,-1,-1,-1
289,40,1445.79,419.37,127.82,306.31,0.651,-1,-1,-1
290,3,991.01,400.49,167.08,642.46,0.865,-1,-1,-1
290,5,1530.84,431.21,186.17,430.92,0.934,-1,-1,-1
290,33,728.28,444.98,85.62,201.45,0.875,-1,-1,-1
290,37,840.13,424.29,172.59,496.50,0.907,-1,-1,-1
290,28,378.46,458.87,49.74,117.00,0.738,-1,-1,-1
290,31,503.21,453.34,40.96,107.40,0.699,-1,-1,-1
290,40,1437.56,420.70,125.03,297.68,0.693,-1,-1,-1
291,3,994.07,401.05,165.98,641.84,0.859,-1,-1,-1
291,5,1532.38,431.87,193.82,434.19,0.936,-1,-1,-1
291,33,731.15,444.88,84.92,201.55,0.873,-1,-1,-1
291,37,839.99,424.65,173.57,496.10,0.915,-1,-1,-1
291,28,378.58,459.09,49.48,116.63,0.721,-1,-1,-1
291,31,503.29,453.31,40.99,107.23,0.673,-1,-1,-1
291,40,1423.74,423.90,123.76,288.89,0.745,-1,-1,-1
291,46,666.50,474.45,65.17,115.28,0.687,-1,-1,-1
291,45,1361.55,444.05,34.03,105.28,0.602,-1,-1,-1
292,3,997.20,400.00,165.91,642.62,0.866,-1,-1,-1
292,5,1531.56,433.33,200.48,435.61,0.928,-1,-1,-1
292,33,734.13,445.39,83.57,200.60,0.864,-1,-1,-1
292,37,841.00,424.89,174.12,495.95,0.916,-1,-1,-1
292,28,378.20,459.16,49.29,116.29,0.716,-1,-1,-1
292,31,502.96,452.79,41.29,107.64,0.656,-1,-1,-1
292,40,1409.05,424.83,122.73,282.77,0.725,-1,-1,-1
292,46,668.24,476.43,63.92,113.17,0.664,-1,-1,-1
293,3,998.99,400.62,165.27,641.84,0.865,-1,-1,-1
293,5,1531.07,433.17,207.99,440.45,0.932,-1,-1,-1
293,33,736.05,445.56,82.62,200.47,0.847,-1,-1,-1
293,37,842.21,424.63,174.61,496.40,0.918,-1,-1,-1
293,28,377.80,460.00,48.66,115.27,0.689,-1,-1,-1
293,31,502.11,451.44,41.88,109.19,0.667,-1,-1,-1
293,40,1402.36,425.89,123.78,281.17,0.843,-1,-1,-1
293,46,669.11,477.77,63.21,112.17,0.619,-1,-1,-1
294,3,1001.66,400.34,165.11,641.93,0.874,-1,-1,-1
294,5,1529.28,432.00,214.23,444.80,0.932,-1,-1,-1
294,33,738.36,445.93,82.33,200.16,0.835,-1,-1,-1
294,37,843.78,423.93,174.77,496.81,0.921,-1,-1,-1
294,28,377.35,459.72,48.77,115.63,0.721,-1,-1,-1
294,31,502.30,452.27,41.82,108.51,0.687,-1,-1,-1
294,40,1401.10,426.03,125.48,280.39,0.902,-1,-1,-1
294,46,671.28,477.82,63.45,113.03,0.676,-1,-1,-1
295,3,1002.22,399.90,164.82,642.01,0.875,-1,-1,-1
295,5,1530.49,430.18,219.05,448.50,0.931,-1,-1,-1
295,33,739.94,446.22,81.97,201.02,0.804,-1,-1,-1
295,37,844.79,422.72,175.21,498.45,0.919,-1,-1,-1
295,28,377.17,459.66,48.68,115.82,0.678,-1,-1,-1
295,31,501.63,452.54,41.91,108.14,0.672,-1,-1,-1
295,40,1400.41,426.21,127.76,280.54,0.906,-1,-1,-1
295,46,672.06,480.14,62.86,112.52,0.695,-1,-1,-1
296,3,1002.14,399.93,164.13,640.60,0.875,-1,-1,-1
296,5,1533.47,428.64,222.21,450.99,0.922,-1,-1,-1
296,33,741.27,446.21,81.77,202.17,0.796,-1,-1,-1
296,37,846.32,421.71,175.06,499.89,0.919,-1,-1,-1
296,28,377.08,459.40,48.66,116.27,0.705,-1,-1,-1
296,31,501.60,453.53,41.73,107.02,0.680,-1,-1,-1
296,40,1400.99,426.34,130.08,281.18,0.918,-1,-1,-1
296,46,671.28,478.17,63.76,115.01,0.674,-1,-1,-1
297,3,1003.45,400.46,163.59,639.60,0.864,-1,-1,-1
297,5,1538.59,426.57,223.88,453.19,0.904,-1,-1,-1
297,33,749.86,446.91,80.89,203.11,0.801,-1,-1,-1
297,37,848.91,421.23,174.31,500.70,0.914,-1,-1,-1
297,28,377.33,459.66,48.35,116.04,0.672,-1,-1,-1
297,31,501.18,451.78,42.51,108.93,0.621,-1,-1,-1
297,40,1398.63,426.31,131.29,282.11,0.912,-1,-1,-1
297,46,672.09,478.60,62.77,114.24,0.652,-1,-1,-1
298,3,1004.44,400.71,163.18,638.48,0.861,-1,-1,-1
298,5,1540.49,427.46,224.55,452.30,0.860,-1,-1,-1
298,33,753.66,448.08,79.64,202.35,0.792,-1,-1,-1
298,37,852.37,420.97,173.27,501.83,0.901,-1,-1,-1
298,28,377.63,459.83,48.12,116.04,0.725,-1,-1,-1
298,31,500.75,450.92,43.01,109.95,0.652,-1,-1,-1
298,40,1394.20,427.84,129.79,279.88,0.912,-1,-1,-1
298,46,670.56,477.30,62.67,114.59,0.700,-1,-1,-1
299,3,1004.93,400.44,162.82,637.97,0.878,-1,-1,-1
299,5,1551.86,427.06,222.74,452.72,0.854,-1,-1,-1
299,33,758.60,447.16,78.92,203.41,0.826,-1,-1,-1
299,37,855.10,420.91,172.10,503.99,0.898,-1,-1,-1
299,28,377.71,459.41,47.97,116.31,0.682,-1,-1,-1
299,31,501.03,451.54,42.88,109.55,0.610,-1,-1,-1
299,40,1391.14,445.65,120.22,261.47,0.889,-1,-1,-1
299,46,670.59,478.06,62.78,115.60,0.678,-1,-1,-1
300,3,1007.22,400.52,161.96,634.40,0.874,-1,-1,-1
300,5,1564.04,424.89,220.44,454.73,0.848,-1,-1,-1
300,33,761.77,444.62,79.02,206.14,0.829,-1,-1,-1
300,37,856.49,420.71,171.42,507.12,0.893,-1,-1,-1
300,31,501.64,453.29,42.16,107.67,0.624,-1,-1,-1
300,40,1377.25,428.76,124.39,278.49,0.900,-1,-1,-1
300,46,672.04,479.01,62.03,115.29,0.643,-1,-1,-1
301,3,1009.60,400.16,161.47,630.68,0.871,-1,-1,-1
301,5,1583.09,421.68,217.05,458.38,0.857,-1,-1,-1
301,33,766.88,444.92,78.44,206.79,0.849,-1,-1,-1
301,37,858.61,420.83,170.68,511.07,0.875,-1,-1,-1
301,31,501.34,454.04,41.82,106.98,0.629,-1,-1,-1
301,40,1364.80,419.16,123.84,287.55,0.892,-1,-1,-1
301,46,672.77,478.79,60.69,114.13,0.603,-1,-1,-1
301,28,377.55,459.41,47.79,116.53,0.660,-1,-1,-1
302,3,1011.78,400.09,161.60,627.18,0.867,-1,-1,-1
302,5,1597.64,424.28,211.26,457.21,0.849,-1,-1,-1
302,33,771.03,445.82,78.08,205.88,0.851,-1,-1,-1
302,37,859.92,420.67,170.70,518.19,0.865,-1,-1,-1
302,31,501.57,454.52,41.57,106.92,0.650,-1,-1,-1
302,40,1355.34,420.59,119.71,286.38,0.883,-1,-1,-1
302,46,672.40,480.69,59.00,111.70,0.656,-1,-1,-1
302,47,1570.07,407.88,118.87,388.20,0.831,-1,-1,-1
302,48,735.62,471.10,43.89,127.98,0.670,-1,-1,-1
302,28,377.79,459.69,47.49,116.39,0.673,-1,-1,-1
303,3,1011.37,399.83,162.48,624.80,0.873,-1,-1,-1
303,5,1613.58,418.74,209.97,467.75,0.855,-1,-1,-1
303,33,773.35,447.50,77.99,205.86,0.837,-1,-1,-1
303,37,858.23,420.49,170.79,523.40,0.880,-1,-1,-1
303,31,501.17,454.49,41.48,107.07,0.642,-1,-1,-1
303,40,1345.71,421.54,116.59,285.32,0.900,-1,-1,-1
303,46,672.05,481.45,58.20,111.19,0.653,-1,-1,-1
303,47,1574.50,406.13,121.01,395.66,0.671,-1,-1,-1
303,48,735.51,471.82,43.50,126.83,0.646,-1,-1,-1
303,28,377.88,460.30,46.89,115.66,0.678,-1,-1,-1
304,3,1013.63,400.03,163.88,623.95,0.883,-1,-1,-1
304,5,1624.51,413.71,207.97,477.45,0.868,-1,-1,-1
304,33,775.49,448.10,78.10,205.99,0.827,-1,-1,-1
304,37,858.29,420.31,170.46,527.23,0.890,-1,-1,-1
304,31,501.18,454.69,41.29,106.98,0.664,-1,-1,-1
304,40,1336.04,424.88,113.94,282.06,0.901,-1,-1,-1
304,46,672.08,480.28,58.17,111.92,0.674,-1,-1,-1
304,48,735.79,472.52,43.09,125.31,0.660,-1,-1,-1
304,28,378.05,460.65,46.57,115.38,0.682,-1,-1,-1
305,3,1017.49,399.99,165.96,622.98,0.889,-1,-1,-1
305,5,1634.72,411.24,209.29,491.99,0.866,-1,-1,-1
305,33,775.77,446.68,79.11,208.58,0.854,-1,-1,-1
305,37,861.33,420.23,169.02,528.35,0.895,-1,-1,-1
305,31,501.42,455.18,41.02,106.65,0.617,-1,-1,-1
305,40,1327.26,424.34,113.78,281.92,0.919,-1,-1,-1
305,46,671.91,480.61,57.84,111.98,0.668,-1,-1,-1
305,48,736.29,472.96,42.70,123.63,0.705,-1,-1,-1
305,28,377.71,460.41,46.62,115.68,0.714,-1,-1,-1
305,47,1594.40,404.71,122.68,402.96,0.621,-1,-1,-1
306,3,1022.74,399.99,168.73,621.37,0.909,-1,-1,-1
306,5,1648.95,410.83,208.47,498.09,0.900,-1,-1,-1
306,33,776.88,446.97,78.97,209.14,0.849,-1,-1,-1
306,37,863.47,420.25,167.45,529.09,0.895,-1,-1,-1
306,31,501.07,455.78,40.59,105.79,0.607,-1,-1,-1
306,40,1319.37,424.69,114.72,281.45,0.924,-1,-1,-1
306,46,671.89,480.14,57.92,112.52,0.648,-1,-1,-1
306,48,736.37,475.09,42.00,120.95,0.615,-1,-1,-1
306,28,377.91,460.47,46.50,115.67,0.685,-1,-1,-1
306,47,1602.24,406.03,122.04,401.36,0.741,-1,-1,-1
307,3,1026.44,400.03,172.15,619.60,0.910,-1,-1,-1
307,5,1671.22,415.36,210.21,498.64,0.903,-1,-1,-1
307,33,778.74,446.38,78.99,209.97,0.844,-1,-1,-1
307,37,865.51,419.49,166.24,530.05,0.899,-1,-1,-1
307,31,500.70,455.60,40.56,105.95,0.641,-1,-1,-1
307,40,1312.98,426.32,116.04,279.82,0.923,-1,-1,-1
307,46,671.69,481.29,57.10,111.28,0.629,-1,-1,-1
307,48,736.61,475.90,42.23,120.76,0.676,-1,-1,-1
307,28,378.20,460.60,46.23,115.41,0.684,-1,-1,-1
307,47,1609.76,406.17,122.11,401.59,0.728,-1,-1,-1
307,49,0.00,400.03,121.62,460.81,0.773,-1,-1,-1
308,3,1030.96,400.16,176.15,616.72,0.919,-1,-1,-1
308,5,1687.11,424.31,211.35,492.27,0.914,-1,-1,-1
308,33,781.99,447.14,78.09,208.99,0.827,-1,-1,-1
308,37,865.72,418.94,165.40,530.73,0.910,-1,-1,-1
308,31,500.17,455.63,40.68,105.98,0.678,-1,-1,-1
308,40,1306.97,426.86,118.02,279.02,0.935,-1,-1,-1
308,46,671.60,482.46,56.65,111.01,0.616,-1,-1,-1
308,48,737.07,477.02,42.57,120.66,0.683,-1,-1,-1
308,28,378.74,460.48,46.08,115.50,0.720,-1,-1,-1
308,47,1615.00,406.16,122.93,402.04,0.697,-1,-1,-1
308,49,0.08,399.08,122.00,461.75,0.832,-1,-1,-1
309,3,1035.18,399.34,180.54,615.57,0.936,-1,-1,-1
309,5,1690.42,424.61,215.59,495.79,0.912,-1,-1,-1
309,33,786.38,446.82,77.92,209.11,0.809,-1,-1,-1
309,37,867.07,418.71,164.31,530.94,0.912,-1,-1,-1
309,31,499.48,455.84,40.78,105.59,0.683,-1,-1,-1
309,40,1300.69,428.10,119.80,276.76,0.931,-1,-1,-1
309,46,671.54,483.08,56.27,110.46,0.647,-1,-1,-1
309,48,737.13,477.29,42.60,119.63,0.740,-1,-1,-1
309,28,378.88,460.68,45.91,115.33,0.753,-1,-1,-1
309,47,1624.49,407.09,124.69,402.54,0.789,-1,-1,-1
309,49,0.00,398.65,121.71,462.08,0.893,-1,-1,-1
310,3,1037.01,398.96,184.76,613.80,0.934,-1,-1,-1
310,5,1690.83,425.92,220.15,500.97,0.931,-1,-1,-1
310,33,790.59,445.30,78.18,210.60,0.821,-1,-1,-1
310,37,869.40,418.44,163.02,531.42,0.899,-1,-1,-1
310,31,498.43,456.32,40.81,105.22,0.704,-1,-1,-1
310,40,1293.56,428.73,121.15,274.00,0.931,-1,-1,-1
310,46,671.07,481.48,56.83,111.79,0.686,-1,-1,-1
310,48,736.59,476.01,42.85,119.16,0.749,-1,-1,-1
310,28,378.07,461.20,45.53,114.61,0.749,-1,-1,-1
310,47,1630.63,407.26,126.77,402.72,0.821,-1,-1,-1
310,49,0.00,397.31,121.75,462.92,0.904,-1,-1,-1
311,3,1036.18,399.67,188.98,612.27,0.937,-1,-1,-1
311,5,1689.19,427.06,224.57,506.39,0.935,-1,-1,-1
311,33,794.51,444.63,77.84,211.24,0.839,-1,-1,-1
311,37,869.61,418.49,162.22,531.62,0.908,-1,-1,-1
311,31,497.65,456.30,41.10,105.56,0.698,-1,-1,-1
311,40,1284.70,428.52,121.61,269.92,0.920,-1,-1,-1
311,46,672.25,481.27,56.52,111.78,0.619,-1,-1,-1
311,48,736.19,475.05,43.53,120.20,0.751,-1,-1,-1
311,28,377.79,461.65,45.32,114.17,0.722,-1,-1,-1
311,47,1631.75,407.76,128.56,402.30,0.881,-1,-1,-1
311,49,0.00,396.21,120.97,462.03,0.912,-1,-1,-1
312,3,1035.61,399.42,192.78,612.12,0.935,-1,-1,-1
312,5,1688.38,426.68,228.07,510.77,0.938,-1,-1,-1
312,33,796.18,445.16,77.07,210.73,0.841,-1,-1,-1
312,37,869.35,418.57,161.77,531.61,0.907,-1,-1,-1
312,31,496.01,456.76,41.19,105.00,0.711,-1,-1,-1
312,40,1275.30,427.83,119.89,264.06,0.919,-1,-1,-1
312,46,671.97,481.65,56.42,111.77,0.688,-1,-1,-1
312,48,736.97,475.88,42.34,115.98,0.736,-1,-1,-1
312,28,377.62,461.70,45.23,114.10,0.743,-1,-1,-1
312,47,1634.92,410.74,130.19,399.46,0.877,-1,-1,-1
312,49,1.22,395.29,122.67,463.43,0.909,-1,-1,-1
313,3,1034.08,398.61,196.90,613.42,0.935,-1,-1,-1
313,5,1689.01,426.60,229.91,512.66,0.938,-1,-1,-1
313,33,799.50,444.27,77.71,211.79,0.843,-1,-1,-1
313,37,868.33,418.87,161.38,531.11,0.906,-1,-1,-1
313,31,495.96,456.84,41.53,105.16,0.730,-1,-1,-1
313,40,1267.16,428.25,118.37,261.37,0.905,-1,-1,-1
313,46,672.92,481.74,55.95,111.04,0.615,-1,-1,-1
313,48,736.55,475.88,43.03,117.33,0.743,-1,-1,-1
313,28,377.80,461.72,45.10,114.19,0.742,-1,-1,-1
313,47,1637.76,410.26,133.37,400.57,0.866,-1,-1,-1
313,49,8.55,395.13,124.24,465.44,0.916,-1,-1,-1
314,3,1033.89,397.74,200.11,614.24,0.932,-1,-1,-1
314,5,1692.88,424.18,227.12,515.38,0.857,-1,-1,-1
314,33,800.92,444.80,77.59,211.10,0.826,-1,-1,-1
314,37,868.78,418.62,161.30,531.23,0.902,-1,-1,-1
314,31,495.13,456.84,41.97,105.35,0.717,-1,-1,-1
314,40,1260.48,427.33,116.52,261.98,0.879,-1,-1,-1
314,46,673.26,481.13,55.96,111.51,0.652,-1,-1,-1
314,48,735.85,476.23,43.66,118.38,0.733,-1,-1,-1
314,28,377.88,461.72,45.09,114.33,0.757,-1,-1,-1
314,47,1642.51,411.50,137.00,400.46,0.840,-1,-1,-1
314,49,19.22,396.56,125.92,463.29,0.921,-1,-1,-1
315,3,1034.60,397.79,202.33,613.90,0.934,-1,-1,-1
315,5,1695.81,422.25,224.19,518.10,0.931,-1,-1,-1
315,33,801.78,444.07,78.38,212.68,0.842,-1,-1,-1
315,37,867.58,418.48,161.50,531.42,0.902,-1,-1,-1
315,31,495.11,456.78,42.28,105.41,0.703,-1,-1,-1
315,40,1255.74,426.09,114.30,263.73,0.879,-1,-1,-1
315,46,672.22,480.95,55.62,110.85,0.632,-1,-1,-1
315,48,734.87,476.59,43.64,117.25,0.713,-1,-1,-1
315,28,378.08,461.53,45.09,114.53,0.704,-1,-1,-1
315,47,1646.92,411.95,140.19,399.88,0.842,-1,-1,-1
315,49,37.33,397.33,129.66,462.21,0.936,-1,-1,-1
316,3,1036.46,397.39,204.01,614.82,0.930,-1,-1,-1
316,5,1702.64,419.73,217.36,521.63,0.903,-1,-1,-1
316,33,800.59,445.40,78.34,211.18,0.838,-1,-1,-1
316,37,868.37,418.45,161.85,531.29,0.892,-1,-1,-1
316,31,494.82,456.81,42.62,105.44,0.714,-1,-1,-1
316,40,1251.95,427.41,109.85,261.49,0.867,-1,-1,-1
316,46,671.22,481.12,55.49,110.58,0.648,-1,-1,-1
316,48,734.15,476.71,44.01,117.09,0.688,-1,-1,-1
316,28,378.29,461.38,45.08,114.63,0.683,-1,-1,-1
316,47,1655.42,408.59,145.34,404.51,0.852,-1,-1,-1
316,49,55.81,399.25,135.50,460.00,0.926,-1,-1,-1
317,3,1038.44,397.07,205.05,615.32,0.931,-1,-1,-1
317,5,1717.73,418.61,202.27,522.44,0.807,-1,-1,-1
317,33,799.58,444.21,79.05,212.34,0.845,-1,-1,-1
317,37,869.76,418.60,162.35,531.11,0.900,-1,-1,-1
317,31,493.25,456.54,43.21,105.86,0.718,-1,-1,-1
317,40,1249.27,426.22,106.39,261.15,0.870,-1,-1,-1
317,46,670.95,483.07,54.74,109.04,0.674,-1,-1,-1
317,48,733.75,476.12,44.86,119.03,0.655,-1,-1,-1
317,28,378.45,461.28,45.15,114.74,0.647,-1,-1,-1
317,47,1665.03,405.28,149.62,407.58,0.823,-1,-1,-1
317,49,68.55,400.18,143.51,458.28,0.937,-1,-1,-1
318,3,1039.80,397.55,205.52,614.94,0.924,-1,-1,-1
318,5,1733.86,416.64,186.14,524.17,0.798,-1,-1,-1
318,33,798.84,444.08,79.18,212.44,0.848,-1,-1,-1
318,37,870.03,418.83,163.03,530.71,0.909,-1,-1,-1
318,31,492.54,456.28,43.75,106.24,0.721,-1,-1,-1
318,40,1244.33,426.61,103.79,259.68,0.872,-1,-1,-1
318,46,670.52,483.15,54.68,109.07,0.649,-1,-1,-1
318,48,732.80,475.36,45.28,119.10,0.693,-1,-1,-1
318,28,378.51,461.35,45.19,114.79,0.624,-1,-1,-1
318,47,1675.32,404.24,151.80,410.19,0.741,-1,-1,-1
318,49,76.17,401.29,152.96,456.96,0.942,-1,-1,-1
319,3,1041.14,398.64,205.57,613.97,0.930,-1,-1,-1
319,5,1759.76,413.63,160.24,527.51,0.786,-1,-1,-1
319,33,801.53,444.61,78.72,212.08,0.818,-1,-1,-1
319,37,870.11,418.92,163.72,530.56,0.908,-1,-1,-1
319,31,491.86,456.09,44.13,106.42,0.709,-1,-1,-1
319,40,1239.16,428.39,102.15,257.70,0.863,-1,-1,-1
319,46,670.32,482.80,54.71,109.17,0.623,-1,-1,-1
319,48,732.24,474.85,45.96,119.74,0.691,-1,-1,-1
319,28,378.39,461.25,45.36,114.94,0.615,-1,-1,-1
319,47,1691.82,398.67,158.95,434.29,0.744,-1,-1,-1
319,49,79.60,402.77,162.96,455.08,0.946,-1,-1,-1
319,45,1434.70,438.12,37.78,110.51,0.613,-1,-1,-1
320,3,1042.40,399.00,205.51,613.65,0.928,-1,-1,-1
320,5,1775.53,409.82,144.47,531.11,0.765,-1,-1,-1
320,33,805.81,445.56,78.04,210.86,0.798,-1,-1,-1
320,37,869.69,419.32,164.24,529.86,0.901,-1,-1,-1
320,31,491.64,456.00,44.33,106.56,0.711,-1,-1,-1
320,40,1232.20,428.38,102.97,258.08,0.857,-1,-1,-1
320,46,670.80,482.84,54.54,108.94,0.636,-1,-1,-1
320,48,732.23,474.16,46.58,120.94,0.697,-1,-1,-1
320,28,378.33,461.31,45.30,114.73,0.631,-1,-1,-1
320,47,1698.83,394.88,160.71,441.55,0.846,-1,-1,-1
320,49,81.01,404.89,172.71,452.48,0.950,-1,-1,-1
321,3,1043.90,399.58,205.23,613.22,0.923,-1,-1,-1
321,5,1789.67,412.50,130.33,528.54,0.690,-1,-1,-1
321,33,812.25,446.94,76.49,209.35,0.807,-1,-1,-1
321,37,868.77,419.64,165.15,529.58,0.909,-1,-1,-1
321,31,491.16,455.65,44.27,106.79,0.703,-1,-1,-1
321,40,1228.60,429.12,103.65,257.91,0.850,-1,-1,-1
321,46,671.03,481.62,55.12,110.33,0.604,-1,-1,-1
321,48,732.11,473.00,47.18,122.69,0.690,-1,-1,-1
321,28,378.34,461.25,45.13,114.66,0.634,-1,-1,-1
321,47,1709.15,394.61,162.72,451.09,0.843,-1,-1,-1
321,49,78.98,406.16,181.98,450.11,0.948,-1,-1,-1
322,3,1045.71,399.58,204.88,613.22,0.923,-1,-1,-1
322,5,1802.52,415.40,117.48,525.98,0.646,-1,-1,-1
322,33,816.59,447.95,75.54,208.40,0.815,-1,-1,-1
322,37,868.15,419.90,165.77,529.43,0.904,-1,-1,-1
322,31,490.84,455.59,44.12,106.78,0.700,-1,-1,-1
322,40,1227.61,431.25,103.44,255.59,0.832,-1,-1,-1
322,46,671.76,482.04,54.87,110.05,0.604,-1,-1,-1
322,48,732.19,472.90,47.57,123.86,0.721,-1,-1,-1
322,28,378.34,461.36,45.08,114.63,0.642,-1,-1,-1
322,47,1719.99,394.25,162.22,455.37,0.818,-1,-1,-1
322,49,77.99,406.15,190.84,447.07,0.947,-1,-1,-1
322,45,1441.36,438.81,40.16,110.43,0.620,-1,-1,-1
323,3,1047.26,400.35,204.08,612.52,0.920,-1,-1,-1
323,33,819.90,448.38,75.09,207.73,0.801,-1,-1,-1
323,37,868.28,420.10,166.36,529.24,0.905,-1,-1,-1
323,31,489.47,455.97,44.32,107.03,0.752,-1,-1,-1
323,40,1229.98,452.12,96.55,233.89,0.794,-1,-1,-1
323,48,731.79,472.18,48.16,125.38,0.768,-1,-1,-1
323,28,377.80,461.50,45.24,114.80,0.724,-1,-1,-1
323,47,1731.48,393.91,160.50,456.71,0.832,-1,-1,-1
323,49,77.45,406.72,198.91,443.36,0.951,-1,-1,-1
323,45,1443.82,439.32,42.41,109.77,0.671,-1,-1,-1
324,3,1048.69,400.38,203.26,612.28,0.925,-1,-1,-1
324,33,823.03,448.17,75.10,207.86,0.783,-1,-1,-1
324,37,869.36,420.47,166.70,529.01,0.896,-1,-1,-1
324,31,489.35,455.36,44.47,107.53,0.751,-1,-1,-1
324,40,1224.60,440.66,101.67,245.41,0.850,-1,-1,-1
324,48,731.73,471.93,48.11,125.55,0.753,-1,-1,-1
324,28,377.95,461.56,45.11,114.62,0.749,-1,-1,-1
324,47,1742.98,393.80,158.84,456.99,0.796,-1,-1,-1
324,49,76.07,406.79,206.25,441.12,0.950,-1,-1,-1
324,45,1445.16,439.75,44.77,109.07,0.718,-1,-1,-1
325,3,1051.11,400.27,202.35,612.29,0.924,-1,-1,-1
325,33,825.98,448.20,75.23,207.78,0.766,-1,-1,-1
325,37,869.80,420.65,166.86,528.63,0.898,-1,-1,-1
325,31,489.30,454.68,44.63,108.25,0.754,-1,-1,-1
325,40,1221.85,438.53,102.20,246.67,0.800,-1,-1,-1
325,48,731.95,471.68,48.15,125.79,0.767,-1,-1,-1
325,28,378.07,461.52,45.03,114.60,0.750,-1,-1,-1
325,47,1753.99,393.96,157.82,458.17,0.842,-1,-1,-1
325,49,77.86,405.23,212.54,440.26,0.948,-1,-1,-1
325,45,1446.68,440.24,46.60,108.20,0.766,-1,-1,-1
326,3,1052.28,399.00,201.85,613.80,0.926,-1,-1,-1
326,33,828.76,445.31,76.56,211.41,0.683,-1,-1,-1
326,37,870.20,420.73,167.13,528.70,0.885,-1,-1,-1
326,31,489.23,454.24,44.68,108.76,0.732,-1,-1,-1
326,40,1217.98,453.64,93.83,225.60,0.645,-1,-1,-1
326,48,732.24,473.31,47.35,123.52,0.754,-1,-1,-1
326,28,378.15,461.50,45.09,114.86,0.687,-1,-1,-1
326,47,1755.55,394.76,164.45,512.71,0.815,-1,-1,-1
326,49,84.23,404.37,216.19,438.97,0.946,-1,-1,-1
326,45,1446.59,440.08,47.95,107.49,0.756,-1,-1,-1
326,46,672.32,483.20,54.71,109.64,0.667,-1,-1,-1
327,3,1052.83,398.52,201.28,614.51,0.922,-1,-1,-1
327,37,870.61,420.91,167.43,528.60,0.866,-1,-1,-1
327,31,488.83,454.29,44.44,108.44,0.720,-1,-1,-1
327,40,1205.61,439.78,79.97,196.69,0.608,-1,-1,-1
327,48,732.18,474.03,46.96,122.48,0.767,-1,-1,-1
327,28,378.43,461.61,45.13,114.75,0.682,-1,-1,-1
327,47,1756.46,395.38,163.54,531.62,0.805,-1,-1,-1
327,49,92.54,402.96,217.00,435.94,0.947,-1,-1,-1
327,45,1447.40,440.64,49.32,106.26,0.768,-1,-1,-1
327,46,673.06,482.05,54.74,110.41,0.609,-1,-1,-1
328,3,1053.24,397.69,200.71,615.29,0.922,-1,-1,-1
328,37,872.28,421.05,167.21,528.51,0.884,-1,-1,-1
328,31,488.37,454.57,44.17,108.08,0.720,-1,-1,-1
328,48,732.79,474.58,46.30,120.68,0.771,-1,-1,-1
328,28,378.32,461.61,45.24,114.89,0.772,-1,-1,-1
328,47,1765.14,393.44,154.86,488.51,0.846,-1,-1,-1
328,49,104.29,401.78,214.22,429.45,0.943,-1,-1,-1
328,45,1449.33,440.91,50.27,106.60,0.736,-1,-1,-1
328,46,673.99,481.58,54.42,110.31,0.663,-1,-1,-1
329,3,1053.37,397.75,199.99,615.39,0.915,-1,-1,-1
329,37,873.00,421.15,167.18,528.73,0.890,-1,-1,-1
329,31,488.61,454.09,43.14,105.61,0.688,-1,-1,-1
329,48,733.16,475.82,46.03,119.84,0.773,-1,-1,-1
329,28,378.58,461.75,45.11,114.54,0.744,-1,-1,-1
329,47,1768.51,393.50,151.49,468.74,0.880,-1,-1,-1
329,49,117.68,401.24,210.45,425.38,0.942,-1,-1,-1
329,45,1450.41,440.61,50.92,106.79,0.707,-1,-1,-1
329,46,674.06,480.77,54.27,110.54,0.633,-1,-1,-1
330,3,1053.89,397.35,199.34,615.61,0.918,-1,-1,-1
330,37,869.90,421.18,168.06,528.57,0.893,-1,-1,-1
330,31,489.11,454.38,42.25,103.37,0.677,-1,-1,-1
330,48,733.77,477.02,45.40,118.03,0.779,-1,-1,-1
330,28,379.10,461.84,44.92,114.02,0.667,-1,-1,-1
330,47,1769.62,394.98,150.38,460.42,0.863,-1,-1,-1
330,49,132.43,400.57,205.48,423.38,0.935,-1,-1,-1
330,45,1453.21,439.78,50.83,107.43,0.675,-1,-1,-1
330,46,674.46,480.66,54.04,110.28,0.622,-1,-1,-1
331,3,1054.71,397.52,198.32,615.16,0.926,-1,-1,-1
331,37,870.41,421.22,168.32,528.36,0.895,-1,-1,-1
331,31,488.84,454.25,41.58,101.92,0.662,-1,-1,-1
331,48,733.80,477.66,45.08,117.13,0.786,-1,-1,-1
331,28,379.11,461.96,44.89,113.69,0.700,-1,-1,-1
331,47,1770.32,397.06,149.68,456.42,0.859,-1,-1,-1
331,49,148.15,399.24,199.66,423.42,0.910,-1,-1,-1
331,45,1456.68,438.45,50.02,108.54,0.679,-1,-1,-1
331,46,674.71,479.72,54.15,110.76,0.646,-1,-1,-1
332,3,1055.82,397.77,197.50,614.97,0.925,-1,-1,-1
332,37,872.83,421.03,168.47,528.35,0.906,-1,-1,-1
332,31,487.51,453.85,42.87,105.79,0.681,-1,-1,-1
332,48,734.38,477.28,44.41,115.27,0.769,-1,-1,-1
332,28,378.89,461.83,45.16,114.27,0.732,-1,-1,-1
332,47,1770.59,399.43,149.41,453.64,0.810,-1,-1,-1
332,49,170.14,398.97,193.01,422.99,0.882,-1,-1,-1
332,45,1460.03,437.38,49.37,109.77,0.725,-1,-1,-1
332,46,674.51,479.93,54.12,111.05,0.643,-1,-1,-1
333,3,1058.44,398.87,196.59,613.69,0.918,-1,-1,-1
333,37,873.09,421.23,168.73,528.58,0.908,-1,-1,-1
333,31,488.38,453.96,42.90,106.70,0.686,-1,-1,-1
333,48,735.03,476.99,44.24,114.32,0.755,-1,-1,-1
333,28,379.36,461.54,45.33,114.68,0.739,-1,-1,-1
333,47,1770.99,400.13,149.01,452.92,0.790,-1,-1,-1
333,49,189.06,398.93,188.19,423.60,0.862,-1,-1,-1
333,45,1464.66,436.98,48.45,109.92,0.676,-1,-1,-1
333,46,673.59,481.22,53.86,109.91,0.715,-1,-1,-1
334,3,1059.30,399.34,195.83,613.02,0.923,-1,-1,-1
334,37,873.94,420.84,169.11,528.81,0.909,-1,-1,-1
334,31,489.54,454.29,41.83,104.42,0.631,-1,-1,-1
334,48,735.53,478.01,44.36,114.29,0.755,-1,-1,-1
334,28,379.58,461.48,45.40,114.88,0.682,-1,-1,-1
334,47,1772.93,403.43,147.07,449.67,0.747,-1,-1,-1
334,49,204.17,398.44,185.08,424.53,0.867,-1,-1,-1
334,46,673.47,481.84,54.21,110.09,0.702,-1,-1,-1
335,3,1059.20,399.11,195.28,613.28,0.925,-1,-1,-1
335,37,873.35,421.10,168.95,528.70,0.902,-1,-1,-1
335,31,487.67,454.32,42.69,107.06,0.711,-1,-1,-1
335,48,734.83,477.91,44.90,115.04,0.774,-1,-1,-1
335,28,379.69,461.59,45.33,114.81,0.737,-1,-1,-1
335,47,1779.95,421.18,140.05,431.68,0.632,-1,-1,-1
335,49,216.17,398.46,182.74,424.54,0.888,-1,-1,-1
335,46,672.56,482.30,54.28,109.77,0.730,-1,-1,-1
335,51,3.39,444.40,129.28,338.28,0.771,-1,-1,-1
336,3,1059.74,398.32,195.30,614.25,0.917,-1,-1,-1
336,37,874.79,420.92,169.03,528.61,0.907,-1,-1,-1
336,31,486.71,453.92,43.03,108.39,0.698,-1,-1,-1
336,48,733.70,477.82,45.40,115.86,0.766,-1,-1,-1
336,28,379.39,461.76,45.24,114.31,0.707,-1,-1,-1
336,49,224.88,398.55,182.25,424.87,0.869,-1,-1,-1
336,46,673.40,480.13,54.74,110.64,0.720,-1,-1,-1
336,51,5.68,444.71,130.10,339.78,0.842,-1,-1,-1
337,3,1059.66,397.75,195.54,615.09,0.910,-1,-1,-1
337,37,875.38,420.78,168.94,528.41,0.914,-1,-1,-1
337,31,486.38,453.82,42.76,108.32,0.673,-1,-1,-1
337,48,733.34,477.96,45.56,115.86,0.779,-1,-1,-1
337,28,379.00,462.14,45.21,113.68,0.668,-1,-1,-1
337,49,231.85,399.06,183.59,424.50,0.899,-1,-1,-1
337,46,673.47,478.81,55.75,112.12,0.734,-1,-1,-1
337,51,7.63,445.80,130.85,340.50,0.904,-1,-1,-1
338,3,1060.47,397.30,195.84,615.40,0.907,-1,-1,-1
338,37,876.20,420.62,168.88,528.22,0.915,-1,-1,-1
338,31,486.19,453.75,42.42,108.08,0.653,-1,-1,-1
338,48,732.79,478.46,45.48,115.02,0.791,-1,-1,-1
338,28,378.54,462.25,45.26,113.25,0.679,-1,-1,-1
338,49,243.59,399.42,185.31,423.80,0.907,-1,-1,-1
338,46,673.93,479.56,56.00,112.33,0.753,-1,-1,-1
338,51,8.72,445.70,131.46,340.38,0.917,-1,-1,-1
339,3,1062.72,396.72,196.94,615.91,0.901,-1,-1,-1
339,37,878.22,420.71,168.82,528.04,0.910,-1,-1,-1
339,48,732.52,478.61,45.44,114.16,0.784,-1,-1,-1
339,28,378.45,462.29,45.26,112.72,0.624,-1,-1,-1
339,49,251.51,402.98,186.40,419.97,0.897,-1,-1,-1
339,46,674.88,479.42,56.11,113.01,0.714,-1,-1,-1
339,51,8.91,445.15,132.38,340.74,0.916,-1,-1,-1
340,3,1063.57,397.32,197.38,615.24,0.903,-1,-1,-1
340,37,878.49,420.95,168.40,527.66,0.910,-1,-1,-1
340,48,732.07,478.51,45.46,113.32,0.792,-1,-1,-1
340,49,255.71,404.19,188.96,418.44,0.919,-1,-1,-1
340,46,674.96,479.27,56.44,113.93,0.744,-1,-1,-1
340,51,8.69,443.66,133.89,342.44,0.922,-1,-1,-1
341,3,1065.10,396.49,198.45,616.34,0.904,-1,-1,-1
341,37,879.13,421.28,168.16,527.21,0.907,-1,-1,-1
341,48,731.91,478.19,46.69,116.19,0.801,-1,-1,-1
341,49,256.55,400.62,193.36,422.02,0.926,-1,-1,-1
341,46,675.48,480.27,55.93,113.08,0.749,-1,-1,-1
341,51,8.63,441.81,135.01,343.00,0.937,-1,-1,-1
341,28,378.53,462.23,45.53,112.85,0.609,-1,-1,-1
342,3,1065.64,395.93,198.86,616.74,0.900,-1,-1,-1
342,37,881.59,421.43,168.02,527.02,0.909,-1,-1,-1
342,48,732.59,478.15,46.86,116.38,0.801,-1,-1,-1
342,49,259.25,406.71,193.59,415.83,0.937,-1,-1,-1
342,46,674.40,480.42,55.84,112.85,0.731,-1,-1,-1
342,51,8.32,440.77,136.12,342.99,0.935,-1,-1,-1
343,3,1067.30,396.75,199.20,615.90,0.896,-1,-1,-1
343,37,884.24,421.76,167.96,526.68,0.908,-1,-1,-1
343,48,733.26,477.90,46.78,115.94,0.795,-1,-1,-1
343,49,259.99,408.16,195.63,414.08,0.945,-1,-1,-1
343,46,674.32,481.81,55.33,111.23,0.748,-1,-1,-1
343,51,5.97,439.76,140.68,352.91,0.905,-1,-1,-1
344,3,1066.59,396.08,199.43,616.48,0.901,-1,-1,-1
344,37,886.21,421.96,167.59,526.23,0.900,-1,-1,-1
344,48,733.15,477.56,47.23,116.38,0.820,-1,-1,-1
344,49,259.99,408.13,197.69,413.26,0.947,-1,-1,-1
344,46,673.71,481.69,55.71,111.45,0.758,-1,-1,-1
344,51,6.23,438.73,141.21,352.27,0.932,-1,-1,-1
345,3,1067.27,396.19,199.76,616.44,0.903,-1,-1,-1
345,37,886.63,422.06,166.98,526.28,0.897,-1,-1,-1
345,48,733.32,477.40,47.54,116.52,0.825,-1,-1,-1
345,49,261.53,407.44,199.51,413.52,0.948,-1,-1,-1
345,46,674.05,480.23,56.34,112.27,0.759,-1,-1,-1
345,51,10.30,438.02,140.91,350.61,0.905,-1,-1,-1
346,3,1068.05,396.09,200.08,616.32,0.898,-1,-1,-1
346,37,887.82,422.21,165.90,525.98,0.892,-1,-1,-1
346,48,733.02,477.03,48.23,117.73,0.827,-1,-1,-1
346,49,265.54,407.47,199.25,411.64,0.948,-1,-1,-1
346,46,673.64,480.11,56.27,111.72,0.738,-1,-1,-1
346,51,24.90,437.52,138.21,347.31,0.876,-1,-1,-1
347,3,1068.48,395.56,200.60,616.82,0.905,-1,-1,-1
347,37,888.64,422.20,164.98,525.85,0.894,-1,-1,-1
347,48,732.93,476.78,48.70,118.63,0.823,-1,-1,-1
347,49,271.55,405.03,198.74,412.36,0.942,-1,-1,-1
347,46,673.03,481.16,55.62,109.71,0.737,-1,-1,-1
347,51,40.45,436.68,136.56,346.19,0.866,-1,-1,-1
348,3,1068.84,395.22,201.00,617.28,0.904,-1,-1,-1
348,37,889.94,422.19,164.24,526.32,0.901,-1,-1,-1
348,48,732.38,475.36,49.24,119.69,0.823,-1,-1,-1
348,49,280.47,403.54,195.81,410.69,0.941,-1,-1,-1
348,46,672.64,480.09,55.86,109.96,0.721,-1,-1,-1
348,51,54.70,436.24,135.58,347.01,0.884,-1,-1,-1
349,3,1069.44,395.51,201.60,617.19,0.908,-1,-1,-1
349,37,891.21,422.08,163.59,526.48,0.902,-1,-1,-1
349,48,732.06,474.61,49.03,119.45,0.814,-1,-1,-1
349,49,289.57,401.42,190.93,406.85,0.939,-1,-1,-1
349,46,672.49,479.61,56.18,110.53,0.713,-1,-1,-1
349,51,64.30,436.31,134.77,346.52,0.867,-1,-1,-1
350,3,1069.20,395.22,202.24,617.21,0.911,-1,-1,-1
350,37,893.09,422.11,162.95,526.58,0.901,-1,-1,-1
350,48,732.05,474.31,48.61,118.80,0.805,-1,-1,-1
350,49,300.46,397.80,186.09,406.36,0.929,-1,-1,-1
350,46,672.81,477.75,56.70,111.44,0.716,-1,-1,-1
350,51,75.16,436.44,135.69,346.27,0.900,-1,-1,-1
350,31,480.95,449.71,44.15,113.24,0.628,-1,-1,-1
351,3,1068.60,394.89,202.93,617.69,0.908,-1,-1,-1
351,37,891.76,422.13,161.57,526.31,0.897,-1,-1,-1
351,48,732.43,473.98,48.43,119.08,0.808,-1,-1,-1
351,49,314.46,396.72,179.07,404.37,0.908,-1,-1,-1
351,46,672.75,478.61,56.45,110.71,0.752,-1,-1,-1
351,51,89.29,437.65,137.83,344.73,0.926,-1,-1,-1
351,31,481.18,450.43,43.20,112.52,0.632,-1,-1,-1
352,3,1068.17,393.84,203.60,618.63,0.913,-1,-1,-1
352,37,894.20,422.14,160.87,525.81,0.894,-1,-1,-1
352,48,732.33,475.11,47.97,118.40,0.809,-1,-1,-1
352,49,327.60,397.03,172.39,403.75,0.870,-1,-1,-1
352,46,673.22,480.21,54.74,106.64,0.734,-1,-1,-1
352,51,100.52,440.10,141.25,341.83,0.910,-1,-1,-1
352,31,480.94,450.82,42.65,112.03,0.685,-1,-1,-1
353,3,1068.04,393.43,204.26,619.23,0.910,-1,-1,-1
353,37,893.72,422.03,160.26,526.26,0.898,-1,-1,-1
353,48,731.85,474.93,48.20,119.41,0.810,-1,-1,-1
353,49,340.27,397.62,166.88,404.47,0.846,-1,-1,-1
353,46,673.76,478.99,55.56,108.05,0.708,-1,-1,-1
353,51,106.72,440.41,146.44,341.35,0.924,-1,-1,-1
354,3,1068.83,393.73,204.68,618.77,0.904,-1,-1,-1
354,37,895.03,422.18,159.18,523.79,0.897,-1,-1,-1
354,48,731.85,475.95,48.20,119.66,0.817,-1,-1,-1
354,49,352.27,398.15,161.77,403.11,0.872,-1,-1,-1
354,46,673.57,479.02,56.14,108.96,0.713,-1,-1,-1
354,51,111.91,441.29,151.15,339.73,0.940,-1,-1,-1
354,52,3.53,443.74,76.20,412.82,0.820,-1,-1,-1
354,31,478.66,450.63,42.59,112.19,0.601,-1,-1,-1
355,3,1069.08,393.52,205.40,618.84,0.907,-1,-1,-1
355,37,896.65,422.14,159.24,523.51,0.889,-1,-1,-1
355,48,732.28,477.82,47.66,117.99,0.807,-1,-1,-1
355,49,362.58,399.23,158.41,400.86,0.879,-1,-1,-1
355,46,673.03,480.01,56.29,108.64,0.738,-1,-1,-1
355,51,113.53,441.58,156.52,339.72,0.940,-1,-1,-1
355,52,12.23,448.03,75.99,408.40,0.849,-1,-1,-1
355,31,477.62,449.87,42.83,112.80,0.608,-1,-1,-1
356,3,1069.84,392.63,206.45,619.47,0.927,-1,-1,-1
356,37,897.57,422.13,158.59,521.34,0.891,-1,-1,-1
356,48,732.81,479.17,46.82,115.67,0.801,-1,-1,-1
356,49,373.89,400.14,157.31,399.18,0.882,-1,-1,-1
356,46,673.23,480.07,56.43,108.19,0.761,-1,-1,-1
356,51,117.76,441.21,159.78,337.63,0.941,-1,-1,-1
356,52,31.02,447.76,78.14,408.69,0.899,-1,-1,-1
357,3,1069.12,393.42,206.57,618.80,0.918,-1,-1,-1
357,37,898.31,422.34,157.96,520.80,0.885,-1,-1,-1
357,48,732.99,479.22,46.33,114.40,0.794,-1,-1,-1
357,49,386.91,399.89,158.22,399.16,0.880,-1,-1,-1
357,46,673.73,479.62,57.00,108.18,0.757,-1,-1,-1
357,51,125.68,441.34,159.56,331.13,0.922,-1,-1,-1
357,52,47.92,444.65,82.49,410.98,0.942,-1,-1,-1
357,53,1058.21,432.53,60.63,215.61,0.684,-1,-1,-1
358,3,1069.10,392.94,207.36,619.39,0.916,-1,-1,-1
358,37,899.45,421.93,156.80,517.86,0.883,-1,-1,-1
358,48,732.09,477.49,47.48,117.32,0.786,-1,-1,-1
358,49,396.59,401.70,158.80,396.72,0.901,-1,-1,-1
358,46,672.90,477.93,58.56,110.60,0.750,-1,-1,-1
358,51,131.92,441.21,158.66,325.51,0.922,-1,-1,-1
358,52,57.03,445.97,87.53,409.28,0.945,-1,-1,-1
358,53,1055.13,430.08,61.14,217.20,0.697,-1,-1,-1
359,3,1068.95,393.33,207.85,619.05,0.908,-1,-1,-1
359,37,901.37,421.94,156.48,517.43,0.898,-1,-1,-1
359,48,731.85,476.60,48.10,119.17,0.798,-1,-1,-1
359,49,406.30,402.07,161.61,396.49,0.925,-1,-1,-1
359,46,672.62,478.43,58.12,108.79,0.760,-1,-1,-1
359,51,137.82,440.51,158.10,323.95,0.919,-1,-1,-1
359,52,61.00,447.32,93.68,407.79,0.946,-1,-1,-1
359,53,1049.89,430.87,60.55,214.82,0.612,-1,-1,-1
360,3,1068.49,393.38,208.56,619.33,0.908,-1,-1,-1
360,37,904.29,421.96,155.77,515.91,0.887,-1,-1,-1
360,48,732.03,476.35,47.46,117.17,0.786,-1,-1,-1
360,49,410.98,403.84,164.05,394.28,0.924,-1,-1,-1
360,46,671.98,477.39,59.58,111.89,0.702,-1,-1,-1
360,51,142.47,439.93,157.77,323.83,0.914,-1,-1,-1
360,52,62.05,447.65,100.79,407.19,0.944,-1,-1,-1
361,3,1067.39,393.44,209.06,619.17,0.908,-1,-1,-1
361,37,905.52,421.30,155.37,515.77,0.885,-1,-1,-1
361,48,731.29,475.69,48.40,119.24,0.797,-1,-1,-1
361,49,413.34,404.81,167.22,393.46,0.931,-1,-1,-1
361,46,669.47,477.84,59.78,112.29,0.707,-1,-1,-1
361,51,146.29,438.78,157.92,326.48,0.883,-1,-1,-1
361,52,60.47,447.20,108.69,407.56,0.946,-1,-1,-1
362,3,1067.40,394.98,209.06,617.58,0.909,-1,-1,-1
362,37,908.94,420.91,155.66,515.59,0.885,-1,-1,-1
362,48,731.47,476.34,48.45,119.01,0.803,-1,-1,-1
362,49,414.44,405.44,170.44,393.05,0.936,-1,-1,-1
362,46,668.92,474.24,61.40,115.02,0.688,-1,-1,-1
362,51,152.91,437.31,156.08,327.10,0.891,-1,-1,-1
362,52,58.35,446.71,117.02,408.35,0.945,-1,-1,-1
363,3,1067.21,395.01,209.38,617.49,0.904,-1,-1,-1
363,37,912.68,419.85,155.92,515.53,0.888,-1,-1,-1
363,48,731.20,476.00,48.64,119.08,0.791,-1,-1,-1
363,49,412.30,406.20,173.47,392.06,0.932,-1,-1,-1
363,46,672.63,469.70,63.35,119.92,0.688,-1,-1,-1
363,51,161.14,436.29,152.59,327.12,0.890,-1,-1,-1
363,52,54.78,446.06,125.34,409.18,0.949,-1,-1,-1
364,3,1069.37,395.44,209.86,616.67,0.906,-1,-1,-1
364,37,915.08,420.28,155.73,515.27,0.891,-1,-1,-1
364,48,731.87,477.13,48.70,119.02,0.791,-1,-1,-1
364,49,413.47,407.30,176.08,391.05,0.941,-1,-1,-1
364,46,671.18,471.86,63.23,119.49,0.683,-1,-1,-1
364,51,171.60,435.30,148.34,328.17,0.887,-1,-1,-1
364,52,51.24,445.23,133.29,409.30,0.951,-1,-1,-1
365,3,1073.38,396.45,211.42,615.69,0.886,-1,-1,-1
365,37,917.67,420.88,155.66,515.02,0.886,-1,-1,-1
365,48,731.66,478.16,48.69,118.87,0.807,-1,-1,-1
365,49,413.48,409.33,178.15,388.87,0.942,-1,-1,-1
365,46,674.05,474.13,61.84,117.25,0.700,-1,-1,-1
365,51,182.65,435.56,143.56,328.15,0.870,-1,-1,-1
365,52,48.51,443.70,140.47,407.89,0.944,-1,-1,-1
366,3,1072.38,396.77,212.60,615.28,0.897,-1,-1,-1
366,37,919.93,420.17,156.20,515.74,0.905,-1,-1,-1
366,48,731.51,477.92,48.29,117.68,0.783,-1,-1,-1
366,49,414.50,410.33,179.47,385.51,0.943,-1,-1,-1
366,46,673.57,475.97,60.67,114.00,0.691,-1,-1,-1
366,51,192.95,435.09,139.81,328.48,0.873,-1,-1,-1
366,52,48.31,443.10,146.16,404.36,0.926,-1,-1,-1
367,3,1073.80,395.71,214.68,616.25,0.883,-1,-1,-1
367,37,922.65,419.29,156.59,516.74,0.904,-1,-1,-1
367,48,731.02,478.96,47.76,116.54,0.796,-1,-1,-1
367,49,415.11,410.75,180.42,382.27,0.946,-1,-1,-1
367,46,679.00,475.90,59.09,112.95,0.736,-1,-1,-1
367,51,203.60,434.27,137.71,329.60,0.880,-1,-1,-1
367,52,54.66,442.44,148.17,396.24,0.918,-1,-1,-1
367,28,376.55,461.58,47.14,114.81,0.667,-1,-1,-1
368,3,1074.63,396.02,216.33,615.67,0.878,-1,-1,-1
368,37,924.42,418.28,156.85,517.72,0.912,-1,-1,-1
368,48,731.05,479.86,46.60,113.47,0.770,-1,-1,-1
368,49,415.33,409.17,182.35,382.42,0.945,-1,-1,-1
368,46,680.53,475.17,58.33,112.86,0.734,-1,-1,-1
368,51,217.37,434.51,137.13,329.36,0.902,-1,-1,-1
368,52,67.52,440.72,147.13,387.00,0.919,-1,-1,-1
368,28,375.94,461.54,48.15,114.95,0.660,-1,-1,-1
369,3,1075.57,396.73,218.15,614.85,0.881,-1,-1,-1
369,37,925.69,416.98,157.01,518.71,0.909,-1,-1,-1
369,48,730.90,479.76,46.44,113.16,0.772,-1,-1,-1
369,49,417.11,406.23,184.29,384.68,0.946,-1,-1,-1
369,46,679.49,473.33,58.77,114.75,0.710,-1,-1,-1
369,51,231.13,435.15,137.81,329.26,0.923,-1,-1,-1
369,52,82.29,439.51,146.10,383.41,0.896,-1,-1,-1
369,28,375.32,461.33,48.50,114.89,0.689,-1,-1,-1
370,3,1078.27,397.15,220.90,614.46,0.881,-1,-1,-1
370,37,927.68,415.24,157.11,520.21,0.908,-1,-1,-1
370,48,730.71,478.90,46.31,112.90,0.762,-1,-1,-1
370,49,420.41,405.69,183.86,383.54,0.948,-1,-1,-1
370,46,680.78,474.68,57.39,113.66,0.667,-1,-1,-1
370,51,243.38,435.44,139.46,328.83,0.928,-1,-1,-1
370,52,99.98,437.35,144.49,384.64,0.876,-1,-1,-1
370,28,374.94,461.38,48.79,114.86,0.712,-1,-1,-1
371,3,1076.14,396.92,222.63,614.43,0.881,-1,-1,-1
371,37,929.50,414.12,157.00,521.49,0.912,-1,-1,-1
371,48,730.11,478.21,46.64,113.80,0.774,-1,-1,-1
371,49,426.71,404.23,181.47,380.61,0.948,-1,-1,-1
371,51,251.56,436.64,141.72,327.88,0.926,-1,-1,-1
371,52,114.47,436.77,141.81,384.46,0.876,-1,-1,-1
371,28,374.85,461.13,49.02,115.00,0.711,-1,-1,-1
372,3,1075.88,397.15,224.47,614.42,0.879,-1,-1,-1
372,37,931.37,413.73,156.71,522.01,0.909,-1,-1,-1
372,48,730.26,476.82,46.78,114.36,0.753,-1,-1,-1
372,49,434.21,403.65,177.44,375.75,0.941,-1,-1,-1
372,51,256.71,438.37,144.06,325.67,0.934,-1,-1,-1
372,52,127.88,436.60,139.46,383.19,0.883,-1,-1,-1
372,28,374.35,460.63,49.39,115.57,0.701,-1,-1,-1
372,46,677.81,466.10,60.48,121.53,0.639,-1,-1,-1
373,3,1073.52,397.17,225.50,614.56,0.892,-1,-1,-1
373,37,933.95,413.31,156.42,522.67,0.910,-1,-1,-1
373,48,730.72,477.70,46.29,113.47,0.724,-1,-1,-1
373,49,444.94,402.48,172.96,372.25,0.931,-1,-1,-1
373,51,262.15,439.86,144.80,322.67,0.921,-1,-1,-1
373,52,145.90,439.41,138.52,378.83,0.911,-1,-1,-1
373,28,375.67,460.85,49.32,115.57,0.741,-1,-1,-1
373,46,680.45,470.23,56.84,115.85,0.624,-1,-1,-1
374,3,1072.66,397.26,226.58,614.71,0.895,-1,-1,-1
374,37,936.21,413.43,155.98,522.82,0.916,-1,-1,-1
374,48,731.04,477.07,46.57,114.57,0.723,-1,-1,-1
374,49,458.12,401.86,168.92,370.16,0.912,-1,-1,-1
374,51,268.73,440.80,142.30,312.28,0.899,-1,-1,-1
374,52,161.69,440.30,139.72,376.52,0.917,-1,-1,-1
374,28,376.80,461.25,49.09,114.91,0.756,-1,-1,-1
374,46,684.70,475.73,53.36,111.09,0.602,-1,-1,-1
375,3,1073.53,397.39,227.70,614.55,0.895,-1,-1,-1
375,37,938.92,413.46,155.69,522.57,0.912,-1,-1,-1
375,48,731.28,477.64,46.38,114.34,0.711,-1,-1,-1
375,49,470.05,401.55,165.87,369.15,0.886,-1,-1,-1
375,51,275.79,440.89,140.54,306.92,0.899,-1,-1,-1
375,52,175.26,441.18,143.42,375.26,0.921,-1,-1,-1
375,28,377.07,461.17,49.15,114.62,0.779,-1,-1,-1
375,46,685.43,475.08,51.27,108.32,0.639,-1,-1,-1
376,3,1077.22,397.22,229.96,614.52,0.895,-1,-1,-1
376,37,940.81,413.25,155.33,522.59,0.912,-1,-1,-1
376,48,731.21,477.23,46.80,116.09,0.727,-1,-1,-1
376,49,477.37,401.87,163.74,368.76,0.885,-1,-1,-1
376,51,280.15,440.33,139.61,305.03,0.901,-1,-1,-1
376,52,181.39,441.81,147.83,375.07,0.936,-1,-1,-1
376,28,377.14,461.41,49.20,114.05,0.710,-1,-1,-1
376,46,685.09,474.12,51.91,111.37,0.657,-1,-1,-1
376,55,5.59,431.74,61.23,381.63,0.715,-1,-1,-1
377,3,1073.37,396.79,230.76,615.04,0.906,-1,-1,-1
377,37,941.62,413.94,155.13,522.43,0.912,-1,-1,-1
377,48,731.69,477.77,44.53,110.29,0.684,-1,-1,-1
377,49,484.18,401.26,162.85,369.20,0.858,-1,-1,-1
377,51,283.16,439.58,139.25,305.38,0.879,-1,-1,-1
377,52,186.63,445.13,152.37,371.87,0.932,-1,-1,-1
377,28,377.33,461.14,49.81,114.54,0.685,-1,-1,-1
377,46,687.00,475.10,50.62,110.43,0.622,-1,-1,-1
377,55,19.81,430.22,62.06,380.77,0.825,-1,-1,-1
378,3,1073.62,395.92,232.34,615.94,0.895,-1,-1,-1
378,37,944.01,415.83,154.49,520.74,0.914,-1,-1,-1
378,48,731.93,478.08,43.04,106.48,0.692,-1,-1,-1
378,49,488.62,400.78,162.28,369.87,0.879,-1,-1,-1
378,51,290.05,437.88,137.82,306.73,0.873,-1,-1,-1
378,52,187.25,444.89,158.19,372.16,0.937,-1,-1,-1
378,28,377.40,461.12,50.47,115.53,0.641,-1,-1,-1
378,46,686.84,472.39,51.51,114.05,0.687,-1,-1,-1
378,55,36.51,429.19,64.41,380.98,0.880,-1,-1,-1
379,3,1071.65,395.90,232.81,615.80,0.910,-1,-1,-1
379,37,945.82,416.67,154.38,520.22,0.919,-1,-1,-1
379,48,732.36,480.54,41.67,101.85,0.747,-1,-1,-1
379,49,497.03,400.55,160.73,369.86,0.881,-1,-1,-1
379,51,294.56,437.16,135.94,307.47,0.873,-1,-1,-1
379,52,186.61,446.03,163.07,371.02,0.941,-1,-1,-1
379,46,687.65,473.21,49.92,112.03,0.622,-1,-1,-1
379,55,46.85,431.99,67.49,377.67,0.909,-1,-1,-1
380,3,1071.14,395.52,233.40,616.10,0.903,-1,-1,-1
380,37,948.25,417.21,154.60,519.76,0.916,-1,-1,-1
380,48,732.01,481.22,42.20,102.39,0.743,-1,-1,-1
380,49,506.11,401.68,159.34,368.88,0.889,-1,-1,-1
380,51,299.38,435.74,133.97,309.53,0.855,-1,-1,-1
380,52,185.45,444.99,168.54,371.68,0.945,-1,-1,-1
380,46,686.69,474.44,49.39,111.71,0.690,-1,-1,-1
380,55,52.35,434.62,71.82,374.45,0.936,-1,-1,-1
381,3,1075.14,395.41,235.04,616.21,0.887,-1,-1,-1
381,37,951.47,417.11,155.15,520.10,0.906,-1,-1,-1
381,48,731.92,482.13,42.69,102.81,0.759,-1,-1,-1
381,49,514.12,403.12,157.47,367.52,0.897,-1,-1,-1
381,51,305.61,435.07,131.42,310.82,0.857,-1,-1,-1
381,52,185.08,443.93,172.78,370.66,0.943,-1,-1,-1
381,46,686.71,475.05,49.22,112.18,0.713,-1,-1,-1
381,55,51.61,437.05,76.56,371.72,0.943,-1,-1,-1
382,3,1072.30,395.73,234.46,615.86,0.910,-1,-1,-1
382,37,953.07,417.41,155.51,519.82,0.896,-1,-1,-1
382,48,733.09,481.66,43.72,104.92,0.747,-1,-1,-1
382,49,524.98,404.74,154.94,365.63,0.890,-1,-1,-1
382,51,314.64,434.72,128.50,310.94,0.844,-1,-1,-1
382,52,191.15,446.94,173.51,364.95,0.932,-1,-1,-1
382,46,686.28,472.89,49.82,114.38,0.722,-1,-1,-1
382,55,52.12,438.77,82.43,370.22,0.942,-1,-1,-1
383,3,1070.88,396.40,233.69,615.25,0.922,-1,-1,-1
383,37,953.95,417.53,156.04,519.66,0.900,-1,-1,-1
383,48,733.54,480.75,43.97,104.78,0.738,-1,-1,-1
383,49,531.17,406.33,153.82,363.98,0.903,-1,-1,-1
383,51,324.90,433.74,126.27,311.63,0.844,-1,-1,-1
383,52,197.82,445.87,174.76,364.81,0.937,-1,-1,-1
383,46,686.04,471.74,50.13,116.38,0.730,-1,-1,-1
383,55,54.10,439.70,89.53,369.64,0.949,-1,-1,-1
384,3,1072.24,396.81,233.45,614.82,0.920,-1,-1,-1
384,37,954.49,416.74,156.50,520.54,0.888,-1,-1,-1
384,48,732.50,479.92,46.01,109.42,0.747,-1,-1,-1
384,49,536.49,407.21,152.86,362.66,0.917,-1,-1,-1
384,51,333.67,433.98,124.76,311.11,0.864,-1,-1,-1
384,52,203.32,444.78,173.39,360.42,0.931,-1,-1,-1
384,46,685.91,472.09,49.54,116.11,0.727,-1,-1,-1
384,55,54.78,440.40,97.21,368.79,0.950,-1,-1,-1
385,3,1072.64,396.63,233.02,614.75,0.912,-1,-1,-1
385,37,955.59,415.75,157.01,521.43,0.885,-1,-1,-1
385,48,732.08,478.59,47.39,113.17,0.768,-1,-1,-1
385,49,540.16,408.36,152.04,361.73,0.923,-1,-1,-1
385,51,344.07,434.11,123.46,311.25,0.894,-1,-1,-1
385,52,211.38,443.18,171.58,358.14,0.932,-1,-1,-1
385,46,683.74,473.76,49.40,116.00,0.719,-1,-1,-1
385,55,54.10,440.15,105.53,369.12,0.950,-1,-1,-1
386,3,1073.12,396.22,232.82,615.12,0.911,-1,-1,-1
386,37,957.32,416.11,157.42,520.56,0.883,-1,-1,-1
386,48,731.46,476.80,48.17,115.25,0.753,-1,-1,-1
386,49,543.44,409.61,151.04,360.50,0.933,-1,-1,-1
386,51,358.37,435.01,123.77,310.22,0.912,-1,-1,-1
386,52,222.89,443.37,167.92,356.25,0.915,-1,-1,-1
386,46,686.53,474.99,47.47,112.42,0.639,-1,-1,-1
386,55,51.39,438.23,113.77,369.75,0.948,-1,-1,-1
387,3,1074.15,396.22,232.71,615.45,0.908,-1,-1,-1
387,37,957.69,417.10,157.54,519.60,0.880,-1,-1,-1
387,48,729.45,474.88,49.75,119.19,0.740,-1,-1,-1
387,49,545.05,409.90,150.51,359.94,0.935,-1,-1,-1
387,51,371.36,436.60,125.58,308.69,0.918,-1,-1,-1
387,52,234.83,440.93,164.29,357.90,0.896,-1,-1,-1
387,46,685.71,475.68,47.64,113.78,0.638,-1,-1,-1
387,55,48.07,436.72,121.21,369.58,0.948,-1,-1,-1
388,3,1075.77,395.56,234.01,616.01,0.908,-1,-1,-1
388,37,955.49,417.11,156.96,519.67,0.867,-1,-1,-1
388,48,728.92,473.00,50.22,121.16,0.776,-1,-1,-1
388,49,546.21,410.28,149.57,358.36,0.939,-1,-1,-1
388,51,382.16,439.54,128.06,305.33,0.914,-1,-1,-1
388,52,248.25,441.43,158.14,357.18,0.868,-1,-1,-1
388,46,686.52,474.63,47.98,114.66,0.658,-1,-1,-1
388,55,47.82,435.52,127.54,369.35,0.937,-1,-1,-1
389,3,1074.99,395.75,235.77,615.70,0.907,-1,-1,-1
389,37,955.40,417.46,156.36,518.98,0.863,-1,-1,-1
389,48,727.43,471.87,51.24,124.04,0.801,-1,-1,-1
389,49,547.56,410.97,148.45,356.33,0.940,-1,-1,-1
389,51,387.18,440.24,131.46,304.01,0.921,-1,-1,-1
389,52,257.15,440.74,153.41,357.88,0.799,-1,-1,-1
389,46,685.57,473.19,48.61,116.37,0.670,-1,-1,-1
389,55,53.45,435.09,130.91,365.53,0.930,-1,-1,-1
390,3,1070.82,395.86,237.68,615.44,0.907,-1,-1,-1
390,37,955.69,417.82,155.90,518.87,0.857,-1,-1,-1
390,48,727.09,471.18,51.74,125.79,0.793,-1,-1,-1
390,49,549.66,409.53,148.16,358.00,0.930,-1,-1,-1
390,51,389.38,440.55,135.34,303.45,0.926,-1,-1,-1
390,52,271.02,440.84,147.92,357.70,0.807,-1,-1,-1
390,46,684.08,472.28,48.81,117.08,0.642,-1,-1,-1
390,55,56.94,433.57,134.41,365.21,0.919,-1,-1,-1
391,3,1069.65,395.77,239.43,615.19,0.922,-1,-1,-1
391,37,956.20,418.11,155.13,518.35,0.857,-1,-1,-1
391,48,727.22,470.35,50.56,122.97,0.780,-1,-1,-1
391,49,555.25,408.02,143.78,350.07,0.915,-1,-1,-1
391,51,396.19,441.06,135.19,297.96,0.908,-1,-1,-1
391,52,279.01,440.20,144.65,358.41,0.797,-1,-1,-1
391,46,684.40,472.34,47.64,114.31,0.641,-1,-1,-1
391,55,67.21,432.66,135.57,365.17,0.860,-1,-1,-1
392,3,1069.07,395.56,241.10,615.50,0.916,-1,-1,-1
392,37,957.00,418.18,154.70,518.22,0.849,-1,-1,-1
392,48,726.95,469.27,50.81,123.71,0.785,-1,-1,-1
392,49,562.41,407.64,141.01,348.97,0.910,-1,-1,-1
392,51,402.85,442.23,135.18,293.16,0.901,-1,-1,-1
392,52,291.60,439.80,144.06,358.89,0.810,-1,-1,-1
392,46,684.12,470.11,48.16,115.71,0.652,-1,-1,-1
392,55,78.81,432.22,135.60,365.10,0.829,-1,-1,-1
392,58,1064.49,430.51,71.86,129.36,0.664,-1,-1,-1
393,3,1068.16,395.73,242.05,615.35,0.921,-1,-1,-1
393,37,957.56,417.89,154.47,518.67,0.854,-1,-1,-1
393,48,726.45,467.58,51.05,124.53,0.794,-1,-1,-1
393,49,568.71,406.87,136.43,343.89,0.919,-1,-1,-1
393,51,407.35,441.63,135.89,292.47,0.897,-1,-1,-1
393,52,306.56,440.75,144.87,357.77,0.871,-1,-1,-1
393,46,682.73,467.63,49.03,118.86,0.611,-1,-1,-1
393,55,78.96,432.45,137.48,364.79,0.864,-1,-1,-1
394,3,1067.50,395.75,243.30,615.53,0.912,-1,-1,-1
394,37,958.26,417.98,154.64,518.53,0.851,-1,-1,-1
394,48,724.93,467.41,52.39,128.42,0.797,-1,-1,-1
394,49,575.15,407.20,132.62,341.14,0.911,-1,-1,-1
394,51,411.70,441.20,135.69,291.81,0.900,-1,-1,-1
394,52,317.10,441.84,146.30,356.58,0.902,-1,-1,-1
394,55,86.57,432.60,138.47,365.10,0.846,-1,-1,-1
394,59,921.90,437.81,55.35,175.24,0.807,-1,-1,-1
394,58,1070.82,430.99,70.38,126.59,0.651,-1,-1,-1
395,3,1066.27,395.92,243.79,615.52,0.925,-1,-1,-1
395,37,958.84,418.38,153.49,517.89,0.855,-1,-1,-1
395,48,723.54,467.00,53.16,131.11,0.795,-1,-1,-1
395,49,579.73,406.07,130.58,340.66,0.898,-1,-1,-1
395,51,417.93,439.77,134.74,292.47,0.869,-1,-1,-1
395,52,323.33,445.39,147.39,353.23,0.911,-1,-1,-1
395,55,96.44,432.76,139.02,364.44,0.831,-1,-1,-1
395,59,920.18,438.42,55.33,175.28,0.825,-1,-1,-1
395,58,1076.09,430.94,69.92,125.60,0.666,-1,-1,-1
396,3,1065.68,396.90,243.99,614.71,0.928,-1,-1,-1
396,37,959.41,418.26,152.93,518.31,0.853,-1,-1,-1
396,48,723.40,466.32,52.08,128.66,0.785,-1,-1,-1
396,49,584.83,404.86,128.93,340.48,0.888,-1,-1,-1
396,51,421.29,440.67,132.97,291.69,0.867,-1,-1,-1
396,52,326.43,448.98,148.30,349.72,0.931,-1,-1,-1
396,55,115.65,433.38,138.68,363.81,0.862,-1,-1,-1
396,59,917.75,439.35,55.16,174.67,0.844,-1,-1,-1
397,3,1066.16,396.86,244.19,615.57,0.930,-1,-1,-1
397,37,959.11,417.70,152.07,519.07,0.863,-1,-1,-1
397,48,721.67,466.29,51.89,127.81,0.801,-1,-1,-1
397,49,590.53,406.46,127.73,338.98,0.906,-1,-1,-1
397,51,427.09,444.52,129.53,288.32,0.854,-1,-1,-1
397,52,327.34,450.85,149.86,347.34,0.937,-1,-1,-1
397,55,131.13,433.66,139.63,363.36,0.899,-1,-1,-1
397,59,914.85,439.81,55.25,174.95,0.840,-1,-1,-1
398,3,1066.78,397.37,243.69,615.84,0.931,-1,-1,-1
398,37,960.24,417.54,151.10,519.47,0.859,-1,-1,-1
398,48,720.84,465.66,52.46,129.28,0.795,-1,-1,-1
398,49,595.13,406.57,127.60,339.53,0.904,-1,-1,-1
398,51,431.31,442.98,127.64,289.57,0.875,-1,-1,-1
398,52,326.88,450.29,152.03,346.96,0.929,-1,-1,-1
398,55,144.75,435.20,141.71,361.95,0.915,-1,-1,-1
398,59,912.19,439.61,55.42,175.97,0.830,-1,-1,-1
399,3,1066.41,398.10,242.86,615.37,0.918,-1,-1,-1
399,37,962.38,418.05,149.44,518.90,0.848,-1,-1,-1
399,48,720.01,465.78,53.97,133.57,0.810,-1,-1,-1
399,49,600.13,404.27,128.05,340.41,0.919,-1,-1,-1
399,51,437.54,442.00,124.70,290.55,0.879,-1,-1,-1
399,52,326.79,449.76,154.44,346.85,0.937,-1,-1,-1
399,55,151.45,436.10,144.81,360.87,0.899,-1,-1,-1
399,59,909.90,439.99,55.11,175.15,0.817,-1,-1,-1
400,3,1066.49,397.47,242.43,616.40,0.922,-1,-1,-1
400,37,965.28,418.50,147.70,518.48,0.853,-1,-1,-1
400,48,718.41,465.19,54.37,134.61,0.804,-1,-1,-1
400,49,606.20,404.10,129.61,340.45,0.911,-1,-1,-1
400,51,443.58,437.32,123.62,295.14,0.843,-1,-1,-1
400,52,327.06,447.75,156.32,347.02,0.927,-1,-1,-1
400,55,157.36,436.45,148.94,359.91,0.922,-1,-1,-1
400,59,907.80,439.44,55.22,175.17,0.805,-1,-1,-1
401,3,1066.49,397.46,241.57,617.19,0.923,-1,-1,-1
401,37,965.47,418.56,146.52,518.40,0.854,-1,-1,-1
401,48,716.58,464.81,53.74,132.56,0.795,-1,-1,-1
401,49,614.28,404.67,131.95,340.56,0.920,-1,-1,-1
401,51,453.70,444.35,117.50,287.90,0.812,-1,-1,-1
401,52,331.82,445.54,156.82,347.25,0.927,-1,-1,-1
401,55,159.00,437.99,152.55,358.17,0.929,-1,-1,-1
401,59,907.25,440.56,53.97,170.08,0.791,-1,-1,-1
402,3,1064.29,397.59,239.24,617.49,0.917,-1,-1,-1
402,37,965.16,419.05,145.34,517.81,0.857,-1,-1,-1
402,48,715.21,464.37,54.20,133.64,0.790,-1,-1,-1
402,49,624.56,405.18,133.74,339.85,0.925,-1,-1,-1
402,51,464.06,441.98,115.97,290.21,0.849,-1,-1,-1
402,52,338.36,449.24,154.17,342.53,0.914,-1,-1,-1
402,55,164.44,439.19,157.02,356.45,0.937,-1,-1,-1
402,59,904.30,442.61,54.12,169.41,0.798,-1,-1,-1
403,3,1064.11,396.89,236.90,618.25,0.917,-1,-1,-1
403,37,966.69,419.53,143.99,517.45,0.852,-1,-1,-1
403,48,712.94,463.42,56.81,141.42,0.777,-1,-1,-1
403,49,631.22,406.42,136.00,338.53,0.935,-1,-1,-1
403,51,476.97,439.72,115.86,291.91,0.845,-1,-1,-1
403,52,345.57,447.86,150.08,335.43,0.909,-1,-1,-1
403,55,165.77,439.52,161.56,355.94,0.938,-1,-1,-1
403,59,902.77,443.66,54.19,169.18,0.789,-1,-1,-1
404,3,1064.29,395.82,234.89,620.06,0.915,-1,-1,-1
404,37,967.96,419.49,142.68,517.29,0.848,-1,-1,-1
404,48,710.69,460.57,58.46,146.70,0.781,-1,-1,-1
404,49,636.66,407.82,138.42,337.54,0.925,-1,-1,-1
404,51,488.16,437.85,117.65,293.87,0.891,-1,-1,-1
404,52,353.60,443.34,147.65,335.03,0.902,-1,-1,-1
404,55,167.67,438.67,165.25,355.19,0.938,-1,-1,-1
404,59,900.11,451.26,52.10,161.98,0.789,-1,-1,-1
405,3,1063.65,394.71,232.01,621.35,0.917,-1,-1,-1
405,37,968.91,419.67,141.34,517.05,0.852,-1,-1,-1
405,48,710.81,460.04,58.39,148.58,0.770,-1,-1,-1
405,49,641.09,407.79,140.71,337.50,0.930,-1,-1,-1
405,51,499.88,438.12,119.34,292.91,0.912,-1,-1,-1
405,52,365.34,446.92,141.59,328.40,0.891,-1,-1,-1
405,55,167.59,436.77,168.86,355.56,0.942,-1,-1,-1
405,59,896.12,447.40,53.57,165.55,0.817,-1,-1,-1
406,3,1063.02,393.65,229.40,622.95,0.911,-1,-1,-1
406,37,970.31,419.65,140.01,516.96,0.857,-1,-1,-1
406,48,711.37,457.29,57.93,150.45,0.712,-1,-1,-1
406,49,644.21,408.30,142.43,336.97,0.939,-1,-1,-1
406,51,507.59,440.25,120.97,290.69,0.907,-1,-1,-1
406,52,377.18,443.07,137.10,328.48,0.865,-1,-1,-1
406,55,170.91,436.02,170.60,355.68,0.939,-1,-1,-1
406,59,894.12,447.85,53.81,164.84,0.799,-1,-1,-1
407,3,1062.09,393.86,226.10,622.84,0.911,-1,-1,-1
407,37,968.29,419.60,139.38,517.00,0.855,-1,-1,-1
407,48,714.04,460.38,55.09,147.02,0.709,-1,-1,-1
407,49,646.35,410.78,142.76,334.19,0.938,-1,-1,-1
407,51,511.04,440.83,123.46,290.45,0.922,-1,-1,-1
407,52,386.63,442.05,133.70,329.20,0.835,-1,-1,-1
407,55,175.21,434.05,171.25,356.70,0.929,-1,-1,-1
407,59,890.57,449.35,53.99,162.46,0.820,-1,-1,-1
407,28,385.62,461.14,30.67,57.67,0.625,-1,-1,-1
408,3,1062.64,394.27,223.62,622.39,0.905,-1,-1,-1
408,37,966.96,418.99,139.00,517.61,0.854,-1,-1,-1
408,49,648.76,411.61,143.50,333.23,0.945,-1,-1,-1
408,51,510.93,440.47,126.16,291.05,0.919,-1,-1,-1
408,52,396.68,438.65,130.74,331.65,0.833,-1,-1,-1
408,55,183.56,433.14,167.49,350.38,0.920,-1,-1,-1
408,59,886.25,455.30,53.83,157.02,0.855,-1,-1,-1
408,28,384.53,460.94,33.90,58.62,0.660,-1,-1,-1
409,3,1062.01,394.86,221.06,622.11,0.903,-1,-1,-1
409,37,966.33,419.00,138.67,517.89,0.860,-1,-1,-1
409,49,649.74,412.12,144.19,332.22,0.942,-1,-1,-1
409,51,512.44,440.77,128.26,290.77,0.901,-1,-1,-1
409,52,407.57,439.36,127.48,330.11,0.833,-1,-1,-1
409,55,194.54,432.28,162.60,344.57,0.906,-1,-1,-1
409,59,881.52,452.43,56.12,159.93,0.832,-1,-1,-1
409,28,384.16,461.15,35.89,58.66,0.630,-1,-1,-1
410,3,1060.88,394.37,218.65,622.55,0.907,-1,-1,-1
410,37,966.93,419.02,138.09,517.75,0.859,-1,-1,-1
410,49,650.39,411.50,144.93,332.26,0.944,-1,-1,-1
410,51,518.35,439.80,128.34,288.76,0.891,-1,-1,-1
410,52,417.61,436.99,127.21,331.62,0.858,-1,-1,-1
410,55,214.88,431.26,156.11,342.16,0.866,-1,-1,-1
410,59,879.62,445.36,58.88,166.58,0.816,-1,-1,-1
410,28,383.58,460.79,36.99,58.68,0.655,-1,-1,-1
411,3,1058.87,395.54,215.68,621.97,0.902,-1,-1,-1
411,37,966.94,419.53,137.41,517.20,0.866,-1,-1,-1
411,49,650.52,411.98,144.76,330.17,0.945,-1,-1,-1
411,51,523.81,437.90,126.69,284.01,0.865,-1,-1,-1
411,52,429.44,438.79,127.29,329.52,0.904,-1,-1,-1
411,55,229.45,430.29,150.68,341.95,0.831,-1,-1,-1
411,59,877.91,442.16,60.35,169.77,0.833,-1,-1,-1
411,28,383.34,460.92,37.85,58.70,0.666,-1,-1,-1
412,3,1057.58,396.79,213.27,621.17,0.906,-1,-1,-1
412,37,965.91,419.33,137.13,517.18,0.866,-1,-1,-1
412,49,650.81,411.00,145.22,330.01,0.942,-1,-1,-1
412,51,527.53,435.10,126.40,283.96,0.878,-1,-1,-1
412,52,439.13,439.71,128.54,328.46,0.911,-1,-1,-1
412,55,241.80,429.64,146.71,343.12,0.848,-1,-1,-1
412,59,875.73,440.79,61.05,170.73,0.792,-1,-1,-1
412,28,382.84,460.82,38.62,59.00,0.606,-1,-1,-1
413,3,1055.68,397.39,211.06,620.84,0.916,-1,-1,-1
413,37,964.79,418.93,137.24,517.53,0.880,-1,-1,-1
413,49,652.26,409.34,145.91,331.76,0.939,-1,-1,-1
413,51,532.90,434.31,124.82,283.32,0.883,-1,-1,-1
413,52,446.06,439.98,130.85,327.88,0.920,-1,-1,-1
413,55,252.05,429.63,143.33,343.58,0.818,-1,-1,-1
413,59,873.44,440.09,60.95,170.34,0.818,-1,-1,-1
414,3,1054.33,397.48,208.94,619.86,0.911,-1,-1,-1
414,37,963.32,418.45,137.58,517.90,0.883,-1,-1,-1
414,49,653.70,410.31,145.02,330.25,0.938,-1,-1,-1
414,51,538.62,433.77,122.83,283.70,0.884,-1,-1,-1
414,52,449.31,439.82,133.56,328.00,0.930,-1,-1,-1
414,55,264.02,428.95,140.65,343.79,0.865,-1,-1,-1
414,59,871.14,439.76,60.16,168.61,0.825,-1,-1,-1
415,3,1053.60,397.26,207.60,620.72,0.914,-1,-1,-1
415,37,963.18,417.52,137.61,519.09,0.863,-1,-1,-1
415,49,654.69,410.29,144.14,329.36,0.931,-1,-1,-1
415,51,542.74,432.57,121.71,285.52,0.844,-1,-1,-1
415,52,449.93,440.82,135.97,327.16,0.928,-1,-1,-1
415,55,274.14,429.43,138.97,342.81,0.866,-1,-1,-1
415,59,868.13,439.02,59.36,167.43,0.794,-1,-1,-1
415,28,369.89,460.73,65.50,106.03,0.608,-1,-1,-1
416,3,1051.74,396.10,206.98,622.06,0.910,-1,-1,-1
416,37,963.50,416.46,137.49,520.57,0.852,-1,-1,-1
416,49,661.18,410.46,141.16,325.41,0.931,-1,-1,-1
416,51,549.27,432.63,119.17,285.37,0.856,-1,-1,-1
416,52,450.48,444.67,137.23,323.61,0.932,-1,-1,-1
416,55,279.19,430.48,138.21,341.23,0.854,-1,-1,-1
416,59,864.91,438.01,58.63,167.42,0.786,-1,-1,-1
417,3,1050.64,395.94,206.59,622.64,0.911,-1,-1,-1
417,37,963.60,414.91,137.36,522.25,0.845,-1,-1,-1
417,49,667.51,408.59,138.72,324.01,0.929,-1,-1,-1
417,51,559.30,432.63,116.42,285.45,0.851,-1,-1,-1
417,52,451.55,447.40,138.75,320.55,0.939,-1,-1,-1
417,55,290.84,432.71,138.81,339.17,0.912,-1,-1,-1
417,59,862.03,437.09,57.79,167.69,0.825,-1,-1,-1
417,28,369.61,461.37,67.03,113.49,0.604,-1,-1,-1
418,3,1049.75,395.74,206.19,623.62,0.908,-1,-1,-1
418,37,966.83,412.98,136.45,524.20,0.820,-1,-1,-1
418,49,674.73,407.91,136.08,322.64,0.923,-1,-1,-1
418,51,569.04,431.78,114.35,285.95,0.840,-1,-1,-1
418,52,453.21,449.55,139.80,317.39,0.936,-1,-1,-1
418,55,297.27,434.11,139.89,337.13,0.908,-1,-1,-1
418,59,860.35,436.34,56.60,167.81,0.800,-1,-1,-1
419,3,1048.88,396.07,205.64,623.96,0.919,-1,-1,-1
419,37,966.37,413.17,135.43,524.77,0.833,-1,-1,-1
419,49,681.13,406.91,134.77,323.44,0.911,-1,-1,-1
419,51,579.10,431.80,111.22,285.93,0.851,-1,-1,-1
419,52,453.18,444.21,143.08,320.65,0.935,-1,-1,-1
419,55,300.35,434.68,142.09,336.89,0.902,-1,-1,-1
419,59,857.97,436.00,55.89,168.52,0.764,-1,-1,-1
420,3,1048.51,395.97,205.02,624.23,0.916,-1,-1,-1
420,37,967.57,412.26,134.35,527.01,0.814,-1,-1,-1
420,49,686.03,405.96,134.25,324.51,0.898,-1,-1,-1
420,51,587.72,431.91,109.21,286.03,0.857,-1,-1,-1
420,52,455.77,440.96,144.40,322.62,0.934,-1,-1,-1
420,55,305.01,435.07,145.07,335.37,0.901,-1,-1,-1
420,59,856.67,436.06,55.17,169.02,0.794,-1,-1,-1
421,3,1047.99,396.01,204.87,624.54,0.918,-1,-1,-1
421,37,966.64,411.52,133.42,528.37,0.834,-1,-1,-1
421,49,689.73,406.19,132.81,322.65,0.879,-1,-1,-1
421,51,596.27,433.78,108.59,283.71,0.895,-1,-1,-1
421,52,457.62,438.34,145.08,324.48,0.920,-1,-1,-1
421,55,306.63,437.50,146.95,331.99,0.922,-1,-1,-1
421,59,855.81,436.89,54.08,168.12,0.830,-1,-1,-1
422,3,1048.31,396.18,204.71,625.56,0.903,-1,-1,-1
422,37,965.32,411.68,132.81,528.38,0.828,-1,-1,-1
422,49,695.86,408.16,131.14,320.98,0.884,-1,-1,-1
422,51,605.31,434.71,110.47,282.61,0.900,-1,-1,-1
422,52,463.51,439.05,142.84,321.52,0.895,-1,-1,-1
422,55,310.70,439.28,149.13,327.20,0.934,-1,-1,-1
422,59,854.89,437.55,53.16,167.40,0.850,-1,-1,-1
423,3,1047.44,396.32,204.90,626.93,0.910,-1,-1,-1
423,37,964.95,414.03,131.65,526.32,0.821,-1,-1,-1
423,49,702.36,410.95,129.11,318.53,0.875,-1,-1,-1
423,51,613.51,436.76,112.22,280.55,0.910,-1,-1,-1
423,52,469.72,440.33,139.64,317.90,0.906,-1,-1,-1
423,55,314.87,441.26,151.72,324.09,0.931,-1,-1,-1
423,59,853.22,438.60,52.45,166.09,0.852,-1,-1,-1
423,60,1163.58,409.55,135.96,499.61,0.744,-1,-1,-1
424,3,1046.95,396.41,206.03,629.52,0.898,-1,-1,-1
424,37,963.63,414.91,130.95,526.26,0.798,-1,-1,-1
424,49,705.56,408.43,129.19,321.70,0.886,-1,-1,-1
424,51,619.97,437.38,115.04,279.33,0.920,-1,-1,-1
424,52,477.26,440.28,136.57,316.77,0.892,-1,-1,-1
424,55,318.12,438.57,155.25,325.50,0.926,-1,-1,-1
424,59,851.63,439.88,51.88,164.34,0.842,-1,-1,-1
424,60,1168.24,409.81,136.22,499.06,0.765,-1,-1,-1
425,3,1047.30,396.21,207.78,635.77,0.881,-1,-1,-1
425,37,964.91,418.89,129.46,522.33,0.785,-1,-1,-1
425,49,707.46,406.03,129.33,324.39,0.880,-1,-1,-1
425,51,622.30,440.29,116.84,275.90,0.902,-1,-1,-1
425,52,487.91,439.77,132.60,317.06,0.875,-1,-1,-1
425,55,321.95,436.62,157.75,326.21,0.926,-1,-1,-1
425,59,849.99,440.60,51.61,162.97,0.829,-1,-1,-1
425,60,1170.65,409.64,137.60,501.57,0.746,-1,-1,-1
426,3,1047.61,395.69,210.20,644.28,0.875,-1,-1,-1
426,37,966.04,420.99,128.35,519.76,0.753,-1,-1,-1
426,49,710.65,405.93,128.60,324.58,0.877,-1,-1,-1
426,51,621.58,441.66,118.76,274.46,0.912,-1,-1,-1
426,52,503.47,438.29,128.76,318.90,0.853,-1,-1,-1
426,55,326.04,435.41,158.62,326.95,0.927,-1,-1,-1
426,59,846.98,440.96,51.95,163.28,0.816,-1,-1,-1
426,60,1174.30,409.89,138.77,502.17,0.779,-1,-1,-1
427,3,1049.90,395.49,212.29,651.89,0.863,-1,-1,-1
427,37,967.19,416.27,128.87,524.27,0.825,-1,-1,-1
427,49,713.88,406.25,127.30,324.18,0.869,-1,-1,-1
427,51,621.71,446.44,118.80,268.46,0.883,-1,-1,-1
427,52,511.83,437.91,124.47,319.08,0.871,-1,-1,-1
427,55,333.54,434.73,156.32,323.01,0.920,-1,-1,-1
427,59,843.76,440.57,52.03,163.66,0.817,-1,-1,-1
427,60,1176.30,410.69,139.62,501.09,0.791,-1,-1,-1
428,3,1053.13,395.12,215.00,659.12,0.856,-1,-1,-1
428,37,968.50,414.41,129.02,526.65,0.828,-1,-1,-1
428,49,718.03,406.36,126.62,324.37,0.891,-1,-1,-1
428,51,621.85,444.90,120.53,268.97,0.897,-1,-1,-1
428,52,518.71,438.69,120.59,318.50,0.875,-1,-1,-1
428,55,342.44,436.68,151.89,316.90,0.895,-1,-1,-1
428,59,840.52,440.12,51.42,162.48,0.805,-1,-1,-1
428,60,1175.61,410.40,141.39,502.47,0.819,-1,-1,-1
429,3,1051.97,395.14,215.60,665.95,0.886,-1,-1,-1
429,37,971.12,412.91,128.71,529.09,0.817,-1,-1,-1
429,49,721.88,408.12,125.36,322.69,0.900,-1,-1,-1
429,51,623.84,443.60,121.27,269.79,0.894,-1,-1,-1
429,52,525.87,438.48,118.11,318.82,0.882,-1,-1,-1
429,55,354.85,436.31,147.55,314.86,0.864,-1,-1,-1
429,59,838.66,439.97,50.31,160.57,0.812,-1,-1,-1
429,60,1175.89,408.89,143.33,504.43,0.837,-1,-1,-1
429,61,1655.36,323.57,247.57,720.21,0.765,-1,-1,-1
430,3,1052.33,395.23,215.84,672.12,0.901,-1,-1,-1
430,37,975.13,416.43,127.19,525.71,0.818,-1,-1,-1
430,49,728.51,410.31,123.62,320.38,0.897,-1,-1,-1
430,51,627.85,442.64,120.83,268.66,0.891,-1,-1,-1
430,52,535.13,438.75,117.13,318.87,0.899,-1,-1,-1
430,55,367.01,435.25,142.63,315.02,0.859,-1,-1,-1
430,59,837.38,439.07,49.60,160.21,0.783,-1,-1,-1
430,60,1179.02,409.21,143.59,503.27,0.775,-1,-1,-1
430,61,1630.38,318.92,255.68,739.33,0.859,-1,-1,-1
431,3,1051.25,394.70,213.92,674.55,0.863,-1,-1,-1
431,37,977.17,416.77,126.90,525.88,0.829,-1,-1,-1
431,49,730.08,411.74,123.23,318.99,0.882,-1,-1,-1
431,51,639.77,442.86,117.06,266.05,0.744,-1,-1,-1
431,52,543.83,439.61,117.04,317.65,0.899,-1,-1,-1
431,55,378.35,439.05,136.25,311.49,0.807,-1,-1,-1
431,59,836.22,437.95,48.94,159.97,0.762,-1,-1,-1
431,61,1603.44,309.65,259.02,738.41,0.817,-1,-1,-1
432,3,1049.05,394.33,208.02,668.56,0.799,-1,-1,-1
432,37,979.67,416.61,126.95,525.63,0.826,-1,-1,-1
432,49,733.44,412.65,122.98,317.98,0.903,-1,-1,-1
432,51,648.86,441.85,113.80,265.92,0.752,-1,-1,-1
432,52,550.91,439.87,118.54,317.34,0.922,-1,-1,-1
432,55,377.83,442.70,132.32,308.37,0.795,-1,-1,-1
432,59,835.32,437.43,48.49,160.01,0.726,-1,-1,-1
432,61,1579.07,301.60,259.67,721.40,0.803,-1,-1,-1
432,60,1190.39,409.47,118.03,407.06,0.607,-1,-1,-1
433,3,1052.55,394.58,196.79,640.34,0.849,-1,-1,-1
433,37,983.12,417.20,126.97,525.40,0.834,-1,-1,-1
433,49,735.87,414.20,121.82,315.81,0.900,-1,-1,-1
433,51,648.79,451.97,83.54,197.36,0.682,-1,-1,-1
433,52,554.82,440.27,120.22,316.82,0.925,-1,-1,-1
433,55,388.35,444.59,128.60,306.33,0.773,-1,-1,-1
433,59,834.12,437.40,47.61,158.41,0.748,-1,-1,-1
433,61,1547.25,299.87,275.94,741.61,0.873,-1,-1,-1
433,60,1197.11,409.75,115.41,390.04,0.781,-1,-1,-1
434,3,1066.36,394.96,177.56,575.14,0.712,-1,-1,-1
434,37,986.47,417.89,127.54,525.13,0.841,-1,-1,-1
434,49,739.52,414.28,120.93,314.95,0.893,-1,-1,-1
434,52,556.38,441.08,121.77,315.35,0.930,-1,-1,-1
434,55,398.15,446.23,126.37,304.20,0.829,-1,-1,-1
434,59,833.85,437.73,46.85,157.41,0.615,-1,-1,-1
434,61,1514.90,301.34,278.11,713.48,0.810,-1,-1,-1
434,48,673.46,438.93,91.87,267.85,0.678,-1,-1,-1
435,3,1088.42,393.46,146.93,460.68,0.743,-1,-1,-1
435,37,991.11,418.57,123.94,502.76,0.850,-1,-1,-1
435,49,741.85,413.97,119.79,314.24,0.885,-1,-1,-1
435,52,558.06,441.65,123.63,314.67,0.935,-1,-1,-1
435,55,401.49,437.05,130.34,313.83,0.864,-1,-1,-1
435,59,833.08,438.12,46.81,157.19,0.653,-1,-1,-1
435,61,1461.43,302.01,282.87,695.78,0.803,-1,-1,-1
435,63,1274.82,421.19,95.00,311.75,0.729,-1,-1,-1
435,48,678.61,436.86,88.59,271.91,0.747,-1,-1,-1
435,60,1208.50,408.87,99.69,326.04,0.761,-1,-1,-1
436,3,1097.92,395.48,140.74,431.06,0.836,-1,-1,-1
436,37,1003.27,419.74,107.90,419.86,0.846,-1,-1,-1
436,49,742.19,412.97,118.63,314.04,0.897,-1,-1,-1
436,52,558.75,441.94,125.93,314.54,0.933,-1,-1,-1
436,55,404.70,436.10,130.08,315.01,0.856,-1,-1,-1
436,61,1395.58,307.88,289.52,684.96,0.755,-1,-1,-1
436,48,684.72,435.93,85.54,274.23,0.785,-1,-1,-1
436,60,1209.87,406.69,102.32,326.44,0.673,-1,-1,-1
437,3,1101.87,396.52,145.06,434.88,0.866,-1,-1,-1
437,37,1007.80,419.16,107.40,402.67,0.864,-1,-1,-1
437,49,744.20,413.49,116.65,310.62,0.873,-1,-1,-1
437,52,558.04,441.92,128.09,314.44,0.930,-1,-1,-1
437,55,415.58,438.23,129.12,312.75,0.845,-1,-1,-1
437,61,1324.65,317.90,299.24,681.81,0.828,-1,-1,-1
437,48,690.58,435.69,84.41,274.33,0.796,-1,-1,-1
437,59,829.49,439.01,47.16,157.94,0.629,-1,-1,-1
438,3,1102.56,400.26,148.46,440.45,0.861,-1,-1,-1
438,37,1009.16,419.35,112.42,409.16,0.875,-1,-1,-1
438,49,749.74,412.86,114.71,308.72,0.865,-1,-1,-1
438,52,558.14,441.52,129.97,313.78,0.933,-1,-1,-1
438,55,422.90,441.49,127.81,308.99,0.873,-1,-1,-1
438,61,1260.76,324.43,308.58,684.98,0.834,-1,-1,-1
438,48,694.50,433.66,84.93,276.75,0.804,-1,-1,-1
438,59,827.62,440.42,47.18,156.87,0.651,-1,-1,-1
439,3,1101.35,412.91,144.73,428.64,0.791,-1,-1,-1
439,37,1008.61,420.37,118.86,422.47,0.873,-1,-1,-1
439,49,760.41,413.33,110.70,303.79,0.820,-1,-1,-1
439,52,559.20,440.83,131.51,313.76,0.928,-1,-1,-1
439,55,427.88,436.46,128.92,312.71,0.876,-1,-1,-1
439,61,1198.72,337.25,311.60,677.07,0.843,-1,-1,-1
439,48,704.04,434.06,89.31,284.32,0.836,-1,-1,-1
440,3,1104.61,441.30,114.09,334.06,0.620,-1,-1,-1
440,37,1007.80,420.71,125.04,436.68,0.875,-1,-1,-1
440,49,766.03,413.63,108.51,302.65,0.814,-1,-1,-1
440,52,560.10,439.53,132.77,314.24,0.915,-1,-1,-1
440,55,432.49,441.31,126.44,306.43,0.881,-1,-1,-1
440,61,1140.03,351.47,312.75,668.32,0.837,-1,-1,-1
440,48,710.30,431.42,92.64,288.69,0.835,-1,-1,-1
441,37,1008.91,423.69,115.10,393.72,0.804,-1,-1,-1
441,49,769.54,412.32,106.30,302.47,0.845,-1,-1,-1
441,52,563.47,439.20,133.05,313.22,0.915,-1,-1,-1
441,55,435.94,438.90,126.99,307.08,0.900,-1,-1,-1
441,61,1079.23,361.84,313.57,659.32,0.866,-1,-1,-1
441,48,713.82,430.07,93.56,285.27,0.858,-1,-1,-1
441,63,1330.86,427.39,102.15,326.36,0.817,-1,-1,-1
442,49,772.75,411.46,104.36,301.68,0.802,-1,-1,-1
442,52,566.04,438.82,132.95,312.20,0.926,-1,-1,-1
442,55,439.42,437.57,126.91,307.39,0.894,-1,-1,-1
442,61,1022.56,366.68,313.57,651.24,0.857,-1,-1,-1
442,48,721.46,433.76,96.57,280.36,0.838,-1,-1,-1
442,63,1329.73,427.73,106.19,327.43,0.869,-1,-1,-1
442,28,347.40,515.95,72.87,121.34,0.623,-1,-1,-1
443,49,776.42,410.95,103.01,302.99,0.816,-1,-1,-1
443,52,571.09,438.40,130.90,309.10,0.907,-1,-1,-1
443,55,446.04,435.68,126.36,308.68,0.891,-1,-1,-1
443,61,978.43,367.79,316.44,647.27,0.883,-1,-1,-1
443,48,724.39,436.08,100.51,278.84,0.847,-1,-1,-1
443,63,1333.06,427.75,110.13,329.58,0.875,-1,-1,-1
443,64,376.89,461.14,57.50,109.18,0.671,-1,-1,-1
443,28,340.52,511.84,78.47,132.67,0.631,-1,-1,-1
444,49,777.14,411.16,102.27,303.88,0.840,-1,-1,-1
444,52,577.04,437.70,127.62,304.76,0.905,-1,-1,-1
444,55,452.15,435.07,123.36,304.65,0.884,-1,-1,-1
444,61,926.11,365.38,318.20,648.74,0.897,-1,-1,-1
444,48,721.31,438.30,102.08,276.27,0.809,-1,-1,-1
444,63,1332.34,427.36,113.53,333.91,0.869,-1,-1,-1
444,64,375.67,461.22,59.30,112.99,0.677,-1,-1,-1
444,28,331.50,510.54,80.29,135.31,0.723,-1,-1,-1
444,60,1180.46,404.63,157.72,500.44,0.735,-1,-1,-1
445,49,782.95,412.16,100.44,302.03,0.833,-1,-1,-1
445,52,583.19,437.19,124.41,301.22,0.905,-1,-1,-1
445,55,457.86,433.17,120.41,300.49,0.859,-1,-1,-1
445,61,881.30,357.44,323.26,656.68,0.843,-1,-1,-1
445,48,718.73,440.67,101.76,271.02,0.821,-1,-1,-1
445,63,1333.30,426.22,115.90,337.41,0.859,-1,-1,-1
445,64,375.24,461.25,59.91,114.69,0.685,-1,-1,-1
445,28,322.41,510.11,81.34,137.06,0.763,-1,-1,-1
445,60,1165.33,400.97,167.17,513.47,0.854,-1,-1,-1
446,49,787.22,411.54,98.88,301.19,0.771,-1,-1,-1
446,52,591.97,436.76,121.84,300.36,0.872,-1,-1,-1
446,55,465.48,432.10,117.43,296.23,0.835,-1,-1,-1
446,61,841.48,347.39,321.45,649.62,0.895,-1,-1,-1
446,48,725.30,441.12,105.14,270.52,0.818,-1,-1,-1
446,63,1335.14,425.73,116.95,339.04,0.841,-1,-1,-1
446,64,374.87,461.22,59.55,114.67,0.686,-1,-1,-1
446,28,314.64,509.79,83.50,142.38,0.745,-1,-1,-1
446,60,1141.31,398.65,200.78,620.70,0.874,-1,-1,-1
447,52,604.16,436.81,118.56,299.28,0.847,-1,-1,-1
447,55,470.38,431.19,116.33,295.72,0.844,-1,-1,-1
447,61,803.89,339.90,323.45,649.79,0.886,-1,-1,-1
447,48,734.30,423.44,116.22,287.39,0.824,-1,-1,-1
447,63,1337.82,424.55,117.56,340.22,0.864,-1,-1,-1
447,64,375.29,461.32,59.08,114.60,0.677,-1,-1,-1
447,28,307.33,510.46,84.93,145.43,0.776,-1,-1,-1
447,60,1132.27,400.32,213.13,660.38,0.863,-1,-1,-1
448,52,613.42,436.74,115.53,301.06,0.843,-1,-1,-1
448,55,479.34,431.49,112.75,291.32,0.813,-1,-1,-1
448,61,771.96,335.67,322.32,644.28,0.875,-1,-1,-1
448,48,733.59,433.89,112.67,273.99,0.821,-1,-1,-1
448,63,1339.70,422.79,118.53,341.97,0.847,-1,-1,-1
448,64,375.06,461.11,58.65,114.74,0.648,-1,-1,-1
448,28,301.45,511.31,85.53,148.03,0.786,-1,-1,-1
448,60,1132.02,400.79,218.78,678.11,0.890,-1,-1,-1
448,37,1042.52,421.25,148.67,517.68,0.867,-1,-1,-1
449,52,622.03,436.94,111.63,301.02,0.869,-1,-1,-1
449,55,481.99,430.53,111.65,290.19,0.831,-1,-1,-1
449,61,729.14,333.03,336.45,673.05,0.873,-1,-1,-1
449,63,1344.79,421.94,119.27,342.81,0.860,-1,-1,-1
449,64,375.34,461.04,57.94,114.46,0.719,-1,-1,-1
449,28,291.59,511.29,86.34,149.59,0.811,-1,-1,-1
449,60,1132.58,401.35,218.11,678.65,0.889,-1,-1,-1
449,37,1039.03,421.35,152.85,531.26,0.895,-1,-1,-1
450,52,627.46,436.81,107.68,298.99,0.886,-1,-1,-1
450,55,488.72,431.13,113.13,293.00,0.842,-1,-1,-1
450,61,690.75,335.67,344.01,689.71,0.906,-1,-1,-1
450,63,1344.82,420.97,120.92,343.52,0.833,-1,-1,-1
450,64,375.48,460.42,57.59,114.86,0.721,-1,-1,-1
450,28,283.16,511.50,87.04,150.73,0.796,-1,-1,-1
450,60,1141.45,400.79,217.14,677.05,0.902,-1,-1,-1
450,37,1038.48,421.95,154.63,536.94,0.913,-1,-1,-1
451,52,631.04,438.02,104.81,298.17,0.843,-1,-1,-1
451,55,495.01,433.52,114.01,290.92,0.852,-1,-1,-1
451,61,655.06,341.02,346.81,693.92,0.894,-1,-1,-1
451,63,1347.89,419.13,121.98,345.44,0.842,-1,-1,-1
451,64,375.94,460.25,57.06,114.96,0.722,-1,-1,-1
451,28,275.67,511.93,86.82,150.53,0.837,-1,-1,-1
451,60,1147.40,401.56,223.15,678.44,0.900,-1,-1,-1
451,37,1041.11,422.20,154.92,536.00,0.911,-1,-1,-1
452,52,638.68,445.02,89.38,258.88,0.659,-1,-1,-1
452,55,499.97,433.93,115.95,289.67,0.889,-1,-1,-1
452,61,619.46,349.98,346.97,693.19,0.889,-1,-1,-1
452,63,1356.53,417.78,123.15,347.22,0.878,-1,-1,-1
452,64,375.70,459.95,56.78,115.45,0.762,-1,-1,-1
452,28,267.63,512.15,86.34,149.15,0.795,-1,-1,-1
452,60,1141.60,400.22,235.32,679.78,0.897,-1,-1,-1
452,37,1042.87,421.57,155.20,535.85,0.915,-1,-1,-1
453,55,503.68,433.14,117.50,290.70,0.868,-1,-1,-1
453,61,586.27,359.78,349.68,697.60,0.885,-1,-1,-1
453,63,1364.00,417.20,123.26,348.17,0.877,-1,-1,-1
453,64,376.49,459.84,56.14,115.56,0.754,-1,-1,-1
453,28,261.36,512.53,84.49,144.68,0.722,-1,-1,-1
453,60,1164.34,400.24,241.07,679.76,0.898,-1,-1,-1
453,37,1045.31,420.74,155.39,535.93,0.916,-1,-1,-1
454,55,506.31,434.21,116.99,289.69,0.875,-1,-1,-1
454,61,546.77,370.30,346.92,691.11,0.840,-1,-1,-1
454,63,1370.26,416.89,123.98,350.37,0.891,-1,-1,-1
454,64,376.88,459.74,55.74,115.86,0.769,-1,-1,-1
454,28,255.36,512.29,83.81,142.65,0.832,-1,-1,-1
454,60,1173.50,401.75,247.64,678.25,0.924,-1,-1,-1
454,37,1047.49,420.62,155.26,535.08,0.922,-1,-1,-1
454,49,812.48,409.97,93.23,296.10,0.769,-1,-1,-1
455,55,508.13,451.43,105.62,266.67,0.723,-1,-1,-1
455,61,509.91,383.09,343.38,677.59,0.875,-1,-1,-1
455,63,1375.59,417.00,124.89,352.31,0.889,-1,-1,-1
455,64,376.88,459.58,55.47,116.11,0.781,-1,-1,-1
455,28,248.17,514.09,82.96,139.68,0.850,-1,-1,-1
455,60,1177.75,402.00,254.15,678.00,0.914,-1,-1,-1
455,37,1052.55,419.56,156.46,535.16,0.919,-1,-1,-1
455,49,817.90,409.56,92.49,298.73,0.871,-1,-1,-1
456,61,474.29,390.71,343.82,670.08,0.884,-1,-1,-1
456,63,1380.77,417.83,126.38,355.36,0.902,-1,-1,-1
456,64,377.57,459.80,55.07,115.97,0.759,-1,-1,-1
456,28,240.68,514.32,83.45,139.11,0.788,-1,-1,-1
456,60,1178.26,402.16,259.75,677.84,0.938,-1,-1,-1
456,37,1056.75,418.83,157.18,534.78,0.911,-1,-1,-1
456,49,815.26,408.74,93.52,300.45,0.850,-1,-1,-1
456,48,767.28,438.35,99.53,255.31,0.682,-1,-1,-1
457,61,434.17,394.69,347.80,670.24,0.894,-1,-1,-1
457,63,1384.05,419.25,128.41,358.46,0.893,-1,-1,-1
457,64,377.70,459.46,54.91,116.38,0.717,-1,-1,-1
457,28,233.16,515.17,83.99,138.72,0.836,-1,-1,-1
457,60,1177.71,402.31,264.68,677.66,0.930,-1,-1,-1
457,37,1061.92,418.59,157.96,534.78,0.907,-1,-1,-1
457,49,814.87,408.75,93.81,300.31,0.861,-1,-1,-1
457,52,689.87,443.49,60.86,174.22,0.738,-1,-1,-1
458,61,395.23,394.98,353.04,672.92,0.894,-1,-1,-1
458,63,1388.94,420.59,129.93,360.75,0.906,-1,-1,-1
458,64,378.12,459.75,54.18,115.66,0.702,-1,-1,-1
458,28,226.14,516.53,83.23,135.94,0.840,-1,-1,-1
458,60,1177.25,403.39,269.25,676.05,0.935,-1,-1,-1
458,37,1067.32,418.06,158.44,537.03,0.903,-1,-1,-1
458,49,814.69,408.71,93.83,299.60,0.855,-1,-1,-1
458,52,690.13,442.53,93.92,266.40,0.846,-1,-1,-1
459,61,355.14,388.30,360.66,684.35,0.898,-1,-1,-1
459,63,1398.18,422.10,132.87,362.58,0.902,-1,-1,-1
459,64,378.42,460.16,53.32,114.74,0.612,-1,-1,-1
459,28,216.94,517.23,84.41,136.39,0.835,-1,-1,-1
459,60,1176.51,403.84,273.35,674.60,0.934,-1,-1,-1
459,37,1075.50,417.08,159.65,542.58,0.894,-1,-1,-1
459,49,820.16,409.66,92.08,298.24,0.836,-1,-1,-1
459,52,691.11,440.89,101.15,284.64,0.869,-1,-1,-1
460,61,321.96,384.92,366.08,688.60,0.909,-1,-1,-1
460,63,1407.86,423.71,136.83,364.65,0.917,-1,-1,-1
460,28,208.62,518.14,84.08,133.72,0.831,-1,-1,-1
460,60,1175.32,403.47,276.90,674.09,0.932,-1,-1,-1
460,37,1081.19,417.63,160.55,547.12,0.884,-1,-1,-1
460,49,822.19,410.39,91.00,297.79,0.834,-1,-1,-1
460,52,684.14,438.76,107.05,294.35,0.918,-1,-1,-1
461,61,288.77,377.90,373.04,696.82,0.916,-1,-1,-1
461,63,1412.54,424.87,139.73,364.54,0.917,-1,-1,-1
461,28,199.39,517.96,85.38,134.13,0.768,-1,-1,-1
461,60,1174.93,403.30,280.16,673.35,0.935,-1,-1,-1
461,37,1085.85,416.97,161.37,552.13,0.894,-1,-1,-1
461,49,816.08,410.27,92.60,297.64,0.844,-1,-1,-1
461,52,677.45,437.86,111.47,298.08,0.923,-1,-1,-1
462,61,261.38,370.87,379.16,703.44,0.907,-1,-1,-1
462,63,1414.29,425.57,143.52,367.80,0.917,-1,-1,-1
462,28,191.22,518.19,84.38,130.17,0.751,-1,-1,-1
462,60,1174.70,401.34,283.50,675.04,0.943,-1,-1,-1
462,37,1090.61,415.82,162.82,556.40,0.886,-1,-1,-1
462,49,812.95,408.92,94.91,299.33,0.887,-1,-1,-1
462,52,676.40,437.36,113.84,299.39,0.929,-1,-1,-1
462,59,780.89,440.80,43.03,143.09,0.643,-1,-1,-1
462,55,554.23,435.32,108.32,274.58,0.785,-1,-1,-1
463,61,227.84,365.80,385.30,709.76,0.911,-1,-1,-1
463,63,1418.50,425.35,147.25,372.59,0.911,-1,-1,-1
463,60,1176.38,400.39,285.73,676.14,0.926,-1,-1,-1
463,37,1095.27,414.66,163.68,558.55,0.871,-1,-1,-1
463,49,810.40,408.79,96.54,299.30,0.879,-1,-1,-1
463,52,677.98,436.66,114.74,299.47,0.919,-1,-1,-1
463,59,777.96,439.56,43.85,144.26,0.705,-1,-1,-1
463,55,561.15,432.98,109.24,276.88,0.821,-1,-1,-1
464,61,193.90,360.94,390.26,715.16,0.895,-1,-1,-1
464,63,1422.78,424.73,149.41,375.59,0.917,-1,-1,-1
464,60,1179.43,397.68,287.61,678.74,0.933,-1,-1,-1
464,37,1098.71,413.82,164.14,560.31,0.866,-1,-1,-1
464,49,813.72,407.28,97.85,301.29,0.848,-1,-1,-1
464,52,682.65,435.99,114.27,299.52,0.913,-1,-1,-1
464,59,777.60,442.60,43.50,140.73,0.620,-1,-1,-1
464,55,564.34,432.23,109.60,277.16,0.856,-1,-1,-1
465,61,166.43,360.68,394.16,716.28,0.910,-1,-1,-1
465,63,1427.43,423.68,150.44,377.97,0.908,-1,-1,-1
465,60,1184.86,397.06,287.30,679.46,0.933,-1,-1,-1
465,37,1102.30,413.84,163.98,560.02,0.878,-1,-1,-1
465,49,814.93,405.97,99.12,302.73,0.867,-1,-1,-1
465,52,688.98,435.02,113.01,299.91,0.894,-1,-1,-1
465,55,561.64,431.16,111.38,278.67,0.892,-1,-1,-1
466,61,138.64,362.86,396.07,714.18,0.885,-1,-1,-1
466,63,1433.95,421.41,150.43,380.81,0.892,-1,-1,-1
466,60,1192.24,396.60,285.44,679.60,0.927,-1,-1,-1
466,37,1109.50,415.41,164.43,559.71,0.864,-1,-1,-1
466,49,820.69,405.55,99.12,303.58,0.863,-1,-1,-1
466,52,698.81,434.57,111.20,299.83,0.839,-1,-1,-1
466,55,563.07,430.39,111.36,278.73,0.895,-1,-1,-1
466,68,505.62,463.83,72.11,171.08,0.790,-1,-1,-1
467,61,116.49,368.08,392.76,709.38,0.860,-1,-1,-1
467,63,1440.92,419.32,149.29,382.86,0.903,-1,-1,-1
467,60,1203.27,396.16,282.27,677.08,0.910,-1,-1,-1
467,37,1112.48,417.30,164.51,560.33,0.879,-1,-1,-1
467,49,825.90,405.80,97.83,303.35,0.878,-1,-1,-1
467,52,701.06,433.75,111.23,300.62,0.839,-1,-1,-1
467,55,567.71,429.68,110.34,279.08,0.877,-1,-1,-1
467,68,502.99,466.14,72.07,170.76,0.778,-1,-1,-1
468,61,99.29,375.37,389.62,702.83,0.894,-1,-1,-1
468,63,1448.29,417.08,147.42,385.01,0.882,-1,-1,-1
468,60,1218.28,396.95,278.23,675.02,0.906,-1,-1,-1
468,37,1115.70,418.72,165.89,565.59,0.888,-1,-1,-1
468,49,828.17,405.30,96.97,303.91,0.877,-1,-1,-1
468,52,710.89,433.71,109.92,300.78,0.837,-1,-1,-1
468,55,571.74,429.99,108.85,278.70,0.862,-1,-1,-1
468,68,495.67,467.75,73.88,174.53,0.783,-1,-1,-1
469,61,56.85,380.30,382.12,697.48,0.847,-1,-1,-1
469,63,1458.13,415.07,145.17,387.02,0.878,-1,-1,-1
469,60,1234.15,395.93,275.30,677.93,0.895,-1,-1,-1
469,37,1117.04,419.42,166.73,571.74,0.891,-1,-1,-1
469,49,829.92,405.68,95.95,303.45,0.889,-1,-1,-1
469,52,720.63,433.34,107.91,300.87,0.833,-1,-1,-1
469,55,574.54,429.52,107.37,278.77,0.875,-1,-1,-1
469,68,490.42,467.79,75.36,178.27,0.680,-1,-1,-1
470,61,43.47,387.06,379.74,690.21,0.881,-1,-1,-1
470,63,1466.38,412.70,143.02,389.31,0.877,-1,-1,-1
470,60,1251.84,395.54,272.51,678.95,0.871,-1,-1,-1
470,37,1123.17,420.16,169.27,580.40,0.896,-1,-1,-1
470,49,830.25,406.97,94.99,302.13,0.883,-1,-1,-1
470,52,728.48,433.14,107.59,301.28,0.840,-1,-1,-1
470,55,583.55,429.29,104.70,279.14,0.835,-1,-1,-1
470,68,484.50,467.64,75.73,178.99,0.704,-1,-1,-1
471,61,20.25,395.78,378.41,681.60,0.908,-1,-1,-1
471,63,1475.21,410.74,140.93,391.14,0.870,-1,-1,-1
471,60,1271.45,395.79,268.18,676.96,0.866,-1,-1,-1
471,37,1127.38,420.27,170.15,585.33,0.904,-1,-1,-1
471,49,830.66,406.81,94.74,301.83,0.873,-1,-1,-1
471,52,737.03,433.21,108.25,300.76,0.860,-1,-1,-1
471,55,591.33,428.35,102.42,280.28,0.802,-1,-1,-1
471,68,476.76,467.49,77.40,182.18,0.758,-1,-1,-1
472,61,6.25,401.70,377.49,675.02,0.938,-1,-1,-1
472,63,1482.18,409.95,138.96,391.71,0.882,-1,-1,-1
472,60,1285.00,395.26,264.50,678.37,0.870,-1,-1,-1
472,37,1130.90,420.04,169.97,587.44,0.906,-1,-1,-1
472,49,830.51,405.85,94.97,302.80,0.868,-1,-1,-1
472,52,741.62,434.20,108.91,299.51,0.879,-1,-1,-1
472,55,593.81,429.46,100.40,279.13,0.818,-1,-1,-1
472,68,471.63,467.07,77.89,183.19,0.739,-1,-1,-1
473,61,0.00,404.71,365.77,671.84,0.927,-1,-1,-1
473,63,1489.28,409.67,136.99,390.77,0.887,-1,-1,-1
473,37,1135.96,419.61,169.86,588.16,0.906,-1,-1,-1
473,49,831.73,405.69,95.10,303.15,0.862,-1,-1,-1
473,52,743.06,435.59,109.45,298.00,0.885,-1,-1,-1
473,55,601.28,429.69,98.30,278.58,0.800,-1,-1,-1
473,68,463.52,468.43,78.77,184.75,0.746,-1,-1,-1
474,61,0.00,403.80,354.17,672.80,0.943,-1,-1,-1
474,63,1495.40,409.97,135.82,389.92,0.889,-1,-1,-1
474,37,1142.32,418.46,170.23,589.15,0.910,-1,-1,-1
474,49,831.42,405.87,94.40,303.18,0.852,-1,-1,-1
474,52,743.61,436.23,110.14,297.14,0.888,-1,-1,-1
474,55,606.86,430.11,96.01,277.72,0.799,-1,-1,-1
474,68,456.28,469.01,80.27,187.53,0.729,-1,-1,-1
474,60,1302.30,394.51,260.56,680.82,0.867,-1,-1,-1
475,61,0.00,402.10,342.21,673.37,0.930,-1,-1,-1
475,63,1503.53,410.02,136.19,391.07,0.896,-1,-1,-1
475,37,1147.18,418.10,170.78,590.23,0.916,-1,-1,-1
475,49,832.90,406.99,93.22,302.10,0.829,-1,-1,-1
475,52,744.78,436.97,110.52,296.06,0.901,-1,-1,-1
475,55,610.60,431.05,94.03,276.61,0.828,-1,-1,-1
475,68,451.22,470.99,81.09,189.22,0.750,-1,-1,-1
475,60,1310.71,393.88,257.07,681.56,0.890,-1,-1,-1
476,61,0.00,396.55,332.52,678.60,0.950,-1,-1,-1
476,63,1516.08,410.85,138.72,392.68,0.894,-1,-1,-1
476,37,1151.16,417.77,171.11,590.55,0.914,-1,-1,-1
476,49,833.27,407.28,92.49,301.62,0.840,-1,-1,-1
476,52,746.64,435.98,110.83,296.30,0.904,-1,-1,-1
476,55,613.90,431.87,92.54,275.16,0.841,-1,-1,-1
476,68,444.18,472.48,81.07,188.96,0.797,-1,-1,-1
476,60,1317.52,393.20,252.88,682.22,0.903,-1,-1,-1
477,61,0.00,391.07,321.19,683.70,0.926,-1,-1,-1
477,63,1528.37,411.27,143.77,397.19,0.907,-1,-1,-1
477,37,1154.55,417.31,171.34,591.03,0.917,-1,-1,-1
477,49,833.73,406.87,92.41,302.18,0.831,-1,-1,-1
477,52,746.85,434.70,111.33,296.49,0.907,-1,-1,-1
477,55,620.05,433.04,91.53,273.67,0.854,-1,-1,-1
477,68,435.92,474.48,81.15,188.25,0.800,-1,-1,-1
477,60,1323.82,391.93,248.48,682.64,0.897,-1,-1,-1
478,61,0.00,386.97,309.90,687.71,0.918,-1,-1,-1
478,63,1539.94,411.87,148.70,398.78,0.906,-1,-1,-1
478,37,1158.33,417.13,171.36,591.33,0.925,-1,-1,-1
478,49,835.73,407.48,91.39,301.77,0.818,-1,-1,-1
478,52,747.71,433.66,111.67,297.04,0.899,-1,-1,-1
478,55,625.02,433.60,91.09,272.22,0.846,-1,-1,-1
478,68,429.11,475.29,81.53,188.30,0.780,-1,-1,-1
478,60,1328.55,390.64,244.85,683.89,0.902,-1,-1,-1
479,61,0.00,383.97,297.25,690.70,0.928,-1,-1,-1
479,63,1549.26,413.20,154.52,400.84,0.904,-1,-1,-1
479,37,1161.63,417.01,171.16,591.53,0.925,-1,-1,-1
479,49,838.32,408.29,89.74,301.05,0.787,-1,-1,-1
479,52,751.97,433.94,110.92,295.62,0.881,-1,-1,-1
479,55,626.50,433.81,90.71,269.73,0.830,-1,-1,-1
479,68,421.57,476.51,82.67,189.97,0.773,-1,-1,-1
479,60,1335.46,390.38,242.26,683.90,0.912,-1,-1,-1
480,61,0.00,388.28,282.18,686.46,0.868,-1,-1,-1
480,63,1556.86,414.30,160.90,404.27,0.904,-1,-1,-1
480,37,1165.50,416.17,170.91,592.11,0.924,-1,-1,-1
480,49,839.50,407.28,89.34,301.97,0.829,-1,-1,-1
480,52,757.14,434.03,109.27,293.27,0.862,-1,-1,-1
480,55,627.39,433.51,91.89,270.92,0.830,-1,-1,-1
480,68,416.52,478.50,81.24,186.10,0.730,-1,-1,-1
480,60,1343.16,390.39,241.39,684.09,0.914,-1,-1,-1
480,69,1323.41,405.73,94.00,545.13,0.710,-1,-1,-1
481,61,0.00,402.09,266.09,673.65,0.817,-1,-1,-1
481,63,1561.99,414.70,166.79,408.35,0.902,-1,-1,-1
481,37,1169.72,415.93,170.47,592.20,0.920,-1,-1,-1
481,49,840.81,407.75,88.13,301.35,0.834,-1,-1,-1
481,52,763.52,434.57,107.29,289.88,0.840,-1,-1,-1
481,55,626.59,433.48,92.57,270.65,0.815,-1,-1,-1
481,68,409.21,478.53,81.31,186.65,0.755,-1,-1,-1
481,60,1353.10,390.13,241.65,684.20,0.912,-1,-1,-1
481,69,1329.07,405.16,94.25,545.92,0.698,-1,-1,-1
481,48,905.13,433.24,96.97,245.92,0.759,-1,-1,-1
482,61,0.00,433.44,245.10,642.59,0.735,-1,-1,-1
482,63,1566.07,418.08,170.71,408.83,0.875,-1,-1,-1
482,37,1172.82,415.86,169.82,592.72,0.919,-1,-1,-1
482,49,841.94,408.00,86.94,300.92,0.818,-1,-1,-1
482,52,770.85,434.41,106.09,290.56,0.795,-1,-1,-1
482,55,630.08,432.95,92.16,269.66,0.841,-1,-1,-1
482,68,402.48,479.02,82.29,188.97,0.709,-1,-1,-1
482,60,1361.06,389.69,243.06,684.78,0.914,-1,-1,-1
482,69,1333.52,405.88,94.33,545.52,0.762,-1,-1,-1
482,48,907.89,433.34,97.31,245.93,0.772,-1,-1,-1
483,63,1569.00,418.42,175.60,415.33,0.853,-1,-1,-1
483,37,1177.47,415.49,168.97,592.66,0.914,-1,-1,-1
483,49,845.51,408.98,85.27,300.25,0.806,-1,-1,-1
483,52,778.91,434.21,103.98,291.86,0.809,-1,-1,-1
483,55,634.22,432.58,91.65,266.91,0.863,-1,-1,-1
483,68,394.22,478.77,84.12,192.16,0.747,-1,-1,-1
483,60,1367.74,389.56,245.09,684.69,0.912,-1,-1,-1
483,69,1338.03,406.19,94.95,547.09,0.716,-1,-1,-1
483,48,910.42,434.43,96.67,244.90,0.733,-1,-1,-1
484,63,1572.62,416.90,179.18,421.39,0.869,-1,-1,-1
484,37,1182.10,417.08,167.28,590.62,0.913,-1,-1,-1
484,49,848.77,411.81,83.22,297.28,0.788,-1,-1,-1
484,52,787.14,434.52,100.81,290.74,0.827,-1,-1,-1
484,55,640.15,432.70,91.73,264.86,0.860,-1,-1,-1
484,68,384.79,478.21,85.44,193.99,0.740,-1,-1,-1
484,60,1372.46,390.03,247.62,684.19,0.919,-1,-1,-1
484,69,1342.62,406.84,95.31,546.66,0.780,-1,-1,-1
484,48,914.83,435.46,94.57,243.17,0.748,-1,-1,-1
485,63,1577.84,415.25,180.60,425.31,0.874,-1,-1,-1
485,37,1187.52,418.82,166.03,589.26,0.916,-1,-1,-1
485,49,852.75,415.68,80.14,291.08,0.700,-1,-1,-1
485,52,792.77,434.79,98.53,289.86,0.857,-1,-1,-1
485,55,644.46,431.94,92.71,264.75,0.862,-1,-1,-1
485,68,378.54,479.13,85.69,194.61,0.696,-1,-1,-1
485,60,1375.73,390.60,250.04,683.51,0.925,-1,-1,-1
485,69,1345.34,408.08,95.59,544.55,0.762,-1,-1,-1
485,48,911.08,435.77,95.99,244.39,0.741,-1,-1,-1
486,63,1581.50,413.19,181.01,428.17,0.875,-1,-1,-1
486,37,1196.00,420.48,165.90,587.53,0.906,-1,-1,-1
486,49,857.65,423.74,76.30,281.90,0.659,-1,-1,-1
486,52,800.15,434.67,98.50,290.26,0.865,-1,-1,-1
486,55,649.65,431.47,94.21,265.19,0.910,-1,-1,-1
486,68,368.82,479.72,85.32,193.62,0.679,-1,-1,-1
486,60,1376.56,390.33,252.95,683.88,0.927,-1,-1,-1
486,69,1347.57,407.95,96.50,545.36,0.767,-1,-1,-1
486,48,907.79,436.23,97.51,245.24,0.783,-1,-1,-1
487,63,1586.56,411.88,179.91,430.10,0.832,-1,-1,-1
487,37,1203.39,420.99,167.22,586.57,0.917,-1,-1,-1
487,52,807.37,435.01,100.16,290.64,0.900,-1,-1,-1
487,55,653.61,430.98,96.12,265.39,0.908,-1,-1,-1
487,68,360.75,477.62,86.79,196.31,0.709,-1,-1,-1
487,60,1378.40,391.23,255.91,683.54,0.920,-1,-1,-1
487,69,1350.82,407.87,95.50,536.05,0.768,-1,-1,-1
487,48,908.34,443.18,96.60,240.98,0.750,-1,-1,-1
488,63,1590.70,409.86,178.77,432.80,0.862,-1,-1,-1
488,37,1207.32,420.46,168.57,586.49,0.918,-1,-1,-1
488,52,812.78,435.51,102.40,289.66,0.903,-1,-1,-1
488,55,656.29,430.77,98.23,265.61,0.905,-1,-1,-1
488,68,346.55,474.91,91.22,203.66,0.640,-1,-1,-1
488,60,1382.13,391.29,259.76,683.25,0.922,-1,-1,-1
488,69,1352.12,408.02,97.31,540.97,0.775,-1,-1,-1
488,48,911.26,440.26,96.32,241.40,0.673,-1,-1,-1
489,63,1595.04,407.60,176.77,434.98,0.853,-1,-1,-1
489,37,1211.91,420.31,170.82,586.79,0.923,-1,-1,-1
489,52,817.02,436.85,105.34,288.33,0.907,-1,-1,-1
489,55,657.22,431.12,100.64,266.32,0.903,-1,-1,-1
489,68,334.66,476.24,93.35,204.72,0.741,-1,-1,-1
489,60,1382.95,390.56,263.75,684.04,0.905,-1,-1,-1
489,69,1357.76,408.55,96.29,528.13,0.716,-1,-1,-1
489,48,918.19,443.96,92.90,236.41,0.664,-1,-1,-1
490,63,1599.46,405.93,174.13,436.78,0.859,-1,-1,-1
490,37,1214.96,420.84,172.86,586.40,0.926,-1,-1,-1
490,52,819.64,438.21,108.35,286.79,0.918,-1,-1,-1
490,55,658.96,432.35,102.74,266.66,0.919,-1,-1,-1
490,68,327.42,484.10,91.73,198.32,0.664,-1,-1,-1
490,60,1382.52,390.83,266.87,683.31,0.878,-1,-1,-1
490,69,1364.53,409.94,94.17,505.39,0.726,-1,-1,-1
490,48,926.82,453.22,87.25,226.37,0.715,-1,-1,-1
491,63,1606.92,405.06,171.84,437.52,0.821,-1,-1,-1
491,37,1216.46,421.17,174.77,585.99,0.925,-1,-1,-1
491,52,820.99,439.64,111.11,285.74,0.916,-1,-1,-1
491,55,659.97,434.86,104.01,264.92,0.922,-1,-1,-1
491,68,320.61,482.67,94.58,201.22,0.756,-1,-1,-1
491,60,1379.01,389.54,269.39,684.89,0.867,-1,-1,-1
491,69,1368.90,410.29,97.50,514.51,0.744,-1,-1,-1
491,48,933.29,441.51,89.31,238.03,0.786,-1,-1,-1
492,63,1615.23,404.54,170.20,439.05,0.808,-1,-1,-1
492,37,1217.55,421.31,176.63,585.43,0.926,-1,-1,-1
492,52,821.12,440.67,114.20,285.34,0.909,-1,-1,-1
492,55,660.46,435.80,105.48,264.31,0.922,-1,-1,-1
492,68,315.80,481.42,97.07,205.69,0.695,-1,-1,-1
492,60,1377.14,388.87,270.62,685.74,0.892,-1,-1,-1
492,69,1374.45,409.77,100.38,522.04,0.655,-1,-1,-1
492,48,942.37,434.94,89.69,244.49,0.804,-1,-1,-1
493,63,1619.02,404.72,166.19,436.08,0.770,-1,-1,-1
493,37,1217.83,421.84,178.17,584.81,0.924,-1,-1,-1
493,52,820.66,440.83,117.32,285.71,0.896,-1,-1,-1
493,55,660.42,434.81,107.46,266.04,0.922,-1,-1,-1
493,68,307.25,481.05,98.74,207.05,0.657,-1,-1,-1
493,60,1379.56,386.80,272.75,687.82,0.883,-1,-1,-1
493,69,1380.41,409.31,103.57,532.71,0.805,-1,-1,-1
493,48,948.29,432.23,89.01,247.28,0.811,-1,-1,-1
494,63,1629.70,406.44,153.56,402.15,0.753,-1,-1,-1
494,37,1218.70,421.77,180.17,584.65,0.921,-1,-1,-1
494,52,821.26,441.53,119.55,285.99,0.849,-1,-1,-1
494,55,659.59,435.87,108.60,265.41,0.915,-1,-1,-1
494,68,302.21,480.54,97.81,207.22,0.684,-1,-1,-1
494,60,1379.40,384.16,274.07,690.56,0.897,-1,-1,-1
494,69,1384.64,408.42,105.93,538.66,0.829,-1,-1,-1
494,48,954.35,431.50,88.82,247.72,0.819,-1,-1,-1
495,63,1636.84,405.77,146.66,380.01,0.750,-1,-1,-1
495,37,1219.82,422.20,182.79,585.02,0.919,-1,-1,-1
495,52,824.05,444.94,119.65,282.52,0.864,-1,-1,-1
495,55,659.59,435.99,109.56,265.72,0.924,-1,-1,-1
495,68,292.79,480.36,97.97,209.82,0.689,-1,-1,-1
495,60,1381.11,381.20,275.24,693.22,0.912,-1,-1,-1
495,69,1387.69,408.03,108.87,544.85,0.821,-1,-1,-1
495,48,958.80,431.54,89.40,247.77,0.837,-1,-1,-1
496,63,1645.99,405.63,148.24,379.55,0.806,-1,-1,-1
496,37,1221.63,421.49,185.73,585.97,0.920,-1,-1,-1
496,52,828.19,445.51,120.01,282.20,0.876,-1,-1,-1
496,55,660.52,436.45,109.94,265.69,0.919,-1,-1,-1
496,68,279.24,480.22,99.29,213.05,0.712,-1,-1,-1
496,60,1386.04,379.12,275.70,695.44,0.898,-1,-1,-1
496,69,1389.76,408.03,112.36,553.17,0.800,-1,-1,-1
496,48,965.00,431.92,90.68,247.68,0.868,-1,-1,-1
497,63,1642.88,407.38,159.18,411.02,0.704,-1,-1,-1
497,37,1222.99,420.47,188.48,587.09,0.927,-1,-1,-1
497,52,832.54,448.27,119.10,279.98,0.884,-1,-1,-1
497,55,663.76,435.10,110.04,267.29,0.915,-1,-1,-1
497,68,269.29,479.20,103.78,219.96,0.736,-1,-1,-1
497,60,1396.39,378.68,276.05,696.23,0.897,-1,-1,-1
497,69,1392.93,407.47,115.67,558.63,0.846,-1,-1,-1
497,48,970.85,434.76,92.04,244.70,0.859,-1,-1,-1
498,63,1654.32,407.44,175.20,449.63,0.859,-1,-1,-1
498,37,1226.08,419.52,191.22,588.42,0.929,-1,-1,-1
498,52,839.27,449.40,117.36,278.80,0.866,-1,-1,-1
498,55,667.98,433.24,109.68,270.11,0.890,-1,-1,-1
498,68,261.99,477.74,108.66,224.83,0.765,-1,-1,-1
498,60,1408.33,377.61,276.06,697.96,0.894,-1,-1,-1
498,69,1396.83,406.73,118.54,559.15,0.847,-1,-1,-1
498,48,975.06,437.79,93.70,241.80,0.860,-1,-1,-1
499,63,1663.89,409.03,182.78,463.05,0.854,-1,-1,-1
499,37,1229.39,418.27,193.65,590.38,0.926,-1,-1,-1
499,52,846.02,448.59,115.46,279.23,0.856,-1,-1,-1
499,55,670.54,432.00,108.89,271.78,0.880,-1,-1,-1
499,68,246.52,478.30,109.39,224.93,0.735,-1,-1,-1
499,60,1417.23,375.98,275.14,699.84,0.893,-1,-1,-1
499,69,1401.09,406.01,120.66,555.99,0.821,-1,-1,-1
499,48,977.93,438.87,96.32,240.98,0.861,-1,-1,-1
500,63,1675.92,412.77,187.95,467.59,0.835,-1,-1,-1
500,37,1234.77,417.87,195.20,591.31,0.926,-1,-1,-1
500,52,851.68,447.63,113.60,280.31,0.841,-1,-1,-1
500,55,678.09,432.16,105.94,271.18,0.875,-1,-1,-1
500,68,232.37,478.41,109.39,225.69,0.794,-1,-1,-1
500,60,1428.64,375.12,272.47,701.34,0.888,-1,-1,-1
500,69,1403.54,405.83,123.59,554.96,0.838,-1,-1,-1
500,48,978.65,438.39,98.83,241.42,0.871,-1,-1,-1
501,63,1688.62,413.31,193.71,471.90,0.830,-1,-1,-1
501,37,1243.50,417.21,196.54,592.83,0.921,-1,-1,-1
501,52,858.95,445.02,112.53,282.82,0.838,-1,-1,-1
501,55,683.89,431.60,103.04,271.33,0.888,-1,-1,-1
501,68,217.58,478.62,110.98,228.33,0.805,-1,-1,-1
501,60,1448.27,373.08,269.86,703.07,0.880,-1,-1,-1
501,69,1404.75,406.18,127.31,556.79,0.867,-1,-1,-1
501,48,978.63,439.47,100.25,240.07,0.838,-1,-1,-1
502,63,1697.48,413.26,199.72,477.20,0.845,-1,-1,-1
502,37,1253.03,416.99,196.46,593.14,0.912,-1,-1,-1
502,52,865.76,438.82,113.14,288.97,0.811,-1,-1,-1
502,55,687.91,431.59,100.52,271.61,0.883,-1,-1,-1
502,68,214.15,478.92,115.02,235.80,0.780,-1,-1,-1
502,60,1466.93,373.18,266.03,703.32,0.865,-1,-1,-1
502,69,1409.29,406.22,130.73,555.47,0.878,-1,-1,-1
502,48,979.48,440.62,101.22,238.75,0.842,-1,-1,-1
503,63,1702.16,411.98,206.02,486.71,0.872,-1,-1,-1
503,37,1265.04,416.31,195.93,597.48,0.895,-1,-1,-1
503,52,874.85,438.06,111.40,289.61,0.819,-1,-1,-1
503,55,693.67,432.62,97.50,270.31,0.882,-1,-1,-1
503,68,207.62,479.63,117.32,237.86,0.784,-1,-1,-1
503,60,1481.22,372.22,260.94,704.62,0.872,-1,-1,-1
503,69,1412.42,406.22,135.31,557.33,0.893,-1,-1,-1
503,48,982.59,446.40,99.90,233.19,0.772,-1,-1,-1
504,63,1706.77,410.68,211.32,498.53,0.875,-1,-1,-1
504,37,1276.52,415.65,193.64,599.24,0.897,-1,-1,-1
504,52,880.68,439.09,110.07,288.57,0.808,-1,-1,-1
504,55,697.46,432.16,95.54,271.13,0.875,-1,-1,-1
504,68,193.24,479.64,118.77,239.40,0.774,-1,-1,-1
504,60,1492.56,372.11,257.57,705.56,0.880,-1,-1,-1
504,69,1415.29,406.31,138.67,557.11,0.885,-1,-1,-1
504,48,986.27,447.94,99.00,231.84,0.703,-1,-1,-1
504,49,859.15,407.79,77.20,294.19,0.602,-1,-1,-1
505,63,1710.88,408.98,209.12,505.44,0.860,-1,-1,-1
505,37,1285.86,413.35,191.95,603.69,0.901,-1,-1,-1
505,52,892.00,439.57,109.46,287.86,0.858,-1,-1,-1
505,55,701.05,430.79,94.23,272.45,0.865,-1,-1,-1
505,68,179.65,479.10,121.05,244.32,0.773,-1,-1,-1
505,60,1500.21,372.50,253.86,704.44,0.887,-1,-1,-1
505,69,1423.54,407.76,139.86,556.13,0.876,-1,-1,-1
505,48,991.60,447.59,97.49,231.13,0.712,-1,-1,-1
505,49,861.35,407.09,75.22,293.89,0.647,-1,-1,-1
506,63,1715.93,407.45,204.07,509.37,0.831,-1,-1,-1
506,37,1290.78,414.29,193.65,619.08,0.906,-1,-1,-1
506,52,901.98,440.30,109.81,286.95,0.889,-1,-1,-1
506,55,706.23,429.50,93.31,273.39,0.883,-1,-1,-1
506,68,166.44,480.38,123.33,246.91,0.796,-1,-1,-1
506,60,1503.51,370.14,250.92,706.53,0.877,-1,-1,-1
506,69,1431.31,407.93,139.94,556.01,0.858,-1,-1,-1
506,48,998.49,444.78,96.11,233.51,0.725,-1,-1,-1
506,49,863.57,407.28,73.46,293.58,0.753,-1,-1,-1
507,63,1720.35,401.85,199.65,517.45,0.839,-1,-1,-1
507,37,1296.43,415.23,192.70,627.02,0.899,-1,-1,-1
507,52,908.70,441.33,111.41,285.98,0.885,-1,-1,-1
507,55,712.68,428.16,94.34,274.72,0.871,-1,-1,-1
507,68,153.61,478.93,125.09,247.76,0.776,-1,-1,-1
507,60,1510.31,369.45,247.75,706.37,0.868,-1,-1,-1
507,69,1441.01,407.53,139.75,560.36,0.830,-1,-1,-1
507,48,1007.11,456.16,90.07,222.74,0.720,-1,-1,-1
507,49,865.80,406.98,72.61,293.30,0.673,-1,-1,-1
508,63,1727.96,398.20,192.04,518.77,0.854,-1,-1,-1
508,37,1306.95,414.80,193.50,633.77,0.899,-1,-1,-1
508,52,913.05,442.60,113.53,284.42,0.902,-1,-1,-1
508,55,716.97,427.60,95.89,275.45,0.881,-1,-1,-1
508,68,143.32,478.49,128.70,249.52,0.779,-1,-1,-1
508,60,1518.70,369.38,246.50,706.95,0.871,-1,-1,-1
508,69,1448.21,407.67,140.32,569.27,0.816,-1,-1,-1
508,49,867.06,407.14,71.95,293.35,0.725,-1,-1,-1
509,63,1734.14,396.65,185.86,519.22,0.870,-1,-1,-1
509,37,1320.54,415.30,196.15,637.85,0.908,-1,-1,-1
509,52,915.42,443.09,116.17,284.00,0.920,-1,-1,-1
509,55,721.73,429.66,97.22,273.12,0.889,-1,-1,-1
509,68,126.83,476.59,132.34,255.29,0.752,-1,-1,-1
509,60,1530.18,369.25,246.46,707.25,0.852,-1,-1,-1
509,69,1453.71,408.17,139.99,576.17,0.828,-1,-1,-1
509,49,867.78,407.77,71.91,293.57,0.700,-1,-1,-1
509,48,1015.77,440.67,94.09,238.57,0.693,-1,-1,-1
510,63,1742.39,394.70,177.61,511.88,0.845,-1,-1,-1
510,37,1331.94,415.39,199.91,639.60,0.916,-1,-1,-1
510,52,916.30,443.90,118.32,282.76,0.927,-1,-1,-1
510,55,723.65,428.49,99.83,274.28,0.893,-1,-1,-1
510,68,109.54,477.04,132.33,255.34,0.770,-1,-1,-1
510,60,1540.51,369.27,247.32,706.58,0.876,-1,-1,-1
510,69,1458.59,409.09,138.49,577.50,0.824,-1,-1,-1
510,49,868.96,407.99,71.67,293.55,0.759,-1,-1,-1
510,48,1024.16,448.51,88.92,231.11,0.743,-1,-1,-1
511,63,1754.29,392.71,165.71,494.44,0.789,-1,-1,-1
511,37,1338.34,417.18,204.04,640.06,0.901,-1,-1,-1
511,52,916.73,444.31,121.06,282.10,0.927,-1,-1,-1
511,55,722.51,428.89,102.62,274.57,0.897,-1,-1,-1
511,68,95.68,477.12,134.39,258.44,0.720,-1,-1,-1
511,60,1553.39,371.20,249.98,705.16,0.913,-1,-1,-1
511,69,1464.19,409.66,135.61,572.35,0.796,-1,-1,-1
511,49,871.44,408.34,71.75,293.18,0.729,-1,-1,-1
511,48,1029.88,448.81,87.38,231.47,0.723,-1,-1,-1
512,63,1763.66,389.63,156.34,485.88,0.730,-1,-1,-1
512,37,1339.15,418.04,207.97,641.20,0.902,-1,-1,-1
512,52,917.18,444.82,123.95,281.49,0.926,-1,-1,-1
512,55,726.65,430.37,104.15,272.55,0.900,-1,-1,-1
512,68,79.95,477.31,135.66,258.48,0.743,-1,-1,-1
512,60,1563.15,371.75,253.66,704.27,0.919,-1,-1,-1
512,69,1469.85,409.52,133.03,566.44,0.773,-1,-1,-1
512,49,871.85,409.53,71.43,291.66,0.673,-1,-1,-1
512,48,1036.05,444.36,88.67,236.03,0.743,-1,-1,-1
513,63,1769.54,387.88,150.46,508.18,0.782,-1,-1,-1
513,37,1339.04,418.93,212.23,643.94,0.918,-1,-1,-1
513,52,916.69,444.57,126.74,281.48,0.919,-1,-1,-1
513,55,727.33,431.58,105.55,271.10,0.912,-1,-1,-1
513,68,63.86,477.17,138.22,260.37,0.717,-1,-1,-1
513,60,1573.18,371.76,257.97,704.07,0.909,-1,-1,-1
513,69,1476.43,409.90,129.32,556.26,0.793,-1,-1,-1
513,49,873.77,409.10,71.80,292.39,0.775,-1,-1,-1
513,48,1042.39,442.28,89.88,237.55,0.793,-1,-1,-1
514,63,1776.44,386.87,143.56,519.63,0.758,-1,-1,-1
514,37,1338.55,419.27,216.15,645.85,0.913,-1,-1,-1
514,52,916.05,446.80,128.35,279.38,0.899,-1,-1,-1
514,55,729.04,431.59,106.51,270.42,0.912,-1,-1,-1
514,68,50.34,476.50,140.04,263.04,0.775,-1,-1,-1
514,60,1578.28,370.95,262.52,704.56,0.923,-1,-1,-1
514,69,1481.99,409.70,127.69,552.24,0.750,-1,-1,-1
514,49,875.79,409.93,72.19,291.29,0.817,-1,-1,-1
514,48,1047.37,442.04,91.00,237.67,0.780,-1,-1,-1
515,63,1784.87,386.33,135.13,519.35,0.714,-1,-1,-1
515,37,1339.57,420.21,219.26,644.58,0.899,-1,-1,-1
515,52,916.21,449.77,129.44,275.94,0.899,-1,-1,-1
515,55,730.01,430.34,108.17,271.42,0.903,-1,-1,-1
515,68,39.89,476.47,145.02,267.80,0.772,-1,-1,-1
515,60,1582.86,371.41,266.44,704.01,0.925,-1,-1,-1
515,69,1488.93,412.48,126.02,547.38,0.759,-1,-1,-1
515,49,877.88,409.95,73.24,291.51,0.845,-1,-1,-1
515,48,1052.05,453.17,88.62,226.25,0.756,-1,-1,-1
516,63,1790.76,386.20,129.24,523.38,0.718,-1,-1,-1
516,37,1339.54,420.22,222.44,644.36,0.893,-1,-1,-1
516,52,916.74,449.31,131.69,275.81,0.904,-1,-1,-1
516,55,731.51,429.11,109.07,272.16,0.915,-1,-1,-1
516,68,26.09,476.88,148.09,268.82,0.749,-1,-1,-1
516,60,1587.00,376.31,267.68,698.55,0.903,-1,-1,-1
516,69,1495.09,414.71,125.27,543.26,0.742,-1,-1,-1
516,49,879.81,409.91,74.44,291.26,0.843,-1,-1,-1
516,48,1051.10,445.30,92.72,233.78,0.755,-1,-1,-1
517,63,1801.86,387.19,118.14,504.58,0.674,-1,-1,-1
517,37,1339.34,419.64,225.44,645.62,0.909,-1,-1,-1
517,52,918.02,449.29,133.49,275.07,0.902,-1,-1,-1
517,55,734.03,428.29,109.52,273.02,0.903,-1,-1,-1
517,68,13.67,477.36,151.10,271.11,0.728,-1,-1,-1
517,60,1589.48,379.20,269.31,695.75,0.907,-1,-1,-1
517,69,1503.52,416.04,122.65,529.49,0.729,-1,-1,-1
517,49,880.84,409.98,75.38,291.28,0.843,-1,-1,-1
517,48,1050.79,442.14,95.31,237.27,0.776,-1,-1,-1
518,37,1339.19,418.20,228.38,648.07,0.910,-1,-1,-1
518,52,919.91,447.75,134.76,275.53,0.905,-1,-1,-1
518,55,737.16,428.48,109.07,272.14,0.897,-1,-1,-1
518,68,3.08,477.95,153.07,273.08,0.749,-1,-1,-1
518,60,1590.60,380.44,271.24,694.69,0.903,-1,-1,-1
518,69,1511.49,415.98,122.46,525.56,0.668,-1,-1,-1
518,49,880.63,410.02,76.39,291.46,0.843,-1,-1,-1
518,48,1052.47,444.61,95.33,234.28,0.760,-1,-1,-1
518,71,683.06,449.83,43.36,122.46,0.631,-1,-1,-1
519,37,1340.96,416.67,230.45,649.05,0.912,-1,-1,-1
519,52,924.27,446.90,134.34,274.47,0.891,-1,-1,-1
519,55,741.67,428.41,108.39,272.47,0.892,-1,-1,-1
519,68,0.00,493.21,145.87,258.45,0.705,-1,-1,-1
519,60,1589.91,380.82,272.86,694.31,0.885,-1,-1,-1
519,69,1518.48,416.15,123.33,525.40,0.701,-1,-1,-1
519,49,881.14,409.81,77.56,292.13,0.836,-1,-1,-1
519,48,1052.30,442.47,96.96,236.24,0.755,-1,-1,-1
519,71,681.98,450.95,42.90,121.20,0.645,-1,-1,-1
520,37,1342.81,415.38,232.50,650.49,0.911,-1,-1,-1
520,52,930.42,445.87,134.27,274.40,0.887,-1,-1,-1
520,55,745.06,427.98,106.17,269.14,0.866,-1,-1,-1
520,68,0.00,482.64,147.78,271.20,0.703,-1,-1,-1
520,60,1589.58,384.25,273.28,691.20,0.897,-1,-1,-1
520,69,1525.77,415.62,124.72,528.77,0.718,-1,-1,-1
520,49,881.50,409.01,78.75,293.65,0.858,-1,-1,-1
520,48,1052.86,443.20,97.20,235.31,0.753,-1,-1,-1
520,71,681.42,451.04,42.93,121.18,0.692,-1,-1,-1
521,37,1345.31,414.99,233.89,651.15,0.911,-1,-1,-1
521,52,933.49,445.06,134.09,274.67,0.881,-1,-1,-1
521,55,751.58,428.37,101.79,263.14,0.832,-1,-1,-1
521,60,1590.64,381.72,275.83,693.45,0.898,-1,-1,-1
521,69,1533.17,414.92,126.77,533.21,0.771,-1,-1,-1
521,49,881.84,408.33,79.96,294.79,0.871,-1,-1,-1
521,48,1052.49,438.02,99.60,240.54,0.804,-1,-1,-1
521,71,680.08,449.93,43.07,121.52,0.713,-1,-1,-1
522,37,1349.25,415.53,235.07,651.07,0.911,-1,-1,-1
522,52,945.13,444.72,133.35,275.25,0.875,-1,-1,-1
522,55,756.03,430.08,98.21,258.31,0.846,-1,-1,-1
522,60,1596.18,378.59,279.95,696.82,0.866,-1,-1,-1
522,69,1540.75,414.08,129.10,539.20,0.811,-1,-1,-1
522,49,882.82,407.07,81.59,298.31,0.871,-1,-1,-1
522,48,1052.08,436.14,100.69,242.69,0.799,-1,-1,-1
522,71,679.73,450.30,43.31,122.13,0.735,-1,-1,-1
523,37,1356.02,414.93,236.38,651.76,0.910,-1,-1,-1
523,52,953.08,446.23,131.68,274.51,0.867,-1,-1,-1
523,55,762.66,430.52,96.62,257.48,0.818,-1,-1,-1
523,60,1602.52,375.89,285.47,700.19,0.891,-1,-1,-1
523,69,1546.56,412.39,131.89,547.53,0.818,-1,-1,-1
523,49,884.33,406.27,82.59,299.45,0.856,-1,-1,-1
523,48,1053.69,437.50,100.21,241.21,0.763,-1,-1,-1
523,71,679.73,451.41,43.11,121.14,0.744,-1,-1,-1
524,37,1364.33,413.33,237.24,653.30,0.898,-1,-1,-1
524,52,958.64,447.10,128.56,273.59,0.839,-1,-1,-1
524,55,767.83,430.95,95.90,259.94,0.819,-1,-1,-1
524,60,1603.46,373.02,290.26,702.92,0.884,-1,-1,-1
524,69,1549.59,411.88,137.21,562.73,0.785,-1,-1,-1
524,49,886.59,406.02,83.86,300.52,0.863,-1,-1,-1
524,48,1056.30,438.99,99.43,239.68,0.701,-1,-1,-1
524,71,678.27,451.69,43.51,121.24,0.746,-1,-1,-1
525,37,1374.52,413.45,236.00,653.00,0.899,-1,-1,-1
525,52,964.25,445.65,125.89,275.11,0.819,-1,-1,-1
525,55,770.99,430.55,95.77,260.78,0.824,-1,-1,-1
525,60,1603.71,370.90,293.69,704.54,0.912,-1,-1,-1
525,69,1550.17,411.60,142.12,573.58,0.841,-1,-1,-1
525,49,889.72,405.98,84.51,301.04,0.858,-1,-1,-1
525,48,1058.74,444.58,97.49,234.11,0.756,-1,-1,-1
525,71,676.88,451.56,43.96,121.31,0.760,-1,-1,-1
526,37,1387.34,412.65,233.51,653.48,0.883,-1,-1,-1
526,52,972.72,445.20,122.92,276.73,0.817,-1,-1,-1
526,55,776.64,429.80,95.35,261.14,0.848,-1,-1,-1
526,60,1606.11,368.96,296.65,706.40,0.915,-1,-1,-1
526,69,1552.30,410.29,147.97,582.13,0.856,-1,-1,-1
526,49,893.89,405.75,84.64,301.75,0.849,-1,-1,-1
526,48,1062.39,440.09,98.81,237.53,0.742,-1,-1,-1
526,71,675.23,451.29,44.67,121.47,0.765,-1,-1,-1
527,37,1400.82,411.24,229.43,654.35,0.865,-1,-1,-1
527,52,981.15,442.40,121.65,280.34,0.805,-1,-1,-1
527,55,781.60,430.01,96.16,260.10,0.866,-1,-1,-1
527,60,1606.46,369.05,298.21,706.18,0.912,-1,-1,-1
527,69,1557.89,409.40,152.14,587.74,0.840,-1,-1,-1
527,49,897.59,405.70,84.71,301.72,0.844,-1,-1,-1
527,48,1069.20,442.76,97.60,233.30,0.731,-1,-1,-1
527,71,673.82,453.08,44.80,119.77,0.750,-1,-1,-1
527,72,717.50,450.36,33.80,91.71,0.633,-1,-1,-1
528,37,1413.95,410.48,224.95,655.43,0.865,-1,-1,-1
528,52,988.22,441.70,120.22,281.80,0.844,-1,-1,-1
528,55,790.33,430.04,97.31,258.93,0.887,-1,-1,-1
528,60,1609.36,370.87,299.08,704.32,0.904,-1,-1,-1
528,69,1560.91,408.81,156.46,590.31,0.846,-1,-1,-1
528,49,899.87,405.10,84.89,302.44,0.865,-1,-1,-1
528,48,1077.28,446.58,96.26,228.39,0.718,-1,-1,-1
528,71,672.22,453.52,44.89,118.58,0.768,-1,-1,-1
528,72,718.55,451.96,33.03,89.59,0.617,-1,-1,-1
529,37,1424.34,410.73,221.00,655.81,0.864,-1,-1,-1
529,52,991.05,441.77,117.46,281.89,0.845,-1,-1,-1
529,55,793.10,431.83,97.55,256.75,0.843,-1,-1,-1
529,60,1610.75,370.44,301.17,705.59,0.883,-1,-1,-1
529,69,1573.81,408.70,159.19,595.01,0.825,-1,-1,-1
529,49,906.06,404.53,84.10,303.60,0.852,-1,-1,-1
529,48,1081.54,447.13,95.55,227.18,0.709,-1,-1,-1
529,71,670.78,452.32,45.48,119.08,0.769,-1,-1,-1
529,72,718.96,452.75,32.69,88.69,0.627,-1,-1,-1
530,37,1430.32,411.33,217.52,655.57,0.877,-1,-1,-1
530,52,997.82,443.31,114.99,279.17,0.870,-1,-1,-1
530,55,798.57,432.09,100.01,256.50,0.862,-1,-1,-1
530,60,1612.57,370.70,301.81,705.02,0.886,-1,-1,-1
530,69,1584.36,408.31,161.17,600.11,0.839,-1,-1,-1
530,49,908.81,404.06,83.33,304.12,0.842,-1,-1,-1
530,48,1081.23,444.94,94.15,229.41,0.710,-1,-1,-1
530,71,668.56,451.52,45.44,118.29,0.787,-1,-1,-1
530,72,717.79,451.56,32.98,89.60,0.608,-1,-1,-1
531,37,1437.22,411.23,215.13,655.57,0.897,-1,-1,-1
531,52,1003.93,445.38,113.81,276.85,0.876,-1,-1,-1
531,55,803.25,432.69,102.02,255.56,0.893,-1,-1,-1
531,60,1617.58,365.64,302.42,710.16,0.884,-1,-1,-1
531,69,1595.42,407.62,163.80,603.34,0.796,-1,-1,-1
531,49,911.37,404.19,82.68,303.72,0.857,-1,-1,-1
531,48,1085.40,445.10,92.53,229.95,0.684,-1,-1,-1
531,71,667.05,451.22,45.09,117.37,0.778,-1,-1,-1
531,72,715.80,451.39,33.09,90.07,0.607,-1,-1,-1
531,73,574.21,454.02,33.22,80.62,0.623,-1,-1,-1
532,37,1445.65,411.37,214.45,655.72,0.899,-1,-1,-1
532,52,1008.51,444.04,114.26,277.71,0.918,-1,-1,-1
532,55,806.74,433.51,104.09,254.70,0.899,-1,-1,-1
532,60,1626.62,363.46,293.38,711.94,0.926,-1,-1,-1
532,69,1602.08,408.21,166.78,606.34,0.847,-1,-1,-1
532,49,914.18,405.42,82.21,302.48,0.875,-1,-1,-1
532,48,1090.04,441.25,92.81,234.33,0.693,-1,-1,-1
532,71,664.35,451.06,44.95,116.86,0.749,-1,-1,-1
532,72,713.98,451.18,33.37,90.91,0.642,-1,-1,-1
532,73,574.12,454.24,33.38,80.98,0.620,-1,-1,-1
533,37,1453.95,411.63,214.75,654.96,0.912,-1,-1,-1
533,52,1011.43,444.60,114.72,276.88,0.921,-1,-1,-1
533,55,807.29,433.79,105.65,254.44,0.909,-1,-1,-1
533,60,1639.30,364.84,280.70,710.56,0.929,-1,-1,-1
533,69,1605.36,409.07,169.51,610.29,0.849,-1,-1,-1
533,49,917.40,406.33,82.48,301.60,0.862,-1,-1,-1
533,48,1090.68,439.67,91.46,235.97,0.717,-1,-1,-1
533,71,661.33,450.40,44.82,117.01,0.745,-1,-1,-1
533,72,712.33,451.98,33.17,90.48,0.667,-1,-1,-1
533,73,574.92,454.36,33.50,81.15,0.628,-1,-1,-1
534,37,1458.23,411.22,215.46,655.24,0.910,-1,-1,-1
534,52,1013.49,444.77,115.55,276.55,0.917,-1,-1,-1
534,55,808.75,434.68,106.85,253.29,0.916,-1,-1,-1
534,60,1651.50,364.39,268.50,710.23,0.889,-1,-1,-1
534,69,1609.96,409.36,172.07,612.48,0.854,-1,-1,-1
534,49,921.49,406.51,83.35,301.13,0.873,-1,-1,-1
534,48,1092.61,440.72,89.31,235.41,0.735,-1,-1,-1
534,71,659.66,451.03,44.25,116.02,0.747,-1,-1,-1
534,72,712.02,452.59,32.88,90.07,0.656,-1,-1,-1
534,73,575.93,453.96,33.94,82.17,0.662,-1,-1,-1
535,37,1459.38,411.58,215.56,654.45,0.905,-1,-1,-1
535,52,1014.67,444.85,117.08,277.05,0.911,-1,-1,-1
535,55,810.28,435.29,108.34,252.33,0.923,-1,-1,-1
535,60,1669.34,365.25,250.66,707.95,0.887,-1,-1,-1
535,69,1614.38,409.65,174.16,614.12,0.853,-1,-1,-1
535,49,925.23,407.16,84.51,300.28,0.888,-1,-1,-1
535,48,1095.76,440.16,87.98,236.04,0.714,-1,-1,-1
535,71,657.54,450.67,44.11,116.26,0.745,-1,-1,-1
535,72,712.09,452.00,33.03,91.16,0.638,-1,-1,-1
535,73,576.89,454.15,33.82,81.92,0.648,-1,-1,-1
536,37,1459.39,411.89,215.96,654.86,0.911,-1,-1,-1
536,52,1015.52,446.13,118.02,276.31,0.906,-1,-1,-1
536,55,810.29,435.36,109.44,251.79,0.918,-1,-1,-1
536,60,1693.35,369.83,226.65,701.09,0.861,-1,-1,-1
536,69,1618.28,409.21,175.46,614.66,0.846,-1,-1,-1
536,49,927.54,407.56,86.13,299.80,0.886,-1,-1,-1
536,48,1101.00,438.08,87.53,238.03,0.700,-1,-1,-1
536,71,655.92,450.69,43.90,116.13,0.769,-1,-1,-1
536,72,711.92,450.98,33.23,92.21,0.650,-1,-1,-1
536,73,577.79,454.89,33.53,81.47,0.641,-1,-1,-1
537,37,1461.36,412.02,216.94,655.00,0.896,-1,-1,-1
537,52,1015.94,447.35,119.10,275.48,0.909,-1,-1,-1
537,55,810.00,435.15,110.77,252.14,0.919,-1,-1,-1
537,60,1709.56,366.18,210.44,707.09,0.877,-1,-1,-1
537,69,1622.61,408.95,176.84,615.48,0.824,-1,-1,-1
537,49,928.38,408.61,87.27,298.94,0.895,-1,-1,-1
537,48,1104.11,438.66,86.11,237.88,0.735,-1,-1,-1
537,71,655.53,452.05,43.02,114.51,0.768,-1,-1,-1
537,72,711.90,451.13,33.02,92.24,0.682,-1,-1,-1
537,73,578.46,456.01,33.07,80.42,0.666,-1,-1,-1
538,37,1462.33,411.12,218.18,656.03,0.901,-1,-1,-1
538,52,1015.03,445.92,120.78,276.85,0.897,-1,-1,-1
538,55,810.33,434.09,112.01,252.22,0.922,-1,-1,-1
538,60,1721.22,363.92,198.78,710.93,0.874,-1,-1,-1
538,69,1625.89,409.39,177.44,614.12,0.835,-1,-1,-1
538,49,929.39,409.63,88.93,298.73,0.896,-1,-1,-1
538,48,1105.97,438.42,85.06,238.19,0.725,-1,-1,-1
538,71,654.59,453.61,42.54,113.39,0.757,-1,-1,-1
538,72,711.56,450.73,32.92,92.36,0.668,-1,-1,-1
538,73,578.79,456.27,32.84,79.94,0.606,-1,-1,-1
539,37,1465.13,410.28,219.61,656.61,0.893,-1,-1,-1
539,52,1014.97,442.67,122.87,280.24,0.891,-1,-1,-1
539,55,810.76,433.36,113.16,252.95,0.923,-1,-1,-1
539,60,1730.58,365.11,189.42,710.68,0.872,-1,-1,-1
539,69,1630.69,410.66,178.00,612.21,0.828,-1,-1,-1
539,49,930.26,410.73,90.63,298.37,0.892,-1,-1,-1
539,48,1107.68,436.11,84.52,240.94,0.779,-1,-1,-1
539,71,654.69,455.23,41.55,111.55,0.747,-1,-1,-1
539,72,711.75,450.56,32.82,92.92,0.647,-1,-1,-1
539,73,579.21,456.43,32.81,80.20,0.602,-1,-1,-1
540,37,1469.77,409.32,221.71,657.29,0.884,-1,-1,-1
540,52,1017.23,438.06,124.60,284.84,0.888,-1,-1,-1
540,55,811.05,432.74,114.36,253.89,0.920,-1,-1,-1
540,60,1740.24,377.23,179.76,698.38,0.874,-1,-1,-1
540,69,1634.15,410.97,177.73,608.02,0.824,-1,-1,-1
540,49,930.40,411.28,92.61,297.89,0.903,-1,-1,-1
540,48,1108.17,435.04,83.40,242.33,0.761,-1,-1,-1
540,71,654.84,456.29,40.51,110.08,0.749,-1,-1,-1
540,72,710.97,450.81,32.32,92.37,0.661,-1,-1,-1
540,73,578.19,455.19,33.66,82.66,0.670,-1,-1,-1
541,37,1478.23,408.15,225.36,658.70,0.871,-1,-1,-1
541,52,1023.09,436.84,124.41,286.46,0.879,-1,-1,-1
541,55,814.76,432.95,114.27,253.61,0.911,-1,-1,-1
541,60,1749.92,380.98,170.08,694.97,0.855,-1,-1,-1
541,69,1641.06,411.03,176.82,600.96,0.831,-1,-1,-1
541,49,931.08,411.64,94.45,296.97,0.901,-1,-1,-1
541,48,1109.13,437.13,81.12,240.13,0.694,-1,-1,-1
541,71,655.16,459.09,39.04,106.98,0.748,-1,-1,-1
541,72,710.90,451.18,32.15,92.57,0.653,-1,-1,-1
541,73,577.81,455.10,33.89,83.39,0.652,-1,-1,-1
542,37,1487.18,407.63,229.22,658.58,0.855,-1,-1,-1
542,52,1027.92,439.27,122.79,284.47,0.861,-1,-1,-1
542,55,817.50,431.39,114.67,255.32,0.918,-1,-1,-1
542,60,1758.67,383.38,161.33,693.01,0.828,-1,-1,-1
542,69,1649.19,411.48,176.48,593.76,0.833,-1,-1,-1
542,49,934.17,411.62,97.52,296.73,0.896,-1,-1,-1
542,48,1111.14,440.25,78.88,237.16,0.717,-1,-1,-1
542,71,655.69,459.37,38.39,106.32,0.732,-1,-1,-1
542,72,710.77,451.64,31.88,92.61,0.669,-1,-1,-1
542,73,578.28,454.68,33.95,83.74,0.650,-1,-1,-1
543,37,1494.70,408.14,231.97,657.90,0.848,-1,-1,-1
543,52,1031.66,435.92,123.66,287.97,0.837,-1,-1,-1
543,55,821.97,430.62,113.86,255.08,0.900,-1,-1,-1
543,60,1766.62,386.57,153.38,690.10,0.774,-1,-1,-1
543,69,1652.97,411.69,178.68,594.93,0.842,-1,-1,-1
543,49,936.22,412.09,100.55,296.42,0.884,-1,-1,-1
543,48,1113.23,438.85,77.97,238.55,0.642,-1,-1,-1
543,71,654.43,458.02,38.64,108.67,0.706,-1,-1,-1
543,72,710.93,451.90,31.46,92.10,0.681,-1,-1,-1
543,73,577.93,453.74,34.32,84.76,0.700,-1,-1,-1
544,37,1500.95,407.93,233.39,659.72,0.857,-1,-1,-1
544,52,1039.42,436.68,121.55,287.27,0.851,-1,-1,-1
544,55,828.10,429.64,112.88,256.29,0.898,-1,-1,-1
544,60,1773.62,387.58,146.38,689.27,0.735,-1,-1,-1
544,69,1657.29,412.33,180.87,597.49,0.847,-1,-1,-1
544,49,939.05,427.85,98.50,279.21,0.875,-1,-1,-1
544,48,1115.30,441.28,76.03,236.12,0.651,-1,-1,-1
544,71,654.05,457.21,38.32,109.20,0.743,-1,-1,-1
544,72,711.31,451.58,31.24,92.15,0.690,-1,-1,-1
544,73,577.66,453.73,34.39,85.03,0.709,-1,-1,-1
545,37,1538.34,407.28,242.41,660.93,0.903,-1,-1,-1
545,52,1047.60,435.71,119.27,288.49,0.824,-1,-1,-1
545,55,835.14,428.57,111.00,256.61,0.867,-1,-1,-1
545,60,1782.09,411.22,137.91,666.35,0.746,-1,-1,-1
545,69,1661.59,413.81,181.90,596.98,0.659,-1,-1,-1
545,49,940.74,434.57,99.11,271.76,0.876,-1,-1,-1
545,71,653.89,455.76,38.27,109.67,0.778,-1,-1,-1
545,72,711.42,452.29,30.97,91.68,0.735,-1,-1,-1
545,73,577.18,453.10,34.67,85.51,0.712,-1,-1,-1
546,37,1556.96,406.51,248.53,659.18,0.859,-1,-1,-1
546,52,1054.86,433.52,116.45,290.29,0.775,-1,-1,-1
546,55,842.61,428.04,108.64,256.72,0.848,-1,-1,-1
546,60,1792.05,457.76,127.95,620.85,0.654,-1,-1,-1
546,69,1665.53,413.38,183.92,602.24,0.712,-1,-1,-1
546,49,940.15,419.84,105.75,285.51,0.900,-1,-1,-1
546,71,653.04,454.41,38.25,110.56,0.780,-1,-1,-1
546,72,712.13,451.38,31.06,92.78,0.744,-1,-1,-1
546,73,576.88,452.22,34.82,85.69,0.704,-1,-1,-1
546,75,541.29,460.23,33.74,76.78,0.608,-1,-1,-1
546,48,1119.74,438.40,75.66,238.77,0.614,-1,-1,-1
547,37,1536.22,406.14,243.52,658.60,0.846,-1,-1,-1
547,52,1062.43,432.85,113.88,290.95,0.774,-1,-1,-1
547,55,851.56,427.36,106.80,257.54,0.801,-1,-1,-1
547,69,1668.66,412.83,185.84,606.10,0.834,-1,-1,-1
547,49,942.02,414.31,108.58,290.48,0.898,-1,-1,-1
547,71,652.67,453.54,38.26,111.08,0.802,-1,-1,-1
547,72,712.84,451.92,30.77,92.43,0.751,-1,-1,-1
547,73,577.13,452.01,34.95,86.01,0.704,-1,-1,-1
547,75,541.55,459.62,34.03,77.51,0.610,-1,-1,-1
547,48,1121.19,439.20,74.46,238.34,0.668,-1,-1,-1
548,37,1531.61,405.71,240.96,662.47,0.834,-1,-1,-1
548,52,1066.12,432.29,111.07,291.34,0.782,-1,-1,-1
548,55,858.91,427.82,103.89,257.20,0.811,-1,-1,-1
548,69,1675.76,412.81,185.33,602.73,0.809,-1,-1,-1
548,49,943.65,411.85,109.41,291.61,0.885,-1,-1,-1
548,71,651.74,452.91,38.34,111.44,0.784,-1,-1,-1
548,72,714.02,451.71,30.75,92.84,0.745,-1,-1,-1
548,73,577.46,452.41,34.86,85.66,0.707,-1,-1,-1
548,48,1125.18,439.47,73.30,238.57,0.667,-1,-1,-1
549,37,1532.11,405.24,238.95,667.73,0.851,-1,-1,-1
549,52,1069.08,432.68,108.95,290.87,0.792,-1,-1,-1
549,55,867.44,428.79,100.92,256.01,0.806,-1,-1,-1
549,69,1683.33,413.74,184.36,598.92,0.825,-1,-1,-1
549,49,947.59,410.27,108.96,291.67,0.869,-1,-1,-1
549,71,650.81,452.40,38.30,111.44,0.775,-1,-1,-1
549,72,714.54,451.97,30.64,92.54,0.770,-1,-1,-1
549,73,577.97,452.56,34.74,85.40,0.710,-1,-1,-1
549,48,1127.07,438.14,72.91,240.39,0.683,-1,-1,-1
549,75,542.80,460.15,33.98,77.47,0.606,-1,-1,-1
550,37,1535.44,405.15,235.53,667.31,0.857,-1,-1,-1
550,52,1073.98,433.68,107.49,290.28,0.809,-1,-1,-1
550,55,871.47,429.70,97.96,254.85,0.821,-1,-1,-1
550,69,1688.59,412.06,184.71,599.47,0.831,-1,-1,-1
550,49,954.82,409.48,107.77,291.13,0.849,-1,-1,-1
550,71,650.42,453.70,37.85,109.98,0.785,-1,-1,-1
550,72,714.75,452.35,30.62,92.30,0.771,-1,-1,-1
550,73,578.87,452.67,34.47,84.96,0.685,-1,-1,-1
550,48,1125.51,437.83,72.75,240.76,0.700,-1,-1,-1
551,37,1539.64,405.20,232.20,665.12,0.866,-1,-1,-1
551,52,1080.55,433.74,106.54,289.87,0.844,-1,-1,-1
551,55,872.54,429.18,96.21,255.49,0.840,-1,-1,-1
551,69,1696.10,410.19,186.06,602.14,0.854,-1,-1,-1
551,49,960.69,409.63,106.22,291.00,0.844,-1,-1,-1
551,71,650.28,452.66,38.19,111.25,0.781,-1,-1,-1
551,72,714.81,451.60,30.83,93.32,0.772,-1,-1,-1
551,73,579.07,452.36,34.52,85.30,0.715,-1,-1,-1
551,48,1124.63,437.03,73.20,241.41,0.678,-1,-1,-1
551,75,543.17,457.35,34.65,79.38,0.605,-1,-1,-1
552,37,1549.68,403.95,233.41,669.89,0.858,-1,-1,-1
552,52,1084.16,434.24,106.34,289.48,0.829,-1,-1,-1
552,55,877.46,428.91,94.67,255.60,0.848,-1,-1,-1
552,69,1703.41,408.62,187.25,604.00,0.845,-1,-1,-1
552,49,966.93,409.55,103.39,289.40,0.850,-1,-1,-1
552,71,649.41,452.15,38.40,112.08,0.782,-1,-1,-1
552,72,715.08,450.26,31.35,94.77,0.799,-1,-1,-1
552,73,579.14,452.15,34.69,86.12,0.732,-1,-1,-1
552,48,1126.35,435.74,74.08,242.26,0.610,-1,-1,-1
552,75,544.71,457.83,34.14,78.48,0.618,-1,-1,-1
553,37,1554.55,403.91,233.70,671.77,0.847,-1,-1,-1
553,52,1087.68,435.63,106.18,288.21,0.872,-1,-1,-1
553,55,882.43,429.24,93.53,255.28,0.834,-1,-1,-1
553,69,1712.63,406.99,188.36,606.08,0.842,-1,-1,-1
553,49,973.73,409.03,100.75,290.17,0.856,-1,-1,-1
553,71,649.09,452.03,38.35,111.99,0.753,-1,-1,-1
553,72,715.33,449.97,31.38,94.60,0.790,-1,-1,-1
553,73,580.11,452.58,34.13,85.31,0.743,-1,-1,-1
554,37,1555.75,404.66,233.36,672.01,0.872,-1,-1,-1
554,52,1089.17,435.58,107.01,288.07,0.868,-1,-1,-1
554,55,889.87,430.17,93.97,254.46,0.866,-1,-1,-1
554,69,1718.04,405.27,189.40,608.40,0.852,-1,-1,-1
554,49,979.90,409.09,98.47,292.44,0.830,-1,-1,-1
554,71,648.44,453.42,38.41,110.94,0.758,-1,-1,-1
554,72,715.75,449.91,31.64,94.75,0.770,-1,-1,-1
554,73,580.41,453.02,33.83,84.97,0.720,-1,-1,-1
555,37,1559.27,405.35,233.88,671.35,0.861,-1,-1,-1
555,52,1091.91,436.66,107.84,286.89,0.889,-1,-1,-1
555,55,893.82,431.19,94.53,253.90,0.883,-1,-1,-1
555,69,1722.85,404.33,190.12,609.84,0.852,-1,-1,-1
555,49,984.40,409.20,96.87,292.53,0.830,-1,-1,-1
555,71,647.78,455.72,38.14,108.81,0.777,-1,-1,-1
555,72,715.39,449.49,31.95,94.85,0.773,-1,-1,-1
555,73,580.60,453.17,33.65,84.88,0.725,-1,-1,-1
555,75,545.76,456.85,35.00,81.15,0.620,-1,-1,-1
556,37,1563.73,405.81,235.42,670.29,0.865,-1,-1,-1
556,52,1092.92,435.49,109.22,287.96,0.903,-1,-1,-1
556,55,892.49,431.68,94.20,253.67,0.876,-1,-1,-1
556,69,1727.00,404.46,190.04,609.74,0.836,-1,-1,-1
556,49,990.59,408.87,95.97,291.38,0.840,-1,-1,-1
556,71,646.34,455.96,38.57,108.59,0.766,-1,-1,-1
556,72,715.69,449.26,32.42,95.43,0.773,-1,-1,-1
556,73,580.36,452.85,33.66,85.14,0.712,-1,-1,-1
556,75,546.05,457.05,34.56,80.75,0.602,-1,-1,-1
557,37,1568.92,405.28,237.81,669.43,0.867,-1,-1,-1
557,52,1094.59,434.89,110.33,288.24,0.900,-1,-1,-1
557,55,895.64,432.31,94.70,253.00,0.909,-1,-1,-1
557,69,1730.23,404.44,189.77,610.05,0.822,-1,-1,-1
557,49,992.04,408.66,96.38,291.14,0.832,-1,-1,-1
557,71,645.64,456.62,38.76,108.02,0.737,-1,-1,-1
557,72,715.78,450.07,32.54,94.98,0.750,-1,-1,-1
557,73,580.37,452.98,33.71,85.48,0.727,-1,-1,-1
557,75,545.69,456.18,34.67,81.78,0.610,-1,-1,-1
558,37,1574.02,404.74,241.47,669.61,0.863,-1,-1,-1
558,52,1095.17,433.17,111.59,289.10,0.878,-1,-1,-1
558,55,897.71,432.75,95.31,252.37,0.907,-1,-1,-1
558,69,1734.37,405.45,185.63,609.53,0.781,-1,-1,-1
558,49,996.76,408.80,96.90,290.48,0.827,-1,-1,-1
558,71,643.93,456.16,39.24,107.81,0.772,-1,-1,-1
558,72,716.17,449.43,33.24,95.83,0.746,-1,-1,-1
558,73,580.54,453.47,33.44,84.89,0.730,-1,-1,-1
558,75,546.14,456.93,33.76,80.30,0.611,-1,-1,-1
559,37,1580.24,404.33,246.63,670.00,0.882,-1,-1,-1
559,52,1096.42,432.54,112.21,288.38,0.875,-1,-1,-1
559,55,898.46,432.96,96.05,251.55,0.913,-1,-1,-1
559,69,1737.53,406.27,182.47,607.82,0.700,-1,-1,-1
559,49,1000.54,409.54,97.43,289.41,0.838,-1,-1,-1
559,71,643.80,457.15,38.91,105.51,0.749,-1,-1,-1
559,72,716.13,449.40,33.59,96.12,0.760,-1,-1,-1
559,73,580.67,453.59,33.35,84.58,0.743,-1,-1,-1
560,37,1582.82,403.00,251.69,671.21,0.894,-1,-1,-1
560,52,1099.27,435.16,111.91,285.57,0.871,-1,-1,-1
560,55,898.70,432.56,96.77,250.94,0.905,-1,-1,-1
560,69,1741.88,407.24,178.12,607.32,0.651,-1,-1,-1
560,49,1002.35,412.24,98.59,286.83,0.784,-1,-1,-1
560,71,642.08,456.91,39.06,104.63,0.782,-1,-1,-1
560,72,716.13,449.73,33.52,95.99,0.756,-1,-1,-1
560,73,580.75,454.17,33.02,83.79,0.741,-1,-1,-1
560,75,546.17,458.12,33.60,80.43,0.645,-1,-1,-1
561,37,1582.99,402.36,254.98,671.16,0.882,-1,-1,-1
561,52,1104.53,434.93,111.74,284.26,0.858,-1,-1,-1
561,55,900.94,432.94,96.47,248.51,0.895,-1,-1,-1
561,69,1755.16,405.13,164.84,546.12,0.662,-1,-1,-1
561,49,1006.06,414.04,99.89,284.58,0.854,-1,-1,-1
561,71,639.73,455.28,39.91,105.53,0.800,-1,-1,-1
561,72,715.93,449.81,33.86,96.46,0.767,-1,-1,-1
561,73,581.06,453.69,33.09,83.82,0.743,-1,-1,-1
561,75,546.70,459.28,32.77,78.36,0.613,-1,-1,-1
562,37,1589.44,402.01,259.72,672.04,0.886,-1,-1,-1
562,52,1110.10,435.20,110.81,282.78,0.848,-1,-1,-1
562,55,904.03,433.66,95.33,245.03,0.858,-1,-1,-1
562,69,1754.19,405.81,165.81,588.03,0.771,-1,-1,-1
562,49,1009.67,415.23,101.99,283.12,0.811,-1,-1,-1
562,71,638.09,456.64,39.63,103.84,0.799,-1,-1,-1
562,72,716.68,450.16,33.68,95.99,0.761,-1,-1,-1
562,73,581.38,453.59,33.10,83.80,0.742,-1,-1,-1
562,75,547.08,459.63,32.88,78.56,0.652,-1,-1,-1
563,37,1592.75,401.82,264.02,673.07,0.883,-1,-1,-1
563,52,1116.82,435.66,109.19,280.25,0.840,-1,-1,-1
563,55,908.89,433.47,94.35,244.51,0.836,-1,-1,-1
563,69,1755.35,405.78,164.65,605.57,0.650,-1,-1,-1
563,49,1011.96,416.02,104.71,282.58,0.854,-1,-1,-1
563,71,637.29,455.15,40.16,105.13,0.779,-1,-1,-1
563,72,717.80,450.40,33.53,95.51,0.769,-1,-1,-1
563,73,581.40,453.31,33.42,84.67,0.733,-1,-1,-1
563,75,546.68,458.25,33.29,79.87,0.623,-1,-1,-1
564,37,1595.90,401.44,267.49,673.78,0.898,-1,-1,-1
564,52,1123.89,435.99,107.53,278.57,0.839,-1,-1,-1
564,55,913.93,433.15,93.59,245.76,0.809,-1,-1,-1
564,69,1756.59,402.18,163.41,623.84,0.716,-1,-1,-1
564,49,1014.47,415.73,107.55,282.96,0.898,-1,-1,-1
564,71,636.76,452.89,41.04,107.65,0.787,-1,-1,-1
564,72,718.31,450.57,33.47,95.26,0.776,-1,-1,-1
564,73,581.36,452.87,33.41,84.59,0.722,-1,-1,-1
565,37,1599.19,401.06,269.65,674.45,0.893,-1,-1,-1
565,52,1127.13,436.35,107.42,278.34,0.825,-1,-1,-1
565,55,919.41,432.48,91.41,243.87,0.829,-1,-1,-1
565,69,1759.77,402.55,160.23,639.10,0.809,-1,-1,-1
565,49,1016.19,414.89,110.73,284.17,0.915,-1,-1,-1
565,71,637.11,452.23,41.31,108.58,0.791,-1,-1,-1
565,72,718.91,450.25,33.66,95.74,0.788,-1,-1,-1
565,73,581.31,452.48,33.58,85.02,0.702,-1,-1,-1
566,37,1606.90,401.00,270.19,674.56,0.870,-1,-1,-1
566,52,1129.53,437.41,107.87,279.15,0.814,-1,-1,-1
566,55,926.03,431.38,90.35,243.65,0.821,-1,-1,-1
566,69,1764.29,401.67,155.70,644.48,0.683,-1,-1,-1
566,49,1016.65,415.86,112.73,283.74,0.912,-1,-1,-1
566,71,636.26,452.83,40.88,108.20,0.768,-1,-1,-1
566,72,719.32,450.18,33.93,96.68,0.773,-1,-1,-1
566,73,581.53,453.22,33.39,84.54,0.694,-1,-1,-1
567,37,1622.54,401.57,270.51,674.60,0.890,-1,-1,-1
567,52,1130.66,437.22,108.25,279.67,0.837,-1,-1,-1
567,55,931.93,431.64,89.10,243.61,0.819,-1,-1,-1
567,69,1769.00,400.56,151.00,630.73,0.677,-1,-1,-1
567,49,1020.02,434.06,108.66,265.71,0.903,-1,-1,-1
567,71,636.02,453.16,40.62,108.06,0.748,-1,-1,-1
567,72,719.60,449.48,33.94,97.37,0.745,-1,-1,-1
567,73,582.00,453.80,33.32,84.32,0.692,-1,-1,-1
568,37,1633.64,401.98,268.15,674.82,0.885,-1,-1,-1
568,52,1136.57,436.18,107.37,279.54,0.817,-1,-1,-1
568,55,936.40,431.60,88.54,243.73,0.817,-1,-1,-1
568,49,1017.63,423.34,115.12,276.47,0.923,-1,-1,-1
568,71,635.64,452.21,40.74,108.90,0.793,-1,-1,-1
568,72,719.83,449.69,33.94,97.95,0.766,-1,-1,-1
568,73,582.17,453.97,33.45,84.82,0.678,-1,-1,-1
569,37,1642.80,401.35,265.21,675.33,0.878,-1,-1,-1
569,52,1141.59,436.72,107.08,278.08,0.853,-1,-1,-1
569,55,938.61,431.93,87.92,243.95,0.837,-1,-1,-1
569,49,1015.58,418.63,118.94,281.10,0.918,-1,-1,-1
569,71,634.89,451.81,40.38,108.25,0.795,-1,-1,-1
569,72,719.94,449.49,33.70,97.97,0.745,-1,-1,-1
569,73,582.34,453.83,33.72,85.42,0.674,-1,-1,-1
570,37,1649.67,400.45,263.20,676.82,0.871,-1,-1,-1
570,52,1149.05,435.53,109.16,279.07,0.874,-1,-1,-1
570,55,942.55,431.73,87.25,244.48,0.830,-1,-1,-1
570,49,1013.79,414.90,121.89,284.80,0.911,-1,-1,-1
570,71,633.47,452.33,40.06,108.11,0.811,-1,-1,-1
570,72,720.06,449.34,33.61,98.49,0.756,-1,-1,-1
570,73,582.58,454.33,33.60,85.18,0.670,-1,-1,-1
571,37,1656.27,399.14,261.82,677.81,0.885,-1,-1,-1
571,52,1155.43,434.01,111.50,279.42,0.900,-1,-1,-1
571,55,946.10,431.52,86.06,244.02,0.818,-1,-1,-1
571,49,1014.10,411.81,123.82,287.62,0.916,-1,-1,-1
571,71,632.74,452.48,39.77,108.25,0.814,-1,-1,-1
571,72,720.25,449.26,33.25,97.76,0.783,-1,-1,-1
571,73,582.23,454.22,33.86,85.65,0.723,-1,-1,-1
572,37,1660.90,398.89,259.10,678.37,0.896,-1,-1,-1
572,52,1158.87,433.69,113.53,278.99,0.916,-1,-1,-1
572,55,948.26,431.77,84.86,242.88,0.847,-1,-1,-1
572,49,1014.91,412.38,124.00,286.69,0.921,-1,-1,-1
572,71,632.31,452.60,39.33,108.19,0.820,-1,-1,-1
572,72,720.30,449.21,33.54,98.82,0.776,-1,-1,-1
572,73,582.53,453.87,34.08,86.24,0.722,-1,-1,-1
572,76,664.57,452.07,28.92,100.71,0.652,-1,-1,-1
573,37,1665.59,397.91,254.41,679.15,0.921,-1,-1,-1
573,52,1161.70,434.56,115.26,277.98,0.898,-1,-1,-1
573,55,950.22,432.17,84.42,242.27,0.850,-1,-1,-1
573,49,1017.22,413.73,123.25,284.90,0.914,-1,-1,-1
573,71,632.11,452.74,38.83,107.70,0.824,-1,-1,-1
573,72,720.47,449.25,33.66,99.21,0.783,-1,-1,-1
573,73,583.08,454.31,33.81,85.55,0.739,-1,-1,-1
573,76,665.49,452.41,28.94,100.69,0.704,-1,-1,-1
574,37,1669.67,397.26,250.33,679.82,0.934,-1,-1,-1
574,52,1162.29,432.87,117.86,279.91,0.900,-1,-1,-1
574,55,954.53,432.52,84.80,241.67,0.826,-1,-1,-1
574,49,1020.86,414.72,122.24,283.70,0.900,-1,-1,-1
574,71,631.88,452.90,38.33,106.97,0.828,-1,-1,-1
574,72,720.54,448.90,33.85,100.06,0.778,-1,-1,-1
574,73,583.04,455.31,33.61,84.90,0.739,-1,-1,-1
574,76,665.97,453.27,28.75,99.90,0.687,-1,-1,-1
574,75,549.19,458.51,34.21,82.09,0.607,-1,-1,-1
575,37,1671.76,395.97,248.24,681.04,0.931,-1,-1,-1
575,52,1165.31,436.26,118.10,276.49,0.886,-1,-1,-1
575,55,959.04,432.53,85.75,241.58,0.828,-1,-1,-1
575,49,1026.20,414.96,120.94,283.62,0.881,-1,-1,-1
575,71,632.58,453.29,37.46,105.18,0.810,-1,-1,-1
575,72,720.78,449.47,33.89,99.96,0.760,-1,-1,-1
575,73,583.51,455.65,33.42,84.07,0.703,-1,-1,-1
575,76,666.04,453.69,28.85,100.07,0.646,-1,-1,-1
576,37,1672.61,395.08,247.39,682.07,0.931,-1,-1,-1
576,52,1166.82,438.31,118.70,274.65,0.923,-1,-1,-1
576,55,963.88,431.11,89.63,246.19,0.844,-1,-1,-1
576,49,1030.78,413.97,119.37,283.99,0.854,-1,-1,-1
576,71,632.91,454.02,36.90,103.86,0.819,-1,-1,-1
576,72,721.31,449.38,34.03,99.83,0.797,-1,-1,-1
576,73,584.17,456.66,33.08,82.79,0.762,-1,-1,-1
576,76,665.23,453.82,28.92,99.80,0.672,-1,-1,-1
576,75,550.40,460.97,33.19,79.22,0.607,-1,-1,-1
577,37,1672.36,394.95,247.64,682.75,0.936,-1,-1,-1
577,52,1167.47,439.91,119.32,273.10,0.920,-1,-1,-1
577,55,966.97,430.70,94.48,252.70,0.854,-1,-1,-1
577,49,1037.00,414.86,116.26,282.60,0.834,-1,-1,-1
577,71,632.44,453.32,37.41,105.68,0.829,-1,-1,-1
577,72,721.70,449.77,34.21,99.95,0.801,-1,-1,-1
577,73,584.19,456.43,33.24,82.88,0.744,-1,-1,-1
577,76,664.72,454.05,28.93,99.38,0.674,-1,-1,-1
577,79,416.60,462.53,43.43,108.91,0.601,-1,-1,-1
578,37,1672.06,395.63,247.94,682.00,0.934,-1,-1,-1
578,52,1167.62,440.14,120.30,272.98,0.918,-1,-1,-1
578,55,968.42,433.33,93.40,243.95,0.862,-1,-1,-1
578,49,1040.92,413.63,114.11,284.33,0.858,-1,-1,-1
578,71,631.89,453.50,37.07,105.09,0.831,-1,-1,-1
578,72,721.34,450.14,34.69,100.59,0.810,-1,-1,-1
578,73,584.39,455.97,33.61,83.83,0.745,-1,-1,-1
578,76,665.02,453.83,29.24,100.00,0.695,-1,-1,-1
579,37,1672.59,398.33,247.41,679.51,0.942,-1,-1,-1
579,52,1168.59,440.77,120.65,272.17,0.918,-1,-1,-1
579,55,968.51,432.79,94.59,242.05,0.878,-1,-1,-1
579,49,1048.25,432.75,104.16,265.21,0.848,-1,-1,-1
579,71,631.12,454.70,36.51,104.03,0.822,-1,-1,-1
579,72,721.16,450.18,35.01,100.84,0.805,-1,-1,-1
579,73,584.72,456.10,33.57,83.87,0.741,-1,-1,-1
579,76,665.11,454.46,29.34,99.70,0.700,-1,-1,-1
580,37,1673.11,400.19,246.89,677.49,0.940,-1,-1,-1
580,52,1171.06,439.88,121.25,272.96,0.898,-1,-1,-1
580,55,968.40,433.94,95.85,240.36,0.896,-1,-1,-1
580,49,1054.53,440.35,99.33,257.82,0.805,-1,-1,-1
580,71,630.36,455.77,35.96,102.85,0.802,-1,-1,-1
580,72,721.36,450.52,35.07,100.56,0.786,-1,-1,-1
580,73,585.04,455.68,33.77,84.44,0.714,-1,-1,-1
580,76,665.29,454.18,29.61,100.01,0.692,-1,-1,-1
581,37,1673.68,403.50,246.32,674.25,0.946,-1,-1,-1
581,52,1173.63,437.87,122.14,275.14,0.901,-1,-1,-1
581,55,968.38,435.49,96.53,237.56,0.893,-1,-1,-1
581,49,1062.69,425.13,101.96,273.23,0.814,-1,-1,-1
581,71,630.05,455.25,36.14,103.36,0.821,-1,-1,-1
581,72,721.59,450.19,35.11,100.60,0.756,-1,-1,-1
581,73,585.22,455.59,33.63,84.17,0.703,-1,-1,-1
581,76,664.89,453.63,29.92,100.77,0.681,-1,-1,-1
582,37,1673.92,405.70,246.08,672.17,0.943,-1,-1,-1
582,52,1179.35,436.45,121.74,276.28,0.878,-1,-1,-1
582,55,968.75,435.83,97.98,236.51,0.904,-1,-1,-1
582,49,1068.38,417.68,101.43,280.97,0.850,-1,-1,-1
582,71,629.93,454.94,35.81,102.97,0.820,-1,-1,-1
582,72,721.79,449.86,35.33,101.29,0.790,-1,-1,-1
582,73,585.30,455.04,33.90,85.05,0.696,-1,-1,-1
582,76,664.42,452.80,30.32,101.72,0.727,-1,-1,-1
582,48,1157.12,434.80,77.02,244.01,0.617,-1,-1,-1
583,37,1674.76,407.26,245.24,670.07,0.937,-1,-1,-1
583,52,1186.51,437.00,119.94,275.42,0.841,-1,-1,-1
583,55,969.80,435.73,99.15,235.87,0.891,-1,-1,-1
583,49,1070.24,416.14,99.31,282.79,0.838,-1,-1,-1
583,71,629.44,455.11,35.54,101.97,0.822,-1,-1,-1
583,72,721.98,449.66,35.48,101.43,0.794,-1,-1,-1
583,73,585.60,454.90,33.96,85.52,0.696,-1,-1,-1
583,76,664.12,452.40,31.05,103.45,0.721,-1,-1,-1
584,37,1674.66,402.20,245.34,675.14,0.924,-1,-1,-1
584,52,1194.40,436.56,118.69,275.95,0.838,-1,-1,-1
584,55,971.23,439.34,99.01,232.08,0.869,-1,-1,-1
584,49,1073.53,413.68,97.52,285.13,0.861,-1,-1,-1
584,71,628.38,455.26,35.50,101.71,0.821,-1,-1,-1
584,72,722.60,449.49,35.65,101.50,0.800,-1,-1,-1
584,73,586.15,455.19,33.51,84.76,0.673,-1,-1,-1
584,76,664.10,452.24,31.52,103.91,0.726,-1,-1,-1
585,37,1675.03,395.28,244.97,681.41,0.892,-1,-1,-1
585,52,1200.70,436.74,117.03,275.92,0.841,-1,-1,-1
585,55,972.55,437.48,99.96,233.17,0.834,-1,-1,-1
585,49,1077.10,412.73,95.68,286.31,0.842,-1,-1,-1
585,71,627.54,455.11,35.66,102.16,0.816,-1,-1,-1
585,72,723.64,449.56,35.57,101.35,0.807,-1,-1,-1
585,73,586.62,455.10,33.33,84.59,0.708,-1,-1,-1
585,76,664.40,451.92,32.04,104.47,0.728,-1,-1,-1
585,48,1162.69,435.58,76.67,240.49,0.605,-1,-1,-1
586,37,1676.74,392.09,243.26,683.69,0.890,-1,-1,-1
586,52,1205.60,436.27,115.16,276.20,0.859,-1,-1,-1
586,55,976.57,440.08,98.73,230.17,0.834,-1,-1,-1
586,49,1080.00,411.99,94.10,287.17,0.858,-1,-1,-1
586,71,626.82,455.66,35.47,101.48,0.796,-1,-1,-1
586,72,723.62,448.81,35.70,101.93,0.791,-1,-1,-1
586,73,585.60,454.76,33.60,85.23,0.684,-1,-1,-1
586,76,664.71,452.38,32.22,103.77,0.722,-1,-1,-1
586,48,1167.11,436.26,75.38,238.24,0.694,-1,-1,-1
587,37,1679.60,393.27,240.40,682.26,0.877,-1,-1,-1
587,52,1210.34,435.47,113.76,276.94,0.827,-1,-1,-1
587,55,980.27,435.26,99.58,233.81,0.862,-1,-1,-1
587,49,1085.15,411.41,93.31,287.25,0.863,-1,-1,-1
587,71,626.64,455.79,35.60,101.48,0.770,-1,-1,-1
587,72,724.03,448.07,36.00,102.67,0.801,-1,-1,-1
587,73,585.27,454.81,33.66,85.23,0.640,-1,-1,-1
587,76,665.39,453.03,32.49,103.11,0.701,-1,-1,-1
587,48,1171.32,436.67,74.53,238.14,0.730,-1,-1,-1
588,37,1682.95,391.64,237.05,684.02,0.826,-1,-1,-1
588,52,1213.42,434.97,112.75,277.25,0.861,-1,-1,-1
588,55,984.00,432.03,99.49,236.44,0.869,-1,-1,-1
588,49,1091.93,410.42,94.36,287.87,0.896,-1,-1,-1
588,71,626.52,456.23,35.16,99.99,0.783,-1,-1,-1
588,72,723.92,447.42,36.51,103.92,0.805,-1,-1,-1
588,73,585.05,454.78,33.84,85.56,0.689,-1,-1,-1
588,76,664.88,453.29,33.12,103.77,0.752,-1,-1,-1
588,48,1174.95,433.66,74.08,241.32,0.755,-1,-1,-1
589,52,1215.71,434.98,111.62,277.35,0.847,-1,-1,-1
589,55,991.39,444.52,93.37,224.65,0.775,-1,-1,-1
589,49,1095.19,410.86,95.06,287.38,0.905,-1,-1,-1
589,71,625.41,456.42,35.27,99.72,0.803,-1,-1,-1
589,72,724.20,447.57,36.48,103.69,0.803,-1,-1,-1
589,73,584.80,454.88,34.11,86.13,0.710,-1,-1,-1
589,76,665.17,453.91,33.35,103.37,0.757,-1,-1,-1
589,48,1178.85,438.26,71.67,237.29,0.702,-1,-1,-1
590,52,1220.03,434.88,110.43,277.36,0.830,-1,-1,-1
590,55,997.28,449.86,89.78,219.54,0.795,-1,-1,-1
590,49,1096.29,410.59,96.01,287.49,0.902,-1,-1,-1
590,71,624.59,456.38,35.15,99.49,0.818,-1,-1,-1
590,72,724.67,447.14,36.89,104.48,0.823,-1,-1,-1
590,73,584.62,455.50,34.10,85.77,0.723,-1,-1,-1
590,76,665.12,454.27,33.55,102.83,0.764,-1,-1,-1
590,48,1181.82,439.02,70.73,237.67,0.704,-1,-1,-1
590,37,1707.41,469.20,212.59,605.68,0.607,-1,-1,-1
591,52,1227.94,432.67,109.84,279.23,0.833,-1,-1,-1
591,55,1001.40,440.86,91.21,227.73,0.816,-1,-1,-1
591,49,1098.51,409.70,97.77,288.30,0.901,-1,-1,-1
591,71,623.87,456.32,35.08,99.69,0.815,-1,-1,-1
591,72,724.88,447.63,36.92,104.14,0.814,-1,-1,-1
591,73,584.54,455.26,34.28,86.34,0.706,-1,-1,-1
591,76,664.63,454.58,33.86,102.79,0.766,-1,-1,-1
591,48,1185.84,435.88,71.12,241.36,0.754,-1,-1,-1
591,80,375.75,463.20,48.46,114.60,0.666,-1,-1,-1
592,52,1235.05,439.61,106.22,272.51,0.845,-1,-1,-1
592,55,1006.68,438.39,90.50,229.62,0.826,-1,-1,-1
592,49,1099.59,409.67,99.35,288.08,0.894,-1,-1,-1
592,71,624.34,456.16,35.17,100.37,0.815,-1,-1,-1
592,72,724.72,448.85,36.49,102.81,0.810,-1,-1,-1
592,73,583.65,455.74,34.20,86.18,0.670,-1,-1,-1
592,76,664.01,454.87,34.12,102.55,0.761,-1,-1,-1
592,48,1188.45,434.15,71.04,243.19,0.738,-1,-1,-1
592,80,375.36,462.14,48.95,115.78,0.644,-1,-1,-1
593,52,1239.89,436.54,106.54,275.66,0.871,-1,-1,-1
593,55,1012.19,436.63,89.65,231.31,0.818,-1,-1,-1
593,49,1099.93,409.70,100.62,288.33,0.902,-1,-1,-1
593,71,624.42,456.18,34.76,100.01,0.814,-1,-1,-1
593,72,724.84,449.15,36.30,102.44,0.813,-1,-1,-1
593,73,583.62,456.55,33.64,84.69,0.663,-1,-1,-1
593,76,663.47,454.87,34.52,102.79,0.770,-1,-1,-1
593,48,1191.34,434.06,70.63,243.05,0.763,-1,-1,-1
593,80,375.88,462.51,48.82,115.58,0.663,-1,-1,-1
594,52,1244.04,434.94,106.63,277.28,0.898,-1,-1,-1
594,55,1013.31,434.84,89.21,233.54,0.849,-1,-1,-1
594,49,1100.01,410.60,101.16,287.25,0.902,-1,-1,-1
594,71,624.33,456.12,34.51,99.67,0.812,-1,-1,-1
594,72,725.27,449.54,36.21,101.98,0.810,-1,-1,-1
594,73,583.04,456.02,33.81,85.20,0.648,-1,-1,-1
594,76,662.99,454.51,35.28,104.00,0.773,-1,-1,-1
594,48,1194.28,438.29,68.97,237.70,0.765,-1,-1,-1
594,80,375.86,462.68,48.72,115.45,0.677,-1,-1,-1
595,52,1246.80,433.99,106.49,278.07,0.833,-1,-1,-1
595,55,1015.47,435.20,87.88,233.38,0.846,-1,-1,-1
595,49,1099.97,411.59,101.26,286.04,0.901,-1,-1,-1
595,71,624.05,455.50,34.52,100.07,0.815,-1,-1,-1
595,72,725.34,449.33,36.59,103.42,0.802,-1,-1,-1
595,73,582.23,455.09,34.19,86.28,0.611,-1,-1,-1
595,76,662.46,454.50,35.59,104.15,0.734,-1,-1,-1
595,48,1195.03,436.39,69.46,240.29,0.783,-1,-1,-1
595,80,376.05,462.22,48.68,115.69,0.662,-1,-1,-1
596,52,1249.40,434.91,106.29,277.32,0.906,-1,-1,-1
596,55,1020.09,436.37,86.16,232.64,0.831,-1,-1,-1
596,49,1099.37,411.54,101.37,285.46,0.901,-1,-1,-1
596,71,623.73,455.42,34.41,100.13,0.799,-1,-1,-1
596,72,725.64,449.24,36.61,103.82,0.798,-1,-1,-1
596,73,582.87,455.48,33.92,85.99,0.603,-1,-1,-1
596,76,661.77,454.03,36.03,104.54,0.725,-1,-1,-1
596,48,1196.48,434.32,69.93,242.33,0.817,-1,-1,-1
597,52,1250.74,435.53,106.14,276.55,0.904,-1,-1,-1
597,55,1023.79,438.08,84.66,230.89,0.832,-1,-1,-1
597,49,1099.99,412.29,100.82,283.84,0.875,-1,-1,-1
597,71,624.15,455.71,34.12,99.78,0.790,-1,-1,-1
597,72,725.60,448.82,36.77,104.48,0.803,-1,-1,-1
597,73,581.90,454.88,34.13,86.70,0.602,-1,-1,-1
597,76,661.60,453.78,36.15,104.43,0.698,-1,-1,-1
597,48,1197.94,444.30,67.49,232.77,0.752,-1,-1,-1
598,52,1252.39,436.26,105.89,275.58,0.906,-1,-1,-1
598,55,1028.37,439.15,84.09,229.50,0.834,-1,-1,-1
598,49,1101.75,415.07,99.82,281.14,0.881,-1,-1,-1
598,71,623.93,455.16,34.09,100.20,0.792,-1,-1,-1
598,72,725.46,448.79,37.34,106.40,0.813,-1,-1,-1
598,73,581.84,454.57,34.09,86.77,0.632,-1,-1,-1
598,76,661.23,452.83,36.70,105.51,0.725,-1,-1,-1
598,48,1198.73,438.14,69.49,239.09,0.804,-1,-1,-1
599,52,1254.02,435.50,106.06,276.44,0.902,-1,-1,-1
599,55,1030.78,439.40,84.28,229.14,0.853,-1,-1,-1
599,49,1105.61,414.75,99.35,281.28,0.867,-1,-1,-1
599,71,624.08,454.87,33.92,100.27,0.794,-1,-1,-1
599,72,725.70,448.97,37.07,105.85,0.811,-1,-1,-1
599,73,582.83,454.58,33.84,86.73,0.640,-1,-1,-1
599,76,660.88,452.10,37.15,106.63,0.628,-1,-1,-1
599,48,1199.40,436.78,70.39,240.90,0.815,-1,-1,-1
600,52,1256.04,435.11,105.73,276.74,0.896,-1,-1,-1
600,55,1033.08,439.33,85.35,229.09,0.869,-1,-1,-1
600,49,1112.21,412.88,97.58,279.39,0.835,-1,-1,-1
600,71,624.60,455.11,33.61,99.86,0.798,-1,-1,-1
600,72,725.69,448.72,36.71,105.00,0.809,-1,-1,-1
600,73,583.18,454.89,33.61,86.35,0.643,-1,-1,-1
600,48,1200.19,435.14,71.34,242.91,0.822,-1,-1,-1
